statement_id,account_id,as_of_date,identifier,description,asset_class,quantity,price,market_value,weight_pct
SCHW_1001_1996,SCHW_1001,1996-12-31,BP,BP common,intl_equity,19.6357,244.2,4795.05,2.36
SCHW_1001_1996,SCHW_1001,1996-12-31,UL,UL common,intl_equity,92.2654,249.92,23058.98,11.35
SCHW_1001_1996,SCHW_1001,1996-12-31,JNJ,JNJ common,us_equity,93.6034,262.44,24565.28,12.09
SCHW_1001_1996,SCHW_1001,1996-12-31,SAP,SAP common,intl_equity,9.2213,277.05,2554.76,1.26
SCHW_1001_1996,SCHW_1001,1996-12-31,MSFT,MSFT common,us_equity,99.7224,77.3,7708.54,3.79
SCHW_1001_1996,SCHW_1001,1996-12-31,XOM,XOM common,us_equity,114.4844,187.32,21445.22,10.55
SCHW_1001_1996,SCHW_1001,1996-12-31,KO,KO common,us_equity,12.4258,111.03,1379.64,0.68
SCHW_1001_1996,SCHW_1001,1996-12-31,NVS,NVS common,intl_equity,11.4025,172.95,1972.07,0.97
SCHW_1001_1996,SCHW_1001,1996-12-31,BRK.B,BRK.B common,us_equity,308.3626,56.75,17499.58,8.61
SCHW_1001_1996,SCHW_1001,1996-12-31,JPM,JPM common,us_equity,97.0512,387.77,37633.54,18.52
SCHW_1001_1996,SCHW_1001,1996-12-31,AAPL,AAPL common,us_equity,532.4282,101.7,54147.95,26.65
SCHW_1001_1996,SCHW_1001,1996-12-31,CASH,Cash & sweep,cash,6430.14,1.0,6430.14,3.16
SCHW_1001_1997,SCHW_1001,1997-12-31,PG,PG common,us_equity,60.0178,352.96,21183.87,8.9
SCHW_1001_1997,SCHW_1001,1997-12-31,SAP,SAP common,intl_equity,3.6489,197.74,721.53,0.3
SCHW_1001_1997,SCHW_1001,1997-12-31,MSFT,MSFT common,us_equity,169.2811,228.1,38613.03,16.22
SCHW_1001_1997,SCHW_1001,1997-12-31,JPM,JPM common,us_equity,100.4527,142.42,14306.47,6.01
SCHW_1001_1997,SCHW_1001,1997-12-31,AAPL,AAPL common,us_equity,281.2206,305.5,85912.89,36.08
SCHW_1001_1997,SCHW_1001,1997-12-31,TM,TM common,intl_equity,829.3463,29.57,24523.77,10.3
SCHW_1001_1997,SCHW_1001,1997-12-31,SNY,SNY common,intl_equity,176.0704,161.43,28423.05,11.94
SCHW_1001_1997,SCHW_1001,1997-12-31,BP,BP common,intl_equity,400.6121,31.53,12631.3,5.31
SCHW_1001_1997,SCHW_1001,1997-12-31,NVS,NVS common,intl_equity,8.4562,66.7,564.03,0.24
SCHW_1001_1997,SCHW_1001,1997-12-31,CASH,Cash & sweep,cash,11218.27,1.0,11218.27,4.71
SCHW_1001_1998,SCHW_1001,1998-12-31,AAPL,AAPL common,us_equity,621.9628,95.44,59360.13,11.83
SCHW_1001_1998,SCHW_1001,1998-12-31,JPM,JPM common,us_equity,83.2898,157.99,13158.96,2.62
SCHW_1001_1998,SCHW_1001,1998-12-31,TM,TM common,intl_equity,355.9866,88.17,31387.34,6.25
SCHW_1001_1998,SCHW_1001,1998-12-31,NSRGY,NSRGY common,intl_equity,113.6607,151.5,17219.59,3.43
SCHW_1001_1998,SCHW_1001,1998-12-31,XOM,XOM common,us_equity,1.9824,380.29,753.87,0.15
SCHW_1001_1998,SCHW_1001,1998-12-31,JNJ,JNJ common,us_equity,156.8871,237.87,37318.73,7.44
SCHW_1001_1998,SCHW_1001,1998-12-31,UL,UL common,intl_equity,371.5673,149.23,55448.99,11.05
SCHW_1001_1998,SCHW_1001,1998-12-31,KO,KO common,us_equity,431.127,123.18,53106.22,10.58
SCHW_1001_1998,SCHW_1001,1998-12-31,SAP,SAP common,intl_equity,540.0278,381.78,206171.81,41.08
SCHW_1001_1998,SCHW_1001,1998-12-31,SNY,SNY common,intl_equity,41.231,188.9,7788.54,1.55
SCHW_1001_1998,SCHW_1001,1998-12-31,CASH,Cash & sweep,cash,20133.68,1.0,20133.68,4.01
SCHW_1001_1999,SCHW_1001,1999-12-31,UL,UL common,intl_equity,153.733,339.26,52155.45,7.66
SCHW_1001_1999,SCHW_1001,1999-12-31,MSFT,MSFT common,us_equity,2477.4782,62.71,155362.66,22.82
SCHW_1001_1999,SCHW_1001,1999-12-31,TM,TM common,intl_equity,393.7657,249.44,98220.91,14.42
SCHW_1001_1999,SCHW_1001,1999-12-31,XOM,XOM common,us_equity,330.7667,202.09,66844.65,9.82
SCHW_1001_1999,SCHW_1001,1999-12-31,BP,BP common,intl_equity,286.3292,245.98,70431.25,10.34
SCHW_1001_1999,SCHW_1001,1999-12-31,SNY,SNY common,intl_equity,127.1763,270.52,34403.74,5.05
SCHW_1001_1999,SCHW_1001,1999-12-31,PG,PG common,us_equity,137.6387,136.53,18791.81,2.76
SCHW_1001_1999,SCHW_1001,1999-12-31,NSRGY,NSRGY common,intl_equity,39.5573,385.31,15241.82,2.24
SCHW_1001_1999,SCHW_1001,1999-12-31,KO,KO common,us_equity,33.5045,197.02,6601.05,0.97
SCHW_1001_1999,SCHW_1001,1999-12-31,BRK.B,BRK.B common,us_equity,518.48,258.68,134120.4,19.7
SCHW_1001_1999,SCHW_1001,1999-12-31,CASH,Cash & sweep,cash,28763.87,1.0,28763.87,4.22
SCHW_1001_2000,SCHW_1001,2000-12-31,AAPL,AAPL common,us_equity,49.7429,138.02,6865.51,1.11
SCHW_1001_2000,SCHW_1001,2000-12-31,XOM,XOM common,us_equity,11.6788,376.57,4397.87,0.71
SCHW_1001_2000,SCHW_1001,2000-12-31,KO,KO common,us_equity,38.532,224.59,8653.91,1.4
SCHW_1001_2000,SCHW_1001,2000-12-31,JNJ,JNJ common,us_equity,217.5916,328.4,71457.08,11.58
SCHW_1001_2000,SCHW_1001,2000-12-31,JPM,JPM common,us_equity,36.2742,270.05,9795.86,1.59
SCHW_1001_2000,SCHW_1001,2000-12-31,NVS,NVS common,intl_equity,989.5277,252.09,249450.05,40.42
SCHW_1001_2000,SCHW_1001,2000-12-31,TM,TM common,intl_equity,55.5847,92.68,5151.59,0.83
SCHW_1001_2000,SCHW_1001,2000-12-31,SNY,SNY common,intl_equity,336.0648,238.27,80074.16,12.98
SCHW_1001_2000,SCHW_1001,2000-12-31,NSRGY,NSRGY common,intl_equity,970.1388,35.08,34032.47,5.51
SCHW_1001_2000,SCHW_1001,2000-12-31,UL,UL common,intl_equity,416.9823,324.63,135364.98,21.94
SCHW_1001_2000,SCHW_1001,2000-12-31,MSFT,MSFT common,us_equity,11.8151,384.83,4546.82,0.74
SCHW_1001_2000,SCHW_1001,2000-12-31,CASH,Cash & sweep,cash,7322.72,1.0,7322.72,1.19
SCHW_1001_2001,SCHW_1001,2001-12-31,SNY,SNY common,intl_equity,23.4714,359.32,8433.74,1.56
SCHW_1001_2001,SCHW_1001,2001-12-31,BP,BP common,intl_equity,1032.8028,81.37,84039.16,15.52
SCHW_1001_2001,SCHW_1001,2001-12-31,KO,KO common,us_equity,5207.4395,30.15,157004.3,28.99
SCHW_1001_2001,SCHW_1001,2001-12-31,JNJ,JNJ common,us_equity,176.1885,267.31,47096.95,8.7
SCHW_1001_2001,SCHW_1001,2001-12-31,PG,PG common,us_equity,46.2514,101.58,4698.22,0.87
SCHW_1001_2001,SCHW_1001,2001-12-31,TM,TM common,intl_equity,67.6606,234.21,15846.79,2.93
SCHW_1001_2001,SCHW_1001,2001-12-31,XOM,XOM common,us_equity,64.0097,379.03,24261.6,4.48
SCHW_1001_2001,SCHW_1001,2001-12-31,UL,UL common,intl_equity,247.2132,164.14,40577.58,7.49
SCHW_1001_2001,SCHW_1001,2001-12-31,BRK.B,BRK.B common,us_equity,250.582,116.05,29080.04,5.37
SCHW_1001_2001,SCHW_1001,2001-12-31,MSFT,MSFT common,us_equity,547.8731,193.47,105997.0,19.57
SCHW_1001_2001,SCHW_1001,2001-12-31,CASH,Cash & sweep,cash,24535.8,1.0,24535.8,4.53
SCHW_1001_2002,SCHW_1001,2002-12-31,BP,BP common,intl_equity,19.8577,364.43,7236.75,1.52
SCHW_1001_2002,SCHW_1001,2002-12-31,TM,TM common,intl_equity,551.1885,122.31,67415.86,14.18
SCHW_1001_2002,SCHW_1001,2002-12-31,SNY,SNY common,intl_equity,1540.5196,136.44,210188.5,44.23
SCHW_1001_2002,SCHW_1001,2002-12-31,JNJ,JNJ common,us_equity,105.3029,336.46,35430.23,7.45
SCHW_1001_2002,SCHW_1001,2002-12-31,XOM,XOM common,us_equity,10.189,255.57,2604.0,0.55
SCHW_1001_2002,SCHW_1001,2002-12-31,PG,PG common,us_equity,1148.8086,91.11,104667.95,22.02
SCHW_1001_2002,SCHW_1001,2002-12-31,MSFT,MSFT common,us_equity,90.844,185.23,16827.03,3.54
SCHW_1001_2002,SCHW_1001,2002-12-31,JPM,JPM common,us_equity,17.3483,355.89,6174.1,1.3
SCHW_1001_2002,SCHW_1001,2002-12-31,KO,KO common,us_equity,58.622,162.64,9534.28,2.01
SCHW_1001_2002,SCHW_1001,2002-12-31,NSRGY,NSRGY common,intl_equity,5.9807,290.13,1735.19,0.37
SCHW_1001_2002,SCHW_1001,2002-12-31,CASH,Cash & sweep,cash,13448.51,1.0,13448.51,2.83
SCHW_1001_2003,SCHW_1001,2003-12-31,UL,UL common,intl_equity,19.2621,263.67,5078.85,0.65
SCHW_1001_2003,SCHW_1001,2003-12-31,SNY,SNY common,intl_equity,73.7105,90.09,6640.58,0.85
SCHW_1001_2003,SCHW_1001,2003-12-31,JNJ,JNJ common,us_equity,682.9899,308.61,210777.52,26.94
SCHW_1001_2003,SCHW_1001,2003-12-31,AAPL,AAPL common,us_equity,336.8666,307.92,103727.95,13.26
SCHW_1001_2003,SCHW_1001,2003-12-31,NVS,NVS common,intl_equity,890.8667,294.09,261994.98,33.49
SCHW_1001_2003,SCHW_1001,2003-12-31,BP,BP common,intl_equity,291.1703,189.02,55037.01,7.03
SCHW_1001_2003,SCHW_1001,2003-12-31,SAP,SAP common,intl_equity,614.8113,163.71,100650.75,12.87
SCHW_1001_2003,SCHW_1001,2003-12-31,JPM,JPM common,us_equity,14.2524,179.51,2558.45,0.33
SCHW_1001_2003,SCHW_1001,2003-12-31,CASH,Cash & sweep,cash,35881.17,1.0,35881.17,4.59
SCHW_1001_2004,SCHW_1001,2004-12-31,AAPL,AAPL common,us_equity,426.0481,395.39,168455.15,17.6
SCHW_1001_2004,SCHW_1001,2004-12-31,KO,KO common,us_equity,889.4185,64.37,57251.87,5.98
SCHW_1001_2004,SCHW_1001,2004-12-31,XOM,XOM common,us_equity,381.3824,87.19,33252.73,3.47
SCHW_1001_2004,SCHW_1001,2004-12-31,UL,UL common,intl_equity,2392.6609,238.48,570601.78,59.6
SCHW_1001_2004,SCHW_1001,2004-12-31,NSRGY,NSRGY common,intl_equity,199.4317,189.58,37808.27,3.95
SCHW_1001_2004,SCHW_1001,2004-12-31,BRK.B,BRK.B common,us_equity,167.9815,305.15,51259.55,5.35
SCHW_1001_2004,SCHW_1001,2004-12-31,CASH,Cash & sweep,cash,38690.01,1.0,38690.01,4.04
SCHW_1001_2005,SCHW_1001,2005-12-31,SNY,SNY common,intl_equity,4244.6865,66.79,283502.61,25.83
SCHW_1001_2005,SCHW_1001,2005-12-31,NVS,NVS common,intl_equity,909.3676,87.0,79114.98,7.21
SCHW_1001_2005,SCHW_1001,2005-12-31,JPM,JPM common,us_equity,763.2162,346.98,264820.76,24.12
SCHW_1001_2005,SCHW_1001,2005-12-31,AAPL,AAPL common,us_equity,387.0823,204.01,78968.65,7.19
SCHW_1001_2005,SCHW_1001,2005-12-31,XOM,XOM common,us_equity,948.2878,89.81,85165.73,7.76
SCHW_1001_2005,SCHW_1001,2005-12-31,BRK.B,BRK.B common,us_equity,17.699,274.55,4859.27,0.44
SCHW_1001_2005,SCHW_1001,2005-12-31,MSFT,MSFT common,us_equity,2076.711,121.03,251344.33,22.9
SCHW_1001_2005,SCHW_1001,2005-12-31,CASH,Cash & sweep,cash,50001.58,1.0,50001.58,4.55
SCHW_1001_2006,SCHW_1001,2006-12-31,NVS,NVS common,intl_equity,1751.1842,196.72,344492.96,24.79
SCHW_1001_2006,SCHW_1001,2006-12-31,JNJ,JNJ common,us_equity,27.4437,354.73,9735.11,0.7
SCHW_1001_2006,SCHW_1001,2006-12-31,TM,TM common,intl_equity,540.1179,309.16,166982.85,12.01
SCHW_1001_2006,SCHW_1001,2006-12-31,NSRGY,NSRGY common,intl_equity,1408.6686,335.01,471918.07,33.96
SCHW_1001_2006,SCHW_1001,2006-12-31,UL,UL common,intl_equity,414.649,309.21,128213.61,9.23
SCHW_1001_2006,SCHW_1001,2006-12-31,BRK.B,BRK.B common,us_equity,24.2868,288.93,7017.18,0.5
SCHW_1001_2006,SCHW_1001,2006-12-31,SNY,SNY common,intl_equity,194.7419,342.88,66773.1,4.8
SCHW_1001_2006,SCHW_1001,2006-12-31,PG,PG common,us_equity,246.1852,278.96,68675.83,4.94
SCHW_1001_2006,SCHW_1001,2006-12-31,XOM,XOM common,us_equity,119.4232,299.56,35774.4,2.57
SCHW_1001_2006,SCHW_1001,2006-12-31,JPM,JPM common,us_equity,471.8453,134.62,63519.82,4.57
SCHW_1001_2006,SCHW_1001,2006-12-31,CASH,Cash & sweep,cash,26721.72,1.0,26721.72,1.92
SCHW_1001_2007,SCHW_1001,2007-12-31,PG,PG common,us_equity,6598.0271,25.86,170624.98,10.38
SCHW_1001_2007,SCHW_1001,2007-12-31,BRK.B,BRK.B common,us_equity,348.1091,384.17,133733.07,8.13
SCHW_1001_2007,SCHW_1001,2007-12-31,JNJ,JNJ common,us_equity,1524.2783,198.09,301944.28,18.36
SCHW_1001_2007,SCHW_1001,2007-12-31,TM,TM common,intl_equity,1230.0787,175.45,215817.31,13.13
SCHW_1001_2007,SCHW_1001,2007-12-31,UL,UL common,intl_equity,214.4088,293.77,62986.87,3.83
SCHW_1001_2007,SCHW_1001,2007-12-31,NVS,NVS common,intl_equity,916.6745,218.85,200614.21,12.2
SCHW_1001_2007,SCHW_1001,2007-12-31,SAP,SAP common,intl_equity,218.1353,297.72,64943.24,3.95
SCHW_1001_2007,SCHW_1001,2007-12-31,MSFT,MSFT common,us_equity,3635.5497,52.21,189812.05,11.54
SCHW_1001_2007,SCHW_1001,2007-12-31,XOM,XOM common,us_equity,435.2435,233.86,101786.04,6.19
SCHW_1001_2007,SCHW_1001,2007-12-31,SNY,SNY common,intl_equity,242.3674,232.08,56248.62,3.42
SCHW_1001_2007,SCHW_1001,2007-12-31,NSRGY,NSRGY common,intl_equity,178.2115,374.2,66686.73,4.06
SCHW_1001_2007,SCHW_1001,2007-12-31,CASH,Cash & sweep,cash,78956.39,1.0,78956.39,4.8
SCHW_1001_2008,SCHW_1001,2008-12-31,AAPL,AAPL common,us_equity,514.1877,255.75,131503.5,12.05
SCHW_1001_2008,SCHW_1001,2008-12-31,XOM,XOM common,us_equity,767.9982,331.19,254353.34,23.3
SCHW_1001_2008,SCHW_1001,2008-12-31,NVS,NVS common,intl_equity,385.6982,277.67,107096.83,9.81
SCHW_1001_2008,SCHW_1001,2008-12-31,BP,BP common,intl_equity,374.8626,263.89,98922.49,9.06
SCHW_1001_2008,SCHW_1001,2008-12-31,PG,PG common,us_equity,1658.4994,174.33,289126.2,26.49
SCHW_1001_2008,SCHW_1001,2008-12-31,NSRGY,NSRGY common,intl_equity,822.9594,232.16,191058.25,17.5
SCHW_1001_2008,SCHW_1001,2008-12-31,CASH,Cash & sweep,cash,19554.86,1.0,19554.86,1.79
SCHW_1001_2009,SCHW_1001,2009-12-31,MSFT,MSFT common,us_equity,38.9656,277.52,10813.73,0.74
SCHW_1001_2009,SCHW_1001,2009-12-31,PG,PG common,us_equity,1069.3165,241.77,258528.64,17.77
SCHW_1001_2009,SCHW_1001,2009-12-31,TM,TM common,intl_equity,337.3332,179.84,60666.0,4.17
SCHW_1001_2009,SCHW_1001,2009-12-31,NVS,NVS common,intl_equity,1422.1273,89.72,127593.26,8.77
SCHW_1001_2009,SCHW_1001,2009-12-31,BRK.B,BRK.B common,us_equity,6070.0322,131.2,796388.22,54.75
SCHW_1001_2009,SCHW_1001,2009-12-31,SAP,SAP common,intl_equity,1101.3646,131.31,144620.19,9.94
SCHW_1001_2009,SCHW_1001,2009-12-31,CASH,Cash & sweep,cash,56026.25,1.0,56026.25,3.85
SCHW_1001_2010,SCHW_1001,2010-12-31,JPM,JPM common,us_equity,194.2885,312.8,60773.43,3.51
SCHW_1001_2010,SCHW_1001,2010-12-31,UL,UL common,intl_equity,2547.4313,41.55,105845.77,6.11
SCHW_1001_2010,SCHW_1001,2010-12-31,KO,KO common,us_equity,789.0207,298.47,235499.01,13.6
SCHW_1001_2010,SCHW_1001,2010-12-31,BRK.B,BRK.B common,us_equity,140.8214,330.62,46558.37,2.69
SCHW_1001_2010,SCHW_1001,2010-12-31,BP,BP common,intl_equity,1266.3208,189.17,239549.91,13.83
SCHW_1001_2010,SCHW_1001,2010-12-31,TM,TM common,intl_equity,2499.1505,43.73,109287.85,6.31
SCHW_1001_2010,SCHW_1001,2010-12-31,SNY,SNY common,intl_equity,1110.2371,279.51,310322.37,17.92
SCHW_1001_2010,SCHW_1001,2010-12-31,XOM,XOM common,us_equity,1740.9565,113.54,197668.2,11.41
SCHW_1001_2010,SCHW_1001,2010-12-31,MSFT,MSFT common,us_equity,440.5707,264.48,116522.15,6.73
SCHW_1001_2010,SCHW_1001,2010-12-31,JNJ,JNJ common,us_equity,459.6599,163.12,74979.72,4.33
SCHW_1001_2010,SCHW_1001,2010-12-31,SAP,SAP common,intl_equity,778.6528,262.12,204100.47,11.78
SCHW_1001_2010,SCHW_1001,2010-12-31,CASH,Cash & sweep,cash,31041.57,1.0,31041.57,1.79
SCHW_1001_2011,SCHW_1001,2011-12-31,AAPL,AAPL common,us_equity,362.3953,187.71,68025.23,3.89
SCHW_1001_2011,SCHW_1001,2011-12-31,BP,BP common,intl_equity,863.1522,263.13,227121.25,12.98
SCHW_1001_2011,SCHW_1001,2011-12-31,JPM,JPM common,us_equity,9875.3562,71.57,706779.24,40.4
SCHW_1001_2011,SCHW_1001,2011-12-31,PG,PG common,us_equity,738.0745,72.45,53473.5,3.06
SCHW_1001_2011,SCHW_1001,2011-12-31,BRK.B,BRK.B common,us_equity,546.1481,86.01,46974.2,2.69
SCHW_1001_2011,SCHW_1001,2011-12-31,SNY,SNY common,intl_equity,311.3265,127.67,39747.05,2.27
SCHW_1001_2011,SCHW_1001,2011-12-31,MSFT,MSFT common,us_equity,384.2226,385.45,148098.59,8.47
SCHW_1001_2011,SCHW_1001,2011-12-31,TM,TM common,intl_equity,2191.498,29.8,65306.64,3.73
SCHW_1001_2011,SCHW_1001,2011-12-31,UL,UL common,intl_equity,372.9623,89.82,33499.47,1.91
SCHW_1001_2011,SCHW_1001,2011-12-31,KO,KO common,us_equity,605.0285,82.72,50047.96,2.86
SCHW_1001_2011,SCHW_1001,2011-12-31,NVS,NVS common,intl_equity,1123.7148,200.25,225023.89,12.86
SCHW_1001_2011,SCHW_1001,2011-12-31,JNJ,JNJ common,us_equity,1760.2312,25.73,45290.75,2.59
SCHW_1001_2011,SCHW_1001,2011-12-31,CASH,Cash & sweep,cash,39985.63,1.0,39985.63,2.29
SCHW_1001_2012,SCHW_1001,2012-12-31,MSFT,MSFT common,us_equity,1476.273,335.76,495673.43,25.01
SCHW_1001_2012,SCHW_1001,2012-12-31,PG,PG common,us_equity,1110.2178,367.74,408271.5,20.6
SCHW_1001_2012,SCHW_1001,2012-12-31,SAP,SAP common,intl_equity,684.7395,396.13,271245.86,13.69
SCHW_1001_2012,SCHW_1001,2012-12-31,TM,TM common,intl_equity,96.2159,252.53,24297.39,1.23
SCHW_1001_2012,SCHW_1001,2012-12-31,JPM,JPM common,us_equity,1080.6403,273.07,295090.44,14.89
SCHW_1001_2012,SCHW_1001,2012-12-31,UL,UL common,intl_equity,487.7594,277.79,135494.69,6.84
SCHW_1001_2012,SCHW_1001,2012-12-31,XOM,XOM common,us_equity,199.861,236.66,47299.1,2.39
SCHW_1001_2012,SCHW_1001,2012-12-31,BRK.B,BRK.B common,us_equity,720.8092,381.92,275291.46,13.89
SCHW_1001_2012,SCHW_1001,2012-12-31,SNY,SNY common,intl_equity,21.4626,250.99,5386.91,0.27
SCHW_1001_2012,SCHW_1001,2012-12-31,CASH,Cash & sweep,cash,23737.65,1.0,23737.65,1.2
SCHW_1001_2013,SCHW_1001,2013-12-31,JNJ,JNJ common,us_equity,2405.552,100.72,242287.2,9.41
SCHW_1001_2013,SCHW_1001,2013-12-31,JPM,JPM common,us_equity,3260.8886,121.68,396784.93,15.41
SCHW_1001_2013,SCHW_1001,2013-12-31,NSRGY,NSRGY common,intl_equity,803.2203,376.9,302733.74,11.76
SCHW_1001_2013,SCHW_1001,2013-12-31,MSFT,MSFT common,us_equity,420.0294,122.04,51260.39,1.99
SCHW_1001_2013,SCHW_1001,2013-12-31,BP,BP common,intl_equity,2.2717,286.91,651.78,0.03
SCHW_1001_2013,SCHW_1001,2013-12-31,XOM,XOM common,us_equity,2648.3043,69.23,183342.11,7.12
SCHW_1001_2013,SCHW_1001,2013-12-31,SNY,SNY common,intl_equity,818.0916,329.71,269732.98,10.48
SCHW_1001_2013,SCHW_1001,2013-12-31,SAP,SAP common,intl_equity,817.9069,64.68,52902.22,2.05
SCHW_1001_2013,SCHW_1001,2013-12-31,KO,KO common,us_equity,1232.8082,216.1,266409.85,10.35
SCHW_1001_2013,SCHW_1001,2013-12-31,PG,PG common,us_equity,22592.8532,33.38,754149.44,29.29
SCHW_1001_2013,SCHW_1001,2013-12-31,CASH,Cash & sweep,cash,54420.16,1.0,54420.16,2.11
SCHW_1001_2014,SCHW_1001,2014-12-31,UL,UL common,intl_equity,4460.6445,123.02,548748.49,21.06
SCHW_1001_2014,SCHW_1001,2014-12-31,TM,TM common,intl_equity,1816.6122,85.73,155738.16,5.98
SCHW_1001_2014,SCHW_1001,2014-12-31,NSRGY,NSRGY common,intl_equity,1486.8465,43.96,65361.77,2.51
SCHW_1001_2014,SCHW_1001,2014-12-31,BP,BP common,intl_equity,2888.4158,197.0,569017.92,21.83
SCHW_1001_2014,SCHW_1001,2014-12-31,MSFT,MSFT common,us_equity,1648.3079,101.47,167253.8,6.42
SCHW_1001_2014,SCHW_1001,2014-12-31,KO,KO common,us_equity,1170.486,300.73,352000.24,13.51
SCHW_1001_2014,SCHW_1001,2014-12-31,SNY,SNY common,intl_equity,373.0299,370.56,138229.97,5.3
SCHW_1001_2014,SCHW_1001,2014-12-31,JPM,JPM common,us_equity,2295.4761,123.73,284019.26,10.9
SCHW_1001_2014,SCHW_1001,2014-12-31,JNJ,JNJ common,us_equity,747.7974,237.45,177564.5,6.81
SCHW_1001_2014,SCHW_1001,2014-12-31,SAP,SAP common,intl_equity,72.3543,212.56,15379.62,0.59
SCHW_1001_2014,SCHW_1001,2014-12-31,BRK.B,BRK.B common,us_equity,1176.04,48.54,57084.98,2.19
SCHW_1001_2014,SCHW_1001,2014-12-31,NVS,NVS common,intl_equity,696.3847,67.45,46971.15,1.8
SCHW_1001_2014,SCHW_1001,2014-12-31,CASH,Cash & sweep,cash,28819.48,1.0,28819.48,1.11
SCHW_1001_2015,SCHW_1001,2015-12-31,SAP,SAP common,intl_equity,2722.3703,78.28,213107.15,8.37
SCHW_1001_2015,SCHW_1001,2015-12-31,PG,PG common,us_equity,12681.945,51.12,648301.03,25.45
SCHW_1001_2015,SCHW_1001,2015-12-31,SNY,SNY common,intl_equity,785.8563,235.79,185297.06,7.27
SCHW_1001_2015,SCHW_1001,2015-12-31,NVS,NVS common,intl_equity,309.8669,382.36,118480.7,4.65
SCHW_1001_2015,SCHW_1001,2015-12-31,KO,KO common,us_equity,2856.9424,240.17,686151.86,26.94
SCHW_1001_2015,SCHW_1001,2015-12-31,BP,BP common,intl_equity,611.9988,265.9,162730.47,6.39
SCHW_1001_2015,SCHW_1001,2015-12-31,XOM,XOM common,us_equity,471.0299,142.98,67347.86,2.64
SCHW_1001_2015,SCHW_1001,2015-12-31,AAPL,AAPL common,us_equity,1825.7849,237.03,432765.79,16.99
SCHW_1001_2015,SCHW_1001,2015-12-31,CASH,Cash & sweep,cash,32931.02,1.0,32931.02,1.29
SCHW_1001_2016,SCHW_1001,2016-12-31,MSFT,MSFT common,us_equity,1969.8243,198.42,390852.54,15.0
SCHW_1001_2016,SCHW_1001,2016-12-31,JNJ,JNJ common,us_equity,1303.4214,370.2,482526.62,18.52
SCHW_1001_2016,SCHW_1001,2016-12-31,BRK.B,BRK.B common,us_equity,11116.3977,46.67,518802.28,19.91
SCHW_1001_2016,SCHW_1001,2016-12-31,NSRGY,NSRGY common,intl_equity,155.2424,85.09,13209.58,0.51
SCHW_1001_2016,SCHW_1001,2016-12-31,BP,BP common,intl_equity,1977.4815,205.07,405522.13,15.56
SCHW_1001_2016,SCHW_1001,2016-12-31,UL,UL common,intl_equity,1096.4151,219.13,240257.44,9.22
SCHW_1001_2016,SCHW_1001,2016-12-31,JPM,JPM common,us_equity,135.9301,303.29,41226.24,1.58
SCHW_1001_2016,SCHW_1001,2016-12-31,KO,KO common,us_equity,497.9164,186.32,92771.78,3.56
SCHW_1001_2016,SCHW_1001,2016-12-31,NVS,NVS common,intl_equity,1376.7497,73.63,101370.08,3.89
SCHW_1001_2016,SCHW_1001,2016-12-31,XOM,XOM common,us_equity,122.0178,154.37,18835.89,0.72
SCHW_1001_2016,SCHW_1001,2016-12-31,TM,TM common,intl_equity,351.8162,393.2,138334.12,5.31
SCHW_1001_2016,SCHW_1001,2016-12-31,SNY,SNY common,intl_equity,319.5658,305.27,97553.86,3.74
SCHW_1001_2016,SCHW_1001,2016-12-31,CASH,Cash & sweep,cash,64869.79,1.0,64869.79,2.49
SCHW_1001_2017,SCHW_1001,2017-12-31,JNJ,JNJ common,us_equity,2178.8477,306.89,668666.57,20.72
SCHW_1001_2017,SCHW_1001,2017-12-31,JPM,JPM common,us_equity,2896.0396,174.54,505474.75,15.67
SCHW_1001_2017,SCHW_1001,2017-12-31,XOM,XOM common,us_equity,538.0329,357.11,192136.92,5.95
SCHW_1001_2017,SCHW_1001,2017-12-31,MSFT,MSFT common,us_equity,675.1499,368.87,249042.54,7.72
SCHW_1001_2017,SCHW_1001,2017-12-31,SAP,SAP common,intl_equity,445.7178,138.0,61509.06,1.91
SCHW_1001_2017,SCHW_1001,2017-12-31,SNY,SNY common,intl_equity,2604.9458,299.67,780624.11,24.19
SCHW_1001_2017,SCHW_1001,2017-12-31,BP,BP common,intl_equity,3317.2586,116.18,385399.1,11.94
SCHW_1001_2017,SCHW_1001,2017-12-31,BRK.B,BRK.B common,us_equity,1842.1667,73.02,134515.01,4.17
SCHW_1001_2017,SCHW_1001,2017-12-31,KO,KO common,us_equity,1073.8851,186.39,200161.45,6.2
SCHW_1001_2017,SCHW_1001,2017-12-31,CASH,Cash & sweep,cash,49057.67,1.0,49057.67,1.52
SCHW_1001_2018,SCHW_1001,2018-12-31,JPM,JPM common,us_equity,1606.8531,398.95,641054.04,21.56
SCHW_1001_2018,SCHW_1001,2018-12-31,JNJ,JNJ common,us_equity,5252.942,79.53,417766.48,14.05
SCHW_1001_2018,SCHW_1001,2018-12-31,SNY,SNY common,intl_equity,68.7896,328.89,22624.2,0.76
SCHW_1001_2018,SCHW_1001,2018-12-31,MSFT,MSFT common,us_equity,2140.4325,176.22,377187.02,12.69
SCHW_1001_2018,SCHW_1001,2018-12-31,BP,BP common,intl_equity,679.9546,317.66,215994.38,7.27
SCHW_1001_2018,SCHW_1001,2018-12-31,SAP,SAP common,intl_equity,412.2039,358.88,147931.75,4.98
SCHW_1001_2018,SCHW_1001,2018-12-31,UL,UL common,intl_equity,1829.2924,396.96,726155.91,24.42
SCHW_1001_2018,SCHW_1001,2018-12-31,KO,KO common,us_equity,3225.973,121.1,390665.33,13.14
SCHW_1001_2018,SCHW_1001,2018-12-31,CASH,Cash & sweep,cash,33657.7,1.0,33657.7,1.13
SCHW_1001_2019,SCHW_1001,2019-12-31,BP,BP common,intl_equity,4781.8787,90.9,434672.77,11.24
SCHW_1001_2019,SCHW_1001,2019-12-31,NVS,NVS common,intl_equity,6502.5167,60.44,393012.11,10.16
SCHW_1001_2019,SCHW_1001,2019-12-31,MSFT,MSFT common,us_equity,1467.3329,284.91,418057.82,10.81
SCHW_1001_2019,SCHW_1001,2019-12-31,TM,TM common,intl_equity,2513.9232,307.45,772905.7,19.98
SCHW_1001_2019,SCHW_1001,2019-12-31,JNJ,JNJ common,us_equity,8199.1851,132.62,1087375.93,28.11
SCHW_1001_2019,SCHW_1001,2019-12-31,PG,PG common,us_equity,730.3374,261.7,191129.29,4.94
SCHW_1001_2019,SCHW_1001,2019-12-31,SNY,SNY common,intl_equity,8704.4325,32.95,286811.05,7.42
SCHW_1001_2019,SCHW_1001,2019-12-31,BRK.B,BRK.B common,us_equity,695.927,173.64,120840.77,3.12
SCHW_1001_2019,SCHW_1001,2019-12-31,CASH,Cash & sweep,cash,162800.75,1.0,162800.75,4.21
SCHW_1001_2020,SCHW_1001,2020-12-31,JNJ,JNJ common,us_equity,6170.7006,146.64,904871.54,19.59
SCHW_1001_2020,SCHW_1001,2020-12-31,MSFT,MSFT common,us_equity,1759.3844,46.78,82304.0,1.78
SCHW_1001_2020,SCHW_1001,2020-12-31,JPM,JPM common,us_equity,16445.1141,31.73,521803.47,11.29
SCHW_1001_2020,SCHW_1001,2020-12-31,AAPL,AAPL common,us_equity,2994.37,372.23,1114594.35,24.13
SCHW_1001_2020,SCHW_1001,2020-12-31,SNY,SNY common,intl_equity,1726.9566,185.38,320143.21,6.93
SCHW_1001_2020,SCHW_1001,2020-12-31,NSRGY,NSRGY common,intl_equity,4430.1564,97.86,433535.11,9.38
SCHW_1001_2020,SCHW_1001,2020-12-31,BP,BP common,intl_equity,135.3145,289.21,39134.3,0.85
SCHW_1001_2020,SCHW_1001,2020-12-31,BRK.B,BRK.B common,us_equity,117.6511,23.59,2775.39,0.06
SCHW_1001_2020,SCHW_1001,2020-12-31,KO,KO common,us_equity,373.2741,113.11,42221.03,0.91
SCHW_1001_2020,SCHW_1001,2020-12-31,XOM,XOM common,us_equity,399.1388,385.08,153700.35,3.33
SCHW_1001_2020,SCHW_1001,2020-12-31,NVS,NVS common,intl_equity,99.3001,361.12,35859.25,0.78
SCHW_1001_2020,SCHW_1001,2020-12-31,PG,PG common,us_equity,2826.8906,261.65,739655.93,16.01
SCHW_1001_2020,SCHW_1001,2020-12-31,CASH,Cash & sweep,cash,229262.24,1.0,229262.24,4.96
SCHW_1001_2021,SCHW_1001,2021-12-31,UL,UL common,intl_equity,1895.2021,118.92,225377.43,4.03
SCHW_1001_2021,SCHW_1001,2021-12-31,BRK.B,BRK.B common,us_equity,2082.3645,241.78,503474.1,9.0
SCHW_1001_2021,SCHW_1001,2021-12-31,KO,KO common,us_equity,3703.0355,381.85,1414004.11,25.29
SCHW_1001_2021,SCHW_1001,2021-12-31,BP,BP common,intl_equity,1953.4232,330.51,645625.89,11.55
SCHW_1001_2021,SCHW_1001,2021-12-31,JNJ,JNJ common,us_equity,9482.8795,263.48,2498549.08,44.68
SCHW_1001_2021,SCHW_1001,2021-12-31,MSFT,MSFT common,us_equity,801.9974,217.15,174153.74,3.11
SCHW_1001_2021,SCHW_1001,2021-12-31,CASH,Cash & sweep,cash,130394.94,1.0,130394.94,2.33
SCHW_1001_2022,SCHW_1001,2022-12-31,NVS,NVS common,intl_equity,793.1981,240.08,190431.0,4.44
SCHW_1001_2022,SCHW_1001,2022-12-31,BRK.B,BRK.B common,us_equity,7230.3378,40.71,294347.05,6.86
SCHW_1001_2022,SCHW_1001,2022-12-31,KO,KO common,us_equity,5133.2171,214.28,1099945.75,25.65
SCHW_1001_2022,SCHW_1001,2022-12-31,SAP,SAP common,intl_equity,4662.0503,211.56,986303.36,23.0
SCHW_1001_2022,SCHW_1001,2022-12-31,JPM,JPM common,us_equity,1843.4216,185.45,341862.54,7.97
SCHW_1001_2022,SCHW_1001,2022-12-31,MSFT,MSFT common,us_equity,219.5409,381.49,83752.67,1.95
SCHW_1001_2022,SCHW_1001,2022-12-31,AAPL,AAPL common,us_equity,485.9821,380.53,184930.76,4.31
SCHW_1001_2022,SCHW_1001,2022-12-31,XOM,XOM common,us_equity,1845.2775,67.49,124537.78,2.9
SCHW_1001_2022,SCHW_1001,2022-12-31,SNY,SNY common,intl_equity,2500.4711,77.65,194161.58,4.53
SCHW_1001_2022,SCHW_1001,2022-12-31,UL,UL common,intl_equity,21.5323,174.85,3764.92,0.09
SCHW_1001_2022,SCHW_1001,2022-12-31,BP,BP common,intl_equity,216.2308,336.93,72854.63,1.7
SCHW_1001_2022,SCHW_1001,2022-12-31,JNJ,JNJ common,us_equity,2306.2262,257.03,592769.31,13.82
SCHW_1001_2022,SCHW_1001,2022-12-31,CASH,Cash & sweep,cash,118827.94,1.0,118827.94,2.77
SCHW_1001_2023,SCHW_1001,2023-12-31,NSRGY,NSRGY common,intl_equity,3918.6021,269.59,1056415.94,19.73
SCHW_1001_2023,SCHW_1001,2023-12-31,JNJ,JNJ common,us_equity,90.2972,85.77,7744.79,0.14
SCHW_1001_2023,SCHW_1001,2023-12-31,JPM,JPM common,us_equity,1010.4252,364.53,368330.28,6.88
SCHW_1001_2023,SCHW_1001,2023-12-31,AAPL,AAPL common,us_equity,364.8012,384.83,140386.46,2.62
SCHW_1001_2023,SCHW_1001,2023-12-31,BRK.B,BRK.B common,us_equity,11607.8912,207.34,2406780.17,44.95
SCHW_1001_2023,SCHW_1001,2023-12-31,SNY,SNY common,intl_equity,3493.1967,196.85,687635.77,12.84
SCHW_1001_2023,SCHW_1001,2023-12-31,SAP,SAP common,intl_equity,307.3765,346.65,106552.07,1.99
SCHW_1001_2023,SCHW_1001,2023-12-31,XOM,XOM common,us_equity,3340.3359,130.14,434711.31,8.12
SCHW_1001_2023,SCHW_1001,2023-12-31,CASH,Cash & sweep,cash,145365.37,1.0,145365.37,2.72
SCHW_1001_2024,SCHW_1001,2024-12-31,NVS,NVS common,intl_equity,1072.2905,353.59,379151.19,5.83
SCHW_1001_2024,SCHW_1001,2024-12-31,SNY,SNY common,intl_equity,648.0361,256.33,166111.09,2.55
SCHW_1001_2024,SCHW_1001,2024-12-31,BRK.B,BRK.B common,us_equity,1892.0913,218.1,412665.12,6.35
SCHW_1001_2024,SCHW_1001,2024-12-31,JNJ,JNJ common,us_equity,5910.9267,96.16,568394.71,8.74
SCHW_1001_2024,SCHW_1001,2024-12-31,UL,UL common,intl_equity,3571.8251,217.4,776514.77,11.94
SCHW_1001_2024,SCHW_1001,2024-12-31,XOM,XOM common,us_equity,8673.7907,130.44,1131409.26,17.4
SCHW_1001_2024,SCHW_1001,2024-12-31,AAPL,AAPL common,us_equity,4078.7062,67.83,276658.64,4.26
SCHW_1001_2024,SCHW_1001,2024-12-31,MSFT,MSFT common,us_equity,17828.378,68.71,1224987.85,18.84
SCHW_1001_2024,SCHW_1001,2024-12-31,TM,TM common,intl_equity,508.5377,324.44,164989.96,2.54
SCHW_1001_2024,SCHW_1001,2024-12-31,JPM,JPM common,us_equity,3167.208,370.51,1173482.24,18.05
SCHW_1001_2024,SCHW_1001,2024-12-31,CASH,Cash & sweep,cash,227065.57,1.0,227065.57,3.49
SCHW_1001_2025,SCHW_1001,2025-12-31,AAPL,AAPL common,us_equity,1110.9751,134.33,149237.29,1.84
SCHW_1001_2025,SCHW_1001,2025-12-31,SNY,SNY common,intl_equity,783.1683,384.38,301034.25,3.71
SCHW_1001_2025,SCHW_1001,2025-12-31,TM,TM common,intl_equity,144023.7075,25.74,3707170.23,45.72
SCHW_1001_2025,SCHW_1001,2025-12-31,PG,PG common,us_equity,1867.2719,81.33,151865.22,1.87
SCHW_1001_2025,SCHW_1001,2025-12-31,NSRGY,NSRGY common,intl_equity,6290.9541,101.08,635889.64,7.84
SCHW_1001_2025,SCHW_1001,2025-12-31,UL,UL common,intl_equity,6398.8224,52.83,338049.79,4.17
SCHW_1001_2025,SCHW_1001,2025-12-31,JNJ,JNJ common,us_equity,4914.1789,199.35,979641.57,12.08
SCHW_1001_2025,SCHW_1001,2025-12-31,MSFT,MSFT common,us_equity,1595.4533,245.13,391093.47,4.82
SCHW_1001_2025,SCHW_1001,2025-12-31,JPM,JPM common,us_equity,1053.3318,140.96,148477.65,1.83
SCHW_1001_2025,SCHW_1001,2025-12-31,XOM,XOM common,us_equity,17673.4905,61.29,1083208.23,13.36
SCHW_1001_2025,SCHW_1001,2025-12-31,BRK.B,BRK.B common,us_equity,185.8562,328.16,60990.56,0.75
SCHW_1001_2025,SCHW_1001,2025-12-31,CASH,Cash & sweep,cash,160970.7,1.0,160970.7,1.99
FIDE_1002_1996,FIDE_1002,1996-12-31,JNJ,JNJ common,us_equity,67.5337,375.46,25356.21,8.37
FIDE_1002_1996,FIDE_1002,1996-12-31,PG,PG common,us_equity,115.8672,380.22,44055.03,14.55
FIDE_1002_1996,FIDE_1002,1996-12-31,NVS,NVS common,intl_equity,707.7692,31.41,22231.03,7.34
FIDE_1002_1996,FIDE_1002,1996-12-31,XOM,XOM common,us_equity,111.7792,397.92,44479.18,14.69
FIDE_1002_1996,FIDE_1002,1996-12-31,BRK.B,BRK.B common,us_equity,86.9072,249.88,21716.37,7.17
FIDE_1002_1996,FIDE_1002,1996-12-31,AAPL,AAPL common,us_equity,1076.2245,48.06,51723.35,17.08
FIDE_1002_1996,FIDE_1002,1996-12-31,JPM,JPM common,us_equity,90.2885,208.87,18858.55,6.23
FIDE_1002_1996,FIDE_1002,1996-12-31,TM,TM common,intl_equity,815.1276,38.8,31626.95,10.44
FIDE_1002_1996,FIDE_1002,1996-12-31,NSRGY,NSRGY common,intl_equity,67.471,228.58,15422.53,5.09
FIDE_1002_1996,FIDE_1002,1996-12-31,UL,UL common,intl_equity,144.1161,90.47,13038.18,4.3
FIDE_1002_1996,FIDE_1002,1996-12-31,SNY,SNY common,intl_equity,57.6974,159.82,9221.2,3.04
FIDE_1002_1996,FIDE_1002,1996-12-31,CASH,Cash & sweep,cash,5157.33,1.0,5157.33,1.7
FIDE_1002_1997,FIDE_1002,1997-12-31,SNY,SNY common,intl_equity,233.8082,350.31,81905.34,14.33
FIDE_1002_1997,FIDE_1002,1997-12-31,UL,UL common,intl_equity,1001.9785,41.77,41852.64,7.32
FIDE_1002_1997,FIDE_1002,1997-12-31,TM,TM common,intl_equity,160.3332,291.9,46801.27,8.19
FIDE_1002_1997,FIDE_1002,1997-12-31,BRK.B,BRK.B common,us_equity,47.6193,94.85,4516.69,0.79
FIDE_1002_1997,FIDE_1002,1997-12-31,BP,BP common,intl_equity,565.0995,121.01,68382.69,11.96
FIDE_1002_1997,FIDE_1002,1997-12-31,SAP,SAP common,intl_equity,463.4009,143.42,66460.96,11.63
FIDE_1002_1997,FIDE_1002,1997-12-31,NSRGY,NSRGY common,intl_equity,336.8937,244.7,82437.89,14.42
FIDE_1002_1997,FIDE_1002,1997-12-31,NVS,NVS common,intl_equity,115.4097,258.59,29843.79,5.22
FIDE_1002_1997,FIDE_1002,1997-12-31,KO,KO common,us_equity,17.8306,373.95,6667.77,1.17
FIDE_1002_1997,FIDE_1002,1997-12-31,MSFT,MSFT common,us_equity,3882.6581,24.83,96406.4,16.86
FIDE_1002_1997,FIDE_1002,1997-12-31,JNJ,JNJ common,us_equity,362.7269,93.51,33918.59,5.93
FIDE_1002_1997,FIDE_1002,1997-12-31,CASH,Cash & sweep,cash,12508.13,1.0,12508.13,2.19
FIDE_1002_1998,FIDE_1002,1998-12-31,UL,UL common,intl_equity,173.3494,288.33,49981.84,6.4
FIDE_1002_1998,FIDE_1002,1998-12-31,NSRGY,NSRGY common,intl_equity,1489.835,198.94,296387.78,37.98
FIDE_1002_1998,FIDE_1002,1998-12-31,SNY,SNY common,intl_equity,205.8391,329.54,67832.23,8.69
FIDE_1002_1998,FIDE_1002,1998-12-31,NVS,NVS common,intl_equity,1042.1853,204.42,213043.51,27.3
FIDE_1002_1998,FIDE_1002,1998-12-31,SAP,SAP common,intl_equity,105.8313,386.14,40865.69,5.24
FIDE_1002_1998,FIDE_1002,1998-12-31,XOM,XOM common,us_equity,678.2115,127.35,86370.23,11.07
FIDE_1002_1998,FIDE_1002,1998-12-31,CASH,Cash & sweep,cash,25987.26,1.0,25987.26,3.33
FIDE_1002_1999,FIDE_1002,1999-12-31,SNY,SNY common,intl_equity,159.7815,367.84,58774.01,5.8
FIDE_1002_1999,FIDE_1002,1999-12-31,AAPL,AAPL common,us_equity,494.9392,324.35,160533.53,15.83
FIDE_1002_1999,FIDE_1002,1999-12-31,UL,UL common,intl_equity,2153.6803,81.18,174835.77,17.24
FIDE_1002_1999,FIDE_1002,1999-12-31,NVS,NVS common,intl_equity,278.3974,201.39,56066.46,5.53
FIDE_1002_1999,FIDE_1002,1999-12-31,XOM,XOM common,us_equity,323.1327,206.93,66865.84,6.59
FIDE_1002_1999,FIDE_1002,1999-12-31,JPM,JPM common,us_equity,412.3695,396.0,163298.33,16.1
FIDE_1002_1999,FIDE_1002,1999-12-31,TM,TM common,intl_equity,2843.7935,53.02,150777.93,14.87
FIDE_1002_1999,FIDE_1002,1999-12-31,MSFT,MSFT common,us_equity,749.142,214.09,160383.82,15.82
FIDE_1002_1999,FIDE_1002,1999-12-31,CASH,Cash & sweep,cash,22427.6,1.0,22427.6,2.21
FIDE_1002_2000,FIDE_1002,2000-12-31,AAPL,AAPL common,us_equity,1277.9898,286.98,366757.51,40.28
FIDE_1002_2000,FIDE_1002,2000-12-31,SNY,SNY common,intl_equity,965.8079,368.48,355880.88,39.09
FIDE_1002_2000,FIDE_1002,2000-12-31,JNJ,JNJ common,us_equity,146.5344,387.73,56815.78,6.24
FIDE_1002_2000,FIDE_1002,2000-12-31,MSFT,MSFT common,us_equity,0.776,292.08,226.64,0.02
FIDE_1002_2000,FIDE_1002,2000-12-31,UL,UL common,intl_equity,233.2367,347.94,81152.38,8.91
FIDE_1002_2000,FIDE_1002,2000-12-31,TM,TM common,intl_equity,22.7013,339.85,7715.03,0.85
FIDE_1002_2000,FIDE_1002,2000-12-31,CASH,Cash & sweep,cash,41886.13,1.0,41886.13,4.6
FIDE_1002_2001,FIDE_1002,2001-12-31,NSRGY,NSRGY common,intl_equity,285.9794,247.28,70716.99,9.14
FIDE_1002_2001,FIDE_1002,2001-12-31,BP,BP common,intl_equity,101.2008,275.3,27860.58,3.6
FIDE_1002_2001,FIDE_1002,2001-12-31,MSFT,MSFT common,us_equity,431.6705,298.59,128892.5,16.66
FIDE_1002_2001,FIDE_1002,2001-12-31,NVS,NVS common,intl_equity,472.9227,36.21,17124.53,2.21
FIDE_1002_2001,FIDE_1002,2001-12-31,BRK.B,BRK.B common,us_equity,1929.9991,54.9,105956.95,13.69
FIDE_1002_2001,FIDE_1002,2001-12-31,KO,KO common,us_equity,97.1293,209.94,20391.32,2.64
FIDE_1002_2001,FIDE_1002,2001-12-31,PG,PG common,us_equity,46.7271,39.1,1827.03,0.24
FIDE_1002_2001,FIDE_1002,2001-12-31,XOM,XOM common,us_equity,1712.2071,211.64,362371.51,46.83
FIDE_1002_2001,FIDE_1002,2001-12-31,CASH,Cash & sweep,cash,38673.1,1.0,38673.1,5.0
FIDE_1002_2002,FIDE_1002,2002-12-31,BP,BP common,intl_equity,508.2075,253.48,128820.43,19.9
FIDE_1002_2002,FIDE_1002,2002-12-31,JNJ,JNJ common,us_equity,136.356,396.02,53999.72,8.34
FIDE_1002_2002,FIDE_1002,2002-12-31,KO,KO common,us_equity,92.5955,281.21,26038.79,4.02
FIDE_1002_2002,FIDE_1002,2002-12-31,SAP,SAP common,intl_equity,36.1794,169.11,6118.29,0.95
FIDE_1002_2002,FIDE_1002,2002-12-31,AAPL,AAPL common,us_equity,275.0767,291.71,80242.61,12.4
FIDE_1002_2002,FIDE_1002,2002-12-31,XOM,XOM common,us_equity,1025.6612,197.36,202424.49,31.28
FIDE_1002_2002,FIDE_1002,2002-12-31,MSFT,MSFT common,us_equity,5.2192,176.99,923.74,0.14
FIDE_1002_2002,FIDE_1002,2002-12-31,SNY,SNY common,intl_equity,221.6022,158.95,35223.67,5.44
FIDE_1002_2002,FIDE_1002,2002-12-31,UL,UL common,intl_equity,74.6983,207.49,15499.16,2.39
FIDE_1002_2002,FIDE_1002,2002-12-31,BRK.B,BRK.B common,us_equity,432.8013,126.85,54900.85,8.48
FIDE_1002_2002,FIDE_1002,2002-12-31,TM,TM common,intl_equity,159.9583,112.0,17915.33,2.77
FIDE_1002_2002,FIDE_1002,2002-12-31,CASH,Cash & sweep,cash,25075.79,1.0,25075.79,3.87
FIDE_1002_2003,FIDE_1002,2003-12-31,XOM,XOM common,us_equity,981.1514,120.36,118091.38,12.18
FIDE_1002_2003,FIDE_1002,2003-12-31,TM,TM common,intl_equity,173.6005,213.29,37027.25,3.82
FIDE_1002_2003,FIDE_1002,2003-12-31,SAP,SAP common,intl_equity,523.583,278.97,146063.96,15.06
FIDE_1002_2003,FIDE_1002,2003-12-31,MSFT,MSFT common,us_equity,3000.3815,96.43,289326.79,29.84
FIDE_1002_2003,FIDE_1002,2003-12-31,JNJ,JNJ common,us_equity,300.6381,43.24,12999.59,1.34
FIDE_1002_2003,FIDE_1002,2003-12-31,KO,KO common,us_equity,384.3112,320.56,123194.79,12.71
FIDE_1002_2003,FIDE_1002,2003-12-31,SNY,SNY common,intl_equity,291.0741,327.4,95297.65,9.83
FIDE_1002_2003,FIDE_1002,2003-12-31,BP,BP common,intl_equity,143.5357,272.95,39178.07,4.04
FIDE_1002_2003,FIDE_1002,2003-12-31,JPM,JPM common,us_equity,517.2763,142.14,73525.66,7.58
FIDE_1002_2003,FIDE_1002,2003-12-31,CASH,Cash & sweep,cash,34916.68,1.0,34916.68,3.6
FIDE_1002_2004,FIDE_1002,2004-12-31,BRK.B,BRK.B common,us_equity,90.3475,313.3,28305.88,2.42
FIDE_1002_2004,FIDE_1002,2004-12-31,SAP,SAP common,intl_equity,276.7478,119.32,33021.55,2.82
FIDE_1002_2004,FIDE_1002,2004-12-31,PG,PG common,us_equity,716.0913,284.94,204043.06,17.43
FIDE_1002_2004,FIDE_1002,2004-12-31,JPM,JPM common,us_equity,1426.6076,164.2,234248.97,20.01
FIDE_1002_2004,FIDE_1002,2004-12-31,NSRGY,NSRGY common,intl_equity,2688.0483,142.39,382751.2,32.7
FIDE_1002_2004,FIDE_1002,2004-12-31,KO,KO common,us_equity,1132.9357,205.55,232874.94,19.89
FIDE_1002_2004,FIDE_1002,2004-12-31,MSFT,MSFT common,us_equity,39.7199,221.6,8801.94,0.75
FIDE_1002_2004,FIDE_1002,2004-12-31,CASH,Cash & sweep,cash,46609.96,1.0,46609.96,3.98
FIDE_1002_2005,FIDE_1002,2005-12-31,JNJ,JNJ common,us_equity,646.3057,394.78,255148.58,19.6
FIDE_1002_2005,FIDE_1002,2005-12-31,SNY,SNY common,intl_equity,326.2165,157.88,51503.06,3.96
FIDE_1002_2005,FIDE_1002,2005-12-31,PG,PG common,us_equity,966.7569,320.47,309816.57,23.79
FIDE_1002_2005,FIDE_1002,2005-12-31,JPM,JPM common,us_equity,115.2853,73.33,8453.87,0.65
FIDE_1002_2005,FIDE_1002,2005-12-31,UL,UL common,intl_equity,459.195,240.37,110376.7,8.48
FIDE_1002_2005,FIDE_1002,2005-12-31,XOM,XOM common,us_equity,82.1956,184.43,15159.33,1.16
FIDE_1002_2005,FIDE_1002,2005-12-31,BP,BP common,intl_equity,1222.3398,129.51,158305.23,12.16
FIDE_1002_2005,FIDE_1002,2005-12-31,AAPL,AAPL common,us_equity,131.7652,332.25,43778.98,3.36
FIDE_1002_2005,FIDE_1002,2005-12-31,NVS,NVS common,intl_equity,165.6838,303.64,50308.22,3.86
FIDE_1002_2005,FIDE_1002,2005-12-31,KO,KO common,us_equity,372.1165,70.92,26390.5,2.03
FIDE_1002_2005,FIDE_1002,2005-12-31,TM,TM common,intl_equity,410.6373,131.11,53838.66,4.13
FIDE_1002_2005,FIDE_1002,2005-12-31,MSFT,MSFT common,us_equity,480.9843,331.41,159403.01,12.24
FIDE_1002_2005,FIDE_1002,2005-12-31,CASH,Cash & sweep,cash,59556.4,1.0,59556.4,4.57
FIDE_1002_2006,FIDE_1002,2006-12-31,NSRGY,NSRGY common,intl_equity,655.577,195.86,128401.32,7.86
FIDE_1002_2006,FIDE_1002,2006-12-31,BP,BP common,intl_equity,7657.0514,109.12,835537.45,51.18
FIDE_1002_2006,FIDE_1002,2006-12-31,KO,KO common,us_equity,432.0199,324.21,140065.18,8.58
FIDE_1002_2006,FIDE_1002,2006-12-31,TM,TM common,intl_equity,78.8938,330.55,26078.33,1.6
FIDE_1002_2006,FIDE_1002,2006-12-31,JNJ,JNJ common,us_equity,33.1636,379.21,12575.98,0.77
FIDE_1002_2006,FIDE_1002,2006-12-31,JPM,JPM common,us_equity,941.7195,339.11,319346.49,19.56
FIDE_1002_2006,FIDE_1002,2006-12-31,SAP,SAP common,intl_equity,81.2794,266.03,21622.76,1.32
FIDE_1002_2006,FIDE_1002,2006-12-31,SNY,SNY common,intl_equity,753.2796,91.08,68608.71,4.2
FIDE_1002_2006,FIDE_1002,2006-12-31,PG,PG common,us_equity,19.4551,332.74,6473.48,0.4
FIDE_1002_2006,FIDE_1002,2006-12-31,UL,UL common,intl_equity,40.9947,296.68,12162.3,0.74
FIDE_1002_2006,FIDE_1002,2006-12-31,CASH,Cash & sweep,cash,61828.88,1.0,61828.88,3.79
FIDE_1002_2007,FIDE_1002,2007-12-31,JNJ,JNJ common,us_equity,1233.6788,154.27,190319.63,9.16
FIDE_1002_2007,FIDE_1002,2007-12-31,NVS,NVS common,intl_equity,115.2016,212.18,24443.47,1.18
FIDE_1002_2007,FIDE_1002,2007-12-31,XOM,XOM common,us_equity,1043.9874,94.0,98134.82,4.72
FIDE_1002_2007,FIDE_1002,2007-12-31,KO,KO common,us_equity,1157.4192,136.84,158381.24,7.62
FIDE_1002_2007,FIDE_1002,2007-12-31,MSFT,MSFT common,us_equity,291.9444,136.04,39716.11,1.91
FIDE_1002_2007,FIDE_1002,2007-12-31,BP,BP common,intl_equity,126.3247,395.6,49974.07,2.4
FIDE_1002_2007,FIDE_1002,2007-12-31,NSRGY,NSRGY common,intl_equity,4088.1863,147.36,602435.13,28.99
FIDE_1002_2007,FIDE_1002,2007-12-31,PG,PG common,us_equity,4965.884,106.97,531200.61,25.56
FIDE_1002_2007,FIDE_1002,2007-12-31,SAP,SAP common,intl_equity,792.5601,377.11,298882.33,14.38
FIDE_1002_2007,FIDE_1002,2007-12-31,TM,TM common,intl_equity,628.2779,72.66,45650.67,2.2
FIDE_1002_2007,FIDE_1002,2007-12-31,CASH,Cash & sweep,cash,38886.1,1.0,38886.1,1.87
FIDE_1002_2008,FIDE_1002,2008-12-31,BRK.B,BRK.B common,us_equity,2600.8958,46.26,120317.44,9.35
FIDE_1002_2008,FIDE_1002,2008-12-31,NVS,NVS common,intl_equity,1384.8559,208.02,288077.72,22.38
FIDE_1002_2008,FIDE_1002,2008-12-31,PG,PG common,us_equity,29.8651,109.03,3256.19,0.25
FIDE_1002_2008,FIDE_1002,2008-12-31,SNY,SNY common,intl_equity,2038.7036,58.91,120100.03,9.33
FIDE_1002_2008,FIDE_1002,2008-12-31,XOM,XOM common,us_equity,150.4186,94.17,14164.92,1.1
FIDE_1002_2008,FIDE_1002,2008-12-31,NSRGY,NSRGY common,intl_equity,1562.5837,114.28,178572.06,13.87
FIDE_1002_2008,FIDE_1002,2008-12-31,UL,UL common,intl_equity,220.1914,384.7,84707.64,6.58
FIDE_1002_2008,FIDE_1002,2008-12-31,MSFT,MSFT common,us_equity,341.269,303.05,103421.56,8.03
FIDE_1002_2008,FIDE_1002,2008-12-31,BP,BP common,intl_equity,226.7029,344.13,78015.28,6.06
FIDE_1002_2008,FIDE_1002,2008-12-31,AAPL,AAPL common,us_equity,326.4563,285.55,93219.61,7.24
FIDE_1002_2008,FIDE_1002,2008-12-31,JNJ,JNJ common,us_equity,975.5607,139.95,136529.72,10.61
FIDE_1002_2008,FIDE_1002,2008-12-31,TM,TM common,intl_equity,289.8036,168.62,48866.69,3.8
FIDE_1002_2008,FIDE_1002,2008-12-31,CASH,Cash & sweep,cash,18115.37,1.0,18115.37,1.41
FIDE_1002_2009,FIDE_1002,2009-12-31,KO,KO common,us_equity,4709.4948,32.56,153341.15,9.22
FIDE_1002_2009,FIDE_1002,2009-12-31,SNY,SNY common,intl_equity,576.873,133.09,76776.03,4.62
FIDE_1002_2009,FIDE_1002,2009-12-31,PG,PG common,us_equity,490.2373,325.15,159400.66,9.59
FIDE_1002_2009,FIDE_1002,2009-12-31,BRK.B,BRK.B common,us_equity,303.0135,371.25,112493.78,6.77
FIDE_1002_2009,FIDE_1002,2009-12-31,SAP,SAP common,intl_equity,1464.6872,246.07,360415.58,21.68
FIDE_1002_2009,FIDE_1002,2009-12-31,AAPL,AAPL common,us_equity,4821.6256,152.55,735538.98,44.23
FIDE_1002_2009,FIDE_1002,2009-12-31,CASH,Cash & sweep,cash,64848.83,1.0,64848.83,3.9
FIDE_1002_2010,FIDE_1002,2010-12-31,BRK.B,BRK.B common,us_equity,256.6535,191.64,49185.08,2.48
FIDE_1002_2010,FIDE_1002,2010-12-31,NVS,NVS common,intl_equity,2372.6426,91.5,217096.8,10.97
FIDE_1002_2010,FIDE_1002,2010-12-31,NSRGY,NSRGY common,intl_equity,1470.4077,387.05,569121.29,28.75
FIDE_1002_2010,FIDE_1002,2010-12-31,JNJ,JNJ common,us_equity,201.1642,197.27,39683.67,2.0
FIDE_1002_2010,FIDE_1002,2010-12-31,SAP,SAP common,intl_equity,229.5466,292.59,67163.04,3.39
FIDE_1002_2010,FIDE_1002,2010-12-31,BP,BP common,intl_equity,2939.0491,223.23,656083.93,33.15
FIDE_1002_2010,FIDE_1002,2010-12-31,AAPL,AAPL common,us_equity,7022.9976,50.66,355785.06,17.97
FIDE_1002_2010,FIDE_1002,2010-12-31,CASH,Cash & sweep,cash,25293.88,1.0,25293.88,1.28
FIDE_1002_2011,FIDE_1002,2011-12-31,XOM,XOM common,us_equity,1089.7018,323.38,352387.76,16.82
FIDE_1002_2011,FIDE_1002,2011-12-31,NSRGY,NSRGY common,intl_equity,343.8537,347.75,119575.13,5.71
FIDE_1002_2011,FIDE_1002,2011-12-31,NVS,NVS common,intl_equity,487.2728,205.87,100314.86,4.79
FIDE_1002_2011,FIDE_1002,2011-12-31,KO,KO common,us_equity,634.1782,340.07,215664.97,10.29
FIDE_1002_2011,FIDE_1002,2011-12-31,BP,BP common,intl_equity,1061.9181,195.24,207328.89,9.9
FIDE_1002_2011,FIDE_1002,2011-12-31,UL,UL common,intl_equity,220.0444,120.25,26460.34,1.26
FIDE_1002_2011,FIDE_1002,2011-12-31,TM,TM common,intl_equity,1293.7123,202.77,262326.05,12.52
FIDE_1002_2011,FIDE_1002,2011-12-31,PG,PG common,us_equity,157.8706,147.45,23278.02,1.11
FIDE_1002_2011,FIDE_1002,2011-12-31,BRK.B,BRK.B common,us_equity,879.4907,311.52,273978.95,13.08
FIDE_1002_2011,FIDE_1002,2011-12-31,MSFT,MSFT common,us_equity,1399.4234,336.05,470276.22,22.45
FIDE_1002_2011,FIDE_1002,2011-12-31,CASH,Cash & sweep,cash,43349.96,1.0,43349.96,2.07
FIDE_1002_2012,FIDE_1002,2012-12-31,NSRGY,NSRGY common,intl_equity,341.3966,309.07,105515.45,4.4
FIDE_1002_2012,FIDE_1002,2012-12-31,TM,TM common,intl_equity,872.0772,214.91,187418.12,7.82
FIDE_1002_2012,FIDE_1002,2012-12-31,SNY,SNY common,intl_equity,1538.067,81.19,124875.66,5.21
FIDE_1002_2012,FIDE_1002,2012-12-31,PG,PG common,us_equity,73.7591,102.02,7524.9,0.31
FIDE_1002_2012,FIDE_1002,2012-12-31,UL,UL common,intl_equity,1722.1138,164.13,282650.54,11.79
FIDE_1002_2012,FIDE_1002,2012-12-31,NVS,NVS common,intl_equity,1091.3062,145.83,159145.18,6.64
FIDE_1002_2012,FIDE_1002,2012-12-31,JNJ,JNJ common,us_equity,5055.4181,43.2,218394.06,9.11
FIDE_1002_2012,FIDE_1002,2012-12-31,SAP,SAP common,intl_equity,1191.1353,174.42,207757.82,8.67
FIDE_1002_2012,FIDE_1002,2012-12-31,BRK.B,BRK.B common,us_equity,3868.7679,190.51,737038.98,30.74
FIDE_1002_2012,FIDE_1002,2012-12-31,JPM,JPM common,us_equity,1901.3718,129.09,245448.09,10.24
FIDE_1002_2012,FIDE_1002,2012-12-31,AAPL,AAPL common,us_equity,542.2136,166.04,90029.15,3.76
FIDE_1002_2012,FIDE_1002,2012-12-31,CASH,Cash & sweep,cash,31576.4,1.0,31576.4,1.32
FIDE_1002_2013,FIDE_1002,2013-12-31,JNJ,JNJ common,us_equity,1166.3833,338.55,394879.07,12.67
FIDE_1002_2013,FIDE_1002,2013-12-31,BRK.B,BRK.B common,us_equity,6065.4761,33.67,204224.58,6.55
FIDE_1002_2013,FIDE_1002,2013-12-31,SNY,SNY common,intl_equity,613.177,93.48,57319.79,1.84
FIDE_1002_2013,FIDE_1002,2013-12-31,MSFT,MSFT common,us_equity,601.21,121.75,73197.32,2.35
FIDE_1002_2013,FIDE_1002,2013-12-31,XOM,XOM common,us_equity,323.3036,195.55,63222.02,2.03
FIDE_1002_2013,FIDE_1002,2013-12-31,NVS,NVS common,intl_equity,46.3375,85.42,3958.15,0.13
FIDE_1002_2013,FIDE_1002,2013-12-31,TM,TM common,intl_equity,3382.1571,224.77,760207.46,24.39
FIDE_1002_2013,FIDE_1002,2013-12-31,PG,PG common,us_equity,962.6739,150.7,145074.96,4.65
FIDE_1002_2013,FIDE_1002,2013-12-31,KO,KO common,us_equity,3336.8327,268.94,897407.79,28.79
FIDE_1002_2013,FIDE_1002,2013-12-31,UL,UL common,intl_equity,198.9568,221.9,44148.52,1.42
FIDE_1002_2013,FIDE_1002,2013-12-31,NSRGY,NSRGY common,intl_equity,1505.947,280.79,422854.86,13.56
FIDE_1002_2013,FIDE_1002,2013-12-31,CASH,Cash & sweep,cash,50764.81,1.0,50764.81,1.63
FIDE_1002_2014,FIDE_1002,2014-12-31,BP,BP common,intl_equity,4252.2864,90.84,386277.7,12.28
FIDE_1002_2014,FIDE_1002,2014-12-31,BRK.B,BRK.B common,us_equity,1826.8865,178.84,326720.38,10.39
FIDE_1002_2014,FIDE_1002,2014-12-31,XOM,XOM common,us_equity,15.8537,161.98,2567.99,0.08
FIDE_1002_2014,FIDE_1002,2014-12-31,JPM,JPM common,us_equity,4340.1417,83.54,362575.44,11.53
FIDE_1002_2014,FIDE_1002,2014-12-31,KO,KO common,us_equity,635.1784,271.43,172406.47,5.48
FIDE_1002_2014,FIDE_1002,2014-12-31,SNY,SNY common,intl_equity,808.8043,317.16,256520.36,8.15
FIDE_1002_2014,FIDE_1002,2014-12-31,NSRGY,NSRGY common,intl_equity,448.5943,308.69,138476.56,4.4
FIDE_1002_2014,FIDE_1002,2014-12-31,SAP,SAP common,intl_equity,48.9041,276.6,13526.87,0.43
FIDE_1002_2014,FIDE_1002,2014-12-31,PG,PG common,us_equity,34284.4709,26.65,913681.15,29.04
FIDE_1002_2014,FIDE_1002,2014-12-31,JNJ,JNJ common,us_equity,5005.2524,107.25,536813.32,17.06
FIDE_1002_2014,FIDE_1002,2014-12-31,CASH,Cash & sweep,cash,36320.06,1.0,36320.06,1.15
FIDE_1002_2015,FIDE_1002,2015-12-31,KO,KO common,us_equity,2151.6987,192.74,414718.41,13.55
FIDE_1002_2015,FIDE_1002,2015-12-31,MSFT,MSFT common,us_equity,2893.7431,174.18,504032.18,16.46
FIDE_1002_2015,FIDE_1002,2015-12-31,SAP,SAP common,intl_equity,1020.979,81.14,82842.24,2.71
FIDE_1002_2015,FIDE_1002,2015-12-31,XOM,XOM common,us_equity,121.2062,132.22,16025.89,0.52
FIDE_1002_2015,FIDE_1002,2015-12-31,NVS,NVS common,intl_equity,1624.5289,120.66,196015.66,6.4
FIDE_1002_2015,FIDE_1002,2015-12-31,AAPL,AAPL common,us_equity,2105.9988,114.31,240736.72,7.86
FIDE_1002_2015,FIDE_1002,2015-12-31,JNJ,JNJ common,us_equity,1834.5115,317.47,582402.38,19.02
FIDE_1002_2015,FIDE_1002,2015-12-31,PG,PG common,us_equity,4357.7017,63.33,275973.25,9.01
FIDE_1002_2015,FIDE_1002,2015-12-31,BP,BP common,intl_equity,3602.3489,98.06,353246.33,11.54
FIDE_1002_2015,FIDE_1002,2015-12-31,NSRGY,NSRGY common,intl_equity,744.7026,220.04,163864.35,5.35
FIDE_1002_2015,FIDE_1002,2015-12-31,UL,UL common,intl_equity,1272.9743,138.77,176650.65,5.77
FIDE_1002_2015,FIDE_1002,2015-12-31,CASH,Cash & sweep,cash,55273.79,1.0,55273.79,1.81
FIDE_1002_2016,FIDE_1002,2016-12-31,NSRGY,NSRGY common,intl_equity,4975.4153,32.1,159710.83,5.19
FIDE_1002_2016,FIDE_1002,2016-12-31,XOM,XOM common,us_equity,1829.5071,191.69,350698.21,11.4
FIDE_1002_2016,FIDE_1002,2016-12-31,NVS,NVS common,intl_equity,1220.5674,44.01,53717.17,1.75
FIDE_1002_2016,FIDE_1002,2016-12-31,PG,PG common,us_equity,448.2332,385.0,172569.78,5.61
FIDE_1002_2016,FIDE_1002,2016-12-31,KO,KO common,us_equity,588.0623,23.11,13590.12,0.44
FIDE_1002_2016,FIDE_1002,2016-12-31,BRK.B,BRK.B common,us_equity,196.9435,143.68,28296.84,0.92
FIDE_1002_2016,FIDE_1002,2016-12-31,BP,BP common,intl_equity,2836.2146,97.25,275821.87,8.96
FIDE_1002_2016,FIDE_1002,2016-12-31,UL,UL common,intl_equity,53497.0821,25.2,1348126.47,43.82
FIDE_1002_2016,FIDE_1002,2016-12-31,SAP,SAP common,intl_equity,941.1464,209.65,197311.35,6.41
FIDE_1002_2016,FIDE_1002,2016-12-31,JPM,JPM common,us_equity,5493.4775,48.9,268631.05,8.73
FIDE_1002_2016,FIDE_1002,2016-12-31,TM,TM common,intl_equity,290.1466,361.98,105027.26,3.41
FIDE_1002_2016,FIDE_1002,2016-12-31,CASH,Cash & sweep,cash,103327.58,1.0,103327.58,3.36
FIDE_1002_2017,FIDE_1002,2017-12-31,BP,BP common,intl_equity,368.3591,94.58,34839.4,0.87
FIDE_1002_2017,FIDE_1002,2017-12-31,NSRGY,NSRGY common,intl_equity,26890.1977,36.42,979341.0,24.54
FIDE_1002_2017,FIDE_1002,2017-12-31,MSFT,MSFT common,us_equity,8780.9986,150.16,1318554.75,33.04
FIDE_1002_2017,FIDE_1002,2017-12-31,JNJ,JNJ common,us_equity,174.9901,395.99,69294.34,1.74
FIDE_1002_2017,FIDE_1002,2017-12-31,SNY,SNY common,intl_equity,2369.4523,102.97,243982.5,6.11
FIDE_1002_2017,FIDE_1002,2017-12-31,BRK.B,BRK.B common,us_equity,1901.5699,194.06,369018.65,9.25
FIDE_1002_2017,FIDE_1002,2017-12-31,JPM,JPM common,us_equity,1682.5266,389.4,655175.86,16.42
FIDE_1002_2017,FIDE_1002,2017-12-31,NVS,NVS common,intl_equity,9981.9486,22.55,225092.94,5.64
FIDE_1002_2017,FIDE_1002,2017-12-31,CASH,Cash & sweep,cash,95341.85,1.0,95341.85,2.39
FIDE_1002_2018,FIDE_1002,2018-12-31,UL,UL common,intl_equity,1609.6856,326.54,525626.74,15.12
FIDE_1002_2018,FIDE_1002,2018-12-31,NVS,NVS common,intl_equity,600.7398,338.23,203188.21,5.85
FIDE_1002_2018,FIDE_1002,2018-12-31,JPM,JPM common,us_equity,52.4181,390.52,20470.33,0.59
FIDE_1002_2018,FIDE_1002,2018-12-31,XOM,XOM common,us_equity,745.7721,290.16,216393.22,6.23
FIDE_1002_2018,FIDE_1002,2018-12-31,AAPL,AAPL common,us_equity,603.7105,391.34,236256.06,6.8
FIDE_1002_2018,FIDE_1002,2018-12-31,TM,TM common,intl_equity,1423.3243,125.77,179011.5,5.15
FIDE_1002_2018,FIDE_1002,2018-12-31,JNJ,JNJ common,us_equity,798.9515,218.19,174323.23,5.02
FIDE_1002_2018,FIDE_1002,2018-12-31,PG,PG common,us_equity,848.206,101.35,85965.68,2.47
FIDE_1002_2018,FIDE_1002,2018-12-31,MSFT,MSFT common,us_equity,20450.1712,51.74,1058091.86,30.44
FIDE_1002_2018,FIDE_1002,2018-12-31,BRK.B,BRK.B common,us_equity,829.2211,186.8,154898.51,4.46
FIDE_1002_2018,FIDE_1002,2018-12-31,SAP,SAP common,intl_equity,1670.2482,293.48,490184.45,14.1
FIDE_1002_2018,FIDE_1002,2018-12-31,CASH,Cash & sweep,cash,131127.57,1.0,131127.57,3.77
FIDE_1002_2019,FIDE_1002,2019-12-31,TM,TM common,intl_equity,2018.637,222.08,448298.91,9.62
FIDE_1002_2019,FIDE_1002,2019-12-31,NVS,NVS common,intl_equity,3097.4189,250.3,775283.95,16.63
FIDE_1002_2019,FIDE_1002,2019-12-31,JNJ,JNJ common,us_equity,804.0336,223.99,180095.49,3.86
FIDE_1002_2019,FIDE_1002,2019-12-31,SNY,SNY common,intl_equity,11665.6058,62.07,724084.15,15.53
FIDE_1002_2019,FIDE_1002,2019-12-31,MSFT,MSFT common,us_equity,2014.2491,396.75,799153.34,17.14
FIDE_1002_2019,FIDE_1002,2019-12-31,XOM,XOM common,us_equity,1950.3852,387.31,755403.68,16.2
FIDE_1002_2019,FIDE_1002,2019-12-31,SAP,SAP common,intl_equity,11372.9255,34.24,389408.97,8.35
FIDE_1002_2019,FIDE_1002,2019-12-31,KO,KO common,us_equity,1259.9393,378.83,477302.81,10.24
FIDE_1002_2019,FIDE_1002,2019-12-31,CASH,Cash & sweep,cash,113257.92,1.0,113257.92,2.43
FIDE_1002_2020,FIDE_1002,2020-12-31,KO,KO common,us_equity,11917.0298,146.92,1750850.02,30.51
FIDE_1002_2020,FIDE_1002,2020-12-31,UL,UL common,intl_equity,15807.1781,22.18,350603.21,6.11
FIDE_1002_2020,FIDE_1002,2020-12-31,NSRGY,NSRGY common,intl_equity,3777.4159,107.99,407923.14,7.11
FIDE_1002_2020,FIDE_1002,2020-12-31,XOM,XOM common,us_equity,14792.8996,145.98,2159467.48,37.63
FIDE_1002_2020,FIDE_1002,2020-12-31,JPM,JPM common,us_equity,2502.3716,61.19,153120.12,2.67
FIDE_1002_2020,FIDE_1002,2020-12-31,AAPL,AAPL common,us_equity,2252.5036,310.91,700325.9,12.2
FIDE_1002_2020,FIDE_1002,2020-12-31,CASH,Cash & sweep,cash,216713.56,1.0,216713.56,3.78
FIDE_1002_2021,FIDE_1002,2021-12-31,PG,PG common,us_equity,2687.634,368.39,990097.49,14.25
FIDE_1002_2021,FIDE_1002,2021-12-31,BP,BP common,intl_equity,2551.3639,263.75,672922.24,9.69
FIDE_1002_2021,FIDE_1002,2021-12-31,JNJ,JNJ common,us_equity,2255.2993,248.88,561298.89,8.08
FIDE_1002_2021,FIDE_1002,2021-12-31,JPM,JPM common,us_equity,1643.9212,167.53,275406.12,3.96
FIDE_1002_2021,FIDE_1002,2021-12-31,SAP,SAP common,intl_equity,5561.997,237.21,1319361.31,18.99
FIDE_1002_2021,FIDE_1002,2021-12-31,MSFT,MSFT common,us_equity,2138.6123,230.82,493634.5,7.11
FIDE_1002_2021,FIDE_1002,2021-12-31,UL,UL common,intl_equity,4717.4295,363.91,1716719.77,24.71
FIDE_1002_2021,FIDE_1002,2021-12-31,TM,TM common,intl_equity,277.7399,334.3,92848.44,1.34
FIDE_1002_2021,FIDE_1002,2021-12-31,XOM,XOM common,us_equity,656.2962,300.13,196974.17,2.84
FIDE_1002_2021,FIDE_1002,2021-12-31,KO,KO common,us_equity,1437.5309,371.04,533381.48,7.68
FIDE_1002_2021,FIDE_1002,2021-12-31,CASH,Cash & sweep,cash,93576.55,1.0,93576.55,1.35
FIDE_1002_2022,FIDE_1002,2022-12-31,JNJ,JNJ common,us_equity,4212.9731,68.5,288588.66,5.54
FIDE_1002_2022,FIDE_1002,2022-12-31,PG,PG common,us_equity,7233.1391,83.15,601435.52,11.55
FIDE_1002_2022,FIDE_1002,2022-12-31,SAP,SAP common,intl_equity,1317.1722,310.4,408850.25,7.85
FIDE_1002_2022,FIDE_1002,2022-12-31,NVS,NVS common,intl_equity,2417.8212,136.11,329089.65,6.32
FIDE_1002_2022,FIDE_1002,2022-12-31,SNY,SNY common,intl_equity,427.2634,242.44,103585.75,1.99
FIDE_1002_2022,FIDE_1002,2022-12-31,MSFT,MSFT common,us_equity,3693.3666,208.89,771507.35,14.82
FIDE_1002_2022,FIDE_1002,2022-12-31,XOM,XOM common,us_equity,10016.4499,75.4,755240.32,14.51
FIDE_1002_2022,FIDE_1002,2022-12-31,UL,UL common,intl_equity,2425.3198,306.61,743627.31,14.28
FIDE_1002_2022,FIDE_1002,2022-12-31,BP,BP common,intl_equity,1489.487,301.74,449437.82,8.63
FIDE_1002_2022,FIDE_1002,2022-12-31,AAPL,AAPL common,us_equity,7535.5439,75.18,566522.19,10.88
FIDE_1002_2022,FIDE_1002,2022-12-31,CASH,Cash & sweep,cash,188233.5,1.0,188233.5,3.62
FIDE_1002_2023,FIDE_1002,2023-12-31,JNJ,JNJ common,us_equity,1526.917,392.35,599085.89,8.9
FIDE_1002_2023,FIDE_1002,2023-12-31,PG,PG common,us_equity,6630.7884,247.54,1641385.37,24.38
FIDE_1002_2023,FIDE_1002,2023-12-31,TM,TM common,intl_equity,6274.4211,212.58,1333816.44,19.81
FIDE_1002_2023,FIDE_1002,2023-12-31,AAPL,AAPL common,us_equity,1890.8504,319.18,603521.62,8.97
FIDE_1002_2023,FIDE_1002,2023-12-31,XOM,XOM common,us_equity,4689.6443,138.7,650453.66,9.66
FIDE_1002_2023,FIDE_1002,2023-12-31,MSFT,MSFT common,us_equity,3513.6019,335.8,1179867.53,17.53
FIDE_1002_2023,FIDE_1002,2023-12-31,NVS,NVS common,intl_equity,14559.9039,27.05,393845.4,5.85
FIDE_1002_2023,FIDE_1002,2023-12-31,CASH,Cash & sweep,cash,329933.22,1.0,329933.22,4.9
FIDE_1002_2024,FIDE_1002,2024-12-31,SNY,SNY common,intl_equity,17974.1211,36.91,663424.81,8.28
FIDE_1002_2024,FIDE_1002,2024-12-31,SAP,SAP common,intl_equity,2746.0997,362.31,994939.37,12.42
FIDE_1002_2024,FIDE_1002,2024-12-31,XOM,XOM common,us_equity,2294.9587,165.26,379264.87,4.73
FIDE_1002_2024,FIDE_1002,2024-12-31,NSRGY,NSRGY common,intl_equity,3509.6777,371.94,1305389.51,16.29
FIDE_1002_2024,FIDE_1002,2024-12-31,TM,TM common,intl_equity,2477.6862,245.92,609312.58,7.61
FIDE_1002_2024,FIDE_1002,2024-12-31,BRK.B,BRK.B common,us_equity,1453.9317,227.98,331467.36,4.14
FIDE_1002_2024,FIDE_1002,2024-12-31,UL,UL common,intl_equity,800.0087,330.87,264698.88,3.3
FIDE_1002_2024,FIDE_1002,2024-12-31,PG,PG common,us_equity,507.1178,257.66,130663.97,1.63
FIDE_1002_2024,FIDE_1002,2024-12-31,JPM,JPM common,us_equity,764.0111,276.34,211126.84,2.64
FIDE_1002_2024,FIDE_1002,2024-12-31,NVS,NVS common,intl_equity,15141.3938,79.89,1209645.95,15.1
FIDE_1002_2024,FIDE_1002,2024-12-31,AAPL,AAPL common,us_equity,3249.5846,249.69,811388.77,10.13
FIDE_1002_2024,FIDE_1002,2024-12-31,JNJ,JNJ common,us_equity,5544.6662,155.47,862029.25,10.76
FIDE_1002_2024,FIDE_1002,2024-12-31,CASH,Cash & sweep,cash,237963.95,1.0,237963.95,2.97
FIDE_1002_2025,FIDE_1002,2025-12-31,SNY,SNY common,intl_equity,176.1155,273.62,48188.73,0.48
FIDE_1002_2025,FIDE_1002,2025-12-31,SAP,SAP common,intl_equity,66566.6074,27.23,1812608.72,17.92
FIDE_1002_2025,FIDE_1002,2025-12-31,JPM,JPM common,us_equity,20018.8759,46.43,929476.41,9.19
FIDE_1002_2025,FIDE_1002,2025-12-31,MSFT,MSFT common,us_equity,4150.198,299.32,1242237.27,12.28
FIDE_1002_2025,FIDE_1002,2025-12-31,UL,UL common,intl_equity,3593.2901,275.8,991029.41,9.8
FIDE_1002_2025,FIDE_1002,2025-12-31,AAPL,AAPL common,us_equity,5774.8877,139.13,803460.12,7.94
FIDE_1002_2025,FIDE_1002,2025-12-31,BP,BP common,intl_equity,911.4855,347.29,316549.79,3.13
FIDE_1002_2025,FIDE_1002,2025-12-31,TM,TM common,intl_equity,20208.6406,99.86,2018034.85,19.95
FIDE_1002_2025,FIDE_1002,2025-12-31,NVS,NVS common,intl_equity,44.7073,182.23,8147.01,0.08
FIDE_1002_2025,FIDE_1002,2025-12-31,XOM,XOM common,us_equity,23931.5666,63.7,1524440.79,15.07
FIDE_1002_2025,FIDE_1002,2025-12-31,CASH,Cash & sweep,cash,420697.32,1.0,420697.32,4.16
TDA_1003_1998,TDA_1003,1998-12-31,SNY,SNY common,intl_equity,125.8574,267.43,33658.04,7.35
TDA_1003_1998,TDA_1003,1998-12-31,JNJ,JNJ common,us_equity,135.133,129.78,17537.56,3.83
TDA_1003_1998,TDA_1003,1998-12-31,TM,TM common,intl_equity,109.9014,256.7,28211.7,6.16
TDA_1003_1998,TDA_1003,1998-12-31,XOM,XOM common,us_equity,1.2004,353.23,424.0,0.09
TDA_1003_1998,TDA_1003,1998-12-31,KO,KO common,us_equity,1450.0081,60.68,87986.49,19.22
TDA_1003_1998,TDA_1003,1998-12-31,MSFT,MSFT common,us_equity,684.8526,202.39,138607.31,30.28
TDA_1003_1998,TDA_1003,1998-12-31,BP,BP common,intl_equity,1711.5432,28.61,48967.25,10.7
TDA_1003_1998,TDA_1003,1998-12-31,JPM,JPM common,us_equity,275.5093,341.08,93970.71,20.53
TDA_1003_1998,TDA_1003,1998-12-31,CASH,Cash & sweep,cash,8378.52,1.0,8378.52,1.83
TDA_1003_1999,TDA_1003,1999-12-31,UL,UL common,intl_equity,290.4236,221.62,64363.68,10.92
TDA_1003_1999,TDA_1003,1999-12-31,KO,KO common,us_equity,11.0854,299.33,3318.19,0.56
TDA_1003_1999,TDA_1003,1999-12-31,MSFT,MSFT common,us_equity,39.8785,145.48,5801.52,0.98
TDA_1003_1999,TDA_1003,1999-12-31,XOM,XOM common,us_equity,1365.4341,208.75,285034.36,48.35
TDA_1003_1999,TDA_1003,1999-12-31,PG,PG common,us_equity,127.9447,198.51,25398.31,4.31
TDA_1003_1999,TDA_1003,1999-12-31,TM,TM common,intl_equity,339.6125,271.42,92177.63,15.64
TDA_1003_1999,TDA_1003,1999-12-31,JPM,JPM common,us_equity,501.0211,102.16,51184.32,8.68
TDA_1003_1999,TDA_1003,1999-12-31,SNY,SNY common,intl_equity,1399.4236,29.53,41324.98,7.01
TDA_1003_1999,TDA_1003,1999-12-31,CASH,Cash & sweep,cash,20883.93,1.0,20883.93,3.54
TDA_1003_2000,TDA_1003,2000-12-31,NVS,NVS common,intl_equity,856.4571,284.48,243644.91,44.55
TDA_1003_2000,TDA_1003,2000-12-31,JPM,JPM common,us_equity,187.5883,140.81,26414.31,4.83
TDA_1003_2000,TDA_1003,2000-12-31,SAP,SAP common,intl_equity,173.702,238.87,41492.2,7.59
TDA_1003_2000,TDA_1003,2000-12-31,PG,PG common,us_equity,428.1791,118.7,50824.86,9.29
TDA_1003_2000,TDA_1003,2000-12-31,TM,TM common,intl_equity,257.5365,306.3,78883.42,14.42
TDA_1003_2000,TDA_1003,2000-12-31,KO,KO common,us_equity,420.2486,162.48,68281.99,12.48
TDA_1003_2000,TDA_1003,2000-12-31,BP,BP common,intl_equity,103.0316,201.83,20794.86,3.8
TDA_1003_2000,TDA_1003,2000-12-31,CASH,Cash & sweep,cash,16608.64,1.0,16608.64,3.04
TDA_1003_2001,TDA_1003,2001-12-31,JPM,JPM common,us_equity,1430.0094,53.4,76362.5,14.64
TDA_1003_2001,TDA_1003,2001-12-31,NSRGY,NSRGY common,intl_equity,402.452,259.19,104311.54,20.0
TDA_1003_2001,TDA_1003,2001-12-31,BP,BP common,intl_equity,30.4013,313.94,9544.18,1.83
TDA_1003_2001,TDA_1003,2001-12-31,NVS,NVS common,intl_equity,368.0223,364.87,134280.31,25.75
TDA_1003_2001,TDA_1003,2001-12-31,XOM,XOM common,us_equity,447.3894,158.7,71000.69,13.62
TDA_1003_2001,TDA_1003,2001-12-31,SNY,SNY common,intl_equity,141.9055,376.3,53399.05,10.24
TDA_1003_2001,TDA_1003,2001-12-31,KO,KO common,us_equity,357.4109,132.81,47467.74,9.1
TDA_1003_2001,TDA_1003,2001-12-31,PG,PG common,us_equity,39.3075,377.16,14825.23,2.84
TDA_1003_2001,TDA_1003,2001-12-31,CASH,Cash & sweep,cash,10275.28,1.0,10275.28,1.97
TDA_1003_2002,TDA_1003,2002-12-31,UL,UL common,intl_equity,44.1919,203.41,8989.08,2.03
TDA_1003_2002,TDA_1003,2002-12-31,TM,TM common,intl_equity,94.4816,249.07,23532.52,5.3
TDA_1003_2002,TDA_1003,2002-12-31,PG,PG common,us_equity,860.5425,38.86,33440.68,7.54
TDA_1003_2002,TDA_1003,2002-12-31,NSRGY,NSRGY common,intl_equity,94.7108,131.71,12474.36,2.81
TDA_1003_2002,TDA_1003,2002-12-31,SNY,SNY common,intl_equity,160.3125,364.46,58427.49,13.17
TDA_1003_2002,TDA_1003,2002-12-31,MSFT,MSFT common,us_equity,17.4827,397.85,6955.51,1.57
TDA_1003_2002,TDA_1003,2002-12-31,AAPL,AAPL common,us_equity,45.6548,343.12,15665.09,3.53
TDA_1003_2002,TDA_1003,2002-12-31,KO,KO common,us_equity,786.5223,84.49,66453.27,14.97
TDA_1003_2002,TDA_1003,2002-12-31,BP,BP common,intl_equity,640.0093,310.38,198646.08,44.76
TDA_1003_2002,TDA_1003,2002-12-31,NVS,NVS common,intl_equity,5.4317,191.33,1039.24,0.23
TDA_1003_2002,TDA_1003,2002-12-31,CASH,Cash & sweep,cash,18144.22,1.0,18144.22,4.09
TDA_1003_2003,TDA_1003,2003-12-31,NVS,NVS common,intl_equity,444.3248,349.2,155158.21,18.39
TDA_1003_2003,TDA_1003,2003-12-31,NSRGY,NSRGY common,intl_equity,566.3269,237.53,134519.64,15.95
TDA_1003_2003,TDA_1003,2003-12-31,PG,PG common,us_equity,110.5932,279.3,30888.69,3.66
TDA_1003_2003,TDA_1003,2003-12-31,SNY,SNY common,intl_equity,390.9019,124.42,48636.01,5.77
TDA_1003_2003,TDA_1003,2003-12-31,BRK.B,BRK.B common,us_equity,224.3392,378.58,84930.33,10.07
TDA_1003_2003,TDA_1003,2003-12-31,SAP,SAP common,intl_equity,309.6212,265.15,82096.06,9.73
TDA_1003_2003,TDA_1003,2003-12-31,TM,TM common,intl_equity,121.5813,360.07,43777.77,5.19
TDA_1003_2003,TDA_1003,2003-12-31,XOM,XOM common,us_equity,222.7842,129.68,28890.66,3.42
TDA_1003_2003,TDA_1003,2003-12-31,KO,KO common,us_equity,512.8774,393.3,201714.67,23.91
TDA_1003_2003,TDA_1003,2003-12-31,CASH,Cash & sweep,cash,32983.52,1.0,32983.52,3.91
TDA_1003_2004,TDA_1003,2004-12-31,MSFT,MSFT common,us_equity,87.2699,313.66,27373.09,2.81
TDA_1003_2004,TDA_1003,2004-12-31,BRK.B,BRK.B common,us_equity,434.8266,252.47,109780.68,11.27
TDA_1003_2004,TDA_1003,2004-12-31,SAP,SAP common,intl_equity,3004.1022,119.82,359951.53,36.95
TDA_1003_2004,TDA_1003,2004-12-31,AAPL,AAPL common,us_equity,3803.6451,23.53,89499.77,9.19
TDA_1003_2004,TDA_1003,2004-12-31,TM,TM common,intl_equity,582.3226,222.71,129689.06,13.31
TDA_1003_2004,TDA_1003,2004-12-31,PG,PG common,us_equity,2086.4231,54.36,113417.96,11.64
TDA_1003_2004,TDA_1003,2004-12-31,NSRGY,NSRGY common,intl_equity,259.1481,304.39,78882.09,8.1
TDA_1003_2004,TDA_1003,2004-12-31,KO,KO common,us_equity,45.5078,149.47,6802.05,0.7
TDA_1003_2004,TDA_1003,2004-12-31,SNY,SNY common,intl_equity,47.758,326.84,15609.24,1.6
TDA_1003_2004,TDA_1003,2004-12-31,CASH,Cash & sweep,cash,43104.11,1.0,43104.11,4.42
TDA_1003_2005,TDA_1003,2005-12-31,JPM,JPM common,us_equity,159.1426,261.75,41655.58,3.84
TDA_1003_2005,TDA_1003,2005-12-31,BRK.B,BRK.B common,us_equity,1697.2028,37.42,63509.33,5.86
TDA_1003_2005,TDA_1003,2005-12-31,XOM,XOM common,us_equity,2700.255,104.95,283391.76,26.15
TDA_1003_2005,TDA_1003,2005-12-31,NSRGY,NSRGY common,intl_equity,660.5102,59.53,39320.17,3.63
TDA_1003_2005,TDA_1003,2005-12-31,AAPL,AAPL common,us_equity,195.7964,301.07,58948.41,5.44
TDA_1003_2005,TDA_1003,2005-12-31,BP,BP common,intl_equity,2751.9735,104.07,286397.88,26.42
TDA_1003_2005,TDA_1003,2005-12-31,KO,KO common,us_equity,1254.6092,209.37,262677.52,24.24
TDA_1003_2005,TDA_1003,2005-12-31,CASH,Cash & sweep,cash,47919.25,1.0,47919.25,4.42
TDA_1003_2006,TDA_1003,2006-12-31,UL,UL common,intl_equity,11.4661,393.26,4509.14,0.32
TDA_1003_2006,TDA_1003,2006-12-31,JPM,JPM common,us_equity,860.0557,381.31,327947.85,23.47
TDA_1003_2006,TDA_1003,2006-12-31,TM,TM common,intl_equity,610.551,372.31,227314.24,16.27
TDA_1003_2006,TDA_1003,2006-12-31,BRK.B,BRK.B common,us_equity,760.6554,334.13,254157.8,18.19
TDA_1003_2006,TDA_1003,2006-12-31,SNY,SNY common,intl_equity,316.4901,222.0,70260.8,5.03
TDA_1003_2006,TDA_1003,2006-12-31,PG,PG common,us_equity,1338.5538,134.17,179593.76,12.85
TDA_1003_2006,TDA_1003,2006-12-31,KO,KO common,us_equity,910.6661,267.65,243739.78,17.44
TDA_1003_2006,TDA_1003,2006-12-31,BP,BP common,intl_equity,858.0174,77.51,66504.93,4.76
TDA_1003_2006,TDA_1003,2006-12-31,CASH,Cash & sweep,cash,23478.45,1.0,23478.45,1.68
TDA_1003_2008,TDA_1003,2008-12-31,KO,KO common,us_equity,531.1674,168.19,89337.05,9.23
TDA_1003_2008,TDA_1003,2008-12-31,XOM,XOM common,us_equity,223.6974,196.73,44007.98,4.55
TDA_1003_2008,TDA_1003,2008-12-31,MSFT,MSFT common,us_equity,1218.5174,195.53,238256.71,24.61
TDA_1003_2008,TDA_1003,2008-12-31,JNJ,JNJ common,us_equity,169.4688,125.84,21325.96,2.2
TDA_1003_2008,TDA_1003,2008-12-31,SAP,SAP common,intl_equity,1437.3018,27.24,39152.1,4.04
TDA_1003_2008,TDA_1003,2008-12-31,PG,PG common,us_equity,188.8079,311.28,58772.11,6.07
TDA_1003_2008,TDA_1003,2008-12-31,SNY,SNY common,intl_equity,480.7874,284.47,136769.6,14.13
TDA_1003_2008,TDA_1003,2008-12-31,AAPL,AAPL common,us_equity,314.3885,339.43,106712.88,11.02
TDA_1003_2008,TDA_1003,2008-12-31,NVS,NVS common,intl_equity,2438.8194,78.26,190862.01,19.71
TDA_1003_2008,TDA_1003,2008-12-31,CASH,Cash & sweep,cash,43001.31,1.0,43001.31,4.44
TDA_1003_2009,TDA_1003,2009-12-31,NVS,NVS common,intl_equity,150.5237,121.33,18263.04,1.47
TDA_1003_2009,TDA_1003,2009-12-31,SAP,SAP common,intl_equity,743.422,118.83,88340.84,7.09
TDA_1003_2009,TDA_1003,2009-12-31,JNJ,JNJ common,us_equity,667.1037,215.9,144027.68,11.56
TDA_1003_2009,TDA_1003,2009-12-31,KO,KO common,us_equity,7816.2567,58.19,454827.98,36.51
TDA_1003_2009,TDA_1003,2009-12-31,BP,BP common,intl_equity,106.1313,316.54,33594.79,2.7
TDA_1003_2009,TDA_1003,2009-12-31,SNY,SNY common,intl_equity,2288.2673,86.42,197752.06,15.88
TDA_1003_2009,TDA_1003,2009-12-31,UL,UL common,intl_equity,252.477,188.71,47644.94,3.82
TDA_1003_2009,TDA_1003,2009-12-31,MSFT,MSFT common,us_equity,105.7859,263.89,27915.85,2.24
TDA_1003_2009,TDA_1003,2009-12-31,JPM,JPM common,us_equity,1016.7582,72.45,73664.13,5.91
TDA_1003_2009,TDA_1003,2009-12-31,PG,PG common,us_equity,674.7084,175.49,118404.57,9.51
TDA_1003_2009,TDA_1003,2009-12-31,XOM,XOM common,us_equity,39.6552,234.0,9279.32,0.74
TDA_1003_2009,TDA_1003,2009-12-31,CASH,Cash & sweep,cash,31950.16,1.0,31950.16,2.56
TDA_1003_2010,TDA_1003,2010-12-31,BP,BP common,intl_equity,2815.1056,81.12,228361.37,14.64
TDA_1003_2010,TDA_1003,2010-12-31,SNY,SNY common,intl_equity,969.8032,303.0,293850.37,18.84
TDA_1003_2010,TDA_1003,2010-12-31,NSRGY,NSRGY common,intl_equity,471.4839,283.78,133797.69,8.58
TDA_1003_2010,TDA_1003,2010-12-31,KO,KO common,us_equity,5047.3099,33.88,171002.86,10.96
TDA_1003_2010,TDA_1003,2010-12-31,TM,TM common,intl_equity,1196.2204,368.43,440723.49,28.25
TDA_1003_2010,TDA_1003,2010-12-31,JNJ,JNJ common,us_equity,124.6843,202.08,25196.2,1.62
TDA_1003_2010,TDA_1003,2010-12-31,PG,PG common,us_equity,1196.7162,122.29,146346.42,9.38
TDA_1003_2010,TDA_1003,2010-12-31,BRK.B,BRK.B common,us_equity,2535.0521,31.47,79778.09,5.11
TDA_1003_2010,TDA_1003,2010-12-31,CASH,Cash & sweep,cash,40900.06,1.0,40900.06,2.62
TDA_1003_2011,TDA_1003,2011-12-31,XOM,XOM common,us_equity,1934.3193,212.9,411816.57,26.06
TDA_1003_2011,TDA_1003,2011-12-31,BP,BP common,intl_equity,8373.9316,31.86,266793.46,16.88
TDA_1003_2011,TDA_1003,2011-12-31,JPM,JPM common,us_equity,777.2207,169.57,131793.31,8.34
TDA_1003_2011,TDA_1003,2011-12-31,MSFT,MSFT common,us_equity,1908.3779,128.09,244444.13,15.47
TDA_1003_2011,TDA_1003,2011-12-31,TM,TM common,intl_equity,398.452,260.98,103988.0,6.58
TDA_1003_2011,TDA_1003,2011-12-31,JNJ,JNJ common,us_equity,289.2086,328.48,94999.24,6.01
TDA_1003_2011,TDA_1003,2011-12-31,PG,PG common,us_equity,71.1819,253.49,18043.89,1.14
TDA_1003_2011,TDA_1003,2011-12-31,NSRGY,NSRGY common,intl_equity,60.4282,272.3,16454.6,1.04
TDA_1003_2011,TDA_1003,2011-12-31,NVS,NVS common,intl_equity,856.7894,253.28,217007.61,13.73
TDA_1003_2011,TDA_1003,2011-12-31,CASH,Cash & sweep,cash,74946.71,1.0,74946.71,4.74
TDA_1003_2012,TDA_1003,2012-12-31,NSRGY,NSRGY common,intl_equity,1422.4841,289.81,412250.11,22.75
TDA_1003_2012,TDA_1003,2012-12-31,SAP,SAP common,intl_equity,179.721,325.6,58517.17,3.23
TDA_1003_2012,TDA_1003,2012-12-31,AAPL,AAPL common,us_equity,1330.8421,181.19,241135.28,13.31
TDA_1003_2012,TDA_1003,2012-12-31,MSFT,MSFT common,us_equity,1829.9964,396.24,725117.79,40.01
TDA_1003_2012,TDA_1003,2012-12-31,BRK.B,BRK.B common,us_equity,440.5506,259.92,114507.9,6.32
TDA_1003_2012,TDA_1003,2012-12-31,JNJ,JNJ common,us_equity,373.0514,307.5,114713.31,6.33
TDA_1003_2012,TDA_1003,2012-12-31,XOM,XOM common,us_equity,3046.5408,27.83,84785.23,4.68
TDA_1003_2012,TDA_1003,2012-12-31,CASH,Cash & sweep,cash,61199.61,1.0,61199.61,3.38
TDA_1003_2013,TDA_1003,2013-12-31,PG,PG common,us_equity,417.44,353.32,147489.89,6.0
TDA_1003_2013,TDA_1003,2013-12-31,NSRGY,NSRGY common,intl_equity,2015.9899,344.81,695133.47,28.27
TDA_1003_2013,TDA_1003,2013-12-31,NVS,NVS common,intl_equity,442.7671,388.12,171846.75,6.99
TDA_1003_2013,TDA_1003,2013-12-31,KO,KO common,us_equity,16.4351,356.02,5851.22,0.24
TDA_1003_2013,TDA_1003,2013-12-31,TM,TM common,intl_equity,2713.7911,191.1,518605.48,21.09
TDA_1003_2013,TDA_1003,2013-12-31,SNY,SNY common,intl_equity,5179.1874,73.91,382793.74,15.57
TDA_1003_2013,TDA_1003,2013-12-31,BRK.B,BRK.B common,us_equity,1337.4542,383.2,512512.44,20.84
TDA_1003_2013,TDA_1003,2013-12-31,CASH,Cash & sweep,cash,24797.55,1.0,24797.55,1.01
TDA_1003_2014,TDA_1003,2014-12-31,JNJ,JNJ common,us_equity,831.8656,251.63,209322.34,8.34
TDA_1003_2014,TDA_1003,2014-12-31,PG,PG common,us_equity,282.3402,129.17,36469.89,1.45
TDA_1003_2014,TDA_1003,2014-12-31,NSRGY,NSRGY common,intl_equity,7612.7111,214.92,1636123.88,65.17
TDA_1003_2014,TDA_1003,2014-12-31,SNY,SNY common,intl_equity,1568.0323,194.54,305045.01,12.15
TDA_1003_2014,TDA_1003,2014-12-31,NVS,NVS common,intl_equity,458.1465,234.14,107270.41,4.27
TDA_1003_2014,TDA_1003,2014-12-31,XOM,XOM common,us_equity,345.61,370.12,127917.19,5.1
TDA_1003_2014,TDA_1003,2014-12-31,CASH,Cash & sweep,cash,88455.73,1.0,88455.73,3.52
TDA_1003_2015,TDA_1003,2015-12-31,SNY,SNY common,intl_equity,9833.2388,38.65,380054.68,15.34
TDA_1003_2015,TDA_1003,2015-12-31,NSRGY,NSRGY common,intl_equity,474.5845,275.55,130771.77,5.28
TDA_1003_2015,TDA_1003,2015-12-31,TM,TM common,intl_equity,7062.8204,143.16,1011113.37,40.81
TDA_1003_2015,TDA_1003,2015-12-31,MSFT,MSFT common,us_equity,2229.2706,193.61,431609.08,17.42
TDA_1003_2015,TDA_1003,2015-12-31,KO,KO common,us_equity,970.4714,375.37,364285.86,14.7
TDA_1003_2015,TDA_1003,2015-12-31,UL,UL common,intl_equity,419.267,258.13,108225.38,4.37
TDA_1003_2015,TDA_1003,2015-12-31,CASH,Cash & sweep,cash,51749.04,1.0,51749.04,2.09
TDA_1003_2016,TDA_1003,2016-12-31,PG,PG common,us_equity,11212.0852,39.3,440634.95,16.99
TDA_1003_2016,TDA_1003,2016-12-31,AAPL,AAPL common,us_equity,1227.5797,36.71,45064.45,1.74
TDA_1003_2016,TDA_1003,2016-12-31,UL,UL common,intl_equity,1626.8791,78.06,126994.18,4.9
TDA_1003_2016,TDA_1003,2016-12-31,SAP,SAP common,intl_equity,4623.4681,250.15,1156560.54,44.59
TDA_1003_2016,TDA_1003,2016-12-31,NVS,NVS common,intl_equity,1403.3359,316.91,444731.19,17.15
TDA_1003_2016,TDA_1003,2016-12-31,TM,TM common,intl_equity,1252.6273,202.34,253456.61,9.77
TDA_1003_2016,TDA_1003,2016-12-31,CASH,Cash & sweep,cash,126392.03,1.0,126392.03,4.87
TDA_1003_2017,TDA_1003,2017-12-31,AAPL,AAPL common,us_equity,3315.5546,160.65,532643.84,16.13
TDA_1003_2017,TDA_1003,2017-12-31,JNJ,JNJ common,us_equity,130.0589,216.38,28142.15,0.85
TDA_1003_2017,TDA_1003,2017-12-31,NSRGY,NSRGY common,intl_equity,486.4796,365.67,177891.01,5.39
TDA_1003_2017,TDA_1003,2017-12-31,PG,PG common,us_equity,2163.8196,144.79,313299.44,9.49
TDA_1003_2017,TDA_1003,2017-12-31,MSFT,MSFT common,us_equity,290.2981,52.63,15278.39,0.46
TDA_1003_2017,TDA_1003,2017-12-31,KO,KO common,us_equity,5891.2774,34.54,203484.72,6.16
TDA_1003_2017,TDA_1003,2017-12-31,TM,TM common,intl_equity,3158.2905,355.0,1121193.13,33.96
TDA_1003_2017,TDA_1003,2017-12-31,JPM,JPM common,us_equity,1889.3885,139.22,263040.67,7.97
TDA_1003_2017,TDA_1003,2017-12-31,SNY,SNY common,intl_equity,8266.7537,65.42,540811.03,16.38
TDA_1003_2017,TDA_1003,2017-12-31,CASH,Cash & sweep,cash,105419.93,1.0,105419.93,3.19
TDA_1003_2018,TDA_1003,2018-12-31,TM,TM common,intl_equity,2493.7517,134.54,335509.36,11.73
TDA_1003_2018,TDA_1003,2018-12-31,AAPL,AAPL common,us_equity,6541.6792,137.68,900658.39,31.49
TDA_1003_2018,TDA_1003,2018-12-31,UL,UL common,intl_equity,1446.4974,287.92,416475.52,14.56
TDA_1003_2018,TDA_1003,2018-12-31,MSFT,MSFT common,us_equity,6376.2146,48.89,311733.13,10.9
TDA_1003_2018,TDA_1003,2018-12-31,NSRGY,NSRGY common,intl_equity,3085.3148,62.23,191999.14,6.71
TDA_1003_2018,TDA_1003,2018-12-31,PG,PG common,us_equity,1419.1704,269.4,382324.5,13.37
TDA_1003_2018,TDA_1003,2018-12-31,XOM,XOM common,us_equity,23.1676,275.66,6386.39,0.22
TDA_1003_2018,TDA_1003,2018-12-31,BP,BP common,intl_equity,312.9158,289.97,90736.2,3.17
TDA_1003_2018,TDA_1003,2018-12-31,KO,KO common,us_equity,462.7508,293.65,135886.77,4.75
TDA_1003_2018,TDA_1003,2018-12-31,CASH,Cash & sweep,cash,88685.08,1.0,88685.08,3.1
TDA_1003_2019,TDA_1003,2019-12-31,NVS,NVS common,intl_equity,6787.2139,187.18,1270430.69,33.41
TDA_1003_2019,TDA_1003,2019-12-31,AAPL,AAPL common,us_equity,753.7431,350.32,264051.28,6.94
TDA_1003_2019,TDA_1003,2019-12-31,TM,TM common,intl_equity,3293.2712,283.13,932423.88,24.52
TDA_1003_2019,TDA_1003,2019-12-31,UL,UL common,intl_equity,1712.5122,392.62,672366.54,17.68
TDA_1003_2019,TDA_1003,2019-12-31,BRK.B,BRK.B common,us_equity,1180.8929,272.47,321757.89,8.46
TDA_1003_2019,TDA_1003,2019-12-31,JNJ,JNJ common,us_equity,656.2512,361.96,237536.67,6.25
TDA_1003_2019,TDA_1003,2019-12-31,CASH,Cash & sweep,cash,103613.23,1.0,103613.23,2.73
TDA_1003_2020,TDA_1003,2020-12-31,JPM,JPM common,us_equity,2084.1908,113.61,236784.92,4.94
TDA_1003_2020,TDA_1003,2020-12-31,SNY,SNY common,intl_equity,463.3436,282.07,130695.33,2.73
TDA_1003_2020,TDA_1003,2020-12-31,KO,KO common,us_equity,53114.5691,26.83,1425063.89,29.75
TDA_1003_2020,TDA_1003,2020-12-31,NVS,NVS common,intl_equity,1608.1577,348.63,560652.01,11.7
TDA_1003_2020,TDA_1003,2020-12-31,SAP,SAP common,intl_equity,126.3571,235.76,29789.94,0.62
TDA_1003_2020,TDA_1003,2020-12-31,XOM,XOM common,us_equity,193.5813,109.53,21202.96,0.44
TDA_1003_2020,TDA_1003,2020-12-31,BRK.B,BRK.B common,us_equity,46.7573,99.17,4636.92,0.1
TDA_1003_2020,TDA_1003,2020-12-31,TM,TM common,intl_equity,1609.2217,268.8,432558.79,9.03
TDA_1003_2020,TDA_1003,2020-12-31,AAPL,AAPL common,us_equity,343.3243,259.15,88972.5,1.86
TDA_1003_2020,TDA_1003,2020-12-31,PG,PG common,us_equity,6805.847,140.88,958807.72,20.01
TDA_1003_2020,TDA_1003,2020-12-31,UL,UL common,intl_equity,2402.8339,146.93,353048.38,7.37
TDA_1003_2020,TDA_1003,2020-12-31,BP,BP common,intl_equity,2344.1428,196.11,459709.85,9.6
TDA_1003_2020,TDA_1003,2020-12-31,CASH,Cash & sweep,cash,88819.22,1.0,88819.22,1.85
TDA_1003_2021,TDA_1003,2021-12-31,NSRGY,NSRGY common,intl_equity,222.831,347.93,77529.6,1.31
TDA_1003_2021,TDA_1003,2021-12-31,SAP,SAP common,intl_equity,726.1419,203.43,147719.04,2.5
TDA_1003_2021,TDA_1003,2021-12-31,SNY,SNY common,intl_equity,33914.1491,41.66,1412863.45,23.89
TDA_1003_2021,TDA_1003,2021-12-31,PG,PG common,us_equity,22861.4984,45.83,1047742.47,17.72
TDA_1003_2021,TDA_1003,2021-12-31,TM,TM common,intl_equity,1199.1229,106.77,128030.35,2.17
TDA_1003_2021,TDA_1003,2021-12-31,UL,UL common,intl_equity,5647.6389,251.74,1421736.62,24.04
TDA_1003_2021,TDA_1003,2021-12-31,BP,BP common,intl_equity,3325.8553,329.77,1096767.29,18.55
TDA_1003_2021,TDA_1003,2021-12-31,NVS,NVS common,intl_equity,5468.0524,57.64,315178.54,5.33
TDA_1003_2021,TDA_1003,2021-12-31,CASH,Cash & sweep,cash,265664.59,1.0,265664.59,4.49
TDA_1003_2022,TDA_1003,2022-12-31,XOM,XOM common,us_equity,1389.503,230.55,320349.91,7.43
TDA_1003_2022,TDA_1003,2022-12-31,NSRGY,NSRGY common,intl_equity,2380.721,189.46,451051.41,10.47
TDA_1003_2022,TDA_1003,2022-12-31,PG,PG common,us_equity,712.4918,290.92,207278.12,4.81
TDA_1003_2022,TDA_1003,2022-12-31,UL,UL common,intl_equity,5457.5963,263.18,1436330.19,33.33
TDA_1003_2022,TDA_1003,2022-12-31,SNY,SNY common,intl_equity,822.0238,382.06,314062.42,7.29
TDA_1003_2022,TDA_1003,2022-12-31,BRK.B,BRK.B common,us_equity,5684.3847,149.06,847314.39,19.66
TDA_1003_2022,TDA_1003,2022-12-31,MSFT,MSFT common,us_equity,978.6586,355.35,347766.34,8.07
TDA_1003_2022,TDA_1003,2022-12-31,BP,BP common,intl_equity,1067.5295,166.21,177434.08,4.12
TDA_1003_2022,TDA_1003,2022-12-31,CASH,Cash & sweep,cash,207759.67,1.0,207759.67,4.82
TDA_1003_2023,TDA_1003,2023-12-31,BRK.B,BRK.B common,us_equity,471.9084,392.21,185087.18,3.51
TDA_1003_2023,TDA_1003,2023-12-31,SNY,SNY common,intl_equity,1384.3189,346.69,479929.51,9.1
TDA_1003_2023,TDA_1003,2023-12-31,BP,BP common,intl_equity,7574.6704,59.8,452965.29,8.59
TDA_1003_2023,TDA_1003,2023-12-31,PG,PG common,us_equity,4381.2544,191.64,839623.6,15.92
TDA_1003_2023,TDA_1003,2023-12-31,NVS,NVS common,intl_equity,1137.1372,317.0,360472.49,6.84
TDA_1003_2023,TDA_1003,2023-12-31,MSFT,MSFT common,us_equity,734.6165,131.85,96859.18,1.84
TDA_1003_2023,TDA_1003,2023-12-31,UL,UL common,intl_equity,4454.3911,250.55,1116047.69,21.16
TDA_1003_2023,TDA_1003,2023-12-31,JPM,JPM common,us_equity,39281.3272,40.99,1610141.6,30.53
TDA_1003_2023,TDA_1003,2023-12-31,CASH,Cash & sweep,cash,132783.22,1.0,132783.22,2.52
TDA_1003_2024,TDA_1003,2024-12-31,NSRGY,NSRGY common,intl_equity,2053.3021,328.27,674037.48,10.48
TDA_1003_2024,TDA_1003,2024-12-31,TM,TM common,intl_equity,27702.3596,41.83,1158789.7,18.01
TDA_1003_2024,TDA_1003,2024-12-31,BP,BP common,intl_equity,3273.3698,348.05,1139296.37,17.71
TDA_1003_2024,TDA_1003,2024-12-31,SNY,SNY common,intl_equity,405.9253,284.46,115469.51,1.8
TDA_1003_2024,TDA_1003,2024-12-31,KO,KO common,us_equity,419.6813,102.45,42996.35,0.67
TDA_1003_2024,TDA_1003,2024-12-31,PG,PG common,us_equity,1503.1109,368.02,553174.89,8.6
TDA_1003_2024,TDA_1003,2024-12-31,UL,UL common,intl_equity,5944.8145,131.36,780910.83,12.14
TDA_1003_2024,TDA_1003,2024-12-31,BRK.B,BRK.B common,us_equity,822.6586,319.62,262938.14,4.09
TDA_1003_2024,TDA_1003,2024-12-31,XOM,XOM common,us_equity,4776.2261,48.48,231551.44,3.6
TDA_1003_2024,TDA_1003,2024-12-31,AAPL,AAPL common,us_equity,3480.2034,193.3,672723.31,10.46
TDA_1003_2024,TDA_1003,2024-12-31,JNJ,JNJ common,us_equity,2870.188,212.19,609025.2,9.47
TDA_1003_2024,TDA_1003,2024-12-31,CASH,Cash & sweep,cash,191581.61,1.0,191581.61,2.98
TDA_1003_2025,TDA_1003,2025-12-31,PG,PG common,us_equity,2247.1081,243.85,547957.31,6.67
TDA_1003_2025,TDA_1003,2025-12-31,BRK.B,BRK.B common,us_equity,377.0433,241.1,90905.15,1.11
TDA_1003_2025,TDA_1003,2025-12-31,BP,BP common,intl_equity,561.5111,248.47,139518.66,1.7
TDA_1003_2025,TDA_1003,2025-12-31,UL,UL common,intl_equity,1979.4218,196.69,389332.47,4.74
TDA_1003_2025,TDA_1003,2025-12-31,NVS,NVS common,intl_equity,3984.8789,157.04,625785.38,7.62
TDA_1003_2025,TDA_1003,2025-12-31,JPM,JPM common,us_equity,9530.46,110.7,1055021.92,12.85
TDA_1003_2025,TDA_1003,2025-12-31,XOM,XOM common,us_equity,7532.8753,44.82,337623.47,4.11
TDA_1003_2025,TDA_1003,2025-12-31,TM,TM common,intl_equity,4235.5644,160.27,678833.9,8.27
TDA_1003_2025,TDA_1003,2025-12-31,MSFT,MSFT common,us_equity,4943.0382,312.56,1544996.02,18.82
TDA_1003_2025,TDA_1003,2025-12-31,SNY,SNY common,intl_equity,8427.1103,230.02,1938403.91,23.61
TDA_1003_2025,TDA_1003,2025-12-31,AAPL,AAPL common,us_equity,8914.9422,82.32,733878.04,8.94
TDA_1003_2025,TDA_1003,2025-12-31,CASH,Cash & sweep,cash,129139.91,1.0,129139.91,1.57
SCHW_1004_2001,SCHW_1004,2001-12-31,XOM,XOM common,us_equity,155.4193,359.29,55840.59,24.76
SCHW_1004_2001,SCHW_1004,2001-12-31,JNJ,JNJ common,us_equity,153.9079,23.13,3559.89,1.58
SCHW_1004_2001,SCHW_1004,2001-12-31,NVS,NVS common,intl_equity,79.0212,201.23,15901.44,7.05
SCHW_1004_2001,SCHW_1004,2001-12-31,JPM,JPM common,us_equity,112.7856,66.2,7466.41,3.31
SCHW_1004_2001,SCHW_1004,2001-12-31,MSFT,MSFT common,us_equity,92.4215,221.18,20441.78,9.06
SCHW_1004_2001,SCHW_1004,2001-12-31,KO,KO common,us_equity,500.4619,53.89,26969.89,11.96
SCHW_1004_2001,SCHW_1004,2001-12-31,BRK.B,BRK.B common,us_equity,7.1915,357.08,2567.95,1.14
SCHW_1004_2001,SCHW_1004,2001-12-31,BP,BP common,intl_equity,225.2017,89.78,20218.61,8.97
SCHW_1004_2001,SCHW_1004,2001-12-31,PG,PG common,us_equity,19.9505,273.91,5464.65,2.42
SCHW_1004_2001,SCHW_1004,2001-12-31,TM,TM common,intl_equity,176.7373,268.36,47429.23,21.03
SCHW_1004_2001,SCHW_1004,2001-12-31,AAPL,AAPL common,us_equity,6.594,141.91,935.76,0.41
SCHW_1004_2001,SCHW_1004,2001-12-31,SAP,SAP common,intl_equity,96.6243,101.5,9807.37,4.35
SCHW_1004_2001,SCHW_1004,2001-12-31,CASH,Cash & sweep,cash,8909.66,1.0,8909.66,3.95
SCHW_1004_2002,SCHW_1004,2002-12-31,UL,UL common,intl_equity,62.4921,96.85,6052.36,3.19
SCHW_1004_2002,SCHW_1004,2002-12-31,KO,KO common,us_equity,56.8915,329.36,18737.78,9.87
SCHW_1004_2002,SCHW_1004,2002-12-31,JPM,JPM common,us_equity,2.075,293.14,608.26,0.32
SCHW_1004_2002,SCHW_1004,2002-12-31,BRK.B,BRK.B common,us_equity,59.341,361.74,21466.02,11.31
SCHW_1004_2002,SCHW_1004,2002-12-31,TM,TM common,intl_equity,40.8609,371.33,15172.89,7.99
SCHW_1004_2002,SCHW_1004,2002-12-31,PG,PG common,us_equity,514.0863,109.95,56523.79,29.78
SCHW_1004_2002,SCHW_1004,2002-12-31,JNJ,JNJ common,us_equity,172.8481,370.29,64003.94,33.72
SCHW_1004_2002,SCHW_1004,2002-12-31,CASH,Cash & sweep,cash,7249.25,1.0,7249.25,3.82
SCHW_1004_2003,SCHW_1004,2003-12-31,KO,KO common,us_equity,2604.428,53.55,139467.12,35.37
SCHW_1004_2003,SCHW_1004,2003-12-31,MSFT,MSFT common,us_equity,158.4811,190.0,30111.41,7.64
SCHW_1004_2003,SCHW_1004,2003-12-31,JNJ,JNJ common,us_equity,244.6869,207.85,50858.18,12.9
SCHW_1004_2003,SCHW_1004,2003-12-31,NSRGY,NSRGY common,intl_equity,207.4919,318.05,65992.8,16.74
SCHW_1004_2003,SCHW_1004,2003-12-31,BRK.B,BRK.B common,us_equity,286.269,61.44,17588.37,4.46
SCHW_1004_2003,SCHW_1004,2003-12-31,PG,PG common,us_equity,118.1104,170.81,20174.44,5.12
SCHW_1004_2003,SCHW_1004,2003-12-31,XOM,XOM common,us_equity,108.3216,316.61,34295.71,8.7
SCHW_1004_2003,SCHW_1004,2003-12-31,SAP,SAP common,intl_equity,173.0823,148.54,25709.64,6.52
SCHW_1004_2003,SCHW_1004,2003-12-31,CASH,Cash & sweep,cash,10093.0,1.0,10093.0,2.56
SCHW_1004_2004,SCHW_1004,2004-12-31,NVS,NVS common,intl_equity,436.1294,282.76,123319.95,24.49
SCHW_1004_2004,SCHW_1004,2004-12-31,UL,UL common,intl_equity,183.5189,389.43,71467.77,14.19
SCHW_1004_2004,SCHW_1004,2004-12-31,XOM,XOM common,us_equity,286.3512,72.0,20617.29,4.09
SCHW_1004_2004,SCHW_1004,2004-12-31,BRK.B,BRK.B common,us_equity,228.7045,366.01,83708.13,16.63
SCHW_1004_2004,SCHW_1004,2004-12-31,AAPL,AAPL common,us_equity,66.3336,322.93,21421.12,4.25
SCHW_1004_2004,SCHW_1004,2004-12-31,KO,KO common,us_equity,290.3287,116.17,33727.48,6.7
SCHW_1004_2004,SCHW_1004,2004-12-31,JPM,JPM common,us_equity,138.1535,202.13,27924.96,5.55
SCHW_1004_2004,SCHW_1004,2004-12-31,NSRGY,NSRGY common,intl_equity,26.2297,259.45,6805.29,1.35
SCHW_1004_2004,SCHW_1004,2004-12-31,SAP,SAP common,intl_equity,697.9433,139.68,97488.72,19.36
SCHW_1004_2004,SCHW_1004,2004-12-31,CASH,Cash & sweep,cash,17012.57,1.0,17012.57,3.38
SCHW_1004_2005,SCHW_1004,2005-12-31,PG,PG common,us_equity,2970.6678,27.66,82168.67,13.71
SCHW_1004_2005,SCHW_1004,2005-12-31,KO,KO common,us_equity,1876.3132,90.3,169431.08,28.27
SCHW_1004_2005,SCHW_1004,2005-12-31,NSRGY,NSRGY common,intl_equity,303.5069,374.51,113666.37,18.97
SCHW_1004_2005,SCHW_1004,2005-12-31,MSFT,MSFT common,us_equity,3100.5857,22.3,69143.06,11.54
SCHW_1004_2005,SCHW_1004,2005-12-31,SAP,SAP common,intl_equity,1236.9204,40.47,50058.17,8.35
SCHW_1004_2005,SCHW_1004,2005-12-31,JPM,JPM common,us_equity,1477.1736,57.37,84745.45,14.14
SCHW_1004_2005,SCHW_1004,2005-12-31,BRK.B,BRK.B common,us_equity,16.6205,358.9,5965.1,1.0
SCHW_1004_2005,SCHW_1004,2005-12-31,CASH,Cash & sweep,cash,24146.02,1.0,24146.02,4.03
SCHW_1004_2006,SCHW_1004,2006-12-31,BRK.B,BRK.B common,us_equity,1641.6114,33.2,54501.5,5.64
SCHW_1004_2006,SCHW_1004,2006-12-31,NSRGY,NSRGY common,intl_equity,806.4451,105.32,84934.8,8.78
SCHW_1004_2006,SCHW_1004,2006-12-31,NVS,NVS common,intl_equity,146.3167,367.64,53791.87,5.56
SCHW_1004_2006,SCHW_1004,2006-12-31,AAPL,AAPL common,us_equity,164.024,213.31,34987.96,3.62
SCHW_1004_2006,SCHW_1004,2006-12-31,SNY,SNY common,intl_equity,2325.0077,84.68,196881.65,20.36
SCHW_1004_2006,SCHW_1004,2006-12-31,PG,PG common,us_equity,585.9093,236.63,138643.71,14.34
SCHW_1004_2006,SCHW_1004,2006-12-31,BP,BP common,intl_equity,335.3915,297.49,99775.61,10.32
SCHW_1004_2006,SCHW_1004,2006-12-31,XOM,XOM common,us_equity,1094.9038,249.3,272959.51,28.23
SCHW_1004_2006,SCHW_1004,2006-12-31,CASH,Cash & sweep,cash,30496.03,1.0,30496.03,3.15
SCHW_1004_2007,SCHW_1004,2007-12-31,AAPL,AAPL common,us_equity,447.8068,112.54,50396.18,4.53
SCHW_1004_2007,SCHW_1004,2007-12-31,XOM,XOM common,us_equity,1373.8179,117.82,161863.22,14.54
SCHW_1004_2007,SCHW_1004,2007-12-31,SAP,SAP common,intl_equity,581.828,352.47,205076.93,18.42
SCHW_1004_2007,SCHW_1004,2007-12-31,BP,BP common,intl_equity,390.5246,97.42,38044.91,3.42
SCHW_1004_2007,SCHW_1004,2007-12-31,NVS,NVS common,intl_equity,1207.9877,166.7,201371.55,18.09
SCHW_1004_2007,SCHW_1004,2007-12-31,MSFT,MSFT common,us_equity,1340.5691,302.99,406179.04,36.49
SCHW_1004_2007,SCHW_1004,2007-12-31,CASH,Cash & sweep,cash,50153.6,1.0,50153.6,4.51
SCHW_1004_2008,SCHW_1004,2008-12-31,NSRGY,NSRGY common,intl_equity,1804.9853,122.6,221291.2,34.45
SCHW_1004_2008,SCHW_1004,2008-12-31,UL,UL common,intl_equity,605.7253,90.6,54878.71,8.54
SCHW_1004_2008,SCHW_1004,2008-12-31,AAPL,AAPL common,us_equity,67.7394,375.78,25455.12,3.96
SCHW_1004_2008,SCHW_1004,2008-12-31,TM,TM common,intl_equity,316.5671,161.87,51242.72,7.98
SCHW_1004_2008,SCHW_1004,2008-12-31,MSFT,MSFT common,us_equity,428.464,72.78,31183.61,4.86
SCHW_1004_2008,SCHW_1004,2008-12-31,KO,KO common,us_equity,38.2756,273.25,10458.82,1.63
SCHW_1004_2008,SCHW_1004,2008-12-31,SNY,SNY common,intl_equity,56.6564,389.7,22079.0,3.44
SCHW_1004_2008,SCHW_1004,2008-12-31,NVS,NVS common,intl_equity,38.005,321.88,12233.05,1.9
SCHW_1004_2008,SCHW_1004,2008-12-31,JNJ,JNJ common,us_equity,499.2084,266.32,132949.17,20.7
SCHW_1004_2008,SCHW_1004,2008-12-31,XOM,XOM common,us_equity,33.6818,163.7,5513.71,0.86
SCHW_1004_2008,SCHW_1004,2008-12-31,BRK.B,BRK.B common,us_equity,190.365,173.25,32980.74,5.13
SCHW_1004_2008,SCHW_1004,2008-12-31,BP,BP common,intl_equity,222.6586,134.81,30016.6,4.67
SCHW_1004_2008,SCHW_1004,2008-12-31,CASH,Cash & sweep,cash,11999.49,1.0,11999.49,1.87
SCHW_1004_2009,SCHW_1004,2009-12-31,JPM,JPM common,us_equity,548.4545,354.19,194257.09,20.97
SCHW_1004_2009,SCHW_1004,2009-12-31,JNJ,JNJ common,us_equity,1755.2571,82.68,145124.66,15.67
SCHW_1004_2009,SCHW_1004,2009-12-31,BRK.B,BRK.B common,us_equity,457.3893,312.11,142755.76,15.41
SCHW_1004_2009,SCHW_1004,2009-12-31,UL,UL common,intl_equity,69.8065,332.99,23244.85,2.51
SCHW_1004_2009,SCHW_1004,2009-12-31,XOM,XOM common,us_equity,4877.6685,35.96,175400.96,18.94
SCHW_1004_2009,SCHW_1004,2009-12-31,TM,TM common,intl_equity,14.3235,235.12,3367.73,0.36
SCHW_1004_2009,SCHW_1004,2009-12-31,SAP,SAP common,intl_equity,1126.4761,179.64,202360.17,21.85
SCHW_1004_2009,SCHW_1004,2009-12-31,CASH,Cash & sweep,cash,39745.26,1.0,39745.26,4.29
SCHW_1004_2010,SCHW_1004,2010-12-31,AAPL,AAPL common,us_equity,0.758,201.27,152.56,0.01
SCHW_1004_2010,SCHW_1004,2010-12-31,PG,PG common,us_equity,2277.2028,47.04,107119.62,8.64
SCHW_1004_2010,SCHW_1004,2010-12-31,JPM,JPM common,us_equity,845.1699,24.6,20791.18,1.68
SCHW_1004_2010,SCHW_1004,2010-12-31,TM,TM common,intl_equity,213.7302,263.3,56275.17,4.54
SCHW_1004_2010,SCHW_1004,2010-12-31,MSFT,MSFT common,us_equity,492.2429,181.93,89553.75,7.22
SCHW_1004_2010,SCHW_1004,2010-12-31,UL,UL common,intl_equity,844.3516,187.38,158214.61,12.76
SCHW_1004_2010,SCHW_1004,2010-12-31,NVS,NVS common,intl_equity,1404.8925,143.88,202135.93,16.31
SCHW_1004_2010,SCHW_1004,2010-12-31,KO,KO common,us_equity,577.5938,87.75,50683.86,4.09
SCHW_1004_2010,SCHW_1004,2010-12-31,BRK.B,BRK.B common,us_equity,962.2698,200.0,192453.96,15.53
SCHW_1004_2010,SCHW_1004,2010-12-31,JNJ,JNJ common,us_equity,2312.659,116.82,270164.82,21.8
SCHW_1004_2010,SCHW_1004,2010-12-31,SNY,SNY common,intl_equity,130.9144,359.25,47031.0,3.79
SCHW_1004_2010,SCHW_1004,2010-12-31,CASH,Cash & sweep,cash,44971.45,1.0,44971.45,3.63
SCHW_1004_2011,SCHW_1004,2011-12-31,SNY,SNY common,intl_equity,979.2216,132.34,129590.18,9.27
SCHW_1004_2011,SCHW_1004,2011-12-31,NVS,NVS common,intl_equity,166.9845,332.01,55440.53,3.97
SCHW_1004_2011,SCHW_1004,2011-12-31,TM,TM common,intl_equity,87.2929,244.43,21337.0,1.53
SCHW_1004_2011,SCHW_1004,2011-12-31,UL,UL common,intl_equity,626.7165,136.56,85584.4,6.12
SCHW_1004_2011,SCHW_1004,2011-12-31,BP,BP common,intl_equity,232.6992,326.92,76074.01,5.44
SCHW_1004_2011,SCHW_1004,2011-12-31,JPM,JPM common,us_equity,1.766,250.88,443.06,0.03
SCHW_1004_2011,SCHW_1004,2011-12-31,XOM,XOM common,us_equity,4780.1497,70.15,335327.5,23.98
SCHW_1004_2011,SCHW_1004,2011-12-31,BRK.B,BRK.B common,us_equity,1523.3089,177.32,270113.14,19.32
SCHW_1004_2011,SCHW_1004,2011-12-31,MSFT,MSFT common,us_equity,254.177,206.1,52385.87,3.75
SCHW_1004_2011,SCHW_1004,2011-12-31,AAPL,AAPL common,us_equity,219.6413,379.0,83244.06,5.95
SCHW_1004_2011,SCHW_1004,2011-12-31,SAP,SAP common,intl_equity,1799.4293,141.85,255249.04,18.26
SCHW_1004_2011,SCHW_1004,2011-12-31,CASH,Cash & sweep,cash,33342.85,1.0,33342.85,2.38
SCHW_1004_2012,SCHW_1004,2012-12-31,SAP,SAP common,intl_equity,879.6824,340.66,299672.59,18.69
SCHW_1004_2012,SCHW_1004,2012-12-31,NVS,NVS common,intl_equity,4621.155,56.53,261233.89,16.29
SCHW_1004_2012,SCHW_1004,2012-12-31,PG,PG common,us_equity,332.2778,301.56,100201.7,6.25
SCHW_1004_2012,SCHW_1004,2012-12-31,KO,KO common,us_equity,1474.7657,146.86,216584.09,13.51
SCHW_1004_2012,SCHW_1004,2012-12-31,MSFT,MSFT common,us_equity,1371.6771,296.78,407086.32,25.39
SCHW_1004_2012,SCHW_1004,2012-12-31,XOM,XOM common,us_equity,947.8266,312.96,296631.8,18.5
SCHW_1004_2012,SCHW_1004,2012-12-31,CASH,Cash & sweep,cash,22220.19,1.0,22220.19,1.39
SCHW_1004_2013,SCHW_1004,2013-12-31,BP,BP common,intl_equity,1906.2755,146.4,279078.74,12.01
SCHW_1004_2013,SCHW_1004,2013-12-31,XOM,XOM common,us_equity,691.9217,267.58,185144.42,7.97
SCHW_1004_2013,SCHW_1004,2013-12-31,SAP,SAP common,intl_equity,95.8446,278.0,26644.79,1.15
SCHW_1004_2013,SCHW_1004,2013-12-31,AAPL,AAPL common,us_equity,660.8894,365.35,241455.94,10.39
SCHW_1004_2013,SCHW_1004,2013-12-31,NSRGY,NSRGY common,intl_equity,220.8692,351.5,77635.51,3.34
SCHW_1004_2013,SCHW_1004,2013-12-31,SNY,SNY common,intl_equity,2999.8138,186.37,559075.3,24.06
SCHW_1004_2013,SCHW_1004,2013-12-31,MSFT,MSFT common,us_equity,872.4673,281.83,245887.45,10.58
SCHW_1004_2013,SCHW_1004,2013-12-31,TM,TM common,intl_equity,7050.6276,89.31,629691.55,27.1
SCHW_1004_2013,SCHW_1004,2013-12-31,CASH,Cash & sweep,cash,78968.53,1.0,78968.53,3.4
SCHW_1004_2014,SCHW_1004,2014-12-31,TM,TM common,intl_equity,1897.4382,162.5,308333.71,13.27
SCHW_1004_2014,SCHW_1004,2014-12-31,JPM,JPM common,us_equity,475.063,216.52,102860.64,4.43
SCHW_1004_2014,SCHW_1004,2014-12-31,KO,KO common,us_equity,4000.7356,214.95,859958.11,37.02
SCHW_1004_2014,SCHW_1004,2014-12-31,NSRGY,NSRGY common,intl_equity,2316.3647,55.94,129577.44,5.58
SCHW_1004_2014,SCHW_1004,2014-12-31,MSFT,MSFT common,us_equity,22238.4631,20.34,452330.34,19.47
SCHW_1004_2014,SCHW_1004,2014-12-31,BRK.B,BRK.B common,us_equity,60.5501,219.0,13260.47,0.57
SCHW_1004_2014,SCHW_1004,2014-12-31,XOM,XOM common,us_equity,97.6526,211.63,20666.21,0.89
SCHW_1004_2014,SCHW_1004,2014-12-31,NVS,NVS common,intl_equity,195.7755,348.17,68163.16,2.93
SCHW_1004_2014,SCHW_1004,2014-12-31,PG,PG common,us_equity,927.2221,89.04,82559.86,3.55
SCHW_1004_2014,SCHW_1004,2014-12-31,SAP,SAP common,intl_equity,493.9305,343.97,169897.29,7.31
SCHW_1004_2014,SCHW_1004,2014-12-31,CASH,Cash & sweep,cash,115198.48,1.0,115198.48,4.96
SCHW_1004_2015,SCHW_1004,2015-12-31,KO,KO common,us_equity,167.2911,366.73,61350.68,2.71
SCHW_1004_2015,SCHW_1004,2015-12-31,JNJ,JNJ common,us_equity,728.6199,179.68,130918.43,5.77
SCHW_1004_2015,SCHW_1004,2015-12-31,NSRGY,NSRGY common,intl_equity,1193.6435,205.4,245174.37,10.81
SCHW_1004_2015,SCHW_1004,2015-12-31,BRK.B,BRK.B common,us_equity,1394.6431,285.41,398045.1,17.55
SCHW_1004_2015,SCHW_1004,2015-12-31,BP,BP common,intl_equity,2286.9138,281.59,643972.06,28.4
SCHW_1004_2015,SCHW_1004,2015-12-31,AAPL,AAPL common,us_equity,8.3337,283.5,2362.6,0.1
SCHW_1004_2015,SCHW_1004,2015-12-31,TM,TM common,intl_equity,190.4638,256.97,48943.48,2.16
SCHW_1004_2015,SCHW_1004,2015-12-31,XOM,XOM common,us_equity,1274.6225,213.28,271851.49,11.99
SCHW_1004_2015,SCHW_1004,2015-12-31,PG,PG common,us_equity,753.3107,311.47,234633.67,10.35
SCHW_1004_2015,SCHW_1004,2015-12-31,SAP,SAP common,intl_equity,396.8108,170.4,67616.56,2.98
SCHW_1004_2015,SCHW_1004,2015-12-31,NVS,NVS common,intl_equity,927.9451,119.7,111075.03,4.9
SCHW_1004_2015,SCHW_1004,2015-12-31,UL,UL common,intl_equity,63.487,365.45,23201.33,1.02
SCHW_1004_2015,SCHW_1004,2015-12-31,CASH,Cash & sweep,cash,28667.96,1.0,28667.96,1.26
SCHW_1004_2016,SCHW_1004,2016-12-31,AAPL,AAPL common,us_equity,189.6544,231.67,43937.24,1.78
SCHW_1004_2016,SCHW_1004,2016-12-31,SNY,SNY common,intl_equity,1447.9947,245.19,355033.83,14.41
SCHW_1004_2016,SCHW_1004,2016-12-31,JPM,JPM common,us_equity,1836.7264,114.82,210892.93,8.56
SCHW_1004_2016,SCHW_1004,2016-12-31,MSFT,MSFT common,us_equity,938.9793,315.15,295919.34,12.01
SCHW_1004_2016,SCHW_1004,2016-12-31,SAP,SAP common,intl_equity,1315.3924,101.38,133354.48,5.41
SCHW_1004_2016,SCHW_1004,2016-12-31,XOM,XOM common,us_equity,37.3053,72.16,2691.95,0.11
SCHW_1004_2016,SCHW_1004,2016-12-31,TM,TM common,intl_equity,341.7929,247.0,84422.84,3.43
SCHW_1004_2016,SCHW_1004,2016-12-31,UL,UL common,intl_equity,653.3927,336.28,219722.89,8.92
SCHW_1004_2016,SCHW_1004,2016-12-31,PG,PG common,us_equity,431.2794,131.37,56657.17,2.3
SCHW_1004_2016,SCHW_1004,2016-12-31,NSRGY,NSRGY common,intl_equity,7414.7148,134.8,999503.55,40.57
SCHW_1004_2016,SCHW_1004,2016-12-31,CASH,Cash & sweep,cash,61694.81,1.0,61694.81,2.5
SCHW_1004_2017,SCHW_1004,2017-12-31,SNY,SNY common,intl_equity,395.6869,342.41,135487.14,4.27
SCHW_1004_2017,SCHW_1004,2017-12-31,KO,KO common,us_equity,374.6515,94.95,35573.16,1.12
SCHW_1004_2017,SCHW_1004,2017-12-31,SAP,SAP common,intl_equity,702.0781,388.4,272687.15,8.59
SCHW_1004_2017,SCHW_1004,2017-12-31,AAPL,AAPL common,us_equity,1723.9298,58.54,100918.85,3.18
SCHW_1004_2017,SCHW_1004,2017-12-31,PG,PG common,us_equity,416.7537,269.93,112494.32,3.54
SCHW_1004_2017,SCHW_1004,2017-12-31,NVS,NVS common,intl_equity,2673.3675,110.83,296289.32,9.33
SCHW_1004_2017,SCHW_1004,2017-12-31,MSFT,MSFT common,us_equity,3609.4542,101.7,367081.49,11.56
SCHW_1004_2017,SCHW_1004,2017-12-31,BRK.B,BRK.B common,us_equity,17432.2124,72.16,1257908.45,39.61
SCHW_1004_2017,SCHW_1004,2017-12-31,NSRGY,NSRGY common,intl_equity,311.8876,378.0,117893.53,3.71
SCHW_1004_2017,SCHW_1004,2017-12-31,XOM,XOM common,us_equity,5372.6629,68.74,369316.85,11.63
SCHW_1004_2017,SCHW_1004,2017-12-31,CASH,Cash & sweep,cash,110352.58,1.0,110352.58,3.47
SCHW_1004_2018,SCHW_1004,2018-12-31,UL,UL common,intl_equity,842.5318,245.46,206807.85,7.54
SCHW_1004_2018,SCHW_1004,2018-12-31,SNY,SNY common,intl_equity,5406.8796,123.29,666614.18,24.29
SCHW_1004_2018,SCHW_1004,2018-12-31,JNJ,JNJ common,us_equity,5552.2966,25.05,139085.03,5.07
SCHW_1004_2018,SCHW_1004,2018-12-31,PG,PG common,us_equity,1402.1779,376.83,528382.69,19.26
SCHW_1004_2018,SCHW_1004,2018-12-31,MSFT,MSFT common,us_equity,196.2164,67.46,13236.76,0.48
SCHW_1004_2018,SCHW_1004,2018-12-31,SAP,SAP common,intl_equity,7473.0134,144.54,1080149.36,39.36
SCHW_1004_2018,SCHW_1004,2018-12-31,CASH,Cash & sweep,cash,109799.96,1.0,109799.96,4.0
SCHW_1004_2019,SCHW_1004,2019-12-31,BRK.B,BRK.B common,us_equity,548.6223,319.72,175405.53,4.74
SCHW_1004_2019,SCHW_1004,2019-12-31,MSFT,MSFT common,us_equity,9346.7184,138.88,1298072.25,35.07
SCHW_1004_2019,SCHW_1004,2019-12-31,XOM,XOM common,us_equity,855.6068,106.42,91053.68,2.46
SCHW_1004_2019,SCHW_1004,2019-12-31,JNJ,JNJ common,us_equity,4264.0459,49.66,211752.52,5.72
SCHW_1004_2019,SCHW_1004,2019-12-31,UL,UL common,intl_equity,545.0289,253.24,138023.13,3.73
SCHW_1004_2019,SCHW_1004,2019-12-31,BP,BP common,intl_equity,1153.0933,376.04,433609.2,11.71
SCHW_1004_2019,SCHW_1004,2019-12-31,KO,KO common,us_equity,270.6275,354.88,96040.29,2.59
SCHW_1004_2019,SCHW_1004,2019-12-31,JPM,JPM common,us_equity,1883.0373,243.74,458971.52,12.4
SCHW_1004_2019,SCHW_1004,2019-12-31,PG,PG common,us_equity,3231.1359,186.67,603156.14,16.29
SCHW_1004_2019,SCHW_1004,2019-12-31,NSRGY,NSRGY common,intl_equity,115.2288,391.03,45057.9,1.22
SCHW_1004_2019,SCHW_1004,2019-12-31,NVS,NVS common,intl_equity,189.7891,270.92,51417.67,1.39
SCHW_1004_2019,SCHW_1004,2019-12-31,CASH,Cash & sweep,cash,99340.16,1.0,99340.16,2.68
SCHW_1004_2020,SCHW_1004,2020-12-31,PG,PG common,us_equity,3850.3547,137.62,529885.81,11.5
SCHW_1004_2020,SCHW_1004,2020-12-31,BP,BP common,intl_equity,3132.4209,134.16,420245.59,9.12
SCHW_1004_2020,SCHW_1004,2020-12-31,UL,UL common,intl_equity,3023.1973,226.03,683333.29,14.84
SCHW_1004_2020,SCHW_1004,2020-12-31,AAPL,AAPL common,us_equity,1034.9631,249.72,258450.99,5.61
SCHW_1004_2020,SCHW_1004,2020-12-31,MSFT,MSFT common,us_equity,14174.4329,175.98,2494416.7,54.16
SCHW_1004_2020,SCHW_1004,2020-12-31,JNJ,JNJ common,us_equity,261.4798,349.06,91272.13,1.98
SCHW_1004_2020,SCHW_1004,2020-12-31,CASH,Cash & sweep,cash,128252.89,1.0,128252.89,2.78
SCHW_1004_2021,SCHW_1004,2021-12-31,MSFT,MSFT common,us_equity,773.7869,239.76,185523.15,3.24
SCHW_1004_2021,SCHW_1004,2021-12-31,XOM,XOM common,us_equity,1814.6677,319.1,579060.46,10.11
SCHW_1004_2021,SCHW_1004,2021-12-31,SNY,SNY common,intl_equity,297.4949,355.18,105664.23,1.84
SCHW_1004_2021,SCHW_1004,2021-12-31,BRK.B,BRK.B common,us_equity,470.2558,307.6,144650.69,2.52
SCHW_1004_2021,SCHW_1004,2021-12-31,UL,UL common,intl_equity,777.719,204.89,159346.85,2.78
SCHW_1004_2021,SCHW_1004,2021-12-31,JNJ,JNJ common,us_equity,528.8091,87.76,46408.29,0.81
SCHW_1004_2021,SCHW_1004,2021-12-31,AAPL,AAPL common,us_equity,4773.8617,284.69,1359070.7,23.72
SCHW_1004_2021,SCHW_1004,2021-12-31,PG,PG common,us_equity,4505.9864,335.97,1513876.24,26.42
SCHW_1004_2021,SCHW_1004,2021-12-31,SAP,SAP common,intl_equity,526.8354,385.89,203300.53,3.55
SCHW_1004_2021,SCHW_1004,2021-12-31,BP,BP common,intl_equity,4645.5283,77.87,361747.29,6.31
SCHW_1004_2021,SCHW_1004,2021-12-31,TM,TM common,intl_equity,10997.5191,63.2,695043.21,12.13
SCHW_1004_2021,SCHW_1004,2021-12-31,KO,KO common,us_equity,626.0603,261.77,163883.8,2.86
SCHW_1004_2021,SCHW_1004,2021-12-31,CASH,Cash & sweep,cash,211969.86,1.0,211969.86,3.7
SCHW_1004_2022,SCHW_1004,2022-12-31,BRK.B,BRK.B common,us_equity,4099.4554,384.72,1577142.49,36.67
SCHW_1004_2022,SCHW_1004,2022-12-31,SAP,SAP common,intl_equity,1297.475,95.17,123480.7,2.87
SCHW_1004_2022,SCHW_1004,2022-12-31,NVS,NVS common,intl_equity,5559.1761,151.54,842437.54,19.59
SCHW_1004_2022,SCHW_1004,2022-12-31,MSFT,MSFT common,us_equity,2657.6193,220.07,584862.28,13.6
SCHW_1004_2022,SCHW_1004,2022-12-31,JNJ,JNJ common,us_equity,3346.3932,255.15,853832.23,19.85
SCHW_1004_2022,SCHW_1004,2022-12-31,XOM,XOM common,us_equity,1564.2334,149.99,234619.37,5.45
SCHW_1004_2022,SCHW_1004,2022-12-31,BP,BP common,intl_equity,103.8649,187.38,19462.21,0.45
SCHW_1004_2022,SCHW_1004,2022-12-31,CASH,Cash & sweep,cash,65473.41,1.0,65473.41,1.52
SCHW_1004_2023,SCHW_1004,2023-12-31,AAPL,AAPL common,us_equity,509.2671,311.69,158733.46,2.94
SCHW_1004_2023,SCHW_1004,2023-12-31,SNY,SNY common,intl_equity,14606.2363,51.37,750322.36,13.92
SCHW_1004_2023,SCHW_1004,2023-12-31,KO,KO common,us_equity,384.8559,226.14,87031.31,1.61
SCHW_1004_2023,SCHW_1004,2023-12-31,BRK.B,BRK.B common,us_equity,1491.9711,397.26,592700.43,11.0
SCHW_1004_2023,SCHW_1004,2023-12-31,XOM,XOM common,us_equity,12681.2331,110.82,1405334.25,26.07
SCHW_1004_2023,SCHW_1004,2023-12-31,BP,BP common,intl_equity,5266.3953,64.38,339050.53,6.29
SCHW_1004_2023,SCHW_1004,2023-12-31,JNJ,JNJ common,us_equity,3256.8861,129.98,423330.05,7.85
SCHW_1004_2023,SCHW_1004,2023-12-31,PG,PG common,us_equity,8247.7279,150.85,1244169.76,23.08
SCHW_1004_2023,SCHW_1004,2023-12-31,SAP,SAP common,intl_equity,429.6529,128.59,55249.06,1.03
SCHW_1004_2023,SCHW_1004,2023-12-31,TM,TM common,intl_equity,424.7598,184.19,78236.5,1.45
SCHW_1004_2023,SCHW_1004,2023-12-31,CASH,Cash & sweep,cash,255842.0,1.0,255842.0,4.75
SCHW_1004_2024,SCHW_1004,2024-12-31,SAP,SAP common,intl_equity,1549.2873,41.84,64822.18,1.0
SCHW_1004_2024,SCHW_1004,2024-12-31,PG,PG common,us_equity,9737.8814,57.67,561583.62,8.65
SCHW_1004_2024,SCHW_1004,2024-12-31,JPM,JPM common,us_equity,129.1404,366.84,47373.88,0.73
SCHW_1004_2024,SCHW_1004,2024-12-31,NSRGY,NSRGY common,intl_equity,7210.7416,176.57,1273200.65,19.61
SCHW_1004_2024,SCHW_1004,2024-12-31,UL,UL common,intl_equity,1273.7878,341.63,435164.14,6.7
SCHW_1004_2024,SCHW_1004,2024-12-31,AAPL,AAPL common,us_equity,960.8152,283.96,272833.08,4.2
SCHW_1004_2024,SCHW_1004,2024-12-31,KO,KO common,us_equity,6572.3264,53.37,350765.06,5.4
SCHW_1004_2024,SCHW_1004,2024-12-31,TM,TM common,intl_equity,5471.3064,157.45,861457.2,13.27
SCHW_1004_2024,SCHW_1004,2024-12-31,SNY,SNY common,intl_equity,666.7201,145.96,97314.46,1.5
SCHW_1004_2024,SCHW_1004,2024-12-31,BRK.B,BRK.B common,us_equity,12620.1533,192.17,2425214.86,37.35
SCHW_1004_2024,SCHW_1004,2024-12-31,JNJ,JNJ common,us_equity,19.042,306.45,5835.43,0.09
SCHW_1004_2024,SCHW_1004,2024-12-31,CASH,Cash & sweep,cash,97996.44,1.0,97996.44,1.51
SCHW_1004_2025,SCHW_1004,2025-12-31,BP,BP common,intl_equity,84.6965,251.63,21312.17,0.25
SCHW_1004_2025,SCHW_1004,2025-12-31,NVS,NVS common,intl_equity,5340.0114,175.9,939308.0,11.23
SCHW_1004_2025,SCHW_1004,2025-12-31,BRK.B,BRK.B common,us_equity,703.2618,139.85,98351.16,1.18
SCHW_1004_2025,SCHW_1004,2025-12-31,UL,UL common,intl_equity,1661.743,211.71,351807.62,4.21
SCHW_1004_2025,SCHW_1004,2025-12-31,PG,PG common,us_equity,5640.5743,284.8,1606435.57,19.21
SCHW_1004_2025,SCHW_1004,2025-12-31,XOM,XOM common,us_equity,2666.4414,365.29,974024.38,11.65
SCHW_1004_2025,SCHW_1004,2025-12-31,JNJ,JNJ common,us_equity,715.7778,377.53,270227.6,3.23
SCHW_1004_2025,SCHW_1004,2025-12-31,KO,KO common,us_equity,3421.5778,331.42,1133979.32,13.56
SCHW_1004_2025,SCHW_1004,2025-12-31,SAP,SAP common,intl_equity,14707.5017,151.71,2231275.08,26.68
SCHW_1004_2025,SCHW_1004,2025-12-31,TM,TM common,intl_equity,357.3665,355.87,127176.01,1.52
SCHW_1004_2025,SCHW_1004,2025-12-31,SNY,SNY common,intl_equity,658.7204,289.78,190884.01,2.28
SCHW_1004_2025,SCHW_1004,2025-12-31,CASH,Cash & sweep,cash,417442.07,1.0,417442.07,4.99
FIDE_1005_2003,FIDE_1005,2003-12-31,KO,KO common,us_equity,324.9265,202.64,65843.1,12.85
FIDE_1005_2003,FIDE_1005,2003-12-31,BP,BP common,intl_equity,77.1728,89.64,6917.77,1.35
FIDE_1005_2003,FIDE_1005,2003-12-31,PG,PG common,us_equity,137.2899,77.64,10659.19,2.08
FIDE_1005_2003,FIDE_1005,2003-12-31,SAP,SAP common,intl_equity,683.1662,286.87,195979.88,38.25
FIDE_1005_2003,FIDE_1005,2003-12-31,UL,UL common,intl_equity,718.4422,183.24,131647.35,25.69
FIDE_1005_2003,FIDE_1005,2003-12-31,JPM,JPM common,us_equity,66.4701,275.38,18304.54,3.57
FIDE_1005_2003,FIDE_1005,2003-12-31,SNY,SNY common,intl_equity,74.5052,198.59,14795.99,2.89
FIDE_1005_2003,FIDE_1005,2003-12-31,XOM,XOM common,us_equity,30.2743,211.51,6403.31,1.25
FIDE_1005_2003,FIDE_1005,2003-12-31,TM,TM common,intl_equity,357.4641,138.06,49351.5,9.63
FIDE_1005_2003,FIDE_1005,2003-12-31,CASH,Cash & sweep,cash,12528.66,1.0,12528.66,2.44
FIDE_1005_2004,FIDE_1005,2004-12-31,MSFT,MSFT common,us_equity,93.5154,264.0,24688.06,3.53
FIDE_1005_2004,FIDE_1005,2004-12-31,JPM,JPM common,us_equity,2699.9032,30.37,81996.06,11.71
FIDE_1005_2004,FIDE_1005,2004-12-31,KO,KO common,us_equity,65.2061,229.4,14958.29,2.14
FIDE_1005_2004,FIDE_1005,2004-12-31,SAP,SAP common,intl_equity,912.6059,65.28,59574.91,8.51
FIDE_1005_2004,FIDE_1005,2004-12-31,JNJ,JNJ common,us_equity,388.276,270.47,105017.02,15.0
FIDE_1005_2004,FIDE_1005,2004-12-31,PG,PG common,us_equity,1603.8768,157.17,252081.31,36.02
FIDE_1005_2004,FIDE_1005,2004-12-31,NVS,NVS common,intl_equity,79.4522,268.74,21351.99,3.05
FIDE_1005_2004,FIDE_1005,2004-12-31,BP,BP common,intl_equity,47.5287,118.13,5614.57,0.8
FIDE_1005_2004,FIDE_1005,2004-12-31,SNY,SNY common,intl_equity,1445.6612,48.47,70071.2,10.01
FIDE_1005_2004,FIDE_1005,2004-12-31,TM,TM common,intl_equity,515.5298,89.12,45944.02,6.56
FIDE_1005_2004,FIDE_1005,2004-12-31,NSRGY,NSRGY common,intl_equity,5.7201,124.09,709.81,0.1
FIDE_1005_2004,FIDE_1005,2004-12-31,CASH,Cash & sweep,cash,17925.23,1.0,17925.23,2.56
FIDE_1005_2005,FIDE_1005,2005-12-31,JPM,JPM common,us_equity,329.2846,275.72,90790.35,11.68
FIDE_1005_2005,FIDE_1005,2005-12-31,BRK.B,BRK.B common,us_equity,468.8622,47.3,22177.18,2.85
FIDE_1005_2005,FIDE_1005,2005-12-31,SNY,SNY common,intl_equity,762.7181,94.86,72351.44,9.31
FIDE_1005_2005,FIDE_1005,2005-12-31,NVS,NVS common,intl_equity,396.7176,53.04,21041.9,2.71
FIDE_1005_2005,FIDE_1005,2005-12-31,KO,KO common,us_equity,89.6819,325.63,29203.11,3.76
FIDE_1005_2005,FIDE_1005,2005-12-31,PG,PG common,us_equity,1189.1861,221.2,263047.97,33.84
FIDE_1005_2005,FIDE_1005,2005-12-31,XOM,XOM common,us_equity,365.2967,197.6,72182.63,9.29
FIDE_1005_2005,FIDE_1005,2005-12-31,SAP,SAP common,intl_equity,445.5078,241.66,107661.41,13.85
FIDE_1005_2005,FIDE_1005,2005-12-31,UL,UL common,intl_equity,139.3044,327.14,45572.04,5.86
FIDE_1005_2005,FIDE_1005,2005-12-31,NSRGY,NSRGY common,intl_equity,34.2165,257.15,8798.78,1.13
FIDE_1005_2005,FIDE_1005,2005-12-31,JNJ,JNJ common,us_equity,153.7243,215.05,33058.41,4.25
FIDE_1005_2005,FIDE_1005,2005-12-31,TM,TM common,intl_equity,11.953,139.0,1661.47,0.21
FIDE_1005_2005,FIDE_1005,2005-12-31,CASH,Cash & sweep,cash,9796.0,1.0,9796.0,1.26
FIDE_1005_2006,FIDE_1005,2006-12-31,NVS,NVS common,intl_equity,494.6668,58.38,28878.65,2.62
FIDE_1005_2006,FIDE_1005,2006-12-31,SNY,SNY common,intl_equity,1505.4371,25.58,38509.08,3.49
FIDE_1005_2006,FIDE_1005,2006-12-31,PG,PG common,us_equity,1.4997,355.93,533.8,0.05
FIDE_1005_2006,FIDE_1005,2006-12-31,MSFT,MSFT common,us_equity,217.6768,108.94,23713.71,2.15
FIDE_1005_2006,FIDE_1005,2006-12-31,AAPL,AAPL common,us_equity,466.8975,60.37,28186.6,2.55
FIDE_1005_2006,FIDE_1005,2006-12-31,NSRGY,NSRGY common,intl_equity,167.3718,269.11,45041.43,4.08
FIDE_1005_2006,FIDE_1005,2006-12-31,JPM,JPM common,us_equity,38.5177,288.51,11112.73,1.01
FIDE_1005_2006,FIDE_1005,2006-12-31,BRK.B,BRK.B common,us_equity,23.5468,360.13,8479.9,0.77
FIDE_1005_2006,FIDE_1005,2006-12-31,KO,KO common,us_equity,596.8629,210.12,125412.84,11.36
FIDE_1005_2006,FIDE_1005,2006-12-31,SAP,SAP common,intl_equity,2809.3249,138.55,389231.96,35.25
FIDE_1005_2006,FIDE_1005,2006-12-31,UL,UL common,intl_equity,2208.9499,140.94,311329.4,28.2
FIDE_1005_2006,FIDE_1005,2006-12-31,TM,TM common,intl_equity,684.6823,97.81,66968.78,6.07
FIDE_1005_2006,FIDE_1005,2006-12-31,CASH,Cash & sweep,cash,26660.72,1.0,26660.72,2.41
FIDE_1005_2007,FIDE_1005,2007-12-31,KO,KO common,us_equity,523.3077,366.5,191792.27,13.99
FIDE_1005_2007,FIDE_1005,2007-12-31,JNJ,JNJ common,us_equity,1321.2135,160.96,212662.52,15.51
FIDE_1005_2007,FIDE_1005,2007-12-31,BP,BP common,intl_equity,444.9253,91.4,40666.17,2.97
FIDE_1005_2007,FIDE_1005,2007-12-31,UL,UL common,intl_equity,825.6538,127.66,105402.97,7.69
FIDE_1005_2007,FIDE_1005,2007-12-31,BRK.B,BRK.B common,us_equity,523.4227,114.3,59827.21,4.36
FIDE_1005_2007,FIDE_1005,2007-12-31,SAP,SAP common,intl_equity,851.5529,78.71,67025.73,4.89
FIDE_1005_2007,FIDE_1005,2007-12-31,NSRGY,NSRGY common,intl_equity,288.0923,150.68,43409.75,3.17
FIDE_1005_2007,FIDE_1005,2007-12-31,PG,PG common,us_equity,3173.3225,114.62,363726.23,26.53
FIDE_1005_2007,FIDE_1005,2007-12-31,AAPL,AAPL common,us_equity,225.641,213.98,48282.66,3.52
FIDE_1005_2007,FIDE_1005,2007-12-31,SNY,SNY common,intl_equity,51.7676,359.82,18627.03,1.36
FIDE_1005_2007,FIDE_1005,2007-12-31,XOM,XOM common,us_equity,236.4188,382.64,90463.29,6.6
FIDE_1005_2007,FIDE_1005,2007-12-31,JPM,JPM common,us_equity,1365.5026,80.58,110032.2,8.02
FIDE_1005_2007,FIDE_1005,2007-12-31,CASH,Cash & sweep,cash,19282.01,1.0,19282.01,1.41
FIDE_1005_2008,FIDE_1005,2008-12-31,XOM,XOM common,us_equity,409.8722,120.87,495412.5,5.57
FIDE_1005_2008,FIDE_1005,2008-12-31,SAP,SAP common,intl_equity,26.4752,231.2,6121.07,0.69
FIDE_1005_2008,FIDE_1005,2008-12-31,MSFT,MSFT common,us_equity,84.362,337.15,28442.65,3.2
FIDE_1005_2008,FIDE_1005,2008-12-31,KO,KO common,us_equity,293.8505,251.96,74038.56,8.32
FIDE_1005_2008,FIDE_1005,2008-12-31,UL,UL common,intl_equity,491.884,306.02,150526.34,16.92
FIDE_1005_2008,FIDE_1005,2008-12-31,NSRGY,NSRGY common,intl_equity,28.1856,391.24,11027.34,1.24
FIDE_1005_2008,FIDE_1005,2008-12-31,JPM,JPM common,us_equity,107.6878,133.7,14397.86,1.62
FIDE_1005_2008,FIDE_1005,2008-12-31,PG,PG common,us_equity,210.1825,352.96,74186.0,8.34
FIDE_1005_2008,FIDE_1005,2008-12-31,TM,TM common,intl_equity,125.9356,229.4,28889.62,3.25
FIDE_1005_2008,FIDE_1005,2008-12-31,SNY,SNY common,intl_equity,58.0893,96.54,5607.94,0.63
FIDE_1005_2008,FIDE_1005,2008-12-31,JNJ,JNJ common,us_equity,236.3281,70.16,16580.78,1.86
FIDE_1005_2008,FIDE_1005,2008-12-31,BRK.B,BRK.B common,us_equity,2735.6699,144.6,395577.87,44.47
FIDE_1005_2008,FIDE_1005,2008-12-31,CASH,Cash & sweep,cash,34688.16,1.0,34688.16,3.9
FIDE_1005_2009,FIDE_1005,2009-12-31,AAPL,AAPL common,us_equity,27.8319,130.67,3636.8,0.3
FIDE_1005_2009,FIDE_1005,2009-12-31,UL,UL common,intl_equity,1206.8741,193.05,232987.04,19.09
FIDE_1005_2009,FIDE_1005,2009-12-31,XOM,XOM common,us_equity,1.0237,281.39,288.06,0.02
FIDE_1005_2009,FIDE_1005,2009-12-31,BRK.B,BRK.B common,us_equity,1378.3839,142.12,195895.92,16.05
FIDE_1005_2009,FIDE_1005,2009-12-31,JNJ,JNJ common,us_equity,1151.507,272.75,314073.54,25.74
FIDE_1005_2009,FIDE_1005,2009-12-31,PG,PG common,us_equity,2174.1227,27.47,59723.15,4.89
FIDE_1005_2009,FIDE_1005,2009-12-31,SNY,SNY common,intl_equity,244.4964,227.55,55635.16,4.56
FIDE_1005_2009,FIDE_1005,2009-12-31,NSRGY,NSRGY common,intl_equity,287.2603,364.78,104786.81,8.59
FIDE_1005_2009,FIDE_1005,2009-12-31,KO,KO common,us_equity,126.4789,374.98,47427.06,3.89
FIDE_1005_2009,FIDE_1005,2009-12-31,MSFT,MSFT common,us_equity,350.5037,237.28,83167.52,6.82
FIDE_1005_2009,FIDE_1005,2009-12-31,BP,BP common,intl_equity,262.1561,393.57,103176.77,8.46
FIDE_1005_2009,FIDE_1005,2009-12-31,CASH,Cash & sweep,cash,19459.21,1.0,19459.21,1.59
FIDE_1005_2010,FIDE_1005,2010-12-31,PG,PG common,us_equity,2678.2554,61.39,164418.1,11.71
FIDE_1005_2010,FIDE_1005,2010-12-31,NSRGY,NSRGY common,intl_equity,183.5018,181.21,33252.36,2.37
FIDE_1005_2010,FIDE_1005,2010-12-31,MSFT,MSFT common,us_equity,3312.7061,45.94,152185.72,10.84
FIDE_1005_2010,FIDE_1005,2010-12-31,UL,UL common,intl_equity,4537.3572,26.43,119922.35,8.54
FIDE_1005_2010,FIDE_1005,2010-12-31,XOM,XOM common,us_equity,757.7896,162.32,123004.41,8.76
FIDE_1005_2010,FIDE_1005,2010-12-31,JPM,JPM common,us_equity,257.1015,128.88,33135.24,2.36
FIDE_1005_2010,FIDE_1005,2010-12-31,TM,TM common,intl_equity,391.622,352.61,138089.85,9.84
FIDE_1005_2010,FIDE_1005,2010-12-31,BRK.B,BRK.B common,us_equity,24418.5547,25.13,613638.28,43.72
FIDE_1005_2010,FIDE_1005,2010-12-31,CASH,Cash & sweep,cash,25937.76,1.0,25937.76,1.85
FIDE_1005_2011,FIDE_1005,2011-12-31,SNY,SNY common,intl_equity,606.9205,305.71,185541.67,12.96
FIDE_1005_2011,FIDE_1005,2011-12-31,KO,KO common,us_equity,276.6357,133.28,36870.0,2.58
FIDE_1005_2011,FIDE_1005,2011-12-31,BP,BP common,intl_equity,172.2265,381.51,65706.14,4.59
FIDE_1005_2011,FIDE_1005,2011-12-31,SAP,SAP common,intl_equity,7197.7169,86.6,623322.28,43.53
FIDE_1005_2011,FIDE_1005,2011-12-31,AAPL,AAPL common,us_equity,638.0694,220.49,140687.92,9.83
FIDE_1005_2011,FIDE_1005,2011-12-31,JNJ,JNJ common,us_equity,1511.026,224.45,339149.79,23.69
FIDE_1005_2011,FIDE_1005,2011-12-31,CASH,Cash & sweep,cash,40525.19,1.0,40525.19,2.83
FIDE_1005_2012,FIDE_1005,2012-12-31,BRK.B,BRK.B common,us_equity,404.6709,118.59,47989.92,2.88
FIDE_1005_2012,FIDE_1005,2012-12-31,BP,BP common,intl_equity,300.2175,369.08,110804.27,6.64
FIDE_1005_2012,FIDE_1005,2012-12-31,NSRGY,NSRGY common,intl_equity,8335.0668,26.03,216961.79,13.0
FIDE_1005_2012,FIDE_1005,2012-12-31,TM,TM common,intl_equity,484.3019,141.82,68683.69,4.12
FIDE_1005_2012,FIDE_1005,2012-12-31,KO,KO common,us_equity,2775.0061,237.66,659507.94,39.53
FIDE_1005_2012,FIDE_1005,2012-12-31,JNJ,JNJ common,us_equity,4108.1225,88.65,364185.06,21.83
FIDE_1005_2012,FIDE_1005,2012-12-31,PG,PG common,us_equity,54.67,344.62,18840.36,1.13
FIDE_1005_2012,FIDE_1005,2012-12-31,NVS,NVS common,intl_equity,724.9918,202.56,146854.34,8.8
FIDE_1005_2012,FIDE_1005,2012-12-31,CASH,Cash & sweep,cash,34646.49,1.0,34646.49,2.08
FIDE_1005_2013,FIDE_1005,2013-12-31,TM,TM common,intl_equity,5259.3545,115.56,607771.01,27.19
FIDE_1005_2013,FIDE_1005,2013-12-31,BP,BP common,intl_equity,6805.4601,37.73,256770.01,11.49
FIDE_1005_2013,FIDE_1005,2013-12-31,XOM,XOM common,us_equity,1248.3186,180.21,224959.5,10.06
FIDE_1005_2013,FIDE_1005,2013-12-31,BRK.B,BRK.B common,us_equity,2135.9045,96.36,205815.76,9.21
FIDE_1005_2013,FIDE_1005,2013-12-31,JNJ,JNJ common,us_equity,213.1969,281.95,60110.88,2.69
FIDE_1005_2013,FIDE_1005,2013-12-31,AAPL,AAPL common,us_equity,94.5441,104.25,9856.22,0.44
FIDE_1005_2013,FIDE_1005,2013-12-31,MSFT,MSFT common,us_equity,175.4424,231.65,40641.23,1.82
FIDE_1005_2013,FIDE_1005,2013-12-31,KO,KO common,us_equity,827.2287,86.89,71877.9,3.22
FIDE_1005_2013,FIDE_1005,2013-12-31,SAP,SAP common,intl_equity,3260.3054,203.21,662526.67,29.64
FIDE_1005_2013,FIDE_1005,2013-12-31,CASH,Cash & sweep,cash,94768.79,1.0,94768.79,4.24
FIDE_1005_2014,FIDE_1005,2014-12-31,SNY,SNY common,intl_equity,144.4223,243.76,35204.39,1.66
FIDE_1005_2014,FIDE_1005,2014-12-31,BRK.B,BRK.B common,us_equity,4677.9858,73.76,345048.23,16.25
FIDE_1005_2014,FIDE_1005,2014-12-31,SAP,SAP common,intl_equity,3433.1425,226.57,777847.09,36.62
FIDE_1005_2014,FIDE_1005,2014-12-31,BP,BP common,intl_equity,1712.1607,283.51,485414.69,22.86
FIDE_1005_2014,FIDE_1005,2014-12-31,MSFT,MSFT common,us_equity,139.8948,298.56,41766.98,1.97
FIDE_1005_2014,FIDE_1005,2014-12-31,AAPL,AAPL common,us_equity,749.212,105.25,78854.56,3.71
FIDE_1005_2014,FIDE_1005,2014-12-31,PG,PG common,us_equity,1425.2598,187.5,267236.22,12.58
FIDE_1005_2014,FIDE_1005,2014-12-31,CASH,Cash & sweep,cash,92455.34,1.0,92455.34,4.35
FIDE_1005_2015,FIDE_1005,2015-12-31,SAP,SAP common,intl_equity,3498.4183,334.56,1170430.83,55.53
FIDE_1005_2015,FIDE_1005,2015-12-31,TM,TM common,intl_equity,13880.0276,20.68,287038.97,13.62
FIDE_1005_2015,FIDE_1005,2015-12-31,AAPL,AAPL common,us_equity,862.4612,298.28,257254.94,12.21
FIDE_1005_2015,FIDE_1005,2015-12-31,SNY,SNY common,intl_equity,27.4141,207.45,5687.06,0.27
FIDE_1005_2015,FIDE_1005,2015-12-31,UL,UL common,intl_equity,483.032,365.14,176374.32,8.37
FIDE_1005_2015,FIDE_1005,2015-12-31,NSRGY,NSRGY common,intl_equity,295.6112,352.49,104199.99,4.94
FIDE_1005_2015,FIDE_1005,2015-12-31,JPM,JPM common,us_equity,350.5787,37.67,13206.3,0.63
FIDE_1005_2015,FIDE_1005,2015-12-31,CASH,Cash & sweep,cash,93385.53,1.0,93385.53,4.43
FIDE_1005_2016,FIDE_1005,2016-12-31,MSFT,MSFT common,us_equity,3247.157,205.67,667842.77,31.03
FIDE_1005_2016,FIDE_1005,2016-12-31,NSRGY,NSRGY common,intl_equity,669.9782,248.6,166556.57,7.74
FIDE_1005_2016,FIDE_1005,2016-12-31,NVS,NVS common,intl_equity,758.2333,356.48,270295.02,12.56
FIDE_1005_2016,FIDE_1005,2016-12-31,UL,UL common,intl_equity,1167.1748,208.01,242784.02,11.28
FIDE_1005_2016,FIDE_1005,2016-12-31,AAPL,AAPL common,us_equity,1169.234,124.99,146142.56,6.79
FIDE_1005_2016,FIDE_1005,2016-12-31,BP,BP common,intl_equity,767.8564,221.87,170364.29,7.92
FIDE_1005_2016,FIDE_1005,2016-12-31,XOM,XOM common,us_equity,759.6647,210.09,159597.96,7.42
FIDE_1005_2016,FIDE_1005,2016-12-31,SAP,SAP common,intl_equity,1992.9531,133.55,266158.89,12.37
FIDE_1005_2016,FIDE_1005,2016-12-31,CASH,Cash & sweep,cash,62280.96,1.0,62280.96,2.89
FIDE_1005_2017,FIDE_1005,2017-12-31,JNJ,JNJ common,us_equity,12023.3674,106.0,1274476.94,46.04
FIDE_1005_2017,FIDE_1005,2017-12-31,SAP,SAP common,intl_equity,530.3615,191.56,101596.04,3.67
FIDE_1005_2017,FIDE_1005,2017-12-31,PG,PG common,us_equity,653.6105,276.04,180422.64,6.52
FIDE_1005_2017,FIDE_1005,2017-12-31,UL,UL common,intl_equity,1367.129,84.87,116028.24,4.19
FIDE_1005_2017,FIDE_1005,2017-12-31,MSFT,MSFT common,us_equity,1093.5985,220.33,240952.55,8.7
FIDE_1005_2017,FIDE_1005,2017-12-31,NSRGY,NSRGY common,intl_equity,344.5274,337.57,116302.13,4.2
FIDE_1005_2017,FIDE_1005,2017-12-31,BRK.B,BRK.B common,us_equity,1843.8497,82.09,151361.62,5.47
FIDE_1005_2017,FIDE_1005,2017-12-31,TM,TM common,intl_equity,97.5701,197.69,19288.64,0.7
FIDE_1005_2017,FIDE_1005,2017-12-31,BP,BP common,intl_equity,5700.1548,89.94,512671.92,18.52
FIDE_1005_2017,FIDE_1005,2017-12-31,CASH,Cash & sweep,cash,55128.42,1.0,55128.42,1.99
FIDE_1005_2018,FIDE_1005,2018-12-31,XOM,XOM common,us_equity,2913.2877,322.22,938719.56,38.57
FIDE_1005_2018,FIDE_1005,2018-12-31,SAP,SAP common,intl_equity,446.5979,172.91,77221.25,3.17
FIDE_1005_2018,FIDE_1005,2018-12-31,SNY,SNY common,intl_equity,891.1371,340.24,303200.5,12.46
FIDE_1005_2018,FIDE_1005,2018-12-31,KO,KO common,us_equity,929.6404,170.61,158605.95,6.52
FIDE_1005_2018,FIDE_1005,2018-12-31,NVS,NVS common,intl_equity,409.09,329.74,134893.34,5.54
FIDE_1005_2018,FIDE_1005,2018-12-31,BP,BP common,intl_equity,4054.6678,62.85,254835.87,10.47
FIDE_1005_2018,FIDE_1005,2018-12-31,JNJ,JNJ common,us_equity,1333.2591,127.68,170230.52,6.99
FIDE_1005_2018,FIDE_1005,2018-12-31,UL,UL common,intl_equity,1094.2534,66.54,72811.62,2.99
FIDE_1005_2018,FIDE_1005,2018-12-31,JPM,JPM common,us_equity,950.3561,301.05,286104.71,11.75
FIDE_1005_2018,FIDE_1005,2018-12-31,CASH,Cash & sweep,cash,37334.11,1.0,37334.11,1.53
FIDE_1005_2019,FIDE_1005,2019-12-31,TM,TM common,intl_equity,372.5303,394.73,147048.87,4.56
FIDE_1005_2019,FIDE_1005,2019-12-31,NSRGY,NSRGY common,intl_equity,2658.5544,360.9,959472.27,29.73
FIDE_1005_2019,FIDE_1005,2019-12-31,KO,KO common,us_equity,138.9356,395.17,54903.19,1.7
FIDE_1005_2019,FIDE_1005,2019-12-31,BP,BP common,intl_equity,322.0625,318.54,102589.78,3.18
FIDE_1005_2019,FIDE_1005,2019-12-31,AAPL,AAPL common,us_equity,11270.1968,20.94,235997.92,7.31
FIDE_1005_2019,FIDE_1005,2019-12-31,JPM,JPM common,us_equity,1091.5135,64.07,69933.27,2.17
FIDE_1005_2019,FIDE_1005,2019-12-31,PG,PG common,us_equity,466.6386,141.1,65842.7,2.04
FIDE_1005_2019,FIDE_1005,2019-12-31,XOM,XOM common,us_equity,17381.4917,88.92,1545562.24,47.9
FIDE_1005_2019,FIDE_1005,2019-12-31,JNJ,JNJ common,us_equity,47.2503,42.98,2030.82,0.06
FIDE_1005_2019,FIDE_1005,2019-12-31,CASH,Cash & sweep,cash,43378.44,1.0,43378.44,1.34
FIDE_1005_2020,FIDE_1005,2020-12-31,JNJ,JNJ common,us_equity,2252.1441,320.26,721271.68,17.62
FIDE_1005_2020,FIDE_1005,2020-12-31,PG,PG common,us_equity,4285.4051,312.02,1337132.09,32.66
FIDE_1005_2020,FIDE_1005,2020-12-31,NVS,NVS common,intl_equity,322.6542,389.93,125812.54,3.07
FIDE_1005_2020,FIDE_1005,2020-12-31,SNY,SNY common,intl_equity,1134.0841,165.77,187997.12,4.59
FIDE_1005_2020,FIDE_1005,2020-12-31,JPM,JPM common,us_equity,1315.1591,37.14,48845.01,1.19
FIDE_1005_2020,FIDE_1005,2020-12-31,MSFT,MSFT common,us_equity,823.2946,327.11,269307.89,6.58
FIDE_1005_2020,FIDE_1005,2020-12-31,AAPL,AAPL common,us_equity,433.1106,128.79,55780.31,1.36
FIDE_1005_2020,FIDE_1005,2020-12-31,XOM,XOM common,us_equity,3537.5596,313.8,1110086.19,27.11
FIDE_1005_2020,FIDE_1005,2020-12-31,UL,UL common,intl_equity,1431.7869,27.36,39173.69,0.96
FIDE_1005_2020,FIDE_1005,2020-12-31,BP,BP common,intl_equity,698.5787,33.23,23213.77,0.57
FIDE_1005_2020,FIDE_1005,2020-12-31,CASH,Cash & sweep,cash,175597.91,1.0,175597.91,4.29
FIDE_1005_2021,FIDE_1005,2021-12-31,SAP,SAP common,intl_equity,2081.3696,324.99,676424.31,13.43
FIDE_1005_2021,FIDE_1005,2021-12-31,JNJ,JNJ common,us_equity,4333.3572,122.31,530012.92,10.52
FIDE_1005_2021,FIDE_1005,2021-12-31,NVS,NVS common,intl_equity,1389.098,282.77,392795.24,7.8
FIDE_1005_2021,FIDE_1005,2021-12-31,SNY,SNY common,intl_equity,89.0594,381.74,33997.54,0.67
FIDE_1005_2021,FIDE_1005,2021-12-31,AAPL,AAPL common,us_equity,2170.5108,64.17,139281.68,2.76
FIDE_1005_2021,FIDE_1005,2021-12-31,MSFT,MSFT common,us_equity,332.8501,232.83,77497.48,1.54
FIDE_1005_2021,FIDE_1005,2021-12-31,BP,BP common,intl_equity,372.9596,196.91,73439.47,1.46
FIDE_1005_2021,FIDE_1005,2021-12-31,NSRGY,NSRGY common,intl_equity,5501.5956,137.92,758780.06,15.06
FIDE_1005_2021,FIDE_1005,2021-12-31,UL,UL common,intl_equity,465.9394,129.42,60301.88,1.2
FIDE_1005_2021,FIDE_1005,2021-12-31,PG,PG common,us_equity,42277.0531,52.87,2235187.8,44.37
FIDE_1005_2021,FIDE_1005,2021-12-31,CASH,Cash & sweep,cash,59802.83,1.0,59802.83,1.19
FIDE_1005_2022,FIDE_1005,2022-12-31,XOM,XOM common,us_equity,4732.0679,136.46,645737.99,17.48
FIDE_1005_2022,FIDE_1005,2022-12-31,BP,BP common,intl_equity,6854.9709,126.95,870238.56,23.55
FIDE_1005_2022,FIDE_1005,2022-12-31,NSRGY,NSRGY common,intl_equity,4634.3715,71.54,331542.94,8.97
FIDE_1005_2022,FIDE_1005,2022-12-31,BRK.B,BRK.B common,us_equity,72.766,136.17,9908.55,0.27
FIDE_1005_2022,FIDE_1005,2022-12-31,MSFT,MSFT common,us_equity,3315.3075,143.53,475846.09,12.88
FIDE_1005_2022,FIDE_1005,2022-12-31,NVS,NVS common,intl_equity,5765.0253,89.9,518275.77,14.03
FIDE_1005_2022,FIDE_1005,2022-12-31,SAP,SAP common,intl_equity,5900.0207,120.55,711247.49,19.25
FIDE_1005_2022,FIDE_1005,2022-12-31,CASH,Cash & sweep,cash,131704.12,1.0,131704.12,3.56
FIDE_1005_2023,FIDE_1005,2023-12-31,KO,KO common,us_equity,1030.1588,314.41,323892.24,7.14
FIDE_1005_2023,FIDE_1005,2023-12-31,SNY,SNY common,intl_equity,9350.9758,114.65,1072089.38,23.62
FIDE_1005_2023,FIDE_1005,2023-12-31,BRK.B,BRK.B common,us_equity,2205.9521,380.25,838813.27,18.48
FIDE_1005_2023,FIDE_1005,2023-12-31,SAP,SAP common,intl_equity,2092.3457,100.45,210176.13,4.63
FIDE_1005_2023,FIDE_1005,2023-12-31,UL,UL common,intl_equity,24937.6888,22.24,554614.2,12.22
FIDE_1005_2023,FIDE_1005,2023-12-31,AAPL,AAPL common,us_equity,27715.5674,45.95,1273530.32,28.06
FIDE_1005_2023,FIDE_1005,2023-12-31,BP,BP common,intl_equity,8.2499,194.29,1602.87,0.04
FIDE_1005_2023,FIDE_1005,2023-12-31,TM,TM common,intl_equity,5340.426,34.58,184671.93,4.07
FIDE_1005_2023,FIDE_1005,2023-12-31,CASH,Cash & sweep,cash,79533.91,1.0,79533.91,1.75
FIDE_1005_2024,FIDE_1005,2024-12-31,TM,TM common,intl_equity,228.708,283.08,64742.65,1.2
FIDE_1005_2024,FIDE_1005,2024-12-31,UL,UL common,intl_equity,3844.1661,346.81,1333195.24,24.79
FIDE_1005_2024,FIDE_1005,2024-12-31,SAP,SAP common,intl_equity,1700.0822,355.85,604974.26,11.25
FIDE_1005_2024,FIDE_1005,2024-12-31,SNY,SNY common,intl_equity,839.6632,129.48,108719.59,2.02
FIDE_1005_2024,FIDE_1005,2024-12-31,JPM,JPM common,us_equity,3704.8858,221.77,821632.53,15.28
FIDE_1005_2024,FIDE_1005,2024-12-31,JNJ,JNJ common,us_equity,574.7255,176.14,101232.15,1.88
FIDE_1005_2024,FIDE_1005,2024-12-31,BRK.B,BRK.B common,us_equity,352.2319,276.9,97533.01,1.81
FIDE_1005_2024,FIDE_1005,2024-12-31,BP,BP common,intl_equity,5828.4101,106.42,620259.4,11.53
FIDE_1005_2024,FIDE_1005,2024-12-31,KO,KO common,us_equity,1247.3341,338.85,422659.17,7.86
FIDE_1005_2024,FIDE_1005,2024-12-31,AAPL,AAPL common,us_equity,1533.3325,291.05,446276.42,8.3
FIDE_1005_2024,FIDE_1005,2024-12-31,PG,PG common,us_equity,2880.8731,86.46,249080.29,4.63
FIDE_1005_2024,FIDE_1005,2024-12-31,XOM,XOM common,us_equity,2425.8384,139.33,337992.07,6.28
FIDE_1005_2024,FIDE_1005,2024-12-31,CASH,Cash & sweep,cash,169959.85,1.0,169959.85,3.16
FIDE_1005_2025,FIDE_1005,2025-12-31,KO,KO common,us_equity,4733.1667,45.48,215264.42,3.07
FIDE_1005_2025,FIDE_1005,2025-12-31,NSRGY,NSRGY common,intl_equity,3411.6181,340.02,1160018.38,16.53
FIDE_1005_2025,FIDE_1005,2025-12-31,UL,UL common,intl_equity,1162.031,189.96,220739.4,3.14
FIDE_1005_2025,FIDE_1005,2025-12-31,MSFT,MSFT common,us_equity,639.4376,388.33,248312.79,3.54
FIDE_1005_2025,FIDE_1005,2025-12-31,AAPL,AAPL common,us_equity,535.7229,309.87,166004.44,2.37
FIDE_1005_2025,FIDE_1005,2025-12-31,JNJ,JNJ common,us_equity,17714.6931,159.87,2832047.98,40.35
FIDE_1005_2025,FIDE_1005,2025-12-31,XOM,XOM common,us_equity,4480.6822,343.11,1537366.86,21.9
FIDE_1005_2025,FIDE_1005,2025-12-31,TM,TM common,intl_equity,1650.7543,228.16,376636.11,5.37
FIDE_1005_2025,FIDE_1005,2025-12-31,CASH,Cash & sweep,cash,262697.7,1.0,262697.7,3.74
TDA_1006_2010,TDA_1006,2010-12-31,AAPL,AAPL common,us_equity,3230.6426,28.79,93010.2,4.81
TDA_1006_2010,TDA_1006,2010-12-31,MSFT,MSFT common,us_equity,602.9051,114.33,68930.14,3.56
TDA_1006_2010,TDA_1006,2010-12-31,NSRGY,NSRGY common,intl_equity,1502.9309,123.94,186273.26,9.63
TDA_1006_2010,TDA_1006,2010-12-31,BRK.B,BRK.B common,us_equity,4636.4907,98.8,458085.28,23.68
TDA_1006_2010,TDA_1006,2010-12-31,NVS,NVS common,intl_equity,7596.0745,39.21,297842.08,15.4
TDA_1006_2010,TDA_1006,2010-12-31,UL,UL common,intl_equity,642.7164,84.74,54463.79,2.82
TDA_1006_2010,TDA_1006,2010-12-31,JPM,JPM common,us_equity,329.7938,152.97,50448.56,2.61
TDA_1006_2010,TDA_1006,2010-12-31,KO,KO common,us_equity,4646.1451,55.06,255816.75,13.23
TDA_1006_2010,TDA_1006,2010-12-31,JNJ,JNJ common,us_equity,3498.2332,98.5,344575.97,17.82
TDA_1006_2010,TDA_1006,2010-12-31,SNY,SNY common,intl_equity,384.5045,186.47,71698.55,3.71
TDA_1006_2010,TDA_1006,2010-12-31,XOM,XOM common,us_equity,35.797,342.27,12252.25,0.63
TDA_1006_2010,TDA_1006,2010-12-31,CASH,Cash & sweep,cash,40702.99,1.0,40702.99,2.1
TDA_1006_2011,TDA_1006,2011-12-31,BP,BP common,intl_equity,8716.3985,116.5,1015460.43,54.04
TDA_1006_2011,TDA_1006,2011-12-31,XOM,XOM common,us_equity,567.3383,41.09,23311.93,1.24
TDA_1006_2011,TDA_1006,2011-12-31,TM,TM common,intl_equity,655.0829,196.26,128566.57,6.84
TDA_1006_2011,TDA_1006,2011-12-31,UL,UL common,intl_equity,325.5849,83.73,27261.22,1.45
TDA_1006_2011,TDA_1006,2011-12-31,MSFT,MSFT common,us_equity,1273.6881,93.92,119624.79,6.37
TDA_1006_2011,TDA_1006,2011-12-31,BRK.B,BRK.B common,us_equity,3011.9063,164.9,496663.35,26.43
TDA_1006_2011,TDA_1006,2011-12-31,CASH,Cash & sweep,cash,68312.7,1.0,68312.7,3.64
TDA_1006_2012,TDA_1006,2012-12-31,KO,KO common,us_equity,2520.6303,127.93,322464.24,15.11
TDA_1006_2012,TDA_1006,2012-12-31,SAP,SAP common,intl_equity,2115.7064,327.92,693782.43,32.51
TDA_1006_2012,TDA_1006,2012-12-31,JPM,JPM common,us_equity,4201.8872,55.93,235011.55,11.01
TDA_1006_2012,TDA_1006,2012-12-31,PG,PG common,us_equity,753.5395,396.74,298959.27,14.01
TDA_1006_2012,TDA_1006,2012-12-31,JNJ,JNJ common,us_equity,1315.3303,109.51,144041.82,6.75
TDA_1006_2012,TDA_1006,2012-12-31,TM,TM common,intl_equity,1640.5291,145.84,239254.77,11.21
TDA_1006_2012,TDA_1006,2012-12-31,XOM,XOM common,us_equity,3178.6873,48.73,154897.43,7.26
TDA_1006_2012,TDA_1006,2012-12-31,CASH,Cash & sweep,cash,45693.98,1.0,45693.98,2.14
TDA_1006_2013,TDA_1006,2013-12-31,TM,TM common,intl_equity,483.6749,394.06,190596.95,6.89
TDA_1006_2013,TDA_1006,2013-12-31,NSRGY,NSRGY common,intl_equity,4992.2754,73.67,367780.93,13.29
TDA_1006_2013,TDA_1006,2013-12-31,PG,PG common,us_equity,1527.1817,228.58,349083.19,12.61
TDA_1006_2013,TDA_1006,2013-12-31,MSFT,MSFT common,us_equity,4888.766,98.72,482618.98,17.44
TDA_1006_2013,TDA_1006,2013-12-31,BRK.B,BRK.B common,us_equity,17485.0097,33.98,594140.63,21.47
TDA_1006_2013,TDA_1006,2013-12-31,JPM,JPM common,us_equity,580.3394,338.06,196189.53,7.09
TDA_1006_2013,TDA_1006,2013-12-31,NVS,NVS common,intl_equity,3825.5199,68.36,261512.54,9.45
TDA_1006_2013,TDA_1006,2013-12-31,KO,KO common,us_equity,625.8975,71.35,44657.79,1.61
TDA_1006_2013,TDA_1006,2013-12-31,SNY,SNY common,intl_equity,13.4757,330.54,4454.26,0.16
TDA_1006_2013,TDA_1006,2013-12-31,JNJ,JNJ common,us_equity,371.0867,112.62,41791.78,1.51
TDA_1006_2013,TDA_1006,2013-12-31,XOM,XOM common,us_equity,183.3122,95.59,17522.81,0.63
TDA_1006_2013,TDA_1006,2013-12-31,AAPL,AAPL common,us_equity,216.0678,378.41,81762.2,2.95
TDA_1006_2013,TDA_1006,2013-12-31,CASH,Cash & sweep,cash,135139.44,1.0,135139.44,4.88
TDA_1006_2014,TDA_1006,2014-12-31,XOM,XOM common,us_equity,1033.3159,347.76,359345.93,12.98
TDA_1006_2014,TDA_1006,2014-12-31,BRK.B,BRK.B common,us_equity,801.0538,301.12,241213.31,8.72
TDA_1006_2014,TDA_1006,2014-12-31,UL,UL common,intl_equity,269.3114,245.09,66005.52,2.38
TDA_1006_2014,TDA_1006,2014-12-31,MSFT,MSFT common,us_equity,13.8475,108.09,1496.78,0.05
TDA_1006_2014,TDA_1006,2014-12-31,TM,TM common,intl_equity,755.1974,304.5,229957.61,8.31
TDA_1006_2014,TDA_1006,2014-12-31,JPM,JPM common,us_equity,2114.5787,178.7,377875.21,13.65
TDA_1006_2014,TDA_1006,2014-12-31,PG,PG common,us_equity,1368.2767,288.39,394597.31,14.26
TDA_1006_2014,TDA_1006,2014-12-31,JNJ,JNJ common,us_equity,1275.4158,104.89,133778.36,4.83
TDA_1006_2014,TDA_1006,2014-12-31,NSRGY,NSRGY common,intl_equity,2259.8648,377.46,853008.57,30.82
TDA_1006_2014,TDA_1006,2014-12-31,CASH,Cash & sweep,cash,110295.57,1.0,110295.57,3.99
TDA_1006_2015,TDA_1006,2015-12-31,AAPL,AAPL common,us_equity,456.861,367.71,167992.35,5.95
TDA_1006_2015,TDA_1006,2015-12-31,JNJ,JNJ common,us_equity,2638.1947,193.89,511519.58,18.13
TDA_1006_2015,TDA_1006,2015-12-31,PG,PG common,us_equity,7.2066,328.68,2368.68,0.08
TDA_1006_2015,TDA_1006,2015-12-31,NSRGY,NSRGY common,intl_equity,1336.6144,238.98,319424.12,11.32
TDA_1006_2015,TDA_1006,2015-12-31,BP,BP common,intl_equity,1112.4807,161.53,179699.01,6.37
TDA_1006_2015,TDA_1006,2015-12-31,TM,TM common,intl_equity,83.5241,387.36,32353.89,1.15
TDA_1006_2015,TDA_1006,2015-12-31,XOM,XOM common,us_equity,5505.2707,94.25,518871.76,18.39
TDA_1006_2015,TDA_1006,2015-12-31,BRK.B,BRK.B common,us_equity,575.9433,365.1,210276.91,7.45
TDA_1006_2015,TDA_1006,2015-12-31,MSFT,MSFT common,us_equity,1317.825,392.89,517760.27,18.35
TDA_1006_2015,TDA_1006,2015-12-31,JPM,JPM common,us_equity,835.0416,342.65,286127.01,10.14
TDA_1006_2015,TDA_1006,2015-12-31,CASH,Cash & sweep,cash,74795.78,1.0,74795.78,2.65
TDA_1006_2016,TDA_1006,2016-12-31,XOM,XOM common,us_equity,781.9354,85.51,66863.3,2.41
TDA_1006_2016,TDA_1006,2016-12-31,NVS,NVS common,intl_equity,326.6807,337.79,110349.47,3.98
TDA_1006_2016,TDA_1006,2016-12-31,PG,PG common,us_equity,3927.7995,179.01,703115.38,25.38
TDA_1006_2016,TDA_1006,2016-12-31,TM,TM common,intl_equity,4413.4208,103.74,457848.27,16.53
TDA_1006_2016,TDA_1006,2016-12-31,UL,UL common,intl_equity,4131.1577,316.77,1308626.82,47.23
TDA_1006_2016,TDA_1006,2016-12-31,SAP,SAP common,intl_equity,786.1828,109.09,85764.68,3.1
TDA_1006_2016,TDA_1006,2016-12-31,CASH,Cash & sweep,cash,37929.97,1.0,37929.97,1.37
TDA_1006_2017,TDA_1006,2017-12-31,KO,KO common,us_equity,1969.4499,312.65,615748.5,18.11
TDA_1006_2017,TDA_1006,2017-12-31,SNY,SNY common,intl_equity,3858.7127,123.76,477554.28,14.04
TDA_1006_2017,TDA_1006,2017-12-31,BRK.B,BRK.B common,us_equity,2108.1049,42.43,89446.89,2.63
TDA_1006_2017,TDA_1006,2017-12-31,JPM,JPM common,us_equity,748.6294,183.86,137643.0,4.05
TDA_1006_2017,TDA_1006,2017-12-31,XOM,XOM common,us_equity,2283.5567,285.61,652206.62,19.18
TDA_1006_2017,TDA_1006,2017-12-31,UL,UL common,intl_equity,84.7257,127.71,10820.32,0.32
TDA_1006_2017,TDA_1006,2017-12-31,AAPL,AAPL common,us_equity,1086.6128,381.1,414108.14,12.18
TDA_1006_2017,TDA_1006,2017-12-31,NSRGY,NSRGY common,intl_equity,5182.1203,20.86,108099.03,3.18
TDA_1006_2017,TDA_1006,2017-12-31,SAP,SAP common,intl_equity,3385.7628,121.76,412250.48,12.12
TDA_1006_2017,TDA_1006,2017-12-31,NVS,NVS common,intl_equity,2685.105,149.81,402255.58,11.83
TDA_1006_2017,TDA_1006,2017-12-31,JNJ,JNJ common,us_equity,280.5295,160.94,45148.42,1.33
TDA_1006_2017,TDA_1006,2017-12-31,CASH,Cash & sweep,cash,35195.5,1.0,35195.5,1.04
TDA_1006_2018,TDA_1006,2018-12-31,UL,UL common,intl_equity,1382.9507,325.75,450496.19,14.55
TDA_1006_2018,TDA_1006,2018-12-31,JNJ,JNJ common,us_equity,5638.7717,111.7,629850.8,20.35
TDA_1006_2018,TDA_1006,2018-12-31,BP,BP common,intl_equity,105.6488,297.79,31461.17,1.02
TDA_1006_2018,TDA_1006,2018-12-31,XOM,XOM common,us_equity,677.3233,47.14,31929.02,1.03
TDA_1006_2018,TDA_1006,2018-12-31,TM,TM common,intl_equity,4210.0946,272.66,1147924.39,37.08
TDA_1006_2018,TDA_1006,2018-12-31,KO,KO common,us_equity,3060.862,142.44,435989.19,14.08
TDA_1006_2018,TDA_1006,2018-12-31,NVS,NVS common,intl_equity,1136.7498,271.5,308627.57,9.97
TDA_1006_2018,TDA_1006,2018-12-31,CASH,Cash & sweep,cash,59228.43,1.0,59228.43,1.91
TDA_1006_2019,TDA_1006,2019-12-31,MSFT,MSFT common,us_equity,587.6214,217.61,127872.29,3.08
TDA_1006_2019,TDA_1006,2019-12-31,SAP,SAP common,intl_equity,2662.7194,361.52,962626.3,23.16
TDA_1006_2019,TDA_1006,2019-12-31,BRK.B,BRK.B common,us_equity,826.054,306.27,252995.55,6.09
TDA_1006_2019,TDA_1006,2019-12-31,KO,KO common,us_equity,910.4438,42.81,38976.1,0.94
TDA_1006_2019,TDA_1006,2019-12-31,NSRGY,NSRGY common,intl_equity,3572.6993,192.16,686529.89,16.52
TDA_1006_2019,TDA_1006,2019-12-31,JNJ,JNJ common,us_equity,927.7841,315.88,293068.43,7.05
TDA_1006_2019,TDA_1006,2019-12-31,JPM,JPM common,us_equity,7487.1684,226.4,1695094.92,40.79
TDA_1006_2019,TDA_1006,2019-12-31,CASH,Cash & sweep,cash,98899.31,1.0,98899.31,2.38
TDA_1006_2020,TDA_1006,2020-12-31,BP,BP common,intl_equity,717.9804,241.76,173578.95,3.27
TDA_1006_2020,TDA_1006,2020-12-31,XOM,XOM common,us_equity,3142.9963,368.79,1159105.62,21.85
TDA_1006_2020,TDA_1006,2020-12-31,NVS,NVS common,intl_equity,6729.4226,112.26,755444.98,14.24
TDA_1006_2020,TDA_1006,2020-12-31,SNY,SNY common,intl_equity,11507.9794,179.49,2065567.22,38.95
TDA_1006_2020,TDA_1006,2020-12-31,JNJ,JNJ common,us_equity,9520.443,42.87,408141.39,7.7
TDA_1006_2020,TDA_1006,2020-12-31,UL,UL common,intl_equity,28150.1756,21.18,596220.72,11.24
TDA_1006_2020,TDA_1006,2020-12-31,CASH,Cash & sweep,cash,145706.48,1.0,145706.48,2.75
TDA_1006_2021,TDA_1006,2021-12-31,NSRGY,NSRGY common,intl_equity,10213.7349,105.54,1077957.58,16.41
TDA_1006_2021,TDA_1006,2021-12-31,XOM,XOM common,us_equity,5474.3253,206.27,1129189.07,17.19
TDA_1006_2021,TDA_1006,2021-12-31,BP,BP common,intl_equity,367.5395,289.61,106443.12,1.62
TDA_1006_2021,TDA_1006,2021-12-31,AAPL,AAPL common,us_equity,6692.4198,256.18,1714464.1,26.1
TDA_1006_2021,TDA_1006,2021-12-31,BRK.B,BRK.B common,us_equity,624.029,226.33,141236.49,2.15
TDA_1006_2021,TDA_1006,2021-12-31,JPM,JPM common,us_equity,1668.3864,300.27,500966.37,7.63
TDA_1006_2021,TDA_1006,2021-12-31,SNY,SNY common,intl_equity,9121.2979,71.21,649527.62,9.89
TDA_1006_2021,TDA_1006,2021-12-31,SAP,SAP common,intl_equity,30367.6513,36.31,1102649.42,16.79
TDA_1006_2021,TDA_1006,2021-12-31,CASH,Cash & sweep,cash,146543.22,1.0,146543.22,2.23
TDA_1006_2022,TDA_1006,2022-12-31,MSFT,MSFT common,us_equity,606.2861,237.65,144083.9,2.94
TDA_1006_2022,TDA_1006,2022-12-31,TM,TM common,intl_equity,226.9535,300.16,68122.35,1.39
TDA_1006_2022,TDA_1006,2022-12-31,NSRGY,NSRGY common,intl_equity,9622.8579,70.71,680432.28,13.9
TDA_1006_2022,TDA_1006,2022-12-31,UL,UL common,intl_equity,266.7609,305.61,81524.81,1.67
TDA_1006_2022,TDA_1006,2022-12-31,JPM,JPM common,us_equity,2116.8822,257.04,544123.41,11.12
TDA_1006_2022,TDA_1006,2022-12-31,PG,PG common,us_equity,4146.0504,281.67,1167818.02,23.86
TDA_1006_2022,TDA_1006,2022-12-31,SAP,SAP common,intl_equity,10224.1521,171.84,1756918.3,35.89
TDA_1006_2022,TDA_1006,2022-12-31,NVS,NVS common,intl_equity,6557.8468,52.36,343368.86,7.01
TDA_1006_2022,TDA_1006,2022-12-31,CASH,Cash & sweep,cash,108635.6,1.0,108635.6,2.22
TDA_1006_2023,TDA_1006,2023-12-31,XOM,XOM common,us_equity,27832.2949,44.66,1242990.29,20.15
TDA_1006_2023,TDA_1006,2023-12-31,SAP,SAP common,intl_equity,36.848,264.46,9744.82,0.16
TDA_1006_2023,TDA_1006,2023-12-31,BP,BP common,intl_equity,338.6216,346.91,117471.23,1.9
TDA_1006_2023,TDA_1006,2023-12-31,JPM,JPM common,us_equity,550.5969,126.11,69435.77,1.13
TDA_1006_2023,TDA_1006,2023-12-31,NSRGY,NSRGY common,intl_equity,2726.781,287.81,784794.83,12.73
TDA_1006_2023,TDA_1006,2023-12-31,TM,TM common,intl_equity,5152.812,116.63,600972.46,9.74
TDA_1006_2023,TDA_1006,2023-12-31,AAPL,AAPL common,us_equity,8551.1938,98.0,838016.99,13.59
TDA_1006_2023,TDA_1006,2023-12-31,SNY,SNY common,intl_equity,4320.318,146.24,631803.3,10.24
TDA_1006_2023,TDA_1006,2023-12-31,MSFT,MSFT common,us_equity,5406.3113,131.36,710173.05,11.52
TDA_1006_2023,TDA_1006,2023-12-31,NVS,NVS common,intl_equity,2284.3649,385.72,881125.22,14.29
TDA_1006_2023,TDA_1006,2023-12-31,CASH,Cash & sweep,cash,280705.45,1.0,280705.45,4.55
TDA_1006_2024,TDA_1006,2024-12-31,NSRGY,NSRGY common,intl_equity,1027.2282,48.6,49923.29,0.67
TDA_1006_2024,TDA_1006,2024-12-31,BP,BP common,intl_equity,5799.241,278.28,1613812.78,21.53
TDA_1006_2024,TDA_1006,2024-12-31,TM,TM common,intl_equity,3992.3304,162.68,649472.31,8.66
TDA_1006_2024,TDA_1006,2024-12-31,SNY,SNY common,intl_equity,1985.7172,223.9,444602.07,5.93
TDA_1006_2024,TDA_1006,2024-12-31,KO,KO common,us_equity,54.4596,257.24,14009.19,0.19
TDA_1006_2024,TDA_1006,2024-12-31,NVS,NVS common,intl_equity,6602.5226,333.8,2203922.06,29.4
TDA_1006_2024,TDA_1006,2024-12-31,PG,PG common,us_equity,1977.1224,370.84,733196.08,9.78
TDA_1006_2024,TDA_1006,2024-12-31,BRK.B,BRK.B common,us_equity,18398.1919,83.36,1533673.28,20.46
TDA_1006_2024,TDA_1006,2024-12-31,CASH,Cash & sweep,cash,253535.99,1.0,253535.99,3.38
TDA_1006_2025,TDA_1006,2025-12-31,MSFT,MSFT common,us_equity,10850.4842,29.78,323127.42,3.39
TDA_1006_2025,TDA_1006,2025-12-31,SNY,SNY common,intl_equity,3352.9615,354.17,1187518.36,12.47
TDA_1006_2025,TDA_1006,2025-12-31,AAPL,AAPL common,us_equity,10907.7081,175.49,1914193.69,20.1
TDA_1006_2025,TDA_1006,2025-12-31,BP,BP common,intl_equity,3225.1824,54.92,177127.02,1.86
TDA_1006_2025,TDA_1006,2025-12-31,BRK.B,BRK.B common,us_equity,9178.7634,129.78,1191219.92,12.51
TDA_1006_2025,TDA_1006,2025-12-31,NSRGY,NSRGY common,intl_equity,3343.7693,116.91,390920.07,4.1
TDA_1006_2025,TDA_1006,2025-12-31,TM,TM common,intl_equity,1453.9196,36.69,53344.31,0.56
TDA_1006_2025,TDA_1006,2025-12-31,PG,PG common,us_equity,7894.9967,145.75,1150695.77,12.08
TDA_1006_2025,TDA_1006,2025-12-31,JPM,JPM common,us_equity,15831.208,84.1,1331404.59,13.98
TDA_1006_2025,TDA_1006,2025-12-31,UL,UL common,intl_equity,5080.0883,101.17,513952.53,5.4
TDA_1006_2025,TDA_1006,2025-12-31,KO,KO common,us_equity,1915.4876,276.21,529076.82,5.56
TDA_1006_2025,TDA_1006,2025-12-31,JNJ,JNJ common,us_equity,4388.8957,80.17,351857.77,3.69
TDA_1006_2025,TDA_1006,2025-12-31,CASH,Cash & sweep,cash,408791.26,1.0,408791.26,4.29
SCHW_1007_2007,SCHW_1007,2007-12-31,KO,KO common,us_equity,347.1337,371.69,129026.14,23.67
SCHW_1007_2007,SCHW_1007,2007-12-31,PG,PG common,us_equity,35.4234,387.2,13715.94,2.52
SCHW_1007_2007,SCHW_1007,2007-12-31,JPM,JPM common,us_equity,56.9786,363.88,20733.38,3.8
SCHW_1007_2007,SCHW_1007,2007-12-31,NVS,NVS common,intl_equity,1349.7001,95.56,128977.34,23.66
SCHW_1007_2007,SCHW_1007,2007-12-31,UL,UL common,intl_equity,28.0898,336.6,9455.01,1.73
SCHW_1007_2007,SCHW_1007,2007-12-31,AAPL,AAPL common,us_equity,658.9356,148.35,97753.1,17.94
SCHW_1007_2007,SCHW_1007,2007-12-31,SNY,SNY common,intl_equity,14.9106,129.73,1934.35,0.35
SCHW_1007_2007,SCHW_1007,2007-12-31,NSRGY,NSRGY common,intl_equity,263.8269,282.2,74451.96,13.66
SCHW_1007_2007,SCHW_1007,2007-12-31,JNJ,JNJ common,us_equity,817.103,52.44,42848.88,7.86
SCHW_1007_2007,SCHW_1007,2007-12-31,BRK.B,BRK.B common,us_equity,273.4529,22.06,6032.37,1.11
SCHW_1007_2007,SCHW_1007,2007-12-31,CASH,Cash & sweep,cash,20090.53,1.0,20090.53,3.69
SCHW_1007_2008,SCHW_1007,2008-12-31,NSRGY,NSRGY common,intl_equity,74.4005,197.0,14656.9,3.64
SCHW_1007_2008,SCHW_1007,2008-12-31,KO,KO common,us_equity,362.6032,277.52,100629.64,25.0
SCHW_1007_2008,SCHW_1007,2008-12-31,SNY,SNY common,intl_equity,147.1525,360.9,53107.32,13.19
SCHW_1007_2008,SCHW_1007,2008-12-31,JPM,JPM common,us_equity,243.1059,256.01,62237.55,15.46
SCHW_1007_2008,SCHW_1007,2008-12-31,AAPL,AAPL common,us_equity,58.2033,81.1,4720.29,1.17
SCHW_1007_2008,SCHW_1007,2008-12-31,SAP,SAP common,intl_equity,154.1285,141.36,21787.6,5.41
SCHW_1007_2008,SCHW_1007,2008-12-31,BRK.B,BRK.B common,us_equity,43.6857,370.59,16189.47,4.02
SCHW_1007_2008,SCHW_1007,2008-12-31,MSFT,MSFT common,us_equity,850.6043,37.48,31880.65,7.92
SCHW_1007_2008,SCHW_1007,2008-12-31,BP,BP common,intl_equity,786.1366,104.24,81946.88,20.36
SCHW_1007_2008,SCHW_1007,2008-12-31,CASH,Cash & sweep,cash,15391.96,1.0,15391.96,3.82
SCHW_1007_2009,SCHW_1007,2009-12-31,NVS,NVS common,intl_equity,1932.4339,95.98,185475.01,23.75
SCHW_1007_2009,SCHW_1007,2009-12-31,BP,BP common,intl_equity,169.5716,304.54,51641.33,6.61
SCHW_1007_2009,SCHW_1007,2009-12-31,NSRGY,NSRGY common,intl_equity,174.4421,385.81,67301.49,8.62
SCHW_1007_2009,SCHW_1007,2009-12-31,SNY,SNY common,intl_equity,74.29,393.78,29253.9,3.75
SCHW_1007_2009,SCHW_1007,2009-12-31,BRK.B,BRK.B common,us_equity,88.6735,155.73,13809.13,1.77
SCHW_1007_2009,SCHW_1007,2009-12-31,UL,UL common,intl_equity,2449.0708,44.91,109987.77,14.08
SCHW_1007_2009,SCHW_1007,2009-12-31,XOM,XOM common,us_equity,680.5404,141.29,96153.55,12.31
SCHW_1007_2009,SCHW_1007,2009-12-31,SAP,SAP common,intl_equity,599.1701,46.57,27903.35,3.57
SCHW_1007_2009,SCHW_1007,2009-12-31,KO,KO common,us_equity,96.514,395.32,38153.92,4.89
SCHW_1007_2009,SCHW_1007,2009-12-31,AAPL,AAPL common,us_equity,908.2645,136.72,124177.92,15.9
SCHW_1007_2009,SCHW_1007,2009-12-31,JNJ,JNJ common,us_equity,37.4689,342.06,12816.6,1.64
SCHW_1007_2009,SCHW_1007,2009-12-31,CASH,Cash & sweep,cash,24319.36,1.0,24319.36,3.11
SCHW_1007_2010,SCHW_1007,2010-12-31,TM,TM common,intl_equity,2706.8588,58.8,159163.3,14.97
SCHW_1007_2010,SCHW_1007,2010-12-31,PG,PG common,us_equity,2064.1658,107.54,221980.39,20.88
SCHW_1007_2010,SCHW_1007,2010-12-31,SNY,SNY common,intl_equity,59.11,344.85,20384.07,1.92
SCHW_1007_2010,SCHW_1007,2010-12-31,XOM,XOM common,us_equity,462.1962,243.73,112651.07,10.6
SCHW_1007_2010,SCHW_1007,2010-12-31,KO,KO common,us_equity,1365.2228,147.54,201424.97,18.95
SCHW_1007_2010,SCHW_1007,2010-12-31,BRK.B,BRK.B common,us_equity,112.5784,325.32,36624.0,3.45
SCHW_1007_2010,SCHW_1007,2010-12-31,AAPL,AAPL common,us_equity,181.7988,266.0,48358.47,4.55
SCHW_1007_2010,SCHW_1007,2010-12-31,JPM,JPM common,us_equity,3472.4716,64.89,225328.68,21.2
SCHW_1007_2010,SCHW_1007,2010-12-31,CASH,Cash & sweep,cash,36985.83,1.0,36985.83,3.48
SCHW_1007_2011,SCHW_1007,2011-12-31,TM,TM common,intl_equity,167.2364,314.47,52590.83,4.53
SCHW_1007_2011,SCHW_1007,2011-12-31,NSRGY,NSRGY common,intl_equity,734.5888,307.75,226069.69,19.49
SCHW_1007_2011,SCHW_1007,2011-12-31,MSFT,MSFT common,us_equity,88.8659,351.97,31278.13,2.7
SCHW_1007_2011,SCHW_1007,2011-12-31,SAP,SAP common,intl_equity,608.8168,149.18,90823.29,7.83
SCHW_1007_2011,SCHW_1007,2011-12-31,BP,BP common,intl_equity,592.6745,158.09,93695.91,8.08
SCHW_1007_2011,SCHW_1007,2011-12-31,JPM,JPM common,us_equity,1199.2437,113.84,136521.9,11.77
SCHW_1007_2011,SCHW_1007,2011-12-31,JNJ,JNJ common,us_equity,258.6149,370.32,95770.28,8.26
SCHW_1007_2011,SCHW_1007,2011-12-31,KO,KO common,us_equity,245.7039,363.44,89298.63,7.7
SCHW_1007_2011,SCHW_1007,2011-12-31,SNY,SNY common,intl_equity,1125.4923,187.97,211558.78,18.24
SCHW_1007_2011,SCHW_1007,2011-12-31,UL,UL common,intl_equity,604.0533,172.45,104169.0,8.98
SCHW_1007_2011,SCHW_1007,2011-12-31,CASH,Cash & sweep,cash,28309.95,1.0,28309.95,2.44
SCHW_1007_2012,SCHW_1007,2012-12-31,BP,BP common,intl_equity,528.3005,299.13,158030.54,9.86
SCHW_1007_2012,SCHW_1007,2012-12-31,NVS,NVS common,intl_equity,144.9448,334.19,48439.09,3.02
SCHW_1007_2012,SCHW_1007,2012-12-31,JPM,JPM common,us_equity,912.6746,385.36,351708.29,21.94
SCHW_1007_2012,SCHW_1007,2012-12-31,SAP,SAP common,intl_equity,6.7788,274.27,1859.22,0.12
SCHW_1007_2012,SCHW_1007,2012-12-31,PG,PG common,us_equity,1038.882,117.55,122120.58,7.62
SCHW_1007_2012,SCHW_1007,2012-12-31,TM,TM common,intl_equity,625.9608,239.96,150205.55,9.37
SCHW_1007_2012,SCHW_1007,2012-12-31,AAPL,AAPL common,us_equity,723.553,186.63,135036.69,8.42
SCHW_1007_2012,SCHW_1007,2012-12-31,SNY,SNY common,intl_equity,618.527,109.35,67635.93,4.22
SCHW_1007_2012,SCHW_1007,2012-12-31,UL,UL common,intl_equity,719.8865,146.32,105333.79,6.57
SCHW_1007_2012,SCHW_1007,2012-12-31,MSFT,MSFT common,us_equity,2642.3413,107.08,282941.91,17.65
SCHW_1007_2012,SCHW_1007,2012-12-31,JNJ,JNJ common,us_equity,582.5378,224.75,130925.37,8.17
SCHW_1007_2012,SCHW_1007,2012-12-31,CASH,Cash & sweep,cash,48675.22,1.0,48675.22,3.04
SCHW_1007_2013,SCHW_1007,2013-12-31,SAP,SAP common,intl_equity,1942.1965,72.87,141527.86,6.7
SCHW_1007_2013,SCHW_1007,2013-12-31,SNY,SNY common,intl_equity,798.8928,253.46,202487.36,9.58
SCHW_1007_2013,SCHW_1007,2013-12-31,JPM,JPM common,us_equity,1462.3607,46.35,67780.42,3.21
SCHW_1007_2013,SCHW_1007,2013-12-31,BRK.B,BRK.B common,us_equity,524.6499,220.03,115438.71,5.46
SCHW_1007_2013,SCHW_1007,2013-12-31,NSRGY,NSRGY common,intl_equity,2486.0863,327.8,814939.08,38.57
SCHW_1007_2013,SCHW_1007,2013-12-31,UL,UL common,intl_equity,1151.5658,311.25,358424.84,16.96
SCHW_1007_2013,SCHW_1007,2013-12-31,AAPL,AAPL common,us_equity,1207.3901,274.67,331633.83,15.7
SCHW_1007_2013,SCHW_1007,2013-12-31,CASH,Cash & sweep,cash,80625.3,1.0,80625.3,3.82
SCHW_1007_2014,SCHW_1007,2014-12-31,JNJ,JNJ common,us_equity,783.5722,363.05,284475.87,13.72
SCHW_1007_2014,SCHW_1007,2014-12-31,NSRGY,NSRGY common,intl_equity,4030.7315,75.79,305489.14,14.73
SCHW_1007_2014,SCHW_1007,2014-12-31,NVS,NVS common,intl_equity,592.6154,325.72,193026.69,9.31
SCHW_1007_2014,SCHW_1007,2014-12-31,UL,UL common,intl_equity,432.6742,378.65,163832.07,7.9
SCHW_1007_2014,SCHW_1007,2014-12-31,XOM,XOM common,us_equity,1881.3835,303.82,571601.93,27.56
SCHW_1007_2014,SCHW_1007,2014-12-31,TM,TM common,intl_equity,1536.1868,63.7,97855.1,4.72
SCHW_1007_2014,SCHW_1007,2014-12-31,SNY,SNY common,intl_equity,553.5858,78.32,43356.84,2.09
SCHW_1007_2014,SCHW_1007,2014-12-31,SAP,SAP common,intl_equity,236.1676,53.39,12608.99,0.61
SCHW_1007_2014,SCHW_1007,2014-12-31,MSFT,MSFT common,us_equity,1401.8505,146.86,205875.76,9.93
SCHW_1007_2014,SCHW_1007,2014-12-31,BP,BP common,intl_equity,300.004,308.42,92527.22,4.46
SCHW_1007_2014,SCHW_1007,2014-12-31,CASH,Cash & sweep,cash,103189.55,1.0,103189.55,4.98
SCHW_1007_2015,SCHW_1007,2015-12-31,BRK.B,BRK.B common,us_equity,438.6651,348.5,152874.78,7.61
SCHW_1007_2015,SCHW_1007,2015-12-31,AAPL,AAPL common,us_equity,1454.7775,342.49,498246.73,24.8
SCHW_1007_2015,SCHW_1007,2015-12-31,XOM,XOM common,us_equity,626.7606,235.92,147865.35,7.36
SCHW_1007_2015,SCHW_1007,2015-12-31,BP,BP common,intl_equity,325.2167,351.53,114323.41,5.69
SCHW_1007_2015,SCHW_1007,2015-12-31,NSRGY,NSRGY common,intl_equity,3796.2793,73.35,278457.09,13.86
SCHW_1007_2015,SCHW_1007,2015-12-31,MSFT,MSFT common,us_equity,1881.1385,393.85,740886.41,36.88
SCHW_1007_2015,SCHW_1007,2015-12-31,CASH,Cash & sweep,cash,76207.45,1.0,102707.45,3.79
SCHW_1007_2016,SCHW_1007,2016-12-31,BP,BP common,intl_equity,989.6533,267.01,264247.33,11.82
SCHW_1007_2016,SCHW_1007,2016-12-31,UL,UL common,intl_equity,221.9465,240.62,53404.77,2.39
SCHW_1007_2016,SCHW_1007,2016-12-31,SAP,SAP common,intl_equity,461.6333,202.03,93263.78,4.17
SCHW_1007_2016,SCHW_1007,2016-12-31,NSRGY,NSRGY common,intl_equity,216.7371,315.41,68361.06,3.06
SCHW_1007_2016,SCHW_1007,2016-12-31,MSFT,MSFT common,us_equity,1509.5431,237.36,358305.16,16.03
SCHW_1007_2016,SCHW_1007,2016-12-31,JNJ,JNJ common,us_equity,1947.65,361.41,703900.2,31.49
SCHW_1007_2016,SCHW_1007,2016-12-31,AAPL,AAPL common,us_equity,249.7544,242.38,60535.47,2.71
SCHW_1007_2016,SCHW_1007,2016-12-31,NVS,NVS common,intl_equity,47.013,353.03,16597.0,0.74
SCHW_1007_2016,SCHW_1007,2016-12-31,BRK.B,BRK.B common,us_equity,314.4934,348.35,109553.76,4.9
SCHW_1007_2016,SCHW_1007,2016-12-31,XOM,XOM common,us_equity,25.8407,288.56,7456.58,0.33
SCHW_1007_2016,SCHW_1007,2016-12-31,JPM,JPM common,us_equity,2286.0106,145.13,331768.72,14.84
SCHW_1007_2016,SCHW_1007,2016-12-31,KO,KO common,us_equity,298.6933,204.91,61205.25,2.74
SCHW_1007_2016,SCHW_1007,2016-12-31,CASH,Cash & sweep,cash,106446.44,1.0,132946.44,4.76
SCHW_1007_2017,SCHW_1007,2017-12-31,MSFT,MSFT common,us_equity,712.558,332.33,236804.39,8.02
SCHW_1007_2017,SCHW_1007,2017-12-31,UL,UL common,intl_equity,1871.8161,111.77,209212.89,7.09
SCHW_1007_2017,SCHW_1007,2017-12-31,XOM,XOM common,us_equity,127.3245,324.87,41363.91,1.4
SCHW_1007_2017,SCHW_1007,2017-12-31,NSRGY,NSRGY common,intl_equity,539.6088,266.35,143724.81,4.87
SCHW_1007_2017,SCHW_1007,2017-12-31,TM,TM common,intl_equity,1314.7306,125.64,165182.75,5.6
SCHW_1007_2017,SCHW_1007,2017-12-31,BP,BP common,intl_equity,259.5938,129.31,33568.08,1.14
SCHW_1007_2017,SCHW_1007,2017-12-31,BRK.B,BRK.B common,us_equity,149.1527,85.12,12695.88,0.43
SCHW_1007_2017,SCHW_1007,2017-12-31,AAPL,AAPL common,us_equity,3312.11,228.0,755161.09,25.58
SCHW_1007_2017,SCHW_1007,2017-12-31,KO,KO common,us_equity,453.14,388.08,175854.59,5.96
SCHW_1007_2017,SCHW_1007,2017-12-31,PG,PG common,us_equity,2052.6346,320.11,657068.87,22.26
SCHW_1007_2017,SCHW_1007,2017-12-31,SNY,SNY common,intl_equity,547.6543,83.26,45597.7,1.54
SCHW_1007_2017,SCHW_1007,2017-12-31,JNJ,JNJ common,us_equity,6146.1128,65.53,402754.77,13.64
SCHW_1007_2017,SCHW_1007,2017-12-31,CASH,Cash & sweep,cash,73204.91,1.0,99704.91,2.48
SCHW_1007_2018,SCHW_1007,2018-12-31,JPM,JPM common,us_equity,912.2799,303.33,276721.85,10.65
SCHW_1007_2018,SCHW_1007,2018-12-31,JNJ,JNJ common,us_equity,1134.4588,120.79,137031.28,5.27
SCHW_1007_2018,SCHW_1007,2018-12-31,AAPL,AAPL common,us_equity,932.7753,111.06,103594.02,3.99
SCHW_1007_2018,SCHW_1007,2018-12-31,SAP,SAP common,intl_equity,496.6119,257.65,127952.06,4.92
SCHW_1007_2018,SCHW_1007,2018-12-31,KO,KO common,us_equity,1081.4118,176.33,190685.34,7.34
SCHW_1007_2018,SCHW_1007,2018-12-31,NSRGY,NSRGY common,intl_equity,198.8783,335.49,66721.67,2.57
SCHW_1007_2018,SCHW_1007,2018-12-31,TM,TM common,intl_equity,5178.0992,23.7,122720.95,4.72
SCHW_1007_2018,SCHW_1007,2018-12-31,MSFT,MSFT common,us_equity,2951.5274,225.8,666454.89,25.65
SCHW_1007_2018,SCHW_1007,2018-12-31,BRK.B,BRK.B common,us_equity,913.344,152.48,139266.7,5.36
SCHW_1007_2018,SCHW_1007,2018-12-31,NVS,NVS common,intl_equity,2026.9094,100.7,204109.78,7.86
SCHW_1007_2018,SCHW_1007,2018-12-31,UL,UL common,intl_equity,615.2917,349.82,215241.33,8.28
SCHW_1007_2018,SCHW_1007,2018-12-31,XOM,XOM common,us_equity,2828.9883,102.45,289829.85,11.15
SCHW_1007_2018,SCHW_1007,2018-12-31,CASH,Cash & sweep,cash,57929.21,1.0,84429.21,2.23
SCHW_1007_2019,SCHW_1007,2019-12-31,JNJ,JNJ common,us_equity,1108.4661,161.94,179505.0,5.07
SCHW_1007_2019,SCHW_1007,2019-12-31,NSRGY,NSRGY common,intl_equity,538.1101,210.97,113525.09,3.21
SCHW_1007_2019,SCHW_1007,2019-12-31,SNY,SNY common,intl_equity,2278.5566,234.29,533843.02,15.08
SCHW_1007_2019,SCHW_1007,2019-12-31,NVS,NVS common,intl_equity,10258.2929,154.24,1582239.09,44.7
SCHW_1007_2019,SCHW_1007,2019-12-31,UL,UL common,intl_equity,9481.4846,23.32,221108.22,6.25
SCHW_1007_2019,SCHW_1007,2019-12-31,AAPL,AAPL common,us_equity,443.7973,299.44,132890.66,3.75
SCHW_1007_2019,SCHW_1007,2019-12-31,KO,KO common,us_equity,2581.8987,63.59,164182.94,4.64
SCHW_1007_2019,SCHW_1007,2019-12-31,JPM,JPM common,us_equity,288.6401,344.63,99474.04,2.81
SCHW_1007_2019,SCHW_1007,2019-12-31,SAP,SAP common,intl_equity,1255.0382,113.82,142848.45,4.04
SCHW_1007_2019,SCHW_1007,2019-12-31,PG,PG common,us_equity,450.2544,117.14,52742.8,1.49
SCHW_1007_2019,SCHW_1007,2019-12-31,TM,TM common,intl_equity,872.6177,223.42,194960.24,5.51
SCHW_1007_2019,SCHW_1007,2019-12-31,CASH,Cash & sweep,cash,122756.05,1.0,149256.05,3.47
SCHW_1007_2020,SCHW_1007,2020-12-31,BRK.B,BRK.B common,us_equity,37768.479,26.87,1014839.03,23.62
SCHW_1007_2020,SCHW_1007,2020-12-31,KO,KO common,us_equity,901.7203,61.93,55843.54,1.3
SCHW_1007_2020,SCHW_1007,2020-12-31,SAP,SAP common,intl_equity,1472.5984,304.72,448730.19,10.44
SCHW_1007_2020,SCHW_1007,2020-12-31,TM,TM common,intl_equity,15845.7219,68.83,1090661.04,25.38
SCHW_1007_2020,SCHW_1007,2020-12-31,MSFT,MSFT common,us_equity,3315.4798,42.31,140277.95,3.26
SCHW_1007_2020,SCHW_1007,2020-12-31,BP,BP common,intl_equity,10911.5232,94.24,1028301.95,23.93
SCHW_1007_2020,SCHW_1007,2020-12-31,SNY,SNY common,intl_equity,1205.8492,391.55,472150.26,10.99
SCHW_1007_2020,SCHW_1007,2020-12-31,CASH,Cash & sweep,cash,45681.41,1.0,72181.41,1.06
SCHW_1007_2021,SCHW_1007,2021-12-31,AAPL,AAPL common,us_equity,1328.0664,345.47,458807.11,8.65
SCHW_1007_2021,SCHW_1007,2021-12-31,NVS,NVS common,intl_equity,2127.363,274.64,584258.98,11.02
SCHW_1007_2021,SCHW_1007,2021-12-31,BRK.B,BRK.B common,us_equity,3462.2279,235.12,814039.03,15.35
SCHW_1007_2021,SCHW_1007,2021-12-31,SAP,SAP common,intl_equity,1498.1854,326.22,488738.04,9.22
SCHW_1007_2021,SCHW_1007,2021-12-31,TM,TM common,intl_equity,21.9553,209.18,4592.62,0.09
SCHW_1007_2021,SCHW_1007,2021-12-31,XOM,XOM common,us_equity,446.5764,273.55,122160.97,2.3
SCHW_1007_2021,SCHW_1007,2021-12-31,PG,PG common,us_equity,8091.6401,206.11,1667767.95,31.45
SCHW_1007_2021,SCHW_1007,2021-12-31,UL,UL common,intl_equity,6039.6359,153.96,929862.34,17.53
SCHW_1007_2021,SCHW_1007,2021-12-31,CASH,Cash & sweep,cash,233493.21,1.0,259993.21,4.4
SCHW_1007_2022,SCHW_1007,2022-12-31,PG,PG common,us_equity,3612.2599,389.84,1408203.41,35.71
SCHW_1007_2022,SCHW_1007,2022-12-31,XOM,XOM common,us_equity,1185.8184,274.76,325815.45,8.26
SCHW_1007_2022,SCHW_1007,2022-12-31,TM,TM common,intl_equity,1077.2211,385.88,415678.09,10.54
SCHW_1007_2022,SCHW_1007,2022-12-31,KO,KO common,us_equity,1049.7465,295.91,310630.48,7.88
SCHW_1007_2022,SCHW_1007,2022-12-31,JPM,JPM common,us_equity,1465.5034,283.51,415484.88,10.54
SCHW_1007_2022,SCHW_1007,2022-12-31,UL,UL common,intl_equity,4969.9306,199.77,992843.04,25.18
SCHW_1007_2022,SCHW_1007,2022-12-31,CASH,Cash & sweep,cash,74401.94,1.0,100901.94,1.89
SCHW_1007_2023,SCHW_1007,2023-12-31,KO,KO common,us_equity,1799.4468,53.22,95766.56,1.98
SCHW_1007_2023,SCHW_1007,2023-12-31,SAP,SAP common,intl_equity,2288.8557,78.84,180453.38,3.72
SCHW_1007_2023,SCHW_1007,2023-12-31,BRK.B,BRK.B common,us_equity,22252.4433,21.0,467301.31,9.64
SCHW_1007_2023,SCHW_1007,2023-12-31,JPM,JPM common,us_equity,20359.2059,62.32,1268785.71,26.17
SCHW_1007_2023,SCHW_1007,2023-12-31,UL,UL common,intl_equity,14751.1325,30.34,447549.36,9.23
SCHW_1007_2023,SCHW_1007,2023-12-31,MSFT,MSFT common,us_equity,4603.131,166.22,765132.44,15.78
SCHW_1007_2023,SCHW_1007,2023-12-31,XOM,XOM common,us_equity,720.4822,254.33,183240.24,3.78
SCHW_1007_2023,SCHW_1007,2023-12-31,NVS,NVS common,intl_equity,882.1987,347.24,306334.69,6.32
SCHW_1007_2023,SCHW_1007,2023-12-31,TM,TM common,intl_equity,5231.4977,175.3,917081.55,18.92
SCHW_1007_2023,SCHW_1007,2023-12-31,CASH,Cash & sweep,cash,216373.34,1.0,242873.34,4.46
SCHW_1007_2024,SCHW_1007,2024-12-31,JNJ,JNJ common,us_equity,2861.4661,51.28,146735.98,2.5
SCHW_1007_2024,SCHW_1007,2024-12-31,SAP,SAP common,intl_equity,1190.5765,137.28,163442.34,2.78
SCHW_1007_2024,SCHW_1007,2024-12-31,TM,TM common,intl_equity,1996.7768,359.14,717122.43,12.2
SCHW_1007_2024,SCHW_1007,2024-12-31,XOM,XOM common,us_equity,1085.8359,253.02,274738.2,4.67
SCHW_1007_2024,SCHW_1007,2024-12-31,BRK.B,BRK.B common,us_equity,1946.8358,307.9,599430.74,10.2
SCHW_1007_2024,SCHW_1007,2024-12-31,BP,BP common,intl_equity,123.859,210.67,26093.38,0.44
SCHW_1007_2024,SCHW_1007,2024-12-31,JPM,JPM common,us_equity,2640.0588,98.01,258752.16,4.4
SCHW_1007_2024,SCHW_1007,2024-12-31,PG,PG common,us_equity,249.0656,367.31,91484.27,1.56
SCHW_1007_2024,SCHW_1007,2024-12-31,NSRGY,NSRGY common,intl_equity,8227.5871,120.28,989614.18,16.83
SCHW_1007_2024,SCHW_1007,2024-12-31,SNY,SNY common,intl_equity,11375.6723,84.6,962381.88,16.37
SCHW_1007_2024,SCHW_1007,2024-12-31,MSFT,MSFT common,us_equity,5963.2314,266.58,1589678.22,27.04
SCHW_1007_2024,SCHW_1007,2024-12-31,CASH,Cash & sweep,cash,60104.47,1.0,86604.47,1.02
SCHW_1007_2025,SCHW_1007,2025-12-31,JNJ,JNJ common,us_equity,7960.1429,236.1,1879389.75,25.76
SCHW_1007_2025,SCHW_1007,2025-12-31,AAPL,AAPL common,us_equity,3775.8905,198.97,751288.93,10.3
SCHW_1007_2025,SCHW_1007,2025-12-31,NVS,NVS common,intl_equity,4975.0435,311.41,1549278.29,21.23
SCHW_1007_2025,SCHW_1007,2025-12-31,SNY,SNY common,intl_equity,274.6521,297.4,81681.54,1.12
SCHW_1007_2025,SCHW_1007,2025-12-31,UL,UL common,intl_equity,1355.4888,243.84,330522.39,4.53
SCHW_1007_2025,SCHW_1007,2025-12-31,BRK.B,BRK.B common,us_equity,6869.233,45.49,312481.41,4.28
SCHW_1007_2025,SCHW_1007,2025-12-31,SAP,SAP common,intl_equity,4512.5205,108.14,487983.97,6.69
SCHW_1007_2025,SCHW_1007,2025-12-31,NSRGY,NSRGY common,intl_equity,1446.5239,391.98,567008.42,7.77
SCHW_1007_2025,SCHW_1007,2025-12-31,JPM,JPM common,us_equity,6026.9908,172.94,1042307.79,14.28
SCHW_1007_2025,SCHW_1007,2025-12-31,CASH,Cash & sweep,cash,294603.63,1.0,321103.63,4.04
FIDE_1008_2009,FIDE_1008,2009-12-31,UL,UL common,intl_equity,560.9829,209.38,117458.6,10.25
FIDE_1008_2009,FIDE_1008,2009-12-31,PG,PG common,us_equity,2457.8319,27.78,68278.57,5.96
FIDE_1008_2009,FIDE_1008,2009-12-31,TM,TM common,intl_equity,719.3987,67.34,48444.31,4.23
FIDE_1008_2009,FIDE_1008,2009-12-31,NSRGY,NSRGY common,intl_equity,3180.6551,61.35,195133.19,17.03
FIDE_1008_2009,FIDE_1008,2009-12-31,KO,KO common,us_equity,196.0123,283.06,55483.24,4.84
FIDE_1008_2009,FIDE_1008,2009-12-31,JNJ,JNJ common,us_equity,766.6444,289.18,221698.23,19.35
FIDE_1008_2009,FIDE_1008,2009-12-31,SAP,SAP common,intl_equity,2861.5587,112.63,322297.36,28.12
FIDE_1008_2009,FIDE_1008,2009-12-31,AAPL,AAPL common,us_equity,562.7473,136.74,76950.06,6.71
FIDE_1008_2009,FIDE_1008,2009-12-31,MSFT,MSFT common,us_equity,74.5496,313.6,23378.74,2.04
FIDE_1008_2009,FIDE_1008,2009-12-31,CASH,Cash & sweep,cash,16867.35,1.0,16867.35,1.47
FIDE_1008_2010,FIDE_1008,2010-12-31,JPM,JPM common,us_equity,252.0359,263.22,66340.89,4.46
FIDE_1008_2010,FIDE_1008,2010-12-31,KO,KO common,us_equity,4890.5552,54.54,266730.88,17.92
FIDE_1008_2010,FIDE_1008,2010-12-31,BRK.B,BRK.B common,us_equity,1185.6409,256.41,304010.19,20.42
FIDE_1008_2010,FIDE_1008,2010-12-31,BP,BP common,intl_equity,584.5244,342.73,200334.05,13.46
FIDE_1008_2010,FIDE_1008,2010-12-31,NSRGY,NSRGY common,intl_equity,492.2987,285.69,140644.81,9.45
FIDE_1008_2010,FIDE_1008,2010-12-31,XOM,XOM common,us_equity,2693.8264,65.39,176149.31,11.83
FIDE_1008_2010,FIDE_1008,2010-12-31,MSFT,MSFT common,us_equity,273.8415,181.02,49570.79,3.33
FIDE_1008_2010,FIDE_1008,2010-12-31,AAPL,AAPL common,us_equity,1799.7505,94.15,169446.51,11.38
FIDE_1008_2010,FIDE_1008,2010-12-31,NVS,NVS common,intl_equity,189.3896,271.06,51335.95,3.45
FIDE_1008_2010,FIDE_1008,2010-12-31,PG,PG common,us_equity,80.1424,290.02,23242.91,1.56
FIDE_1008_2010,FIDE_1008,2010-12-31,CASH,Cash & sweep,cash,41033.7,1.0,41033.7,2.76
FIDE_1008_2011,FIDE_1008,2011-12-31,BP,BP common,intl_equity,1570.4178,347.47,545673.08,34.41
FIDE_1008_2011,FIDE_1008,2011-12-31,AAPL,AAPL common,us_equity,870.9196,274.59,239145.8,15.08
FIDE_1008_2011,FIDE_1008,2011-12-31,JPM,JPM common,us_equity,181.2866,167.32,30332.87,1.91
FIDE_1008_2011,FIDE_1008,2011-12-31,SNY,SNY common,intl_equity,3714.3592,65.71,244070.54,15.39
FIDE_1008_2011,FIDE_1008,2011-12-31,SAP,SAP common,intl_equity,350.0301,211.63,74076.88,4.67
FIDE_1008_2011,FIDE_1008,2011-12-31,KO,KO common,us_equity,118.815,399.63,47482.05,2.99
FIDE_1008_2011,FIDE_1008,2011-12-31,NVS,NVS common,intl_equity,1016.3242,358.81,364667.29,23.0
FIDE_1008_2011,FIDE_1008,2011-12-31,BRK.B,BRK.B common,us_equity,515.5793,45.81,23618.69,1.49
FIDE_1008_2011,FIDE_1008,2011-12-31,CASH,Cash & sweep,cash,16634.02,1.0,16634.02,1.05
FIDE_1008_2012,FIDE_1008,2012-12-31,KO,KO common,us_equity,808.0077,284.79,230112.5,12.35
FIDE_1008_2012,FIDE_1008,2012-12-31,SNY,SNY common,intl_equity,272.5062,286.01,77939.49,4.18
FIDE_1008_2012,FIDE_1008,2012-12-31,NSRGY,NSRGY common,intl_equity,29.8225,392.72,11711.89,0.63
FIDE_1008_2012,FIDE_1008,2012-12-31,NVS,NVS common,intl_equity,768.0892,268.92,206554.55,11.09
FIDE_1008_2012,FIDE_1008,2012-12-31,SAP,SAP common,intl_equity,1602.0676,61.11,97902.35,5.25
FIDE_1008_2012,FIDE_1008,2012-12-31,MSFT,MSFT common,us_equity,851.6499,212.09,180626.42,9.69
FIDE_1008_2012,FIDE_1008,2012-12-31,JPM,JPM common,us_equity,216.0082,370.44,80018.06,4.29
FIDE_1008_2012,FIDE_1008,2012-12-31,BRK.B,BRK.B common,us_equity,3146.8938,69.21,217796.52,11.69
FIDE_1008_2012,FIDE_1008,2012-12-31,UL,UL common,intl_equity,18090.7915,39.42,713139.0,38.27
FIDE_1008_2012,FIDE_1008,2012-12-31,CASH,Cash & sweep,cash,47568.98,1.0,47568.98,2.55
FIDE_1008_2013,FIDE_1008,2013-12-31,PG,PG common,us_equity,678.6365,251.05,170371.69,6.95
FIDE_1008_2013,FIDE_1008,2013-12-31,MSFT,MSFT common,us_equity,1956.0206,126.79,248003.85,10.11
FIDE_1008_2013,FIDE_1008,2013-12-31,AAPL,AAPL common,us_equity,1555.6719,245.41,381777.44,15.56
FIDE_1008_2013,FIDE_1008,2013-12-31,BP,BP common,intl_equity,1325.0299,340.48,451146.17,18.39
FIDE_1008_2013,FIDE_1008,2013-12-31,TM,TM common,intl_equity,2805.6237,186.93,524455.23,21.38
FIDE_1008_2013,FIDE_1008,2013-12-31,NSRGY,NSRGY common,intl_equity,1883.196,305.63,575561.18,23.46
FIDE_1008_2013,FIDE_1008,2013-12-31,CASH,Cash & sweep,cash,101705.74,1.0,101705.74,4.15
FIDE_1008_2014,FIDE_1008,2014-12-31,PG,PG common,us_equity,96.3984,366.61,35340.61,1.42
FIDE_1008_2014,FIDE_1008,2014-12-31,TM,TM common,intl_equity,7037.71,82.25,578851.65,23.3
FIDE_1008_2014,FIDE_1008,2014-12-31,XOM,XOM common,us_equity,1459.7919,347.54,507336.09,20.42
FIDE_1008_2014,FIDE_1008,2014-12-31,JNJ,JNJ common,us_equity,1356.4171,243.22,329907.76,13.28
FIDE_1008_2014,FIDE_1008,2014-12-31,SNY,SNY common,intl_equity,233.3419,363.62,84847.77,3.42
FIDE_1008_2014,FIDE_1008,2014-12-31,KO,KO common,us_equity,2359.849,379.56,895704.3,36.06
FIDE_1008_2014,FIDE_1008,2014-12-31,CASH,Cash & sweep,cash,51950.02,1.0,51950.02,2.09
FIDE_1008_2015,FIDE_1008,2015-12-31,NVS,NVS common,intl_equity,987.9491,371.92,367438.04,15.22
FIDE_1008_2015,FIDE_1008,2015-12-31,PG,PG common,us_equity,294.4766,210.8,62075.67,2.57
FIDE_1008_2015,FIDE_1008,2015-12-31,BRK.B,BRK.B common,us_equity,1493.3017,119.86,178987.14,7.42
FIDE_1008_2015,FIDE_1008,2015-12-31,TM,TM common,intl_equity,2792.0266,112.05,312846.58,12.96
FIDE_1008_2015,FIDE_1008,2015-12-31,SAP,SAP common,intl_equity,1363.882,318.87,434901.05,18.02
FIDE_1008_2015,FIDE_1008,2015-12-31,JNJ,JNJ common,us_equity,3283.2721,308.89,1014169.93,42.02
FIDE_1008_2015,FIDE_1008,2015-12-31,CASH,Cash & sweep,cash,43107.19,1.0,43107.19,1.79
FIDE_1008_2016,FIDE_1008,2016-12-31,NVS,NVS common,intl_equity,393.5447,342.38,134741.84,5.37
FIDE_1008_2016,FIDE_1008,2016-12-31,UL,UL common,intl_equity,840.01,356.11,299135.97,11.93
FIDE_1008_2016,FIDE_1008,2016-12-31,BRK.B,BRK.B common,us_equity,2527.2277,251.77,636280.12,25.38
FIDE_1008_2016,FIDE_1008,2016-12-31,SNY,SNY common,intl_equity,5083.294,112.54,572073.91,22.82
FIDE_1008_2016,FIDE_1008,2016-12-31,JPM,JPM common,us_equity,16356.798,26.73,437217.21,17.44
FIDE_1008_2016,FIDE_1008,2016-12-31,TM,TM common,intl_equity,1058.1248,309.24,327214.5,13.05
FIDE_1008_2016,FIDE_1008,2016-12-31,CASH,Cash & sweep,cash,100390.56,1.0,100390.56,4.0
FIDE_1008_2017,FIDE_1008,2017-12-31,NSRGY,NSRGY common,intl_equity,4503.1943,167.82,755726.07,23.45
FIDE_1008_2017,FIDE_1008,2017-12-31,NVS,NVS common,intl_equity,258.0675,235.11,60674.24,1.88
FIDE_1008_2017,FIDE_1008,2017-12-31,UL,UL common,intl_equity,485.3575,135.1,65571.8,2.03
FIDE_1008_2017,FIDE_1008,2017-12-31,SNY,SNY common,intl_equity,1367.3714,75.47,103195.52,3.2
FIDE_1008_2017,FIDE_1008,2017-12-31,PG,PG common,us_equity,162.7909,365.27,59462.62,1.85
FIDE_1008_2017,FIDE_1008,2017-12-31,SAP,SAP common,intl_equity,6240.7488,66.6,415633.87,12.9
FIDE_1008_2017,FIDE_1008,2017-12-31,JPM,JPM common,us_equity,253.0945,395.03,99979.91,3.1
FIDE_1008_2017,FIDE_1008,2017-12-31,MSFT,MSFT common,us_equity,204.1129,340.92,69586.17,2.16
FIDE_1008_2017,FIDE_1008,2017-12-31,JNJ,JNJ common,us_equity,4078.6744,189.83,774254.76,24.02
FIDE_1008_2017,FIDE_1008,2017-12-31,XOM,XOM common,us_equity,1894.2653,347.06,657423.71,20.4
FIDE_1008_2017,FIDE_1008,2017-12-31,KO,KO common,us_equity,2374.8861,44.43,105516.19,3.27
FIDE_1008_2017,FIDE_1008,2017-12-31,CASH,Cash & sweep,cash,55698.26,1.0,55698.26,1.73
FIDE_1008_2018,FIDE_1008,2018-12-31,NSRGY,NSRGY common,intl_equity,2476.823,339.9,841872.15,29.15
FIDE_1008_2018,FIDE_1008,2018-12-31,AAPL,AAPL common,us_equity,302.3829,383.36,115921.5,4.01
FIDE_1008_2018,FIDE_1008,2018-12-31,MSFT,MSFT common,us_equity,865.0231,96.94,83855.34,2.9
FIDE_1008_2018,FIDE_1008,2018-12-31,XOM,XOM common,us_equity,3028.6663,101.03,305986.16,10.59
FIDE_1008_2018,FIDE_1008,2018-12-31,TM,TM common,intl_equity,3403.4846,336.48,1145204.5,39.65
FIDE_1008_2018,FIDE_1008,2018-12-31,SNY,SNY common,intl_equity,25.2487,215.59,5443.37,0.19
FIDE_1008_2018,FIDE_1008,2018-12-31,UL,UL common,intl_equity,2246.6447,113.19,254297.71,8.8
FIDE_1008_2018,FIDE_1008,2018-12-31,CASH,Cash & sweep,cash,135787.38,1.0,135787.38,4.7
FIDE_1008_2019,FIDE_1008,2019-12-31,JPM,JPM common,us_equity,19376.0241,25.29,490019.65,12.87
FIDE_1008_2019,FIDE_1008,2019-12-31,SAP,SAP common,intl_equity,128.3288,385.34,49450.21,1.3
FIDE_1008_2019,FIDE_1008,2019-12-31,MSFT,MSFT common,us_equity,1411.042,368.15,519475.1,13.64
FIDE_1008_2019,FIDE_1008,2019-12-31,NSRGY,NSRGY common,intl_equity,22935.9177,58.58,1343586.06,35.28
FIDE_1008_2019,FIDE_1008,2019-12-31,PG,PG common,us_equity,1553.5026,229.85,357072.58,9.38
FIDE_1008_2019,FIDE_1008,2019-12-31,KO,KO common,us_equity,1049.6119,138.76,145644.15,3.82
FIDE_1008_2019,FIDE_1008,2019-12-31,BRK.B,BRK.B common,us_equity,3385.431,100.49,340201.96,8.93
FIDE_1008_2019,FIDE_1008,2019-12-31,UL,UL common,intl_equity,3209.7228,124.21,398679.67,10.47
FIDE_1008_2019,FIDE_1008,2019-12-31,CASH,Cash & sweep,cash,163682.89,1.0,163682.89,4.3
FIDE_1008_2020,FIDE_1008,2020-12-31,UL,UL common,intl_equity,360.7562,311.07,112220.44,2.39
FIDE_1008_2020,FIDE_1008,2020-12-31,SNY,SNY common,intl_equity,375.9338,138.42,52036.75,1.11
FIDE_1008_2020,FIDE_1008,2020-12-31,SAP,SAP common,intl_equity,2992.9372,391.84,1172752.5,24.96
FIDE_1008_2020,FIDE_1008,2020-12-31,NVS,NVS common,intl_equity,1912.4698,253.41,484638.97,10.32
FIDE_1008_2020,FIDE_1008,2020-12-31,NSRGY,NSRGY common,intl_equity,810.4677,293.01,237475.14,5.05
FIDE_1008_2020,FIDE_1008,2020-12-31,JNJ,JNJ common,us_equity,119.9268,271.31,32537.35,0.69
FIDE_1008_2020,FIDE_1008,2020-12-31,AAPL,AAPL common,us_equity,12330.9698,98.53,1214970.45,25.86
FIDE_1008_2020,FIDE_1008,2020-12-31,KO,KO common,us_equity,2804.4123,344.19,965250.67,20.55
FIDE_1008_2020,FIDE_1008,2020-12-31,MSFT,MSFT common,us_equity,1359.8608,265.8,361451.01,7.69
FIDE_1008_2020,FIDE_1008,2020-12-31,CASH,Cash & sweep,cash,64678.99,1.0,64678.99,1.38
FIDE_1008_2021,FIDE_1008,2021-12-31,BP,BP common,intl_equity,30270.9903,23.63,715303.5,12.6
FIDE_1008_2021,FIDE_1008,2021-12-31,JPM,JPM common,us_equity,222.5898,177.38,39482.98,0.7
FIDE_1008_2021,FIDE_1008,2021-12-31,XOM,XOM common,us_equity,963.3402,328.51,316466.9,5.57
FIDE_1008_2021,FIDE_1008,2021-12-31,NSRGY,NSRGY common,intl_equity,1929.4726,97.69,188490.18,3.32
FIDE_1008_2021,FIDE_1008,2021-12-31,UL,UL common,intl_equity,4805.2147,266.39,1280061.14,22.54
FIDE_1008_2021,FIDE_1008,2021-12-31,BRK.B,BRK.B common,us_equity,2564.1805,293.77,753279.31,13.26
FIDE_1008_2021,FIDE_1008,2021-12-31,PG,PG common,us_equity,3793.4748,79.47,301467.44,5.31
FIDE_1008_2021,FIDE_1008,2021-12-31,AAPL,AAPL common,us_equity,2443.3531,345.97,845326.87,14.89
FIDE_1008_2021,FIDE_1008,2021-12-31,KO,KO common,us_equity,3358.1184,112.66,378325.62,6.66
FIDE_1008_2021,FIDE_1008,2021-12-31,JNJ,JNJ common,us_equity,1602.5514,385.82,618296.37,10.89
FIDE_1008_2021,FIDE_1008,2021-12-31,CASH,Cash & sweep,cash,242318.32,1.0,242318.32,4.27
FIDE_1008_2022,FIDE_1008,2022-12-31,JNJ,JNJ common,us_equity,3310.9953,206.22,682793.45,15.31
FIDE_1008_2022,FIDE_1008,2022-12-31,NSRGY,NSRGY common,intl_equity,18534.5463,29.93,554738.97,12.44
FIDE_1008_2022,FIDE_1008,2022-12-31,TM,TM common,intl_equity,1315.7119,81.34,107020.01,2.4
FIDE_1008_2022,FIDE_1008,2022-12-31,PG,PG common,us_equity,20621.0322,86.65,1786812.44,40.07
FIDE_1008_2022,FIDE_1008,2022-12-31,KO,KO common,us_equity,858.7392,381.46,327574.66,7.35
FIDE_1008_2022,FIDE_1008,2022-12-31,JPM,JPM common,us_equity,5670.7499,156.55,887755.89,19.91
FIDE_1008_2022,FIDE_1008,2022-12-31,CASH,Cash & sweep,cash,112825.74,1.0,112825.74,2.53
FIDE_1008_2023,FIDE_1008,2023-12-31,XOM,XOM common,us_equity,1262.1757,136.0,171655.9,3.07
FIDE_1008_2023,FIDE_1008,2023-12-31,PG,PG common,us_equity,10096.9969,154.32,1558168.56,27.9
FIDE_1008_2023,FIDE_1008,2023-12-31,KO,KO common,us_equity,1995.2139,289.39,577394.94,10.34
FIDE_1008_2023,FIDE_1008,2023-12-31,MSFT,MSFT common,us_equity,9602.6325,86.06,826402.55,14.8
FIDE_1008_2023,FIDE_1008,2023-12-31,SNY,SNY common,intl_equity,1374.6291,280.94,386188.29,6.91
FIDE_1008_2023,FIDE_1008,2023-12-31,BRK.B,BRK.B common,us_equity,12823.6344,151.99,1949064.2,34.9
FIDE_1008_2023,FIDE_1008,2023-12-31,CASH,Cash & sweep,cash,116606.18,1.0,116606.18,2.09
FIDE_1008_2024,FIDE_1008,2024-12-31,JPM,JPM common,us_equity,1638.9424,257.56,422126.01,6.22
FIDE_1008_2024,FIDE_1008,2024-12-31,SAP,SAP common,intl_equity,919.7097,317.29,291814.69,4.3
FIDE_1008_2024,FIDE_1008,2024-12-31,KO,KO common,us_equity,1051.1284,338.35,355649.28,5.24
FIDE_1008_2024,FIDE_1008,2024-12-31,MSFT,MSFT common,us_equity,4162.5407,286.55,1192776.04,17.58
FIDE_1008_2024,FIDE_1008,2024-12-31,TM,TM common,intl_equity,58127.5553,21.88,1271830.91,18.75
FIDE_1008_2024,FIDE_1008,2024-12-31,AAPL,AAPL common,us_equity,387.5739,338.14,131054.25,1.93
FIDE_1008_2024,FIDE_1008,2024-12-31,NSRGY,NSRGY common,intl_equity,15428.1229,36.12,557263.8,8.22
FIDE_1008_2024,FIDE_1008,2024-12-31,NVS,NVS common,intl_equity,826.5948,345.92,285935.67,4.22
FIDE_1008_2024,FIDE_1008,2024-12-31,BRK.B,BRK.B common,us_equity,12251.3859,20.42,250173.3,3.69
FIDE_1008_2024,FIDE_1008,2024-12-31,JNJ,JNJ common,us_equity,3528.4965,314.28,1108935.87,16.35
FIDE_1008_2024,FIDE_1008,2024-12-31,UL,UL common,intl_equity,2308.3272,262.72,606443.71,8.94
FIDE_1008_2024,FIDE_1008,2024-12-31,BP,BP common,intl_equity,3010.1832,29.86,89884.07,1.33
FIDE_1008_2024,FIDE_1008,2024-12-31,CASH,Cash & sweep,cash,219398.24,1.0,219398.24,3.23
FIDE_1008_2025,FIDE_1008,2025-12-31,JPM,JPM common,us_equity,7273.869,217.01,1578502.31,18.33
FIDE_1008_2025,FIDE_1008,2025-12-31,PG,PG common,us_equity,5391.1678,266.78,1438255.74,16.7
FIDE_1008_2025,FIDE_1008,2025-12-31,SNY,SNY common,intl_equity,23755.8072,71.84,1706617.19,19.82
FIDE_1008_2025,FIDE_1008,2025-12-31,KO,KO common,us_equity,1503.3555,368.04,553294.96,6.43
FIDE_1008_2025,FIDE_1008,2025-12-31,UL,UL common,intl_equity,6229.9208,332.87,2073753.73,24.08
FIDE_1008_2025,FIDE_1008,2025-12-31,AAPL,AAPL common,us_equity,9030.6188,99.09,894844.02,10.39
FIDE_1008_2025,FIDE_1008,2025-12-31,SAP,SAP common,intl_equity,2125.9955,105.59,224483.86,2.61
FIDE_1008_2025,FIDE_1008,2025-12-31,CASH,Cash & sweep,cash,141374.44,1.0,141374.44,1.64
TDA_1009_2010,TDA_1009,2010-12-31,AAPL,AAPL common,us_equity,293.775,261.62,76857.41,32.14
TDA_1009_2010,TDA_1009,2010-12-31,SAP,SAP common,intl_equity,369.8936,110.82,40991.61,17.14
TDA_1009_2010,TDA_1009,2010-12-31,UL,UL common,intl_equity,104.8791,208.13,21828.49,9.13
TDA_1009_2010,TDA_1009,2010-12-31,KO,KO common,us_equity,295.7312,128.89,38116.79,15.94
TDA_1009_2010,TDA_1009,2010-12-31,TM,TM common,intl_equity,35.7024,338.17,12073.47,5.05
TDA_1009_2010,TDA_1009,2010-12-31,JPM,JPM common,us_equity,15.2475,155.96,2378.0,0.99
TDA_1009_2010,TDA_1009,2010-12-31,NVS,NVS common,intl_equity,170.2617,253.94,43236.26,18.08
TDA_1009_2010,TDA_1009,2010-12-31,CASH,Cash & sweep,cash,3639.91,1.0,3639.91,1.52
TDA_1009_2011,TDA_1009,2011-12-31,NVS,NVS common,intl_equity,230.299,247.46,56989.78,23.46
TDA_1009_2011,TDA_1009,2011-12-31,KO,KO common,us_equity,467.8321,35.67,16687.57,6.87
TDA_1009_2011,TDA_1009,2011-12-31,BP,BP common,intl_equity,11.6222,129.27,1502.4,0.62
TDA_1009_2011,TDA_1009,2011-12-31,PG,PG common,us_equity,1935.1443,54.14,104768.71,43.12
TDA_1009_2011,TDA_1009,2011-12-31,TM,TM common,intl_equity,51.9658,266.93,13871.24,5.71
TDA_1009_2011,TDA_1009,2011-12-31,NSRGY,NSRGY common,intl_equity,118.7735,344.79,40951.92,16.86
TDA_1009_2011,TDA_1009,2011-12-31,CASH,Cash & sweep,cash,8185.03,1.0,8185.03,3.37
TDA_1009_2012,TDA_1009,2012-12-31,AAPL,AAPL common,us_equity,297.1144,102.92,30579.01,9.53
TDA_1009_2012,TDA_1009,2012-12-31,NVS,NVS common,intl_equity,8.1992,137.72,1129.19,0.35
TDA_1009_2012,TDA_1009,2012-12-31,MSFT,MSFT common,us_equity,21.2502,309.15,6569.51,2.05
TDA_1009_2012,TDA_1009,2012-12-31,TM,TM common,intl_equity,62.3914,292.69,18261.33,5.69
TDA_1009_2012,TDA_1009,2012-12-31,KO,KO common,us_equity,457.3303,113.96,52117.36,16.25
TDA_1009_2012,TDA_1009,2012-12-31,NSRGY,NSRGY common,intl_equity,22.6686,381.22,8641.74,2.69
TDA_1009_2012,TDA_1009,2012-12-31,JPM,JPM common,us_equity,920.6137,36.71,33795.73,10.54
TDA_1009_2012,TDA_1009,2012-12-31,XOM,XOM common,us_equity,5.2967,109.08,577.76,0.18
TDA_1009_2012,TDA_1009,2012-12-31,UL,UL common,intl_equity,208.4781,186.53,38887.42,12.13
TDA_1009_2012,TDA_1009,2012-12-31,BP,BP common,intl_equity,43.565,325.66,14187.39,4.42
TDA_1009_2012,TDA_1009,2012-12-31,SAP,SAP common,intl_equity,294.3828,234.79,69118.14,21.55
TDA_1009_2012,TDA_1009,2012-12-31,SNY,SNY common,intl_equity,112.6061,276.7,31158.12,9.72
TDA_1009_2012,TDA_1009,2012-12-31,CASH,Cash & sweep,cash,15684.14,1.0,15684.14,4.89
TDA_1009_2013,TDA_1009,2013-12-31,MSFT,MSFT common,us_equity,116.8257,194.77,22754.15,4.94
TDA_1009_2013,TDA_1009,2013-12-31,KO,KO common,us_equity,121.7357,252.0,30677.39,6.67
TDA_1009_2013,TDA_1009,2013-12-31,JPM,JPM common,us_equity,1.2668,195.07,247.11,0.05
TDA_1009_2013,TDA_1009,2013-12-31,PG,PG common,us_equity,82.8244,366.53,30357.64,6.6
TDA_1009_2013,TDA_1009,2013-12-31,BP,BP common,intl_equity,196.7737,62.93,12382.97,2.69
TDA_1009_2013,TDA_1009,2013-12-31,TM,TM common,intl_equity,122.4759,348.29,42657.14,9.27
TDA_1009_2013,TDA_1009,2013-12-31,SNY,SNY common,intl_equity,200.1995,303.14,60688.48,13.19
TDA_1009_2013,TDA_1009,2013-12-31,SAP,SAP common,intl_equity,3837.1092,24.27,93126.64,20.24
TDA_1009_2013,TDA_1009,2013-12-31,AAPL,AAPL common,us_equity,49.984,293.21,14655.81,3.18
TDA_1009_2013,TDA_1009,2013-12-31,NSRGY,NSRGY common,intl_equity,210.9472,157.86,33300.12,7.24
TDA_1009_2013,TDA_1009,2013-12-31,NVS,NVS common,intl_equity,478.9667,212.7,101876.22,22.14
TDA_1009_2013,TDA_1009,2013-12-31,CASH,Cash & sweep,cash,17462.57,1.0,17462.57,3.79
TDA_1009_2014,TDA_1009,2014-12-31,SNY,SNY common,intl_equity,57.1147,232.08,13255.17,2.35
TDA_1009_2014,TDA_1009,2014-12-31,KO,KO common,us_equity,161.8382,197.26,31924.21,5.66
TDA_1009_2014,TDA_1009,2014-12-31,NVS,NVS common,intl_equity,353.745,94.35,33375.84,5.91
TDA_1009_2014,TDA_1009,2014-12-31,BP,BP common,intl_equity,626.637,279.21,174963.32,31.0
TDA_1009_2014,TDA_1009,2014-12-31,SAP,SAP common,intl_equity,206.4877,121.11,25007.72,4.43
TDA_1009_2014,TDA_1009,2014-12-31,BRK.B,BRK.B common,us_equity,669.1132,130.3,87185.45,15.45
TDA_1009_2014,TDA_1009,2014-12-31,AAPL,AAPL common,us_equity,8.8342,316.9,2799.57,0.5
TDA_1009_2014,TDA_1009,2014-12-31,NSRGY,NSRGY common,intl_equity,116.7465,279.08,32581.61,5.77
TDA_1009_2014,TDA_1009,2014-12-31,JPM,JPM common,us_equity,325.1893,296.28,96347.08,17.07
TDA_1009_2014,TDA_1009,2014-12-31,UL,UL common,intl_equity,127.3943,370.29,47172.85,8.36
TDA_1009_2014,TDA_1009,2014-12-31,CASH,Cash & sweep,cash,19761.76,1.0,19761.76,3.5
TDA_1009_2015,TDA_1009,2015-12-31,PG,PG common,us_equity,476.4722,210.97,100521.34,18.58
TDA_1009_2015,TDA_1009,2015-12-31,XOM,XOM common,us_equity,137.7321,297.92,41033.14,7.58
TDA_1009_2015,TDA_1009,2015-12-31,SNY,SNY common,intl_equity,608.5589,74.52,45349.81,8.38
TDA_1009_2015,TDA_1009,2015-12-31,KO,KO common,us_equity,20.4602,330.12,6754.33,1.25
TDA_1009_2015,TDA_1009,2015-12-31,BRK.B,BRK.B common,us_equity,453.8601,388.31,176238.43,32.57
TDA_1009_2015,TDA_1009,2015-12-31,BP,BP common,intl_equity,93.2894,362.25,33794.09,6.25
TDA_1009_2015,TDA_1009,2015-12-31,JPM,JPM common,us_equity,208.967,328.53,68651.93,12.69
TDA_1009_2015,TDA_1009,2015-12-31,JNJ,JNJ common,us_equity,320.6268,173.95,55773.04,10.31
TDA_1009_2015,TDA_1009,2015-12-31,CASH,Cash & sweep,cash,12960.65,1.0,12960.65,2.4
TDA_1009_2016,TDA_1009,2016-12-31,XOM,XOM common,us_equity,755.7547,274.56,207500.01,36.46
TDA_1009_2016,TDA_1009,2016-12-31,JPM,JPM common,us_equity,167.3325,368.65,61687.11,10.84
TDA_1009_2016,TDA_1009,2016-12-31,KO,KO common,us_equity,397.5649,373.95,148669.38,26.12
TDA_1009_2016,TDA_1009,2016-12-31,MSFT,MSFT common,us_equity,326.028,50.39,16428.55,2.89
TDA_1009_2016,TDA_1009,2016-12-31,JNJ,JNJ common,us_equity,309.9576,312.01,96709.87,16.99
TDA_1009_2016,TDA_1009,2016-12-31,UL,UL common,intl_equity,44.4151,232.37,10320.73,1.81
TDA_1009_2016,TDA_1009,2016-12-31,CASH,Cash & sweep,cash,27768.59,1.0,27768.59,4.88
TDA_1009_2017,TDA_1009,2017-12-31,JNJ,JNJ common,us_equity,1206.8766,99.02,119504.92,14.82
TDA_1009_2017,TDA_1009,2017-12-31,UL,UL common,intl_equity,207.7025,128.89,26770.77,3.32
TDA_1009_2017,TDA_1009,2017-12-31,NVS,NVS common,intl_equity,2487.1683,55.78,138734.25,17.21
TDA_1009_2017,TDA_1009,2017-12-31,JPM,JPM common,us_equity,1041.5929,121.92,126991.01,15.75
TDA_1009_2017,TDA_1009,2017-12-31,PG,PG common,us_equity,1236.2993,268.58,332045.26,41.18
TDA_1009_2017,TDA_1009,2017-12-31,XOM,XOM common,us_equity,234.8893,229.61,53932.93,6.69
TDA_1009_2017,TDA_1009,2017-12-31,CASH,Cash & sweep,cash,8377.0,1.0,8377.0,1.04
TDA_1009_2018,TDA_1009,2018-12-31,XOM,XOM common,us_equity,521.4844,245.26,127899.27,18.39
TDA_1009_2018,TDA_1009,2018-12-31,NVS,NVS common,intl_equity,250.8655,97.14,24369.07,3.5
TDA_1009_2018,TDA_1009,2018-12-31,BP,BP common,intl_equity,441.6905,33.83,14942.39,2.15
TDA_1009_2018,TDA_1009,2018-12-31,SNY,SNY common,intl_equity,128.5171,353.67,45452.63,6.53
TDA_1009_2018,TDA_1009,2018-12-31,KO,KO common,us_equity,1329.4372,132.19,175738.31,25.27
TDA_1009_2018,TDA_1009,2018-12-31,JNJ,JNJ common,us_equity,54.3346,281.75,15308.76,2.2
TDA_1009_2018,TDA_1009,2018-12-31,SAP,SAP common,intl_equity,123.1671,379.28,46714.81,6.72
TDA_1009_2018,TDA_1009,2018-12-31,NSRGY,NSRGY common,intl_equity,66.9196,377.17,25240.06,3.63
TDA_1009_2018,TDA_1009,2018-12-31,PG,PG common,us_equity,142.7302,230.83,32946.42,4.74
TDA_1009_2018,TDA_1009,2018-12-31,TM,TM common,intl_equity,43.515,367.0,15970.01,2.3
TDA_1009_2018,TDA_1009,2018-12-31,BRK.B,BRK.B common,us_equity,325.2348,173.03,56275.38,8.09
TDA_1009_2018,TDA_1009,2018-12-31,UL,UL common,intl_equity,216.379,377.42,81665.77,11.74
TDA_1009_2018,TDA_1009,2018-12-31,CASH,Cash & sweep,cash,33021.78,1.0,33021.78,4.75
TDA_1009_2019,TDA_1009,2019-12-31,AAPL,AAPL common,us_equity,463.2296,137.2,63555.1,6.82
TDA_1009_2019,TDA_1009,2019-12-31,SNY,SNY common,intl_equity,675.7655,386.9,261453.67,28.08
TDA_1009_2019,TDA_1009,2019-12-31,NVS,NVS common,intl_equity,18.7763,166.0,3116.86,0.33
TDA_1009_2019,TDA_1009,2019-12-31,BP,BP common,intl_equity,802.033,99.71,79970.71,8.59
TDA_1009_2019,TDA_1009,2019-12-31,TM,TM common,intl_equity,77.9047,145.29,11318.77,1.22
TDA_1009_2019,TDA_1009,2019-12-31,JNJ,JNJ common,us_equity,157.4637,363.82,57288.46,6.15
TDA_1009_2019,TDA_1009,2019-12-31,MSFT,MSFT common,us_equity,912.9793,393.96,359677.31,38.62
TDA_1009_2019,TDA_1009,2019-12-31,PG,PG common,us_equity,390.356,192.94,75315.29,8.09
TDA_1009_2019,TDA_1009,2019-12-31,CASH,Cash & sweep,cash,19514.56,1.0,19514.56,2.1
TDA_1009_2020,TDA_1009,2020-12-31,JNJ,JNJ common,us_equity,251.8967,121.48,30600.41,2.74
TDA_1009_2020,TDA_1009,2020-12-31,XOM,XOM common,us_equity,138.4479,242.8,33615.15,3.01
TDA_1009_2020,TDA_1009,2020-12-31,AAPL,AAPL common,us_equity,421.5741,271.95,114647.09,10.27
TDA_1009_2020,TDA_1009,2020-12-31,SNY,SNY common,intl_equity,2198.9303,92.56,203532.99,18.23
TDA_1009_2020,TDA_1009,2020-12-31,TM,TM common,intl_equity,78.8896,226.64,17879.54,1.6
TDA_1009_2020,TDA_1009,2020-12-31,JPM,JPM common,us_equity,919.4059,370.24,340400.84,30.48
TDA_1009_2020,TDA_1009,2020-12-31,NVS,NVS common,intl_equity,1112.2807,96.67,107524.18,9.63
TDA_1009_2020,TDA_1009,2020-12-31,BP,BP common,intl_equity,179.6077,205.54,36916.57,3.31
TDA_1009_2020,TDA_1009,2020-12-31,NSRGY,NSRGY common,intl_equity,167.8084,338.19,56751.13,5.08
TDA_1009_2020,TDA_1009,2020-12-31,SAP,SAP common,intl_equity,741.0788,181.91,134809.65,12.07
TDA_1009_2020,TDA_1009,2020-12-31,CASH,Cash & sweep,cash,40067.77,1.0,40067.77,3.59
TDA_1009_2021,TDA_1009,2021-12-31,XOM,XOM common,us_equity,220.7905,222.7,49170.04,3.62
TDA_1009_2021,TDA_1009,2021-12-31,NSRGY,NSRGY common,intl_equity,1446.9079,132.21,191295.69,14.08
TDA_1009_2021,TDA_1009,2021-12-31,TM,TM common,intl_equity,1732.365,316.9,548986.47,40.41
TDA_1009_2021,TDA_1009,2021-12-31,NVS,NVS common,intl_equity,1390.2912,183.87,255632.84,18.82
TDA_1009_2021,TDA_1009,2021-12-31,SNY,SNY common,intl_equity,254.902,266.83,68015.49,5.01
TDA_1009_2021,TDA_1009,2021-12-31,KO,KO common,us_equity,715.0019,317.23,226820.06,16.7
TDA_1009_2021,TDA_1009,2021-12-31,CASH,Cash & sweep,cash,18530.63,1.0,18530.63,1.36
TDA_1009_2022,TDA_1009,2022-12-31,BP,BP common,intl_equity,10281.3349,38.22,392952.62,39.06
TDA_1009_2022,TDA_1009,2022-12-31,PG,PG common,us_equity,274.5993,378.55,103949.57,10.33
TDA_1009_2022,TDA_1009,2022-12-31,MSFT,MSFT common,us_equity,232.3871,343.2,79755.25,7.93
TDA_1009_2022,TDA_1009,2022-12-31,TM,TM common,intl_equity,157.3036,306.38,48194.67,4.79
TDA_1009_2022,TDA_1009,2022-12-31,SNY,SNY common,intl_equity,2902.6132,59.51,172734.51,17.17
TDA_1009_2022,TDA_1009,2022-12-31,JNJ,JNJ common,us_equity,522.0125,257.04,134178.09,13.34
TDA_1009_2022,TDA_1009,2022-12-31,KO,KO common,us_equity,89.5852,291.77,26138.26,2.6
TDA_1009_2022,TDA_1009,2022-12-31,CASH,Cash & sweep,cash,48031.99,1.0,48031.99,4.77
TDA_1009_2023,TDA_1009,2023-12-31,BRK.B,BRK.B common,us_equity,722.6034,221.88,160331.25,13.12
TDA_1009_2023,TDA_1009,2023-12-31,SAP,SAP common,intl_equity,428.7548,289.13,123965.87,10.15
TDA_1009_2023,TDA_1009,2023-12-31,PG,PG common,us_equity,80.3952,241.08,19381.67,1.59
TDA_1009_2023,TDA_1009,2023-12-31,JPM,JPM common,us_equity,265.2481,195.88,51956.8,4.25
TDA_1009_2023,TDA_1009,2023-12-31,XOM,XOM common,us_equity,505.8914,262.49,132791.44,10.87
TDA_1009_2023,TDA_1009,2023-12-31,KO,KO common,us_equity,151.0932,289.8,43786.8,3.58
TDA_1009_2023,TDA_1009,2023-12-31,AAPL,AAPL common,us_equity,350.1402,324.39,113581.97,9.3
TDA_1009_2023,TDA_1009,2023-12-31,SNY,SNY common,intl_equity,1057.8478,233.21,246700.69,20.19
TDA_1009_2023,TDA_1009,2023-12-31,MSFT,MSFT common,us_equity,878.5658,271.15,238223.12,19.5
TDA_1009_2023,TDA_1009,2023-12-31,JNJ,JNJ common,us_equity,578.0151,94.21,54454.8,4.46
TDA_1009_2023,TDA_1009,2023-12-31,CASH,Cash & sweep,cash,36687.01,1.0,36687.01,3.0
TDA_1009_2024,TDA_1009,2024-12-31,JPM,JPM common,us_equity,7482.543,90.6,677918.4,45.04
TDA_1009_2024,TDA_1009,2024-12-31,JNJ,JNJ common,us_equity,280.7506,293.63,82436.8,5.48
TDA_1009_2024,TDA_1009,2024-12-31,SAP,SAP common,intl_equity,1098.4581,190.11,208827.87,13.87
TDA_1009_2024,TDA_1009,2024-12-31,NSRGY,NSRGY common,intl_equity,553.7961,252.84,140021.8,9.3
TDA_1009_2024,TDA_1009,2024-12-31,NVS,NVS common,intl_equity,20.7928,307.51,6393.99,0.42
TDA_1009_2024,TDA_1009,2024-12-31,BP,BP common,intl_equity,2591.0503,132.52,343365.99,22.81
TDA_1009_2024,TDA_1009,2024-12-31,CASH,Cash & sweep,cash,46233.75,1.0,46233.75,3.07
TDA_1009_2025,TDA_1009,2025-12-31,JPM,JPM common,us_equity,166.8889,258.5,43140.77,2.2
TDA_1009_2025,TDA_1009,2025-12-31,JNJ,JNJ common,us_equity,842.2939,311.75,262585.12,13.4
TDA_1009_2025,TDA_1009,2025-12-31,SNY,SNY common,intl_equity,1096.422,180.8,198233.1,10.12
TDA_1009_2025,TDA_1009,2025-12-31,XOM,XOM common,us_equity,7779.2601,83.76,651590.83,33.26
TDA_1009_2025,TDA_1009,2025-12-31,BRK.B,BRK.B common,us_equity,1157.4626,153.65,177844.13,9.08
TDA_1009_2025,TDA_1009,2025-12-31,BP,BP common,intl_equity,606.3966,316.98,192215.61,9.81
TDA_1009_2025,TDA_1009,2025-12-31,PG,PG common,us_equity,2462.3832,98.92,243578.95,12.43
TDA_1009_2025,TDA_1009,2025-12-31,SAP,SAP common,intl_equity,5193.9042,24.33,126367.69,6.45
TDA_1009_2025,TDA_1009,2025-12-31,CASH,Cash & sweep,cash,63394.42,1.0,63394.42,3.24
SCHW_1010_2013,SCHW_1010,2013-12-31,SNY,SNY common,intl_equity,331.9936,76.25,25314.51,8.39
SCHW_1010_2013,SCHW_1010,2013-12-31,MSFT,MSFT common,us_equity,187.7696,50.57,9495.51,3.15
SCHW_1010_2013,SCHW_1010,2013-12-31,SAP,SAP common,intl_equity,23.4432,264.37,6197.67,2.05
SCHW_1010_2013,SCHW_1010,2013-12-31,JNJ,JNJ common,us_equity,201.7566,223.43,45078.47,14.93
SCHW_1010_2013,SCHW_1010,2013-12-31,UL,UL common,intl_equity,174.2675,114.69,19986.74,6.62
SCHW_1010_2013,SCHW_1010,2013-12-31,NSRGY,NSRGY common,intl_equity,63.7982,82.7,5276.11,1.75
SCHW_1010_2013,SCHW_1010,2013-12-31,XOM,XOM common,us_equity,361.3954,153.1,55329.64,18.33
SCHW_1010_2013,SCHW_1010,2013-12-31,JPM,JPM common,us_equity,207.7679,129.41,26887.25,8.91
SCHW_1010_2013,SCHW_1010,2013-12-31,KO,KO common,us_equity,349.9544,154.73,54148.45,17.94
SCHW_1010_2013,SCHW_1010,2013-12-31,BRK.B,BRK.B common,us_equity,320.65,153.53,49229.4,16.31
SCHW_1010_2013,SCHW_1010,2013-12-31,CASH,Cash & sweep,cash,4951.69,1.0,4951.69,1.64
SCHW_1010_2014,SCHW_1010,2014-12-31,KO,KO common,us_equity,461.2229,355.76,164084.65,41.94
SCHW_1010_2014,SCHW_1010,2014-12-31,NVS,NVS common,intl_equity,63.9821,395.18,25284.43,6.46
SCHW_1010_2014,SCHW_1010,2014-12-31,AAPL,AAPL common,us_equity,6.0959,253.72,1546.66,0.4
SCHW_1010_2014,SCHW_1010,2014-12-31,JNJ,JNJ common,us_equity,12.0967,38.36,464.03,0.12
SCHW_1010_2014,SCHW_1010,2014-12-31,SAP,SAP common,intl_equity,26.8611,89.0,2390.64,0.61
SCHW_1010_2014,SCHW_1010,2014-12-31,MSFT,MSFT common,us_equity,168.6108,214.18,36113.06,9.23
SCHW_1010_2014,SCHW_1010,2014-12-31,PG,PG common,us_equity,371.1682,375.26,139284.56,35.6
SCHW_1010_2014,SCHW_1010,2014-12-31,TM,TM common,intl_equity,33.7788,393.12,13279.13,3.39
SCHW_1010_2014,SCHW_1010,2014-12-31,CASH,Cash & sweep,cash,8760.71,1.0,8760.71,2.24
SCHW_1010_2015,SCHW_1010,2015-12-31,BP,BP common,intl_equity,242.0824,218.97,53008.79,9.09
SCHW_1010_2015,SCHW_1010,2015-12-31,SNY,SNY common,intl_equity,2361.6936,26.24,61970.84,10.62
SCHW_1010_2015,SCHW_1010,2015-12-31,UL,UL common,intl_equity,326.5555,348.1,113673.97,19.49
SCHW_1010_2015,SCHW_1010,2015-12-31,MSFT,MSFT common,us_equity,399.5128,39.55,15800.73,2.71
SCHW_1010_2015,SCHW_1010,2015-12-31,KO,KO common,us_equity,602.0858,176.32,106159.77,18.2
SCHW_1010_2015,SCHW_1010,2015-12-31,AAPL,AAPL common,us_equity,7.4016,395.65,2928.46,0.5
SCHW_1010_2015,SCHW_1010,2015-12-31,JPM,JPM common,us_equity,984.2113,83.83,82506.43,14.14
SCHW_1010_2015,SCHW_1010,2015-12-31,SAP,SAP common,intl_equity,2970.9426,37.11,110251.68,18.9
SCHW_1010_2015,SCHW_1010,2015-12-31,PG,PG common,us_equity,110.2688,204.63,22564.31,3.87
SCHW_1010_2015,SCHW_1010,2015-12-31,CASH,Cash & sweep,cash,14440.41,1.0,14440.41,2.48
SCHW_1010_2016,SCHW_1010,2016-12-31,UL,UL common,intl_equity,444.0589,210.98,93687.55,12.37
SCHW_1010_2016,SCHW_1010,2016-12-31,JPM,JPM common,us_equity,144.3957,373.05,53866.82,7.11
SCHW_1010_2016,SCHW_1010,2016-12-31,PG,PG common,us_equity,404.1681,288.87,116752.04,15.41
SCHW_1010_2016,SCHW_1010,2016-12-31,MSFT,MSFT common,us_equity,71.9208,374.4,26927.14,3.55
SCHW_1010_2016,SCHW_1010,2016-12-31,JNJ,JNJ common,us_equity,105.0768,94.27,9905.59,1.31
SCHW_1010_2016,SCHW_1010,2016-12-31,TM,TM common,intl_equity,243.5196,378.53,92179.47,12.17
SCHW_1010_2016,SCHW_1010,2016-12-31,SAP,SAP common,intl_equity,391.399,311.71,122002.98,16.11
SCHW_1010_2016,SCHW_1010,2016-12-31,NVS,NVS common,intl_equity,308.3365,378.26,116631.36,15.4
SCHW_1010_2016,SCHW_1010,2016-12-31,SNY,SNY common,intl_equity,746.2514,152.99,114169.0,15.07
SCHW_1010_2016,SCHW_1010,2016-12-31,CASH,Cash & sweep,cash,11339.24,1.0,11339.24,1.5
SCHW_1010_2017,SCHW_1010,2017-12-31,PG,PG common,us_equity,6353.8781,53.49,339868.94,31.59
SCHW_1010_2017,SCHW_1010,2017-12-31,JNJ,JNJ common,us_equity,148.4271,136.42,20248.42,1.88
SCHW_1010_2017,SCHW_1010,2017-12-31,KO,KO common,us_equity,6.0439,257.97,1559.14,0.14
SCHW_1010_2017,SCHW_1010,2017-12-31,XOM,XOM common,us_equity,34.1979,288.0,9849.0,0.92
SCHW_1010_2017,SCHW_1010,2017-12-31,BRK.B,BRK.B common,us_equity,127.612,284.02,36244.37,3.37
SCHW_1010_2017,SCHW_1010,2017-12-31,BP,BP common,intl_equity,360.9425,352.47,127221.39,11.82
SCHW_1010_2017,SCHW_1010,2017-12-31,SAP,SAP common,intl_equity,10.3367,279.08,2884.78,0.27
SCHW_1010_2017,SCHW_1010,2017-12-31,SNY,SNY common,intl_equity,80.3036,274.85,22071.44,2.05
SCHW_1010_2017,SCHW_1010,2017-12-31,MSFT,MSFT common,us_equity,215.8755,245.74,53049.25,4.93
SCHW_1010_2017,SCHW_1010,2017-12-31,NSRGY,NSRGY common,intl_equity,863.4293,273.29,235966.59,21.93
SCHW_1010_2017,SCHW_1010,2017-12-31,NVS,NVS common,intl_equity,608.624,297.58,181114.32,16.83
SCHW_1010_2017,SCHW_1010,2017-12-31,JPM,JPM common,us_equity,37.8793,390.9,14807.03,1.38
SCHW_1010_2017,SCHW_1010,2017-12-31,CASH,Cash & sweep,cash,31048.07,1.0,31048.07,2.89
SCHW_1010_2018,SCHW_1010,2018-12-31,MSFT,MSFT common,us_equity,162.8115,318.47,51850.58,5.16
SCHW_1010_2018,SCHW_1010,2018-12-31,JNJ,JNJ common,us_equity,1461.0099,32.19,47029.91,4.68
SCHW_1010_2018,SCHW_1010,2018-12-31,AAPL,AAPL common,us_equity,673.6416,57.09,38458.2,3.83
SCHW_1010_2018,SCHW_1010,2018-12-31,NSRGY,NSRGY common,intl_equity,641.7386,126.86,81410.96,8.1
SCHW_1010_2018,SCHW_1010,2018-12-31,UL,UL common,intl_equity,2356.0221,96.94,228392.78,22.73
SCHW_1010_2018,SCHW_1010,2018-12-31,KO,KO common,us_equity,565.6326,278.97,157794.53,15.71
SCHW_1010_2018,SCHW_1010,2018-12-31,BRK.B,BRK.B common,us_equity,191.4378,64.37,12322.85,1.23
SCHW_1010_2018,SCHW_1010,2018-12-31,PG,PG common,us_equity,2179.7673,55.1,120105.18,11.95
SCHW_1010_2018,SCHW_1010,2018-12-31,XOM,XOM common,us_equity,521.3634,221.32,115388.15,11.49
SCHW_1010_2018,SCHW_1010,2018-12-31,BP,BP common,intl_equity,1544.6577,45.22,69849.42,6.95
SCHW_1010_2018,SCHW_1010,2018-12-31,NVS,NVS common,intl_equity,127.1796,321.78,40923.86,4.07
SCHW_1010_2018,SCHW_1010,2018-12-31,CASH,Cash & sweep,cash,41143.43,1.0,41143.43,4.1
SCHW_1010_2019,SCHW_1010,2019-12-31,NVS,NVS common,intl_equity,643.293,221.36,142399.34,10.94
SCHW_1010_2019,SCHW_1010,2019-12-31,JPM,JPM common,us_equity,33.349,144.86,4830.94,0.37
SCHW_1010_2019,SCHW_1010,2019-12-31,PG,PG common,us_equity,1649.4877,62.58,103224.94,7.93
SCHW_1010_2019,SCHW_1010,2019-12-31,KO,KO common,us_equity,2942.0438,176.21,518417.53,39.82
SCHW_1010_2019,SCHW_1010,2019-12-31,NSRGY,NSRGY common,intl_equity,65.3061,94.14,6147.92,0.47
SCHW_1010_2019,SCHW_1010,2019-12-31,SNY,SNY common,intl_equity,27.3437,372.0,10171.87,0.78
SCHW_1010_2019,SCHW_1010,2019-12-31,BP,BP common,intl_equity,12.7006,309.99,3937.05,0.3
SCHW_1010_2019,SCHW_1010,2019-12-31,XOM,XOM common,us_equity,392.9514,128.14,50352.79,3.87
SCHW_1010_2019,SCHW_1010,2019-12-31,JNJ,JNJ common,us_equity,29.7132,214.34,6368.72,0.49
SCHW_1010_2019,SCHW_1010,2019-12-31,MSFT,MSFT common,us_equity,1095.8781,198.4,217422.21,16.7
SCHW_1010_2019,SCHW_1010,2019-12-31,TM,TM common,intl_equity,145.1092,249.7,36233.76,2.78
SCHW_1010_2019,SCHW_1010,2019-12-31,SAP,SAP common,intl_equity,404.9085,379.83,153796.38,11.81
SCHW_1010_2019,SCHW_1010,2019-12-31,CASH,Cash & sweep,cash,48457.13,1.0,48457.13,3.72
SCHW_1010_2020,SCHW_1010,2020-12-31,XOM,XOM common,us_equity,1830.8166,183.13,335277.44,20.99
SCHW_1010_2020,SCHW_1010,2020-12-31,BRK.B,BRK.B common,us_equity,83.6836,304.7,25498.38,1.6
SCHW_1010_2020,SCHW_1010,2020-12-31,UL,UL common,intl_equity,2301.4162,170.65,392736.68,24.59
SCHW_1010_2020,SCHW_1010,2020-12-31,PG,PG common,us_equity,6430.0395,84.03,540316.22,33.83
SCHW_1010_2020,SCHW_1010,2020-12-31,MSFT,MSFT common,us_equity,1040.7911,167.88,174728.01,10.94
SCHW_1010_2020,SCHW_1010,2020-12-31,AAPL,AAPL common,us_equity,870.1551,59.18,51495.78,3.22
SCHW_1010_2020,SCHW_1010,2020-12-31,CASH,Cash & sweep,cash,77292.44,1.0,77292.44,4.84
SCHW_1010_2021,SCHW_1010,2021-12-31,JNJ,JNJ common,us_equity,817.6762,211.81,173191.99,9.07
SCHW_1010_2021,SCHW_1010,2021-12-31,SNY,SNY common,intl_equity,1188.1596,259.7,308565.05,16.16
SCHW_1010_2021,SCHW_1010,2021-12-31,JPM,JPM common,us_equity,971.0705,139.43,135396.36,7.09
SCHW_1010_2021,SCHW_1010,2021-12-31,BRK.B,BRK.B common,us_equity,1939.2147,239.94,465295.18,24.37
SCHW_1010_2021,SCHW_1010,2021-12-31,BP,BP common,intl_equity,193.857,392.61,76110.18,3.99
SCHW_1010_2021,SCHW_1010,2021-12-31,NVS,NVS common,intl_equity,227.4642,399.43,90856.02,4.76
SCHW_1010_2021,SCHW_1010,2021-12-31,AAPL,AAPL common,us_equity,448.1428,293.95,131731.57,6.9
SCHW_1010_2021,SCHW_1010,2021-12-31,UL,UL common,intl_equity,586.0932,134.82,79017.08,4.14
SCHW_1010_2021,SCHW_1010,2021-12-31,PG,PG common,us_equity,1170.8389,201.15,235514.24,12.33
SCHW_1010_2021,SCHW_1010,2021-12-31,TM,TM common,intl_equity,140.482,327.01,45939.03,2.41
SCHW_1010_2021,SCHW_1010,2021-12-31,KO,KO common,us_equity,22.7936,357.13,8140.28,0.43
SCHW_1010_2021,SCHW_1010,2021-12-31,MSFT,MSFT common,us_equity,254.473,381.52,97086.52,5.08
SCHW_1010_2021,SCHW_1010,2021-12-31,CASH,Cash & sweep,cash,62660.17,1.0,62660.17,3.28
SCHW_1010_2022,SCHW_1010,2022-12-31,XOM,XOM common,us_equity,6356.692,47.08,299273.06,21.33
SCHW_1010_2022,SCHW_1010,2022-12-31,BP,BP common,intl_equity,2364.4607,44.11,104296.36,7.43
SCHW_1010_2022,SCHW_1010,2022-12-31,PG,PG common,us_equity,545.1523,348.01,189718.46,13.52
SCHW_1010_2022,SCHW_1010,2022-12-31,UL,UL common,intl_equity,8055.0081,20.91,168430.22,12.01
SCHW_1010_2022,SCHW_1010,2022-12-31,JPM,JPM common,us_equity,111.6233,56.86,6346.9,0.45
SCHW_1010_2022,SCHW_1010,2022-12-31,BRK.B,BRK.B common,us_equity,1105.4113,60.2,66545.76,4.74
SCHW_1010_2022,SCHW_1010,2022-12-31,SAP,SAP common,intl_equity,242.5671,290.4,70441.48,5.02
SCHW_1010_2022,SCHW_1010,2022-12-31,JNJ,JNJ common,us_equity,1090.9024,258.81,282336.46,20.13
SCHW_1010_2022,SCHW_1010,2022-12-31,SNY,SNY common,intl_equity,1155.1974,102.04,117876.34,8.4
SCHW_1010_2022,SCHW_1010,2022-12-31,TM,TM common,intl_equity,135.0747,175.87,23755.59,1.69
SCHW_1010_2022,SCHW_1010,2022-12-31,NSRGY,NSRGY common,intl_equity,134.2431,381.59,51225.83,3.65
SCHW_1010_2022,SCHW_1010,2022-12-31,CASH,Cash & sweep,cash,22557.37,1.0,22557.37,1.61
SCHW_1010_2023,SCHW_1010,2023-12-31,NSRGY,NSRGY common,intl_equity,134.6685,300.12,40416.7,2.29
SCHW_1010_2023,SCHW_1010,2023-12-31,BRK.B,BRK.B common,us_equity,242.3998,271.54,65821.23,3.72
SCHW_1010_2023,SCHW_1010,2023-12-31,BP,BP common,intl_equity,225.1168,371.15,83552.11,4.72
SCHW_1010_2023,SCHW_1010,2023-12-31,AAPL,AAPL common,us_equity,2639.4689,108.03,285141.83,16.12
SCHW_1010_2023,SCHW_1010,2023-12-31,KO,KO common,us_equity,1892.3727,145.28,274923.9,15.55
SCHW_1010_2023,SCHW_1010,2023-12-31,TM,TM common,intl_equity,13.4759,338.52,4561.87,0.26
SCHW_1010_2023,SCHW_1010,2023-12-31,UL,UL common,intl_equity,153.0698,187.32,28673.04,1.62
SCHW_1010_2023,SCHW_1010,2023-12-31,NVS,NVS common,intl_equity,621.3393,189.72,117880.5,6.67
SCHW_1010_2023,SCHW_1010,2023-12-31,SNY,SNY common,intl_equity,460.5404,327.49,150822.36,8.53
SCHW_1010_2023,SCHW_1010,2023-12-31,JNJ,JNJ common,us_equity,133.0058,399.77,53171.72,3.01
SCHW_1010_2023,SCHW_1010,2023-12-31,SAP,SAP common,intl_equity,555.5422,357.28,198484.11,11.22
SCHW_1010_2023,SCHW_1010,2023-12-31,JPM,JPM common,us_equity,1375.0575,313.03,430434.26,24.34
SCHW_1010_2023,SCHW_1010,2023-12-31,CASH,Cash & sweep,cash,34661.08,1.0,34661.08,1.96
SCHW_1010_2024,SCHW_1010,2024-12-31,JNJ,JNJ common,us_equity,950.2358,244.63,232456.19,10.87
SCHW_1010_2024,SCHW_1010,2024-12-31,PG,PG common,us_equity,3477.7143,44.28,153993.19,7.2
SCHW_1010_2024,SCHW_1010,2024-12-31,XOM,XOM common,us_equity,3669.8537,40.34,148041.9,6.92
SCHW_1010_2024,SCHW_1010,2024-12-31,UL,UL common,intl_equity,2300.8324,264.05,607534.8,28.42
SCHW_1010_2024,SCHW_1010,2024-12-31,AAPL,AAPL common,us_equity,4211.4971,82.42,347111.59,16.24
SCHW_1010_2024,SCHW_1010,2024-12-31,NSRGY,NSRGY common,intl_equity,879.5331,342.44,301187.33,14.09
SCHW_1010_2024,SCHW_1010,2024-12-31,JPM,JPM common,us_equity,433.822,274.51,119088.47,5.57
SCHW_1010_2024,SCHW_1010,2024-12-31,SNY,SNY common,intl_equity,888.8177,219.29,194908.84,9.12
SCHW_1010_2024,SCHW_1010,2024-12-31,MSFT,MSFT common,us_equity,13.3689,375.76,5023.48,0.23
SCHW_1010_2024,SCHW_1010,2024-12-31,CASH,Cash & sweep,cash,28680.66,1.0,28680.66,1.34
SCHW_1010_2025,SCHW_1010,2025-12-31,NVS,NVS common,intl_equity,7274.5808,39.48,287200.45,10.59
SCHW_1010_2025,SCHW_1010,2025-12-31,MSFT,MSFT common,us_equity,1816.2237,391.93,711832.56,26.25
SCHW_1010_2025,SCHW_1010,2025-12-31,BRK.B,BRK.B common,us_equity,118.1497,388.83,45940.13,1.69
SCHW_1010_2025,SCHW_1010,2025-12-31,BP,BP common,intl_equity,191.414,331.03,63363.78,2.34
SCHW_1010_2025,SCHW_1010,2025-12-31,AAPL,AAPL common,us_equity,981.425,360.26,353568.16,13.04
SCHW_1010_2025,SCHW_1010,2025-12-31,NSRGY,NSRGY common,intl_equity,76.0074,253.91,19299.03,0.71
SCHW_1010_2025,SCHW_1010,2025-12-31,KO,KO common,us_equity,8553.5977,136.17,1164743.4,42.95
SCHW_1010_2025,SCHW_1010,2025-12-31,CASH,Cash & sweep,cash,66212.41,1.0,66212.41,2.44
FIDE_1011_2004,FIDE_1011,2004-12-31,NVS,NVS common,intl_equity,547.1829,39.14,21416.74,6.55
FIDE_1011_2004,FIDE_1011,2004-12-31,SAP,SAP common,intl_equity,319.3538,237.29,75779.46,23.19
FIDE_1011_2004,FIDE_1011,2004-12-31,TM,TM common,intl_equity,65.6021,72.65,4765.99,1.46
FIDE_1011_2004,FIDE_1011,2004-12-31,BP,BP common,intl_equity,35.5867,386.24,13745.0,4.21
FIDE_1011_2004,FIDE_1011,2004-12-31,BRK.B,BRK.B common,us_equity,54.8221,29.84,1635.89,0.5
FIDE_1011_2004,FIDE_1011,2004-12-31,SNY,SNY common,intl_equity,649.735,140.03,90982.39,27.84
FIDE_1011_2004,FIDE_1011,2004-12-31,KO,KO common,us_equity,53.8388,89.88,4839.03,1.48
FIDE_1011_2004,FIDE_1011,2004-12-31,MSFT,MSFT common,us_equity,13.0737,361.68,4728.5,1.45
FIDE_1011_2004,FIDE_1011,2004-12-31,XOM,XOM common,us_equity,285.018,305.28,87010.3,26.62
FIDE_1011_2004,FIDE_1011,2004-12-31,PG,PG common,us_equity,71.3684,62.35,4449.82,1.36
FIDE_1011_2004,FIDE_1011,2004-12-31,AAPL,AAPL common,us_equity,190.6983,41.13,7843.42,2.4
FIDE_1011_2004,FIDE_1011,2004-12-31,UL,UL common,intl_equity,41.2005,51.57,2124.71,0.65
FIDE_1011_2004,FIDE_1011,2004-12-31,CASH,Cash & sweep,cash,7486.69,1.0,7486.69,2.29
FIDE_1011_2005,FIDE_1011,2005-12-31,KO,KO common,us_equity,219.2453,378.35,82951.45,15.86
FIDE_1011_2005,FIDE_1011,2005-12-31,UL,UL common,intl_equity,1072.5689,96.32,103309.84,19.75
FIDE_1011_2005,FIDE_1011,2005-12-31,PG,PG common,us_equity,209.0918,278.95,58326.17,11.15
FIDE_1011_2005,FIDE_1011,2005-12-31,JNJ,JNJ common,us_equity,50.1797,190.68,9568.26,1.83
FIDE_1011_2005,FIDE_1011,2005-12-31,JPM,JPM common,us_equity,188.5125,109.47,20636.46,3.95
FIDE_1011_2005,FIDE_1011,2005-12-31,SNY,SNY common,intl_equity,462.4173,38.41,17761.45,3.4
FIDE_1011_2005,FIDE_1011,2005-12-31,NVS,NVS common,intl_equity,106.2569,251.93,26769.31,5.12
FIDE_1011_2005,FIDE_1011,2005-12-31,SAP,SAP common,intl_equity,482.7764,89.77,43338.84,8.29
FIDE_1011_2005,FIDE_1011,2005-12-31,BP,BP common,intl_equity,566.6895,241.34,136764.84,26.15
FIDE_1011_2005,FIDE_1011,2005-12-31,CASH,Cash & sweep,cash,23578.19,1.0,23578.19,4.51
FIDE_1011_2006,FIDE_1011,2006-12-31,JPM,JPM common,us_equity,214.1878,314.05,67265.67,9.07
FIDE_1011_2006,FIDE_1011,2006-12-31,MSFT,MSFT common,us_equity,787.9598,42.25,33291.3,4.49
FIDE_1011_2006,FIDE_1011,2006-12-31,NSRGY,NSRGY common,intl_equity,400.9122,353.15,141582.16,19.09
FIDE_1011_2006,FIDE_1011,2006-12-31,PG,PG common,us_equity,7.4436,196.99,1466.32,0.2
FIDE_1011_2006,FIDE_1011,2006-12-31,SAP,SAP common,intl_equity,476.8316,395.94,188796.69,25.46
FIDE_1011_2006,FIDE_1011,2006-12-31,TM,TM common,intl_equity,3.5657,141.99,506.3,0.07
FIDE_1011_2006,FIDE_1011,2006-12-31,JNJ,JNJ common,us_equity,145.2987,137.62,19996.01,2.7
FIDE_1011_2006,FIDE_1011,2006-12-31,XOM,XOM common,us_equity,302.0004,278.07,83977.25,11.32
FIDE_1011_2006,FIDE_1011,2006-12-31,SNY,SNY common,intl_equity,344.5566,205.47,70796.04,9.55
FIDE_1011_2006,FIDE_1011,2006-12-31,KO,KO common,us_equity,2.6431,125.04,330.49,0.04
FIDE_1011_2006,FIDE_1011,2006-12-31,UL,UL common,intl_equity,53.1948,219.35,11668.27,1.57
FIDE_1011_2006,FIDE_1011,2006-12-31,BRK.B,BRK.B common,us_equity,330.2296,262.11,86556.47,11.67
FIDE_1011_2006,FIDE_1011,2006-12-31,CASH,Cash & sweep,cash,35392.68,1.0,35392.68,4.77
FIDE_1011_2007,FIDE_1011,2007-12-31,XOM,XOM common,us_equity,1289.5867,192.43,248155.16,24.81
FIDE_1011_2007,FIDE_1011,2007-12-31,AAPL,AAPL common,us_equity,524.4736,87.22,45744.59,4.57
FIDE_1011_2007,FIDE_1011,2007-12-31,NVS,NVS common,intl_equity,341.1316,161.5,55092.76,5.51
FIDE_1011_2007,FIDE_1011,2007-12-31,TM,TM common,intl_equity,1102.6574,363.32,400617.49,40.06
FIDE_1011_2007,FIDE_1011,2007-12-31,SNY,SNY common,intl_equity,48.2375,390.54,18838.68,1.88
FIDE_1011_2007,FIDE_1011,2007-12-31,NSRGY,NSRGY common,intl_equity,724.9241,199.53,144644.1,14.46
FIDE_1011_2007,FIDE_1011,2007-12-31,MSFT,MSFT common,us_equity,391.2645,125.1,48947.19,4.89
FIDE_1011_2007,FIDE_1011,2007-12-31,CASH,Cash & sweep,cash,38035.23,1.0,38035.23,3.8
FIDE_1011_2008,FIDE_1011,2008-12-31,NSRGY,NSRGY common,intl_equity,89.9121,223.96,20136.71,2.82
FIDE_1011_2008,FIDE_1011,2008-12-31,TM,TM common,intl_equity,4302.8963,26.99,116135.17,16.25
FIDE_1011_2008,FIDE_1011,2008-12-31,BP,BP common,intl_equity,173.4279,392.12,68004.55,9.51
FIDE_1011_2008,FIDE_1011,2008-12-31,KO,KO common,us_equity,1126.7244,273.1,307708.43,43.05
FIDE_1011_2008,FIDE_1011,2008-12-31,PG,PG common,us_equity,1072.7198,164.16,176097.69,24.64
FIDE_1011_2008,FIDE_1011,2008-12-31,AAPL,AAPL common,us_equity,23.4046,323.68,7575.59,1.06
FIDE_1011_2008,FIDE_1011,2008-12-31,CASH,Cash & sweep,cash,19144.07,1.0,19144.07,2.68
TDA_1012_2012,TDA_1012,2012-12-31,SAP,SAP common,intl_equity,180.1374,140.73,25350.73,6.97
TDA_1012_2012,TDA_1012,2012-12-31,BRK.B,BRK.B common,us_equity,129.4161,390.53,50540.87,13.91
TDA_1012_2012,TDA_1012,2012-12-31,KO,KO common,us_equity,43.706,267.48,11690.49,3.22
TDA_1012_2012,TDA_1012,2012-12-31,MSFT,MSFT common,us_equity,107.3076,345.45,37069.42,10.2
TDA_1012_2012,TDA_1012,2012-12-31,UL,UL common,intl_equity,75.9452,372.17,28264.52,7.78
TDA_1012_2012,TDA_1012,2012-12-31,XOM,XOM common,us_equity,266.4416,120.57,32124.86,8.84
TDA_1012_2012,TDA_1012,2012-12-31,TM,TM common,intl_equity,418.1637,322.36,134799.26,37.09
TDA_1012_2012,TDA_1012,2012-12-31,JNJ,JNJ common,us_equity,35.8448,161.48,5788.22,1.59
TDA_1012_2012,TDA_1012,2012-12-31,NVS,NVS common,intl_equity,186.8736,44.63,8340.17,2.29
TDA_1012_2012,TDA_1012,2012-12-31,PG,PG common,us_equity,210.5451,60.59,12756.93,3.51
TDA_1012_2012,TDA_1012,2012-12-31,CASH,Cash & sweep,cash,16728.91,1.0,16728.91,4.6
TDA_1012_2013,TDA_1012,2013-12-31,BP,BP common,intl_equity,151.8929,221.76,33683.77,4.66
TDA_1012_2013,TDA_1012,2013-12-31,SAP,SAP common,intl_equity,123.3527,103.95,12822.51,1.78
TDA_1012_2013,TDA_1012,2013-12-31,PG,PG common,us_equity,199.8317,179.97,35963.72,4.98
TDA_1012_2013,TDA_1012,2013-12-31,BRK.B,BRK.B common,us_equity,7.0564,250.65,1768.69,0.24
TDA_1012_2013,TDA_1012,2013-12-31,NVS,NVS common,intl_equity,662.8401,221.77,146998.04,20.35
TDA_1012_2013,TDA_1012,2013-12-31,JPM,JPM common,us_equity,23.4085,317.37,7429.16,1.03
TDA_1012_2013,TDA_1012,2013-12-31,KO,KO common,us_equity,612.3208,225.02,137784.42,19.08
TDA_1012_2013,TDA_1012,2013-12-31,JNJ,JNJ common,us_equity,144.8757,165.68,24003.01,3.32
TDA_1012_2013,TDA_1012,2013-12-31,MSFT,MSFT common,us_equity,834.2845,215.77,180013.57,24.92
TDA_1012_2013,TDA_1012,2013-12-31,TM,TM common,intl_equity,335.5552,217.45,72966.48,10.1
TDA_1012_2013,TDA_1012,2013-12-31,AAPL,AAPL common,us_equity,2411.5221,23.79,57370.11,7.94
TDA_1012_2013,TDA_1012,2013-12-31,CASH,Cash & sweep,cash,11521.69,1.0,11521.69,1.6
TDA_1012_2014,TDA_1012,2014-12-31,NSRGY,NSRGY common,intl_equity,1700.83,201.76,343159.47,39.14
TDA_1012_2014,TDA_1012,2014-12-31,JPM,JPM common,us_equity,3617.1922,26.48,95783.25,10.93
TDA_1012_2014,TDA_1012,2014-12-31,BP,BP common,intl_equity,22.7823,76.2,1736.01,0.2
TDA_1012_2014,TDA_1012,2014-12-31,SAP,SAP common,intl_equity,343.843,278.7,95829.05,10.93
TDA_1012_2014,TDA_1012,2014-12-31,TM,TM common,intl_equity,668.7888,227.38,152069.19,17.35
TDA_1012_2014,TDA_1012,2014-12-31,XOM,XOM common,us_equity,86.7366,302.27,26217.87,2.99
TDA_1012_2014,TDA_1012,2014-12-31,PG,PG common,us_equity,24.7095,177.53,4386.68,0.5
TDA_1012_2014,TDA_1012,2014-12-31,NVS,NVS common,intl_equity,572.5849,117.62,67347.44,7.68
TDA_1012_2014,TDA_1012,2014-12-31,JNJ,JNJ common,us_equity,201.017,323.3,64988.81,7.41
TDA_1012_2014,TDA_1012,2014-12-31,CASH,Cash & sweep,cash,25119.66,1.0,25119.66,2.87
TDA_1012_2015,TDA_1012,2015-12-31,SAP,SAP common,intl_equity,224.0194,240.44,53863.23,6.23
TDA_1012_2015,TDA_1012,2015-12-31,BP,BP common,intl_equity,410.4039,391.93,160849.61,18.6
TDA_1012_2015,TDA_1012,2015-12-31,SNY,SNY common,intl_equity,239.6244,319.03,76447.38,8.84
TDA_1012_2015,TDA_1012,2015-12-31,BRK.B,BRK.B common,us_equity,780.2834,379.61,296203.38,34.25
TDA_1012_2015,TDA_1012,2015-12-31,JNJ,JNJ common,us_equity,461.5362,227.49,104994.86,12.14
TDA_1012_2015,TDA_1012,2015-12-31,PG,PG common,us_equity,1476.9399,80.24,118509.66,13.71
TDA_1012_2015,TDA_1012,2015-12-31,XOM,XOM common,us_equity,250.408,160.68,40235.55,4.65
TDA_1012_2015,TDA_1012,2015-12-31,CASH,Cash & sweep,cash,13597.75,1.0,13597.75,1.57
TDA_1012_2016,TDA_1012,2016-12-31,SNY,SNY common,intl_equity,918.6589,81.23,74622.66,8.43
TDA_1012_2016,TDA_1012,2016-12-31,AAPL,AAPL common,us_equity,114.0101,129.06,14714.14,1.66
TDA_1012_2016,TDA_1012,2016-12-31,XOM,XOM common,us_equity,459.654,214.66,98669.33,11.15
TDA_1012_2016,TDA_1012,2016-12-31,SAP,SAP common,intl_equity,525.3491,366.39,192482.66,21.75
TDA_1012_2016,TDA_1012,2016-12-31,NSRGY,NSRGY common,intl_equity,627.5704,286.34,179698.5,20.31
TDA_1012_2016,TDA_1012,2016-12-31,TM,TM common,intl_equity,69.1897,216.08,14950.5,1.69
TDA_1012_2016,TDA_1012,2016-12-31,BRK.B,BRK.B common,us_equity,819.2232,292.34,239491.71,27.07
TDA_1012_2016,TDA_1012,2016-12-31,JNJ,JNJ common,us_equity,153.4744,188.89,28989.77,3.28
TDA_1012_2016,TDA_1012,2016-12-31,NVS,NVS common,intl_equity,160.7927,37.97,6105.3,0.69
TDA_1012_2016,TDA_1012,2016-12-31,CASH,Cash & sweep,cash,35088.18,1.0,35088.18,3.97
TDA_1012_2017,TDA_1012,2017-12-31,KO,KO common,us_equity,5015.7528,51.73,259464.89,17.22
TDA_1012_2017,TDA_1012,2017-12-31,AAPL,AAPL common,us_equity,207.9006,235.17,48891.99,3.24
TDA_1012_2017,TDA_1012,2017-12-31,BRK.B,BRK.B common,us_equity,938.0821,136.13,127701.11,8.47
TDA_1012_2017,TDA_1012,2017-12-31,JNJ,JNJ common,us_equity,3067.8437,223.86,686767.48,45.57
TDA_1012_2017,TDA_1012,2017-12-31,JPM,JPM common,us_equity,761.9408,305.03,232414.79,15.42
TDA_1012_2017,TDA_1012,2017-12-31,UL,UL common,intl_equity,2153.8018,43.04,92699.63,6.15
TDA_1012_2017,TDA_1012,2017-12-31,MSFT,MSFT common,us_equity,92.8559,352.9,32768.86,2.17
TDA_1012_2017,TDA_1012,2017-12-31,CASH,Cash & sweep,cash,26255.83,1.0,26255.83,1.74
