slug,period,formation,filed,n_positions,hhi,top1_w,top10_w,turnover,new_frac,sold_frac,book_growth,crowding,excess_12,excess_36,vol_12,mdd_12,alpha36_t,fwd_excess,fwd_return,y,p_persist,p_base,p_logistic,p_xgboost
cantillon,2014-06-30,2014-08-31,2014-08-07,2.995732273553991,0.06983006968550222,0.10623265062710477,0.7569891366145154,0.17858192530178574,0.1,0.1,-0.001988128177158415,7.831896459777279,-0.06460208006286386,,0.1327020111132592,-0.07849506253514982,,-0.035866370490043424,-0.03157934365746129,1.0,,,,
fisher,2014-06-30,2014-08-31,2014-07-25,6.331501849893691,0.012130234921650548,0.0328773737156609,0.2258500013371743,0.09399900183688559,0.1423487544483986,0.09737827715355805,0.07015876672931926,6.642022880650213,-0.04934683006286403,,0.08340871467893661,-0.039066725099470956,,0.013169132276201121,0.01745615910878326,0.0,,,,
fundsmith,2014-06-30,2014-08-31,2014-08-11,2.772588722239781,0.07043002875976676,0.10115308433677114,0.7613347091953238,0.09221769895144794,0.0625,0.0,0.1282665967171406,8.029290908050454,-0.047031620062864155,,0.0830688113584463,-0.026396076027679016,,0.10629031129444784,0.11057733812702998,0.0,,,,
yacktman,2014-06-30,2014-08-31,2014-08-04,3.8501476017100584,0.05286050908060268,0.11449755542491219,0.6347717638911061,0.04528678576658385,0.0425531914893617,0.0425531914893617,0.024363073771511732,10.427045013378294,-0.028898920062864042,,0.08105419407632115,-0.03261801354088201,,-0.010788253839293552,-0.006501227006711416,1.0,,,,
adage,2014-09-30,2014-11-30,2014-11-14,6.553933404025811,0.005722766705905314,0.03362278641257448,0.15353750192690596,0.18593467359155247,0.150997150997151,0.1324599708879185,0.04187678812731675,7.496650578963986,0.1693208022988731,,0.11066644279459256,-0.02862824478524706,,-0.0461820813172141,-0.022655682022659045,1.0,,,,
akre,2014-09-30,2014-11-30,2014-11-13,3.6635616461296463,0.06283268836560275,0.10670802456282294,0.7103567600812709,0.06065865540900672,0.02564102564102564,0.02564102564102564,0.023962248579979018,7.734335469880584,0.11849732687257522,,0.12098048918471177,-0.04033278800105766,,0.09200247386527363,0.11552887315982868,0.0,,,,
altimeter,2014-09-30,2014-11-30,2014-11-14,3.258096538021482,0.0826246535633525,0.12375568470672034,0.8355700022789573,0.11387153159508279,0.07692307692307693,0.22580645161290322,0.04907415149641643,7.691212359145215,0.3266454469254363,,0.1467816284329497,-0.03717819724823912,,0.05129555020036811,0.07482194949492317,0.0,,,,
berkshire-13f,2014-09-30,2014-11-30,2014-11-14,3.8501476017100584,0.11409105097421708,0.2230318682282848,0.8290436280609753,0.03100862589760034,0.0425531914893617,0.021739130434782608,0.0019036550568681115,11.041459371617728,-0.01342439314326302,,0.09184156074922004,-0.046869816450745505,,-0.07845430306137674,-0.05492790376682169,1.0,,,,
cantillon,2014-09-30,2014-11-30,2014-11-12,3.044522437723423,0.06621634163458007,0.1126888399783902,0.7311078679850358,0.059620484790620876,0.14285714285714285,0.1,0.025848808204582203,7.8180906784377235,-0.05023295784972953,,0.12857282942858633,-0.07849506253514982,,-0.04868264329776479,-0.025156244003209732,1.0,,,,
fisher,2014-09-30,2014-11-30,2014-10-20,6.313548046277095,0.012260615350489529,0.030771888828704037,0.22356234770372768,0.043038102772286924,0.08514492753623189,0.10142348754448399,-0.013801982616092804,6.72264554839235,-0.033630323145937155,,0.08046602190492431,-0.039066725099470956,,0.015069954348457676,0.03859635364301273,0.0,,,,
fundsmith,2014-09-30,2014-11-30,2014-11-05,2.772588722239781,0.07002883619571065,0.10879341738880235,0.7493055825731474,0.1584250158441859,0.125,0.125,0.07643799956014626,9.58675824953367,0.05481338573854555,,0.09720747691726277,-0.026396076027679016,,0.06438815855983912,0.08791455785439417,0.0,,,,
gardner-russo,2014-09-30,2014-11-30,2014-11-13,4.709530201312334,0.06143485538750441,0.10367885704593355,0.7143717998689568,0.024196756824958143,0.009009009009009009,0.02654867256637168,-0.01855618739773343,7.198166242610231,0.00984310474273839,,0.11364869224399193,-0.05624834581172622,,0.03364950206787379,0.057175901362428845,0.0,,,,
harris,2014-09-30,2014-11-30,2014-11-12,5.170483995038151,0.019101432929790982,0.04727167457645725,0.33949694500075617,0.07085821708414908,0.056818181818181816,0.06741573033707865,0.025004026496468983,9.505351332873767,0.0481420720014267,,0.11033402400500668,-0.047965855097561017,,0.005696288980687102,0.02922268827524216,0.0,,,,
markel-13f,2014-09-30,2014-11-30,2014-11-12,4.6443908991413725,0.02702302977585002,0.06501575229290268,0.427430169441144,0.06330245044072114,0.038461538461538464,0.047619047619047616,0.010933158298060667,7.576376552420827,0.06465889593702587,,0.1155304911542142,-0.04920514528559361,,-0.007646422563460778,0.01587997673109428,1.0,,,,
marshall-wace,2014-09-30,2014-11-30,2014-11-13,6.744059186311348,0.005676349699365415,0.0267487809033903,0.15142695512451962,0.45238490141961396,0.3663133097762073,0.4100877192982456,0.020123485234113402,6.449232790427342,0.06873047447048533,,0.1208728517747113,-0.03393993386381733,,0.04235807227619196,0.06588447157074702,0.0,,,,
polen,2014-09-30,2014-11-30,2014-11-14,3.091042453358316,0.05357721197191678,0.09800620176919872,0.6035344421127007,0.12040419122793278,0.045454545454545456,0.16,-0.028789185926203806,11.297981346149783,0.032426998591715106,,0.10427787522404672,-0.04155426619230351,,0.1304298947238368,0.15395629401839184,0.0,,,,
pzena,2014-09-30,2014-11-30,2014-11-07,4.969813299576001,0.01788493497762666,0.04040037344777364,0.2873152993926035,0.059821939623006304,0.041666666666666664,0.014285714285714285,0.015388730124652654,7.117540166708932,-0.017196779867932804,,0.08902136678396885,-0.0333216380963447,,-0.004450750067895512,0.019075649226659545,1.0,,,,
sands,2014-09-30,2014-11-30,2014-11-13,3.9318256327243257,0.03619209544101139,0.06716866917535398,0.4677275653237796,0.07732127488511131,0.09803921568627451,0.061224489795918366,0.013889134402234831,10.148154988710807,0.04249687116288828,,0.13125989501772573,-0.1013697532304183,,0.08368004132962964,0.10720644062418469,0.0,,,,
semper-augustus,2014-09-30,2014-11-30,2014-11-13,3.4011973816621555,0.08405739554031559,0.17672680870904217,0.7258209971595615,0.06083760349886136,0.03333333333333333,0.0,-0.0433994813414719,8.852751176358717,0.026146612351226506,,0.10989762345302091,-0.050028273391420575,,-0.030982145327535182,-0.0074557460329801265,1.0,,,,
tweedy-browne,2014-09-30,2014-11-30,2014-11-12,3.8918202981106265,0.04841234491384613,0.10215623366528881,0.6150399835752357,0.055314078788976206,0.02040816326530612,0.02040816326530612,-0.0747586581165311,9.335182116709275,-0.04794861917882373,,0.11815604866971988,-0.054879525679109475,,-0.07876527906325831,-0.05523887976870326,1.0,,,,
valueact,2014-09-30,2014-11-30,2014-11-17,2.5649493574615367,0.1257759823065717,0.23068287956716743,0.928969505801006,0.11615848683369034,0.15384615384615385,0.21428571428571427,0.0978089230493622,9.943812936114366,0.08382715636509386,,0.09466088399838005,-0.025107312308881746,,0.05601196469848444,0.0795383639930395,0.0,,,,
yacktman,2014-09-30,2014-11-30,2014-11-04,3.9318256327243257,0.054433671500439824,0.1135035319542378,0.6461141406579923,0.032178164150106325,0.11764705882352941,0.0425531914893617,0.6668464286980559,10.511084289829478,0.04752193487287809,,0.0787654956279397,-0.03261801354088201,,-0.02873923639575143,-0.005212837101196371,1.0,,,,
adage,2014-12-31,2015-02-28,2015-02-17,6.55250788703459,0.005030080634366274,0.026415619829635896,0.1400221541366177,0.1960626159059894,0.15691868758915833,0.1581196581196581,0.009760914089333965,7.128075074318749,0.13309235032097222,,0.11824139425091708,-0.040820469683089056,,-0.014400663941035799,-0.09615417822098721,1.0,,,,
akre,2014-12-31,2015-02-28,2015-02-13,3.58351893845611,0.06310396838810983,0.10455985317467632,0.7087855576123506,0.05808056810582929,0.05555555555555555,0.1282051282051282,0.07451724985804067,7.771012794552506,0.10965611874089173,,0.1246704170539822,-0.03575163638077383,,0.06951520109052868,-0.012238313189422725,0.0,,,,
altimeter,2014-12-31,2015-02-28,2015-02-13,3.295836866004329,0.10135420301377317,0.22490886557375217,0.8261236186619831,0.2242147231211794,0.14814814814814814,0.11538461538461539,0.2781542420585923,8.536789106065243,0.14766857892133495,,0.13783346526935958,-0.03717819724823912,,0.04198681642442966,-0.03976669785552175,0.0,,,,
berkshire-13f,2014-12-31,2015-02-28,2015-02-17,3.8501476017100584,0.11584763069975065,0.23231117219164102,0.8268869787680503,0.05831097893277992,0.0851063829787234,0.0851063829787234,0.014551417372242439,11.329436791791881,-0.044337072158170135,,0.10346259534618805,-0.06708249923174214,,-0.00863350543997922,-0.09038701971993063,1.0,,,,
cantillon,2014-12-31,2015-02-28,2015-02-09,2.995732273553991,0.06744658496770052,0.1078066385858062,0.7401558640264227,0.12834070448033452,0.15,0.19047619047619047,0.09198317574113787,7.560634214161146,-0.03849072040265451,,0.09411548910805988,-0.04375058089633921,,-0.03243976688041397,-0.11419328116036538,1.0,,,,
fisher,2014-12-31,2015-02-28,2015-01-29,6.371611847231857,0.011589471203693951,0.028147704250929852,0.2218017956252027,0.07780172150476217,0.13162393162393163,0.07971014492753623,0.03054876577974081,6.649811568892982,-0.02431450314055418,,0.08937746387473214,-0.044730832615027305,,0.008143914800323754,-0.07360959947962765,0.0,,,,
fundsmith,2014-12-31,2015-02-28,2015-02-10,2.772588722239781,0.07000832811376778,0.10129861609781943,0.751808942060372,0.03803494502512483,0.0,0.0,0.18156054692084017,8.84319019866095,0.0681899290743595,,0.10092131756485945,-0.026441203516483158,,0.1416514369948473,0.059897922714895906,0.0,,,,
gardner-russo,2014-12-31,2015-02-28,2015-02-12,4.700480365792417,0.06234244894471121,0.10413975468383473,0.719775670969518,0.02880813965755591,0.03636363636363636,0.04504504504504504,0.03305407440241364,7.349741139546961,0.03273672621913448,,0.09966014295031975,-0.03313590658666232,,0.06428795732507828,-0.01746555695487314,0.0,,,,
harris,2014-12-31,2015-02-28,2015-01-23,5.209486152841421,0.018913868771228227,0.04172531411164052,0.337898865687591,0.07093304846008697,0.060109289617486336,0.022727272727272728,0.05581072323020703,9.195373633412663,0.043791281345931576,,0.1222084135035017,-0.053776411746880304,,-0.03959061789643856,-0.12134413217638997,1.0,,,,
markel-13f,2014-12-31,2015-02-28,2015-02-09,4.672828834461906,0.02801040433428053,0.08719595043008077,0.42610123344267536,0.12670340377841494,0.102803738317757,0.07692307692307693,0.06649712491885061,6.936326883023361,0.0895575226181104,,0.10221191778024433,-0.029602295834188386,,0.007054764358227605,-0.0746987499217238,0.0,,,,
marshall-wace,2014-12-31,2015-02-28,2015-02-17,6.665683717782408,0.0061185167336913916,0.030579460336370896,0.16125482144290523,0.4622844687265961,0.39490445859872614,0.44051825677267376,0.08876005999515169,5.944213714021369,0.048860689595051104,,0.12710971899057988,-0.03393993386381733,,0.0296045312128251,-0.05214898306712631,0.0,,,,
polen,2014-12-31,2015-02-28,2015-02-17,3.1354942159291497,0.049281536355957105,0.07574905426392337,0.5752504533110232,0.0786141847582168,0.043478260869565216,0.0,0.08770661316727725,10.876194213099824,0.05512698311507133,,0.0896620381895061,-0.010997374823476846,,0.11302603823465757,0.03127252395470615,0.0,,,,
pzena,2014-12-31,2015-02-28,2015-02-06,4.948759890378168,0.01768915377655776,0.03907931406970498,0.28443689774892456,0.116707723034838,0.04964539007092199,0.06944444444444445,0.022877695206389274,6.705096755007599,-0.010490514670594586,,0.13147850970895117,-0.0671222888120071,,-0.05641566187632317,-0.13816917615627458,1.0,,,,
sands,2014-12-31,2015-02-28,2015-02-11,3.9889840465642745,0.036946197242207005,0.07879472818347318,0.47903240078264936,0.09330731538507342,0.07407407407407407,0.0196078431372549,0.04312741016428721,10.132960928981763,0.003831137006242019,,0.12416911180627635,-0.057158971259999136,,0.0158549456983796,-0.06589856858157181,0.0,,,,
semper-augustus,2014-12-31,2015-02-28,2015-02-13,3.4011973816621555,0.09190395189329274,0.18875158144943835,0.7594599430039233,0.0793748587711871,0.0,0.0,-0.04069981609410377,8.669588887042977,0.06366991818219278,,0.08668120327262953,-0.01948595702816902,,0.03965160735163304,-0.04210190692831837,0.0,,,,
tweedy-browne,2014-12-31,2015-02-28,2015-02-12,3.8918202981106265,0.050378518211143045,0.11089348132954929,0.6318190498962426,0.10756423253584624,0.02040816326530612,0.02040816326530612,-0.10637558414120124,10.03157805001554,-0.04432014657279791,,0.11304143727806942,-0.10080693620234571,,-0.04030929225859499,-0.1220628065385464,1.0,,,,
valueact,2014-12-31,2015-02-28,2015-02-17,2.6390573296152584,0.11143091131669061,0.21608401818472345,0.8785929711218822,0.15282151519824005,0.14285714285714285,0.07692307692307693,0.06732642515533564,9.878136786467357,0.015428737976109275,,0.14079786247849263,-0.07537404680328397,,0.02652721171436074,-0.05522630256559067,0.0,,,,
yacktman,2014-12-31,2015-02-28,2015-02-02,3.9318256327243257,0.05494466501232151,0.10713909289381215,0.6547683167203489,0.07125335610983685,0.058823529411764705,0.058823529411764705,-0.686347483381801,9.975837181722673,0.05416437266418189,,0.09826771664645143,-0.05359379978971013,,0.07551589315321527,-0.006237621126736133,0.0,,,,
adage,2015-03-31,2015-05-31,2015-05-15,6.561030665896573,0.0051712626511360845,0.03273077648674144,0.1387300557499625,0.20383386545248317,0.17256011315417255,0.16547788873038516,0.006762456090154963,7.213348227487501,0.1319689930911546,,0.12177725781306496,-0.040820469683089056,,-0.033537488866799026,-0.03277728528691569,1.0,,,,
akre,2015-03-31,2015-05-31,2015-05-14,3.58351893845611,0.062393742344777826,0.098153728841791,0.7021669060172459,0.048885246188697606,0.027777777777777776,0.027777777777777776,0.04395894149210144,8.21259547668984,0.11080234237855996,,0.11931550607348186,-0.035751636380774054,,0.07166912402853577,0.07242932760841911,0.0,,,,
altimeter,2015-03-31,2015-05-31,2015-05-15,3.332204510175204,0.1028904750214202,0.21990961058980843,0.8242968252763359,0.1325652526703609,0.14285714285714285,0.1111111111111111,-0.043791090351254815,8.79697563339737,0.08088667881418979,,0.1612869025844135,-0.07667859280086375,,-0.05234253720534087,-0.051582333625457534,1.0,,,,
berkshire-13f,2015-03-31,2015-05-31,2015-05-15,3.8501476017100584,0.1150766472342073,0.23880399702132327,0.8189072904091913,0.030382887175641637,0.0,0.0,-0.020617892984490738,11.819246008056922,-0.07444217407711495,,0.10399500539312657,-0.06708249923174214,,-0.007206461623621925,-0.006446258043738588,1.0,,,,
cantillon,2015-03-31,2015-05-31,2015-05-04,2.995732273553991,0.06592488160590786,0.11065845854359281,0.7297686340524699,0.10712461555634678,0.1,0.1,0.052228375092510736,8.10004256372921,-0.05511914390644394,,0.09622277464113664,-0.043750580896338986,,0.005938958632602132,0.006699162212485469,0.0,,,,
fisher,2015-03-31,2015-05-31,2015-04-30,6.3473892096560105,0.01133974386137702,0.027450545444794985,0.21860520030039435,0.051324833894556665,0.07880910683012259,0.10085470085470086,0.03419849310965771,6.601379595362757,-0.015396069501918588,,0.09431919617393998,-0.044730832615027416,,-0.009352842244706613,-0.008592638664823276,1.0,,,,
gardner-russo,2015-03-31,2015-05-31,2015-05-14,4.700480365792417,0.0623095580878858,0.10610603539749681,0.7199988209042532,0.03052933770937727,0.02727272727272727,0.02727272727272727,0.013222264603291158,7.282666097249696,-0.03257668506418544,,0.10850321745907492,-0.03600614465544949,,0.07208906875665932,0.07284927233654266,0.0,,,,
harris,2015-03-31,2015-05-31,2015-05-14,5.123963979403259,0.018516908393056922,0.045841940209626474,0.334725750210095,0.10166655400908475,0.05952380952380952,0.1366120218579235,-0.01708482071775802,9.296197393535447,0.018589845988125797,,0.12448109607189778,-0.053776411746880415,,-0.033508087907475254,-0.03274788432759192,1.0,,,,
lone-pine,2015-03-31,2015-05-31,2015-05-15,3.828641396489095,0.03106211355415162,0.06607942979174235,0.42986878943861484,0.31350988936801094,0.30434782608695654,0.2558139534883721,0.0011404441365057139,13.061141799521327,0.08338625471597721,,0.09873172950782548,-0.04010435910288612,,0.005972809416209811,0.006733012996093148,0.0,,,,
markel-13f,2015-03-31,2015-05-31,2015-05-07,4.672828834461906,0.029004375945856108,0.08570778546953345,0.4436116226542919,0.08489818474166766,0.04672897196261682,0.04672897196261682,0.042936635303465774,7.632727107266497,0.06613491747563185,,0.10386865889796253,-0.029602295834188497,,-0.004361085528311808,-0.0036008819484284714,1.0,,,,
marshall-wace,2015-03-31,2015-05-31,2015-05-11,6.656726524178391,0.0060674320180018025,0.02623487874987329,0.17005857623705462,0.473143234580514,0.38688946015424164,0.3923566878980892,0.013197895748175861,6.38857850672419,0.08401787770057234,,0.12254441540175295,-0.03393993386381733,,-0.011066213935796829,-0.010306010355913492,1.0,,,,
polen,2015-03-31,2015-05-31,2015-05-15,3.1780538303479458,0.05027118834840221,0.07468903776350902,0.5907963717676685,0.07249591092664864,0.08333333333333333,0.043478260869565216,0.05436767156339058,11.037613967169813,0.1019078584788782,,0.08510123268348266,-0.010997374823477069,,0.041580150456982864,0.0423403540368662,0.0,,,,
pzena,2015-03-31,2015-05-31,2015-05-08,5.017279836814924,0.01692221791131314,0.033945456961730035,0.2731480037908745,0.06321228237607746,0.07947019867549669,0.014184397163120567,-0.039507232751509906,6.458573702089311,0.0015146883507980158,,0.13320521048316233,-0.06712228881200688,,-0.04573202338443116,-0.04497181980454782,1.0,,,,
sands,2015-03-31,2015-05-31,2015-05-14,3.8918202981106265,0.03773788089614673,0.07837749619766933,0.48891418092694316,0.055979731277172595,0.04081632653061224,0.12962962962962962,0.00035987359412131446,10.475353022582263,0.14487590563472671,,0.07519852140301396,-0.014354912791027963,,-0.0015281393080509454,-0.0007679357281676082,1.0,,,,
semper-augustus,2015-03-31,2015-05-31,2015-05-14,3.4339872044851463,0.08739289782563839,0.18472853547669676,0.7438173458969807,0.030692466667340157,0.0967741935483871,0.06666666666666667,-0.01756528842612919,8.125909596363565,0.006887987830787534,,0.08567900694876307,-0.01948595702816902,,0.03234478007372454,0.033104983653607874,0.0,,,,
tweedy-browne,2015-03-31,2015-05-31,2015-05-05,3.8501476017100584,0.05193951645803926,0.11012607699028128,0.6478472879533899,0.03144449534119287,0.0,0.04081632653061224,-0.05285685328688597,10.148980180652865,-0.14801045754295575,,0.09658518692168593,-0.10080693620234571,,-0.002946645517578283,-0.002186441937694946,1.0,,,,
valueact,2015-03-31,2015-05-31,2015-05-15,2.70805020110221,0.11105710653094249,0.21279942888335332,0.8947471838258493,0.11293950348191328,0.13333333333333333,0.07142857142857142,0.12549663734978256,10.301434158974804,0.0365063528703892,,0.14604852208214963,-0.07537404680328397,,0.0014739606160693135,0.0022341641959526507,0.0,,,,
yacktman,2015-03-31,2015-05-31,2015-04-30,3.912023005428146,0.05579699193542676,0.11225589807192038,0.6591188850004088,0.030842191254518037,0.04,0.058823529411764705,-0.10520705900920801,9.40834573002279,-0.028200719334237803,,0.10423708978600761,-0.05359379978971013,,0.08649343583767803,0.08725363941756137,0.0,,,,
adage,2015-06-30,2015-08-31,2015-08-14,6.579251212010101,0.004755724320626888,0.027671194392542616,0.13166581230113308,0.18710137712835406,0.14583333333333334,0.13012729844413012,-0.022683047773774584,7.576728030451837,-0.03815854731875598,,0.12044433432497306,-0.10374571116268938,,0.012540692631962752,0.12481833056698198,0.0,,,,
akre,2015-06-30,2015-08-31,2015-08-14,3.6109179126442243,0.06550124770290107,0.11851328530139275,0.7171649191637904,0.05674646136007333,0.08108108108108109,0.05555555555555555,0.04512287737824334,7.957147980883252,0.16481187166878872,,0.1341530791412977,-0.047413862245754834,,0.030652604830635352,0.14293024276565458,0.0,,,,
altimeter,2015-06-30,2015-08-31,2015-08-14,3.2188758248682006,0.10041126840847264,0.19149832491161828,0.8187447017232125,0.08505357523070523,0.08,0.17857142857142858,-0.014258825711617733,9.491124067595832,0.12808504649001756,,0.1713795464401211,-0.08463417289863362,,-0.14308803113344723,-0.030810393198428,1.0,,,,
berkshire-13f,2015-06-30,2015-08-31,2015-08-14,3.828641396489095,0.1172965479190085,0.24676846973745928,0.8173852569579387,0.027911311156591734,0.021739130434782608,0.0425531914893617,0.00045676498978808013,12.613466088306922,-0.045237697729951266,,0.11344143818615551,-0.0747271262167758,,-0.03195855272307417,0.08031908521194506,1.0,,,,
cantillon,2015-06-30,2015-08-31,2015-07-27,2.995732273553991,0.06331310276485624,0.09969706591262638,0.713832725268537,0.03352612505599584,0.0,0.0,-0.020681320480736176,7.7074924765710335,-0.035866370490043424,,0.09719238319308195,-0.07838678367813334,,0.008125542518645584,0.12040318045366481,0.0,,,,
fisher,2015-06-30,2015-08-31,2015-07-17,6.391917113392602,0.011329961165178417,0.026846806022122076,0.21634589153996958,0.05519975427634849,0.09882747068676717,0.05779334500875657,0.02757622410954752,6.880689958644457,0.013169132276201121,,0.11935951146121583,-0.06321344977855614,,-0.027135962045890513,0.08514167588912872,1.0,,,,
fundsmith,2015-06-30,2015-08-31,2015-08-17,2.9444389791664403,0.06995266663365098,0.09996465333355575,0.7682901687480701,,,,,10.261389070483393,0.10629031129444784,,0.12676440395653657,-0.054414739818751,,0.16024805938080094,0.27252569731582016,0.0,,,,
gardner-russo,2015-06-30,2015-08-31,2015-08-11,4.6913478822291435,0.061061083850707396,0.10055828069792469,0.7149827114718388,0.02333950588043754,0.009174311926605505,0.01818181818181818,0.02239910572634851,7.391195637100673,0.0354061439769388,,0.11524683928846288,-0.04965896282875559,,0.023131435349841814,0.13540907328486104,0.0,,,,
harris,2015-06-30,2015-08-31,2015-08-11,4.9344739331306915,0.018547042514033375,0.04154367325340707,0.33508584763994315,0.06769198132554866,0.03597122302158273,0.20238095238095238,-0.010833319988455756,9.685670234124123,-0.0030677457374312204,,0.13908404977915606,-0.07589469331682641,,-0.009378253031737838,0.10289938490328139,1.0,,,,
lansdowne,2015-06-30,2015-08-31,2015-08-13,4.127134385045092,0.08609711414765801,0.12260964329113472,0.8855552321431519,0.07509381481686905,0.3387096774193548,0.36923076923076925,0.04970741183322999,12.44570462187307,0.1664355838075483,,0.1298180448702917,-0.05683407577165678,,-0.056090376646222614,0.056187261288796614,1.0,,,,
lone-pine,2015-06-30,2015-08-31,2015-08-14,3.828641396489095,0.03466936859429286,0.063457213087787,0.4760893328767214,0.2322636069526084,0.1956521739130435,0.1956521739130435,-0.03990706987802254,13.445570460696361,0.06257484378991554,,0.12521854780267702,-0.0688191305507404,,0.00764676403424433,0.11992440196926356,0.0,,,,
markel-13f,2015-06-30,2015-08-31,2015-08-14,4.718498871295094,0.027517590519467897,0.08123126190211015,0.4320029606381953,0.03655045002430357,0.07142857142857142,0.028037383177570093,0.01222234548072911,7.660933759715842,0.04094582506249486,,0.11812440884323286,-0.06628840410075909,,-8.78474547304775e-05,0.11218979048028875,1.0,,,,
marshall-wace,2015-06-30,2015-08-31,2015-08-14,6.777646593635117,0.0062797947734380775,0.03334791246831712,0.1645222989674033,0.47925272168696076,0.45785876993166286,0.38817480719794345,-0.0011627413347783553,7.1482231043330815,0.11779110699458593,,0.13777992415435156,-0.06437578453453097,,-0.04690650469996596,0.06537113323505327,1.0,,,,
polen,2015-06-30,2015-08-31,2015-08-13,3.1780538303479458,0.050154581873071785,0.07447108876800719,0.5881853091940022,0.050808776721030124,0.041666666666666664,0.041666666666666664,0.0067835310450717725,11.316554703703202,0.16285297793544998,,0.10654952009005393,-0.04766812803835618,,-0.025101127844219764,0.08717651009079946,1.0,,,,
pzena,2015-06-30,2015-08-31,2015-08-07,5.017279836814924,0.016852613504726832,0.030455467603689685,0.27105969938620156,0.07132515515806603,0.059602649006622516,0.059602649006622516,-0.015103006581703039,7.087403631464522,-0.0047460387691422475,,0.14341144807236425,-0.06939755438655781,,-0.023607693637810692,0.08866994429720854,1.0,,,,
sands,2015-06-30,2015-08-31,2015-08-14,3.9318256327243257,0.03682876202902754,0.07964039282367058,0.48036013103688785,0.05515307391599533,0.0392156862745098,0.0,-0.03228991484784325,10.148709908603779,0.06741225934651655,,0.11669193567006382,-0.08245976686651213,,-0.010464271694882857,0.10181336624013637,1.0,,,,
semper-augustus,2015-06-30,2015-08-31,2015-08-13,3.4339872044851463,0.08554987130377212,0.17932738007577684,0.7424122742425663,0.03400062535130277,0.03225806451612903,0.03225806451612903,-0.028969940883301452,7.971182038477501,-0.03262654157485553,,0.09936777424289064,-0.07062176825440247,,0.06719367939826733,0.17947131733328656,0.0,,,,
tweedy-browne,2015-06-30,2015-08-31,2015-08-07,3.8501476017100584,0.05136470763375564,0.10550357469511984,0.6450310204697255,0.023731733400885635,0.0,0.0,-0.023232800341499053,10.22100292566717,-0.15066783489346441,,0.10674634160579306,-0.12660042920848502,,0.04742684726950046,0.15970448520451969,0.0,,,,
valueact,2015-06-30,2015-08-31,2015-08-17,2.6390573296152584,0.1007870384155334,0.17540646052487735,0.8691188895060546,0.084602304797465,0.07142857142857142,0.13333333333333333,0.04842931369627412,11.445140493677842,0.030990891094032327,,0.1595695575115036,-0.08023280700673063,,0.01685337592814269,0.12913101386316192,0.0,,,,
yacktman,2015-06-30,2015-08-31,2015-08-10,3.8501476017100584,0.05881595822952877,0.11955529432429193,0.6827837179077979,0.0507639643071498,0.0,0.06,-0.14697875636216304,9.24825736444333,-0.010788253839293552,,0.11545674402944688,-0.07525768904647312,,0.1032805484645153,0.21555818639953453,0.0,,,,
adage,2015-09-30,2015-11-30,2015-11-16,6.5638555265321274,0.004800141742571147,0.02602154217434085,0.12534510237178514,0.20019467115580414,0.14245416078984485,0.15555555555555556,-0.10757723920060165,7.8179842161639455,-0.0461820813172141,,0.15062198970074211,-0.13124566744198052,,-0.00852018582853084,0.08292957514255776,1.0,,,,
akre,2015-09-30,2015-11-30,2015-11-12,3.5553480614894135,0.06429213692257743,0.12863637523398194,0.6899801216822113,0.06097019335215714,0.02857142857142857,0.08108108108108109,0.03774317386400572,7.577672033271247,0.09200247386527363,,0.14001600405488424,-0.07974651576314629,,-0.041230797193987034,0.05021896377710157,1.0,,,,
altimeter,2015-09-30,2015-11-30,2015-11-13,2.9444389791664403,0.16987696111838743,0.3155742528406256,0.8975020916112955,0.24275919217733144,0.15789473684210525,0.36,0.14625079370377983,8.879081200572092,0.05129555020036811,,0.20847141941547098,-0.08463417289863373,,0.05764724257612368,0.14909700354721228,0.0,,,,
berkshire-13f,2015-09-30,2015-11-30,2015-11-16,3.871201010907891,0.10665302989096857,0.1895453662318725,0.8210711229212596,0.23634654857671955,0.10416666666666667,0.06521739130434782,0.17285880843389007,12.218106010065556,-0.07845430306137674,,0.11284514286979297,-0.0833454465034108,,-0.022596711977782374,0.06885304899330623,1.0,,,,
cantillon,2015-09-30,2015-11-30,2015-11-04,2.9444389791664403,0.0707425970714919,0.11835241891592982,0.763148765258202,0.1407656227167594,0.0,0.05,-0.0649619330274271,7.511176242700931,-0.04868264329776479,,0.10654693187795208,-0.0963059164886595,,-0.021223378569623683,0.07022638240146492,1.0,,,,
coatue,2015-09-30,2015-11-30,2015-11-13,4.02535169073515,0.04192889454778273,0.08433788624901539,0.5478847427752664,0.19764922904942483,0.10714285714285714,0.20634920634920634,-0.11879334468528246,14.023818460128746,0.06811280067093606,,0.16723639261495873,-0.10314522784514946,,-0.05608915282795993,0.03536060814312867,1.0,,,,
fisher,2015-09-30,2015-11-30,2015-10-20,6.51471269087253,0.011677457827753434,0.029106751873724263,0.2259929440210014,0.06037023735479119,0.21037037037037037,0.10720268006700168,-0.06933098961096062,7.291695157591662,0.015069954348457676,,0.1372226346056891,-0.07868578885941435,,-0.06581413746857465,0.025635623502513964,1.0,,,,
fundsmith,2015-09-30,2015-11-30,2015-10-20,2.995732273553991,0.06951138777124588,0.10165733860336128,0.7743223672554025,0.12484640831312188,0.05,0.0,0.03162148117420241,10.300809075946892,0.06438815855983912,,0.1381638792663859,-0.06524416113085652,,0.036792543003252534,0.12824230397434114,0.0,,,,
gardner-russo,2015-09-30,2015-11-30,2015-11-12,4.6443908991413725,0.06138395594835252,0.10682882312540273,0.7149571767689333,0.028754967182779922,0.057692307692307696,0.10091743119266056,-0.0272933462027382,7.017052166809885,0.03364950206787379,,0.1304091457106094,-0.05881916380791352,,-0.07512749069529187,0.016322270275796726,1.0,,,,
harris,2015-09-30,2015-11-30,2015-11-13,4.804021044733257,0.01839215667773146,0.042486178921017734,0.33303670904388843,0.09963461890515601,0.040983606557377046,0.15827338129496402,-0.09123682369236494,9.587299707562737,0.005696288980687102,,0.16556798790637015,-0.10516135637590307,,-0.004207498144036037,0.08724226282705257,1.0,,,,
lansdowne,2015-09-30,2015-11-30,2015-11-13,4.0943445622221,0.08714481304455653,0.13318063630698768,0.9027657175065635,0.09190402700480949,0.26666666666666666,0.2903225806451613,0.013597317109246991,12.131401092955194,0.17749495750587546,,0.15492762233467308,-0.07187237146745029,,-0.07651023135754884,0.01493952961353977,1.0,,,,
lone-pine,2015-09-30,2015-11-30,2015-11-16,3.7612001156935624,0.033648818880408486,0.059437034517841936,0.45909638052791324,0.23900909175582763,0.20930232558139536,0.2608695652173913,-0.0051995997934507895,13.798752423865267,0.022618045115628545,,0.13560800460613842,-0.10505990800823117,,-0.05149677581555058,0.03995298515553802,1.0,,,,
markel-13f,2015-09-30,2015-11-30,2015-11-09,4.795790545596741,0.026656895277808755,0.07677792114801095,0.42483855042332275,0.04157001339701094,0.08264462809917356,0.008928571428571428,-0.05350188433600921,7.385785587796589,-0.007646422563460778,,0.1189158659677454,-0.0828482960567094,,-0.014951629520989468,0.07649813145009914,1.0,,,,
marshall-wace,2015-09-30,2015-11-30,2015-11-12,6.787844982309579,0.007150847133453349,0.03802478218014337,0.18354302936530723,0.4402387403281607,0.4306651634723788,0.42482915717539865,0.05992386119482202,7.00850479978289,0.04235807227619196,,0.14028146197718475,-0.1059909872868613,,-0.03523606153579095,0.05621369943529765,1.0,,,,
polen,2015-09-30,2015-11-30,2015-11-16,3.1780538303479458,0.05134615782593838,0.07824705199127917,0.5801695090124851,0.07415793406654159,0.041666666666666664,0.041666666666666664,0.05517197476405674,11.544015112101025,0.1304298947238368,,0.12184701324816885,-0.054267334675671575,,-0.0921634973899857,-0.0007137364188970955,1.0,,,,
pzena,2015-09-30,2015-11-30,2015-11-06,4.997212273764115,0.01687177239785853,0.031214513334645734,0.2818944820917367,0.08363722231797188,0.02027027027027027,0.039735099337748346,-0.12072221557019905,6.814567744879797,-0.004450750067895512,,0.17219528899838527,-0.11770452987162616,,0.07084197695689191,0.16229173792798052,0.0,,,,
sands,2015-09-30,2015-11-30,2015-11-13,3.970291913552122,0.03747378671286746,0.0900036341587467,0.481256857677101,0.1124036302286695,0.11320754716981132,0.0784313725490196,-0.12786536053051326,10.213053233654348,0.08368004132962964,,0.17468238066375028,-0.12313306317488837,,-0.12181706569053855,-0.03036730471944995,1.0,,,,
semper-augustus,2015-09-30,2015-11-30,2015-11-13,3.4339872044851463,0.0822205951892979,0.17629857151873435,0.734359988499218,0.05311910809382836,0.0,0.0,-0.04649706480894898,7.905118549218438,-0.030982145327535182,,0.116784479543816,-0.0826808400773058,,0.06334497001028798,0.15479473098137658,0.0,,,,
tweedy-browne,2015-09-30,2015-11-30,2015-11-13,3.8918202981106265,0.04731721465801204,0.10720885043681519,0.6028004898906443,0.08706568912532975,0.10204081632653061,0.06382978723404255,-0.07529015290189836,9.954341405647801,-0.07876527906325831,,0.14416368633734067,-0.13602687955461368,,0.03795038231537788,0.12940014328646648,0.0,,,,
valueact,2015-09-30,2015-11-30,2015-11-16,2.70805020110221,0.10040930707892759,0.19372779115555566,0.8664466238486028,0.043319010758006926,0.06666666666666667,0.0,-0.09916440990193176,11.5361899242199,0.05601196469848444,,0.18789268515179894,-0.0978863255876552,,0.0547540022204069,0.1462037631914955,0.0,,,,
yacktman,2015-09-30,2015-11-30,2015-11-09,3.8501476017100584,0.0634765028641878,0.1314746006079474,0.7232218325572116,0.06091917720457629,0.0425531914893617,0.0425531914893617,-0.20696493362541524,9.88445717855699,-0.02873923639575143,,0.1295592588864318,-0.06856638578770735,,0.03049140781938138,0.12194116879046998,0.0,,,,
adage,2015-12-31,2016-02-29,2016-02-16,6.52795791762255,0.004978159266153267,0.022336068829444004,0.12890891494807427,0.20498226983285517,0.14035087719298245,0.17066290550070523,0.05748954386758006,8.311550746765846,-0.014400663941035799,,0.1436060246909241,-0.13124566744198052,,-0.009698701560462819,0.2636578158147395,1.0,,,,
akre,2015-12-31,2016-02-29,2016-02-12,3.5263605246161616,0.06923174660158112,0.1358075182948342,0.7224438465878322,0.0626464703538332,0.029411764705882353,0.05714285714285714,0.043713114861759446,8.237526996245672,0.06951520109052868,,0.1306895403185068,-0.0799162009923079,,-0.04401374744644157,0.22934276992876076,1.0,,,,
altimeter,2015-12-31,2016-02-29,2016-02-12,2.995732273553991,0.17308980639352334,0.33422277575042597,0.8928922925761681,0.08360873878694874,0.05,0.0,0.15519749078005657,8.76960867272079,0.04198681642442966,,0.2765709348076205,-0.203027123862633,,-0.013958568512130232,0.2593979488630721,1.0,,,,
berkshire-13f,2015-12-31,2016-02-29,2016-02-16,3.871201010907891,0.1080187486443003,0.19776738080985845,0.8163055057468349,0.027029253673580778,0.020833333333333332,0.020833333333333332,0.034315801289950404,12.570546290904312,-0.00863350543997922,,0.08762618719540911,-0.09383532451913956,,-0.03389283015758046,0.23946368721762187,1.0,,,,
cantillon,2015-12-31,2016-02-29,2016-02-03,3.091042453358316,0.05931765222354864,0.09205493507541264,0.6940487001636302,0.26563695521343045,0.22727272727272727,0.10526315789473684,0.12498614484608486,9.130608557404198,-0.03243976688041397,,0.11327189508361238,-0.12698024393249585,,-0.00694759753795704,0.2664089198372453,1.0,,,,
coatue,2015-12-31,2016-02-29,2016-02-16,4.02535169073515,0.047322069104960195,0.08241514476253067,0.6153364215135277,0.21905109291257419,0.30357142857142855,0.30357142857142855,0.1254287232991018,16.300227390838884,0.008820148078585041,,0.1773817660126418,-0.12106279740699832,,0.05484799599619811,0.32820451337140044,0.0,,,,
duquesne,2015-12-31,2016-02-29,2016-02-16,2.4849066497880004,0.2089402580182846,0.38667073521489087,0.9729373409506679,0.40605849204146205,0.5833333333333334,0.7222222222222222,-0.23740519348204953,19.288012334125142,-0.04066700918935698,,0.13330778032556312,-0.12400131221208,,0.08811527122953383,0.36147178860473617,0.0,,,,
fisher,2015-12-31,2016-02-29,2016-01-14,6.617402977974478,0.011937167621500008,0.032520939640952165,0.2311590333883183,0.07053180673662407,0.15508021390374332,0.0637037037037037,0.07823000655261378,7.903520980578667,0.008143914800323754,,0.13347478609980043,-0.10764703061279679,,-0.04334558375027334,0.230010933624929,1.0,,,,
fundsmith,2015-12-31,2016-02-29,2016-02-16,2.8903717578961645,0.06712237444583213,0.10495007777233314,0.7413693807825356,0.06779022868748963,0.05555555555555555,0.15,0.19406561812390632,10.209485235814807,0.1416514369948473,,0.12648511492919537,-0.06524416113085652,,-0.0025008470642226555,0.2708556703109797,1.0,,,,
gardner-russo,2015-12-31,2016-02-29,2016-02-11,4.653960350157523,0.0607103853270024,0.10109266048512323,0.7283909369546347,0.0768808219769006,0.047619047619047616,0.038461538461538464,0.05482497159027609,7.6109782597265605,0.06428795732507828,,0.1199900974659303,-0.05881916380791352,,-0.08465689701518819,0.18869962036001414,1.0,,,,
harris,2015-12-31,2016-02-29,2016-02-09,4.820281565605037,0.019196014974559243,0.04672462124828689,0.34287239213066323,0.11025242631627274,0.07258064516129033,0.05737704918032787,0.031578740201696584,9.928568251639446,-0.03959061789643856,,0.16410633465184157,-0.12812858173132746,,0.0759320693484809,0.34928858672368324,0.0,,,,
icahn,2015-12-31,2016-02-29,2016-02-16,3.258096538021482,0.11650903197103643,0.24370709708636745,0.8312250833846111,0.13548216519768486,0.07692307692307693,0.0,0.05452651892308574,6.900024071185487,-0.1656582527239191,,0.24846201194606746,-0.27070244277257505,,-0.07543604400194251,0.19792047337325983,1.0,,,,
lansdowne,2015-12-31,2016-02-29,2016-02-12,4.23410650459726,0.07519055926911826,0.11380810138889376,0.8178923727771683,0.1675492574779951,0.3188405797101449,0.21666666666666667,0.20526238837629915,14.934909456678222,0.11494083496221452,,0.16908692214032212,-0.11128028495465403,,-0.0018180529077502783,0.27153846446745206,1.0,,,,
lone-pine,2015-12-31,2016-02-29,2016-02-16,3.6888794541139363,0.03470134417547853,0.06739615969013657,0.46876223019926977,0.23616373825239434,0.2,0.2558139534883721,0.002136816667486158,14.451452099371144,-0.004475238627783054,,0.1371439208919739,-0.12322330353760702,,-0.010713786024897642,0.2626427313503047,1.0,,,,
markel-13f,2015-12-31,2016-02-29,2016-02-16,4.867534450455582,0.027413842585104323,0.07177505189086299,0.4409570223469071,0.08874293841455849,0.13846153846153847,0.0743801652892562,-0.027138406834962502,7.414708149761849,0.007054764358227605,,0.11561165760551614,-0.0958700656206406,,-0.02361480400820848,0.24974171336699386,1.0,,,,
marshall-wace,2015-12-31,2016-02-29,2016-02-10,6.85751406254539,0.0066042334026030405,0.04222548307936682,0.17422779741632016,0.41351524525443084,0.41009463722397477,0.36753100338218714,0.2694756271738411,7.521640420499185,0.0296045312128251,,0.135485638493743,-0.11189271999493733,,-0.02142663741694595,0.2519298799582564,1.0,,,,
polen,2015-12-31,2016-02-29,2016-02-12,3.258096538021482,0.05127228783553328,0.07731877619324931,0.583180682738612,0.12668269855158787,0.19230769230769232,0.125,0.16982125264909012,12.621299311966682,0.11302603823465757,,0.1264021188204953,-0.0692398366055531,,-0.11283795708954855,0.16051856028565378,1.0,,,,
pzena,2015-12-31,2016-02-29,2016-02-05,5.0106352940962555,0.016548675345384754,0.02980253264948565,0.26839796624595846,0.078407089262849,0.04666666666666667,0.033783783783783786,0.030297991597380784,6.843060167951789,-0.05641566187632317,,0.1509709779829755,-0.15737688077143452,,0.15567446375905314,0.4290309811342555,0.0,,,,
sands,2015-12-31,2016-02-29,2016-02-12,3.970291913552122,0.037565974342842694,0.08847352065049464,0.49600520181373065,0.1658685795416519,0.09433962264150944,0.09433962264150944,0.08055424153945617,11.601995840506909,0.0158549456983796,,0.201121559366153,-0.12860891094635618,,-0.048904630919058056,0.22445188645614428,1.0,,,,
semper-augustus,2015-12-31,2016-02-29,2016-02-08,3.4657359027997265,0.08187790561150635,0.17387495356839988,0.7180112557207236,0.04073709880703824,0.03125,0.0,0.0005888910090896964,8.349901529965027,0.03965160735163304,,0.12577369254091167,-0.07861470798423487,,-0.00872307212221518,0.26463344525298715,1.0,,,,
tweedy-browne,2015-12-31,2016-02-29,2016-02-10,3.8918202981106265,0.04756410267233979,0.11140508700985106,0.5919712082419226,0.11738805301839395,0.061224489795918366,0.061224489795918366,0.01417610240936062,10.966974108031934,-0.04030929225859499,,0.13897422045254454,-0.13602687955461368,,0.05322166839762277,0.3265781857728251,0.0,,,,
valueact,2015-12-31,2016-02-29,2016-02-16,2.6390573296152584,0.10500051532519981,0.21745894895906195,0.8985632005881072,0.13680251109405472,0.0,0.06666666666666667,-0.17430856926810706,11.669414928135803,0.02652721171436074,,0.1691994594225835,-0.11904274405724058,,0.12067758665989753,0.39403410403509986,0.0,,,,
yacktman,2015-12-31,2016-02-29,2016-02-04,3.828641396489095,0.06518467024857846,0.13144234772453664,0.7471366544128727,0.054331399210618914,0.08695652173913043,0.10638297872340426,-0.14315379914465945,9.773093918643955,0.07551589315321527,,0.10934852584429425,-0.05373265949587358,,-0.046137861562159876,0.22721865581304246,1.0,,,,
adage,2016-03-31,2016-05-31,2016-05-16,6.52795791762255,0.005017539392135075,0.02500538583632438,0.12481068215820496,0.1829865708557229,0.16228070175438597,0.16228070175438597,-0.033815448713044455,8.368456371579967,-0.033537488866799026,,0.15631569721529226,-0.08880593044935159,,0.004966559901337431,0.19234830583127135,0.0,,,,
akre,2016-03-31,2016-05-31,2016-05-13,3.5263605246161616,0.06801398266880283,0.13609390079064176,0.7213920112901293,0.03062981020782385,0.0,0.0,0.05298233669754038,8.539400795169097,0.07166912402853577,,0.1509868340132347,-0.07991620099230778,,-0.012459807099168718,0.1749219388307652,1.0,,,,
altimeter,2016-03-31,2016-05-31,2016-05-16,2.70805020110221,0.28209608216843246,0.4496360854911932,0.966807811892225,0.18847437067360573,0.06666666666666667,0.3,-0.17532986666550332,8.579643499531402,-0.05234253720534087,,0.2894091449806075,-0.203027123862633,,0.3126493347181437,0.5000310806480777,0.0,,,,
berkshire-13f,2016-03-31,2016-05-31,2016-05-16,3.8501476017100584,0.11373679009257015,0.19897287725914825,0.8395272075081427,0.08038023000877703,0.02127659574468085,0.041666666666666664,-0.02523620374118232,11.715339676733478,-0.007206461623621925,,0.11415776641804352,-0.09291436466469061,,-0.07669936842108556,0.11068237750884836,1.0,,,,
cantillon,2016-03-31,2016-05-31,2016-04-29,3.1780538303479458,0.053304473554761096,0.08587568485622395,0.6409729193882394,0.1781199744330978,0.16666666666666666,0.09090909090909091,0.0718517552830416,8.822207263781484,0.005938958632602132,,0.14962375616338344,-0.1076147552368436,,0.03788215511918899,0.22526390104912292,0.0,,,,
coatue,2016-03-31,2016-05-31,2016-05-16,4.02535169073515,0.0480527377392107,0.08072912864389924,0.6201329765760409,0.264866709943662,0.4107142857142857,0.4107142857142857,-0.2314567567497527,14.76957706889716,-0.023440809036626178,,0.19578624610154238,-0.12106279740699821,,0.17717749364522825,0.3645592395751622,0.0,,,,
dragoneer,2016-03-31,2016-05-31,2016-05-16,2.5649493574615367,0.09754609977000347,0.15716488842728102,0.9058760582884839,0.23686170898202563,0.23076923076923078,0.16666666666666666,0.008511873278517124,7.141195354546313,-0.2964602528418808,,0.36442904121718606,-0.30494863849027953,,0.545820470573497,0.733202216503431,0.0,,,,
duquesne,2016-03-31,2016-05-31,2016-05-16,3.4657359027997265,0.07480710869847619,0.20963700312862593,0.652015267258739,0.6469361166017575,0.78125,0.4166666666666667,0.4750603261310418,12.695792424839437,0.008272360145270016,,0.15222036249635715,-0.11072167423473411,,-0.04272621606864524,0.14465552986128868,1.0,,,,
fisher,2016-03-31,2016-05-31,2016-04-18,6.548219102762372,0.011947546397077189,0.02993092323056096,0.2329802221830199,0.05964202258758855,0.06876790830945559,0.13101604278074866,0.013758603444861347,7.96863717583235,-0.009352842244706613,,0.148417699706237,-0.10764703061279657,,-0.01222495169132315,0.17515679423861077,1.0,,,,
fundsmith,2016-03-31,2016-05-31,2016-04-27,2.833213344056216,0.06769689024656518,0.09345664020142887,0.7367614789677028,0.08852368029409463,0.0,0.05555555555555555,0.15418035239087982,10.463087699100127,0.15399670173803567,,0.13342437602763665,-0.06524416113085652,,0.09738107328025361,0.28476281921018753,0.0,,,,
gardner-russo,2016-03-31,2016-05-31,2016-05-12,4.672828834461906,0.06137049715597086,0.10031650059194407,0.7292326747041948,0.032545121106902664,0.04672897196261682,0.02857142857142857,0.011717996313584588,7.226068049021469,0.07208906875665932,,0.1311355112088016,-0.05881916380791363,,-0.018649356868200462,0.16873238906173346,1.0,,,,
harris,2016-03-31,2016-05-31,2016-05-11,4.812184355372417,0.018895100137440026,0.046481784194652806,0.3344292185973068,0.09375099938945686,0.08943089430894309,0.0967741935483871,-0.10524798799859951,9.351508723240677,-0.033508087907475254,,0.185706028940556,-0.12812858173132746,,0.058920050556887205,0.24630179648682113,0.0,,,,
icahn,2016-03-31,2016-05-31,2016-05-16,3.044522437723423,0.16042238722285113,0.3454561761756246,0.9048180009706218,0.25700297662672933,0.047619047619047616,0.23076923076923078,-0.31491150385528555,3.47088718804859,-0.23498864717621507,,0.2714486906889326,-0.24637040792490061,,-0.0637325124308152,0.12364923349911873,1.0,,,,
lansdowne,2016-03-31,2016-05-31,2016-05-13,3.8918202981106265,0.08759406516235486,0.12655645580034947,0.8922930017993745,0.18123526303758097,0.20408163265306123,0.43478260869565216,-0.1396559153688618,16.090502193093883,0.05191212938934619,,0.1731988956407771,-0.11128028495465414,,0.020753121510080824,0.20813486744001475,0.0,,,,
lone-pine,2016-03-31,2016-05-31,2016-05-16,3.6109179126442243,0.03868450038665552,0.07243557333554537,0.5133040594542865,0.2266178235250107,0.16216216216216217,0.225,-0.13284903073460277,15.547307017715726,0.005972809416209811,,0.1615785143747766,-0.12322330353760724,,0.03371004599911104,0.22109179192904496,0.0,,,,
markel-13f,2016-03-31,2016-05-31,2016-05-06,4.859812404361672,0.027613038646046296,0.06739322076120406,0.44580801963677125,0.04353624762251629,0.06201550387596899,0.06923076923076923,0.008346648545892952,7.240834723841798,-0.004361085528311808,,0.1360377356156852,-0.09208290298255417,,0.006730925344103383,0.1941126712740373,0.0,,,,
marshall-wace,2016-03-31,2016-05-31,2016-05-13,6.913737350659685,0.006765828109701604,0.03838310959333481,0.1728624064289273,0.44442893914257464,0.4105367793240557,0.3764458464773922,-0.026500418935983136,7.771136157503401,-0.011066213935796829,,0.14154315977400975,-0.11189271999493722,,0.045020667354708443,0.23240241328464237,0.0,,,,
matrix,2016-03-31,2016-05-31,2016-05-16,2.6390573296152584,0.11848136595909634,0.19950303538193193,0.9054588152753281,0.18639577921566397,0.07142857142857142,0.23529411764705882,-0.07970879364857138,7.747902516979624,0.016247380846756827,,0.2487763830046117,-0.17409548190550672,,0.11607971175916912,0.30346145768910304,0.0,,,,
melvin,2016-03-31,2016-05-31,2016-05-16,3.7612001156935624,0.0319656818975697,0.05342957409853792,0.45055469294775,0.40449490541566935,0.3023255813953488,0.3877551020408163,0.07456468671566695,10.908815893966803,0.07471122891456285,,0.12420355555494562,-0.06466951709814828,,0.034896602583003866,0.2222783485129378,0.0,,,,
polen,2016-03-31,2016-05-31,2016-05-16,3.295836866004329,0.05034203693415737,0.07609879881430001,0.5789977013059614,0.05800903735463936,0.037037037037037035,0.0,0.11901156085536523,12.951966986887669,0.041580150456982864,,0.14065877866783008,-0.06923983660555344,,0.030158147714692662,0.2175398936446266,0.0,,,,
pzena,2016-03-31,2016-05-31,2016-05-06,5.0238805208462765,0.01581412779684503,0.029803030289077385,0.25618629533822695,0.11930159020924802,0.07894736842105263,0.06666666666666667,0.006082847573041548,6.200259998667775,-0.04573202338443116,,0.18121915635033714,-0.15208767768304254,,0.05321466021447016,0.24059640614440408,0.0,,,,
sands,2016-03-31,2016-05-31,2016-05-16,3.9318256327243257,0.03946765622067037,0.09060336928839925,0.510109076236988,0.0845183996567167,0.0196078431372549,0.05660377358490566,-0.1367710230052379,12.424427990720485,-0.0015281393080509454,,0.2131106468915837,-0.1286089109463563,,0.028154455671989764,0.2155362016019237,0.0,,,,
semper-augustus,2016-03-31,2016-05-31,2016-05-13,3.4011973816621555,0.08937148095773416,0.19187805612515593,0.7413209630468761,0.09424122779173982,0.03333333333333333,0.09375,-0.022747182379768107,8.2373130475931,0.03234478007372454,,0.14288308077870965,-0.07212626180236814,,-0.02082431819908423,0.1665574277308497,1.0,,,,
suvretta,2016-03-31,2016-05-31,2016-05-16,2.995732273553991,0.06132518090745283,0.08477906162296624,0.695430969679776,0.34035387309820364,0.3,0.36363636363636365,0.2522298186536468,16.24975557254527,-0.01544105934157201,,0.14207379654826902,-0.1044798596805957,,0.05239579741300038,0.2397775433429343,0.0,,,,
tweedy-browne,2016-03-31,2016-05-31,2016-05-12,3.912023005428146,0.049126125035334596,0.10728967104324837,0.595633257028128,0.06427865168742819,0.04,0.02040816326530612,0.06438959298408034,10.85571184937055,-0.002946645517578283,,0.16830460021240617,-0.10258420174000571,,-0.03425167416303965,0.15313007176689428,1.0,,,,
valueact,2016-03-31,2016-05-31,2016-05-16,2.5649493574615367,0.1546229615079586,0.31214906909172935,0.9601232094750721,0.32124270214005,0.15384615384615385,0.21428571428571427,-0.3659870965332361,12.883322204156023,0.0014739606160693135,,0.18048968747881397,-0.11904274405724069,,0.0891565602916923,0.27653830622162623,0.0,,,,
yacktman,2016-03-31,2016-05-31,2016-05-06,3.8066624897703196,0.06502658836313152,0.12456368016489446,0.7527107670932698,0.025740807866794113,0.0,0.021739130434782608,-0.0273872242858319,10.801856665908629,0.08649343583767803,,0.12360726713748632,-0.047964703663648356,,-0.013000880815023708,0.17438086511491022,1.0,,,,
adage,2016-06-30,2016-08-31,2016-08-15,6.522092798170152,0.004853516345833436,0.019483000572027207,0.12516005480570105,0.169515946555307,0.1338235294117647,0.1388888888888889,-0.006001648923196322,7.900247807522326,0.012540692631962752,,0.13352268163325842,-0.06162212975472059,,0.01998080939950339,0.1916159893038147,0.0,,,,
akre,2016-06-30,2016-08-31,2016-08-12,3.5263605246161616,0.06784972590309298,0.13914492321640012,0.7279819854558645,0.046679060097670755,0.029411764705882353,0.029411764705882353,0.09912067258049298,8.759274208235574,0.030652604830635352,,0.1535467534819707,-0.07991620099230767,,0.011878597845248556,0.18351377774955988,0.0,,,,
altimeter,2016-06-30,2016-08-31,2016-08-15,2.4849066497880004,0.26123025778785725,0.35627087223398657,0.981488628963396,0.1343998280037484,0.0,0.2,-0.13249180450445938,9.228509329450842,-0.14308803113344723,,0.3155239336719043,-0.245673520763398,,0.12192528954124815,0.29356046944555947,0.0,,,,
berkshire-13f,2016-06-30,2016-08-31,2016-08-15,3.8918202981106265,0.11931564488490999,0.22213660810876668,0.8411571818455874,0.054579384291571054,0.10204081632653061,0.06382978723404255,0.008789871858101747,10.712257704771,-0.03195855272307417,,0.09365800574477787,-0.05704070009987905,,-0.0840014801722907,0.08763369973202062,1.0,,,,
cantillon,2016-06-30,2016-08-31,2016-08-03,3.258096538021482,0.05072932736288846,0.09360977579620151,0.6047394707336731,0.15632628821477246,0.15384615384615385,0.08333333333333333,0.03856512634531991,9.136291148010073,0.008125542518645584,-0.10989786708834504,0.1546674358566665,-0.10181860562691636,-0.5086344369762066,0.06579750104201593,0.23743268094632725,0.0,,,,
coatue,2016-06-30,2016-08-31,2016-08-12,4.02535169073515,0.04480346528536464,0.07846206843375307,0.5944469853412031,0.1966392168072787,0.17857142857142858,0.17857142857142858,-0.13286082123764664,12.189177594621007,-0.031780350615916386,,0.18902813553707462,-0.1115738740966632,,0.22993260748986533,0.40156778739417665,0.0,,,,
dragoneer,2016-06-30,2016-08-31,2016-08-15,2.833213344056216,0.0841823282796335,0.13974189496502717,0.861306530118163,0.2509384118648261,0.35294117647058826,0.15384615384615385,0.21737489091063278,6.067519588328547,0.05113345660884071,,0.342026923869288,-0.19149061597415384,,0.472775686069725,0.6444108659740363,0.0,,,,
duquesne,2016-06-30,2016-08-31,2016-08-15,3.4339872044851463,0.05876915982455471,0.1223811924798403,0.6282289677065902,0.6424235166842185,0.6451612903225806,0.65625,-0.23510903356503163,9.155601471505376,0.036512355011811506,,0.1335247130268353,-0.06940898508036253,,-0.025009104079300848,0.14662607582501047,1.0,,,,
fisher,2016-06-30,2016-08-31,2016-07-12,6.551080335043404,0.011761478472669739,0.032064280338191475,0.23025443181066715,0.0443201722761557,0.06,0.05730659025787966,0.023797765102529372,7.419754671129296,-0.027135962045890513,-0.07059344708834447,0.1315941647142045,-0.09734554547911511,-1.2230457301651978,0.004600398617419205,0.17623557852173052,0.0,,,,
fundsmith,2016-06-30,2016-08-31,2016-08-12,2.772588722239781,0.06679324961748971,0.08639382119131106,0.7159793785643909,0.07873332578770875,0.0,0.058823529411764705,0.2704242447206629,9.661510705451663,0.16024805938080094,0.3016710129116549,0.10534216336234255,-0.005270984401343881,2.309932684637634,0.042630004555135714,0.21426518445944703,0.0,,,,
gardner-russo,2016-06-30,2016-08-31,2016-08-12,4.653960350157523,0.06232456636230422,0.10233070069259141,0.7321333619313332,0.02867308915079969,0.0380952380952381,0.056074766355140186,0.00887460450134398,7.232493195901017,0.023131435349841814,,0.10836940222837174,-0.05250118099953127,,0.003384776692580027,0.17501995659689135,0.0,,,,
giverny,2016-06-30,2016-08-31,2016-08-11,3.2188758248682006,0.07889980453579054,0.18163856282218496,0.7497651543382399,0.03360755535659665,0.04,0.0,0.013067510310570104,5.646252561952673,-0.04792160447458714,,0.1375996830476047,-0.10977077748321074,,-0.03596416864566079,0.13567101125865053,1.0,,,,
harris,2016-06-30,2016-08-31,2016-08-10,4.770684624465665,0.018035614258641412,0.0420677754899464,0.3237947772663889,0.07683509512372055,0.05084745762711865,0.08943089430894309,-0.06814237920363934,9.316668170646329,-0.009378253031737838,,0.18597512714721798,-0.12812858173132746,,0.07723914425858378,0.2488743241628951,0.0,,,,
icahn,2016-06-30,2016-08-31,2016-08-15,3.044522437723423,0.14759102104663493,0.3290522711079001,0.8722260108092358,0.10610370745697906,0.14285714285714285,0.14285714285714285,-0.05793568581093829,4.495076324698068,-0.2762370159620395,,0.2724129528076796,-0.2463704079249005,,0.05450706609788053,0.22614224600219185,0.0,,,,
lansdowne,2016-06-30,2016-08-31,2016-08-15,3.713572066704308,0.1043334515994096,0.1493551108810253,0.967442513794855,0.19603200169557577,0.1951219512195122,0.32653061224489793,-0.16912655919474148,15.733764444778844,-0.056090376646222614,,0.16899878871165616,-0.11128028495465403,,0.06061406322883192,0.23224924313314324,0.0,,,,
lone-pine,2016-06-30,2016-08-31,2016-08-15,3.5553480614894135,0.03811176379960733,0.06471428635520735,0.5011938354677664,0.2433997047334041,0.11428571428571428,0.16216216216216217,0.09556878547251922,13.689374431879965,0.00764676403424433,,0.14905698581198765,-0.10747845605092332,,0.08176946559967196,0.2534046455039833,0.0,,,,
markel-13f,2016-06-30,2016-08-31,2016-08-05,4.867534450455582,0.02699723860625202,0.0634875788494919,0.43602115198402636,0.059830053297987074,0.12307692307692308,0.11627906976744186,0.018352242781958336,7.819853915947641,-8.78474547304775e-05,,0.1169844323809403,-0.07403567246189213,,0.017133238736931428,0.18876841864124275,0.0,,,,
marshall-wace,2016-06-30,2016-08-31,2016-08-12,6.85751406254539,0.007156478986001264,0.03745008649391545,0.1845621045781689,0.3987442649277685,0.34279705573080965,0.378727634194831,0.11200199161819756,7.280021391533374,-0.04690650469996596,,0.13089009237206153,-0.07542375006381141,,0.0444273641895008,0.21606254409381212,0.0,,,,
matrix,2016-06-30,2016-08-31,2016-08-15,2.70805020110221,0.10653592497404157,0.17129021354605495,0.891032843260257,0.06545164554113747,0.06666666666666667,0.0,0.08195886925209987,7.453393381611957,-0.07637620815907906,,0.24080815370738215,-0.17398784039146842,,0.25503152640864385,0.42666670631295517,0.0,,,,
melvin,2016-06-30,2016-08-31,2016-08-15,3.6109179126442243,0.04017721302474565,0.08826029062802869,0.5280763574668244,0.428823485550374,0.35135135135135137,0.4418604651162791,0.056773132896417056,10.951067015947721,-0.00890060025880518,,0.116076267358338,-0.03895611779075314,,0.04864274124607673,0.22027792115038805,0.0,,,,
polen,2016-06-30,2016-08-31,2016-08-12,3.295836866004329,0.051676567840746736,0.07594637345047568,0.5919857573747163,0.04569453757902797,0.037037037037037035,0.037037037037037035,0.07884389575814191,12.879088160373666,-0.025101127844219764,,0.1345937602327355,-0.06923983660555322,,0.04454672652375688,0.2161819064280682,0.0,,,,
pzena,2016-06-30,2016-08-31,2016-08-05,4.969813299576001,0.015998018552764944,0.030889199946824732,0.2585346460325777,0.051589816321785054,0.006944444444444444,0.05921052631578947,-0.018819137374303616,6.264317049711055,-0.023607693637810692,,0.1873427868978003,-0.1299489210513194,,0.033578001338060215,0.20521318124237153,0.0,,,,
sands,2016-06-30,2016-08-31,2016-08-12,3.9512437185814275,0.038943509787451744,0.08564552237364234,0.5109626017642354,0.061019711694516476,0.038461538461538464,0.0196078431372549,-0.04544440098711557,12.804243252746234,-0.010464271694882857,,0.21660839874167165,-0.12860891094635618,,0.08727613820424385,0.25891131810855517,0.0,,,,
semper-augustus,2016-06-30,2016-08-31,2016-08-12,3.4011973816621555,0.08348864783478108,0.19822079795834027,0.7227301398565908,0.09431289392825626,0.06666666666666667,0.06666666666666667,-0.011153644274443634,7.493695940606263,0.06719367939826733,,0.11654921120294838,-0.0613454929332623,,-0.01873774235574055,0.15289743754857077,1.0,,,,
suvretta,2016-06-30,2016-08-31,2016-08-15,3.091042453358316,0.07252542364280015,0.12377349097697574,0.7708068111104825,0.5970049603798206,0.6363636363636364,0.6,-0.12171758306439752,14.413174181139334,-0.021202354377418034,,0.13893213041041183,-0.05672736942262224,,0.05007632705239884,0.22171150695671016,0.0,,,,
trian,2016-06-30,2016-08-31,2016-08-12,1.9459101490553132,0.17486721004535608,0.2242210761821337,1.0,0.051568214310884763,0.0,0.2222222222222222,0.010771132293482406,7.941577486552129,0.06155650802276817,,0.11423784559260343,-0.046818906059836074,,-0.13756083206592298,0.03407434783838834,1.0,,,,
tweedy-browne,2016-06-30,2016-08-31,2016-08-10,3.912023005428146,0.05339050829586251,0.10950689717500424,0.6340132835313177,0.06336526500372253,0.04,0.04,-0.019180513993937293,11.077676437337141,0.04742684726950046,,0.1453418121181039,-0.08328874209342552,,-0.02909979342976063,0.1425353864745507,1.0,,,,
valueact,2016-06-30,2016-08-31,2016-08-15,2.6390573296152584,0.13879867573285384,0.262968331097675,0.9670736532956751,0.21808862097535942,0.2857142857142857,0.23076923076923078,0.09511044262004308,10.665756581276014,0.01685337592814269,,0.1869944885185062,-0.11904274405724069,,0.027844855837167948,0.19948003574147927,0.0,,,,
yacktman,2016-06-30,2016-08-31,2016-08-01,3.8066624897703196,0.06569824180295895,0.1316150392590368,0.7583342466678742,0.03446202438513524,0.0,0.0,-0.06168774470304295,10.195763076936322,0.1032805484645153,0.07771887291165436,0.09895298160424633,-0.015780428729587292,1.244920360656238,-0.020327980141730373,0.15130719976258095,1.0,,,,
adage,2016-09-30,2016-11-30,2016-11-14,6.520621127558696,0.004875978967352053,0.023967944325224075,0.13001819762761854,0.1743805447193848,0.13696612665684832,0.13823529411764707,-0.009464448410786691,8.224731460848412,-0.00852018582853084,0.11170138967026133,0.10392748207054742,-0.06108538427393573,0.7092080261609903,0.041460944006625866,0.272986288613706,0.0,,,,
akre,2016-09-30,2016-11-30,2016-11-15,3.4965075614664802,0.06720346874562196,0.13708913518006924,0.7213890643388247,0.028286744586946244,0.0,0.029411764705882353,-0.0066841079642619965,8.539075569753669,-0.041230797193987034,0.20137777472000962,0.12870502983354817,-0.06181092386769782,2.384761991999274,0.1074953398006867,0.33902068440776684,0.0,,,,
altimeter,2016-09-30,2016-11-30,2016-11-14,2.5649493574615367,0.2861636993247238,0.3975148206318467,0.9897384485961376,0.0661785504782414,0.15384615384615385,0.08333333333333333,0.12393041925953047,10.512237635650086,0.05764724257612368,0.5389992207106271,0.2999718864010061,-0.20606018217059252,1.2254138199486628,-0.21554954700946427,0.015975797597615866,1.0,,,,
berkshire-13f,2016-09-30,2016-11-30,2016-11-14,3.912023005428146,0.1172657253690704,0.226323682548665,0.8374009013790278,0.044815922700795596,0.06,0.04081632653061224,-0.007099836118941139,9.522298411696637,-0.022596711977782374,-0.13652792124395852,0.09543203989743596,-0.045625546658773275,-1.8264382493594786,-0.0775353868100088,0.15398995779707134,1.0,,,,
cantillon,2016-09-30,2016-11-30,2016-11-07,3.367295829986474,0.04585337962181737,0.08176643851581869,0.5630539721557076,0.08051374288682522,0.10344827586206896,0.0,0.17566738718776523,9.54749705099136,-0.021223378569623683,-0.1372612930398333,0.1467664325973736,-0.04781776398024029,-0.9608844961321796,0.10361760427014816,0.3351429488772283,0.0,,,,
coatue,2016-09-30,2016-11-30,2016-11-14,3.912023005428146,0.04938383372578568,0.098917428937878,0.6086553194891979,0.26350047615522143,0.2,0.2857142857142857,0.15025832160866115,13.908036893166258,-0.05608915282795993,,0.16955581302358858,-0.09290968807480038,,0.22046331877780023,0.45198866338488036,0.0,,,,
dragoneer,2016-09-30,2016-11-30,2016-11-14,2.833213344056216,0.08799271672925807,0.14009138357624026,0.8753995773961099,0.195746566616263,0.29411764705882354,0.29411764705882354,0.11492067623877945,5.988597370464683,0.057482942653149696,,0.29425106681872243,-0.17179581467097382,,0.3204281570938157,0.5519535017008959,0.0,,,,
duquesne,2016-09-30,2016-11-30,2016-11-14,3.713572066704308,0.04739186915974587,0.15017257098490588,0.5079626719630292,0.5263717329077608,0.5365853658536586,0.3870967741935484,0.26144863826095,8.412000293587328,0.11450643176331297,,0.1251865888613534,-0.06789963852556924,,-0.05876425808334129,0.17276108652373884,1.0,,,,
fisher,2016-09-30,2016-11-30,2016-10-11,6.594413459749778,0.011387954872103543,0.03137410010844695,0.22920262914028505,0.06465380862552439,0.09302325581395349,0.05285714285714286,0.04401274087225695,7.6086423609158595,-0.06581413746857465,-0.09548448033147716,0.11014914291134871,-0.08364662563919356,-1.47989181708115,0.025880859346400886,0.257406203953481,0.0,,,,
fundsmith,2016-09-30,2016-11-30,2016-11-14,2.9444389791664403,0.06210708804724651,0.07821728898798731,0.6876081421145425,0.24900774572418571,0.3157894736842105,0.1875,0.1838272721904519,8.167018785615396,0.036792543003252534,0.19406201496572595,0.08044672523568744,-0.0366958217022465,1.9704782566681773,0.1351965731587807,0.3667219177658608,0.0,,,,
gardner-russo,2016-09-30,2016-11-30,2016-11-14,4.605170185988092,0.06283444876829096,0.10391754622200006,0.7398219911353335,0.02237848467214354,0.03,0.0761904761904762,0.00657145027598077,7.014557092831388,-0.07512749069529187,-0.03849908129278043,0.0906834755802752,-0.05074366091070692,-0.21015841872515106,0.03416432009505044,0.26568966470213057,0.0,,,,
giverny,2016-09-30,2016-11-30,2016-11-08,3.258096538021482,0.07776450289506277,0.1769106544170453,0.7497088296253298,0.0632395200440442,0.11538461538461539,0.08,0.04228542848844561,6.944523206185836,-0.041184104975480744,,0.15886973614739985,-0.07143577105466103,,-0.005333647682637582,0.22619169692444255,1.0,,,,
harris,2016-09-30,2016-11-30,2016-11-09,4.762173934797756,0.018759321443082167,0.04340534459147916,0.33899099983614667,0.08425487401808052,0.03418803418803419,0.0423728813559322,0.016824516032494914,9.305133060352743,-0.004207498144036037,0.056040304769173266,0.16623849151338707,-0.09535959202861011,-0.37891142977242653,0.028612300227846166,0.2601376448349263,0.0,,,,
icahn,2016-09-30,2016-11-30,2016-11-14,2.9444389791664403,0.15259132952221235,0.3243446375960235,0.9152367375484942,0.0767167293450739,0.0,0.09523809523809523,-0.023511590469474083,3.8501611212274205,-0.20008591834532283,,0.29108536913333183,-0.1164710125535866,,-0.040493348443951416,0.19103199616312871,1.0,,,,
lansdowne,2016-09-30,2016-11-30,2016-11-10,3.6635616461296463,0.09968555408593593,0.13862384919413184,0.9468008343972373,0.04831176284710048,0.28205128205128205,0.3170731707317073,0.0743865389683029,15.818488977213574,-0.07651023135754884,,0.14039049060270614,-0.10234774772756994,,0.09536988793315726,0.3268952325402374,0.0,,,,
lone-pine,2016-09-30,2016-11-30,2016-11-14,3.6109179126442243,0.03417024276885565,0.06341371031215538,0.44804510509872053,0.2819475885058238,0.2972972972972973,0.2571428571428571,0.033230014358932296,12.990599733991624,-0.05149677581555058,,0.1288152751890076,-0.09652925497769782,,0.08554828336385473,0.31707362797093486,0.0,,,,
markel-13f,2016-09-30,2016-11-30,2016-11-04,4.859812404361672,0.026650461732068777,0.06756374635034568,0.4330875012276139,0.051094387601105296,0.031007751937984496,0.038461538461538464,0.022212533650993425,7.892032869379043,-0.014951629520989468,0.04365979580638357,0.12586986219125126,-0.053281840117536894,0.44345238966994655,0.06691720215638974,0.2984425467634699,0.0,,,,
marshall-wace,2016-09-30,2016-11-30,2016-11-10,6.81783057145415,0.007730823296302988,0.04687712452991324,0.19011259278093823,0.380376052977508,0.3774617067833698,0.40168243953732913,0.1896541780510792,7.4044852683581475,-0.03523606153579095,0.08734689764787829,0.11916899474164966,-0.06599746873498546,1.7340953916802917,0.07044944318959595,0.3019747877966761,0.0,,,,
matrix,2016-09-30,2016-11-30,2016-11-14,2.70805020110221,0.12171264568094732,0.19699106762614607,0.9568583201150568,0.10670658138324207,0.13333333333333333,0.13333333333333333,0.06553557728713985,7.071657843037923,-0.06513915164585035,,0.22892292005419465,-0.1419336436853884,,0.09858600355253277,0.3301113481596129,0.0,,,,
melvin,2016-09-30,2016-11-30,2016-11-14,3.784189633918261,0.03521011033311763,0.06991051758963229,0.47422189326859876,0.43640041493982096,0.36363636363636365,0.24324324324324326,0.21050905875680778,12.737952103819508,-0.004150429365247121,,0.1111188840143914,-0.03895611779075314,,0.10601454969759688,0.337539894304677,0.0,,,,
polen,2016-09-30,2016-11-30,2016-11-14,3.295836866004329,0.05306569562613228,0.08198658660392737,0.606166788053878,0.06573323548005161,0.037037037037037035,0.037037037037037035,0.06288520201840278,14.428193676085703,-0.0921634973899857,0.07877662151223569,0.1063423482878604,-0.046728844080302756,1.051500748527756,0.09758808167000438,0.3291134262770845,0.0,,,,
pzena,2016-09-30,2016-11-30,2016-11-04,5.0238805208462765,0.01580383843531491,0.030075554150644748,0.2579088103571448,0.08908604539163756,0.09210526315789473,0.041666666666666664,0.02349088505241281,6.254497773547022,0.07084197695689191,0.05702618651022179,0.19214442372319737,-0.10126824825208447,-0.23998621153257005,-0.01807491736463193,0.2134504272424482,1.0,,,,
sands,2016-09-30,2016-11-30,2016-11-14,3.9318256327243257,0.04094389507447942,0.08489329974029197,0.5329556108243294,0.06128896352503377,0.0,0.019230769230769232,0.048774406883680683,14.326592096018429,-0.12181706569053855,-0.0044253904943827305,0.17874451901154487,-0.11012945517935224,0.2360336548366728,0.133200559176743,0.36472590378382314,0.0,,,,
semper-augustus,2016-09-30,2016-11-30,2016-11-10,3.4011973816621555,0.08281071231778515,0.19764548863727033,0.7205414070490269,0.023320708722346484,0.0,0.0,-0.0004641212600083189,7.00344544946795,0.06334497001028798,0.06336707864133961,0.10789008188679701,-0.030847456512324567,0.7182841185231953,-0.046138551028380076,0.18538679357870005,1.0,,,,
suvretta,2016-09-30,2016-11-30,2016-11-14,3.258096538021482,0.06812042759574913,0.1147310412139516,0.7356370391514124,0.38750244220074315,0.6153846153846154,0.5454545454545454,0.16518397272595992,14.840104109118142,-0.02365576471291947,,0.119870259096067,-0.05672736942262224,,0.10374623669920341,0.33527158130628354,0.0,,,,
third-avenue,2016-09-30,2016-11-30,2016-11-14,4.700480365792417,0.03132610138689644,0.08846450463479111,0.44115265598343767,0.07711658041471492,0.02727272727272727,0.05309734513274336,-0.030439746167417753,3.9600297667734807,-0.0027480621201301653,,0.18233058408616318,-0.07965728181341192,,-0.0256367047817376,0.20588863982534253,1.0,,,,
tiger-global,2016-09-30,2016-11-30,2016-11-14,3.258096538021482,0.11786519228701668,0.19833686061029113,0.9122423936136571,0.21870891887167387,0.3076923076923077,0.1,0.2996467490742955,18.025932952067294,-0.13540568731073296,,0.24106401060494864,-0.18004405038867166,,0.2660674666148861,0.49759281122196625,0.0,,,,
trian,2016-09-30,2016-11-30,2016-11-14,1.9459101490553132,0.16981322558923953,0.21051566174755873,1.0,0.022900194448593036,0.0,0.0,-0.02519964950439372,7.861524146771541,0.009586662028800763,,0.10047480987244087,-0.04681890605983596,,-0.2013269265294682,0.030198418077611915,1.0,,,,
tweedy-browne,2016-09-30,2016-11-30,2016-11-14,3.912023005428146,0.053533083173165595,0.12103597947092502,0.6249015138491775,0.03958340056965626,0.02,0.02,-0.07015064200890703,10.499387180557893,0.03795038231537788,-0.108762926277641,0.12413013049711921,-0.04342718099555465,-1.2628533275269491,-0.028488092382061875,0.20303725222501826,1.0,,,,
valueact,2016-09-30,2016-11-30,2016-11-15,2.5649493574615367,0.11088042584634072,0.19360998064144733,0.934302319762911,0.11643286462574587,0.0,0.07142857142857142,0.04200324890232454,8.798474638294428,0.0547540022204069,0.24193228820300422,0.18103630125326312,-0.08189822868212548,0.9003304554023929,-0.06343297810752016,0.16809236649955997,1.0,,,,
yacktman,2016-09-30,2016-11-30,2016-11-01,3.828641396489095,0.06423335893885505,0.12501116372784066,0.7512338308388555,0.0341465376876563,0.021739130434782608,0.0,-0.048315072668803825,9.650188367273962,0.03049140781938138,0.05184929239591568,0.07550891843566417,-0.013772125328135765,0.8295509539898299,-0.002729483663388127,0.228795860943692,1.0,,,,
adage,2016-12-31,2017-02-28,2017-02-14,6.523562306149512,0.005117270336052322,0.024224925307333892,0.1387802027969392,0.18074726704643718,0.14390602055800295,0.14138438880706922,0.008267923994835702,8.591125462373416,-0.009698701560462819,0.12123061520829032,0.0825183726611801,-0.016991231893849656,0.631190342435111,0.0268478449410727,0.20739730298713027,0.0,,,,
akre,2016-12-31,2017-02-28,2017-02-13,3.4965075614664802,0.06373130024453466,0.1299243821688021,0.7084867389486958,0.05098505412008958,0.06060606060606061,0.06060606060606061,0.045437027905859365,8.188255359649295,-0.04401374744644157,0.18430969911949696,0.11273815618365506,-0.037667582899507446,2.3451789027482572,0.10647595675499402,0.2870254148010516,0.0,,,,
altimeter,2016-12-31,2017-02-28,2017-02-14,2.833213344056216,0.23178781523753175,0.38342423331668174,0.9460149495169154,0.12772961096527313,0.29411764705882354,0.07692307692307693,0.24954581377934698,9.453751791244265,-0.013958568512130232,0.22407464028200946,0.22579182404240353,-0.1724358527075378,0.6227376268065352,-0.17469820530322644,0.005851252742831129,1.0,,,,
berkshire-13f,2016-12-31,2017-02-28,2017-02-14,3.8501476017100584,0.1033062583769336,0.19214375751282908,0.8097239563108196,0.11609541898665487,0.06382978723404255,0.12,0.13895152422651597,10.493751875103076,-0.03389283015758046,-0.09748503440664924,0.0800777964280875,-0.023691352550851863,-0.9889802413917581,-0.12466682705867466,0.05588263098738291,1.0,,,,
cantillon,2016-12-31,2017-02-28,2017-02-10,3.367295829986474,0.043229994289045545,0.06867356432725406,0.52837671616003,0.11046018355881526,0.10344827586206896,0.10344827586206896,0.00891453819014727,9.193377517752294,-0.00694759753795704,-0.09708049824956808,0.11524835458257404,-0.030157017664238173,-0.1811741370635576,0.12250539279546355,0.3030548508415211,0.0,,,,
coatue,2016-12-31,2017-02-28,2017-02-13,4.02535169073515,0.04081509452748243,0.08295518479234518,0.5283050743243587,0.2011230365721156,0.17857142857142858,0.08,0.034590728794890585,13.67247026889409,0.05484799599619811,,0.14699981629821285,-0.03847576534018704,,0.22711728007430612,0.4076667381203637,0.0,,,,
dragoneer,2016-12-31,2017-02-28,2017-02-14,3.044522437723423,0.07819165296565407,0.12491134332592557,0.8173199678471795,0.24576281789636212,0.2857142857142857,0.11764705882352941,-0.046172636068496,5.867331788737056,0.3005703266940917,,0.22683453275347723,-0.0972995542447499,,0.5032669455709521,0.6838164036170097,0.0,,,,
duquesne,2016-12-31,2017-02-28,2017-02-14,3.4657359027997265,0.05360193770818089,0.13036537157025566,0.6254376115958301,0.7322413006163361,0.59375,0.6829268292682927,-0.09726869681215815,8.006446242972874,0.08811527122953383,,0.10838645201083899,-0.01748302847623795,,0.037146768111740336,0.2176962261577979,0.0,,,,
fisher,2016-12-31,2017-02-28,2017-01-10,6.6039438246004725,0.011265336105575846,0.029698177799994244,0.2234921292296905,0.05936555932574272,0.07859078590785908,0.06976744186046512,0.01950282204669198,8.049352697598458,-0.04334558375027334,-0.06153209207160237,0.0793150891005394,-0.014135214915837802,-1.1397571579882986,0.009974678335406079,0.19052413638146365,0.0,,,,
fundsmith,2016-12-31,2017-02-28,2017-02-13,2.8903717578961645,0.06284820033756529,0.08448776898443942,0.6915242158583214,0.20972930823255442,0.16666666666666666,0.21052631578947367,0.03730382321662207,9.174414646642944,-0.0025008470642226555,0.2936881886611234,0.09486909147910111,-0.0366958217022465,2.4619261480568375,0.10309796274905933,0.2836474207951169,0.0,,,,
gardner-russo,2016-12-31,2017-02-28,2017-02-13,4.574710978503383,0.062467669353197856,0.10146697518289063,0.732407700043705,0.10321910818808111,0.010309278350515464,0.04,-0.016873213857315123,7.358725673990754,-0.08465689701518819,0.03673896413820904,0.09702711744943203,-0.050743660910707145,0.526300796744445,-0.003988801316729906,0.17656065672932766,1.0,,,,
giverny,2016-12-31,2017-02-28,2017-02-10,3.258096538021482,0.08107782252565174,0.1826776368538748,0.764314639584017,0.37326166536293603,0.15384615384615385,0.15384615384615385,0.09521444334136217,9.63482402931097,-0.01674444099831779,,0.1270493639423301,-0.06716565297763633,,-0.03099395498815047,0.1495555030579071,1.0,,,,
harris,2016-12-31,2017-02-28,2017-02-10,4.795790545596741,0.019052038211710712,0.043650041887805434,0.34318500726845447,0.0751520950078266,0.049586776859504134,0.017094017094017096,0.027802257341737857,10.25264590822533,0.0759320693484809,0.0704349034101372,0.1133224413472148,-0.037765645071832,-0.431715222554016,0.016148752000005373,0.19669821004606294,0.0,,,,
icahn,2016-12-31,2017-02-28,2017-02-14,2.8903717578961645,0.16565580312632086,0.34815899794408767,0.9145350919716618,0.06235352529165539,0.0,0.05263157894736842,0.1219612960208977,3.748772187052177,-0.07543604400194251,,0.2176097213481397,-0.11647101255358627,,-0.020338419379607425,0.16021103866645015,1.0,,,,
lansdowne,2016-12-31,2017-02-28,2017-02-13,3.8066624897703196,0.09813446819771732,0.162991391534898,0.9268581885046827,0.12161809932514556,0.2222222222222222,0.10256410256410256,-0.024699855648176186,17.51243033866196,-0.0018180529077502783,,0.10302339173297423,-0.053358012749847084,,0.1160265333528904,0.29657599139894797,0.0,,,,
lone-pine,2016-12-31,2017-02-28,2017-02-14,3.6375861597263857,0.03439257360226882,0.07101002837231803,0.4474118954538917,0.22659069915151497,0.18421052631578946,0.16216216216216217,-0.15610480432963209,13.917438489598995,-0.010713786024897642,,0.096800968864968,-0.021391511580021727,,0.08266216260091627,0.26321162064697384,0.0,,,,
markel-13f,2016-12-31,2017-02-28,2017-02-10,4.890349128221754,0.02781985111216706,0.07624825047656211,0.444202886150282,0.05208642040405198,0.05263157894736842,0.023255813953488372,0.0671638573254468,8.389436746849292,-0.02361480400820848,0.08894957989641616,0.10550073654696238,-0.053281840117536894,0.9425678708177199,0.05333712534014992,0.2338865833862075,0.0,,,,
marshall-wace,2016-12-31,2017-02-28,2017-02-10,6.854354502255021,0.005848468123240004,0.031749488812753024,0.15872889430617823,0.41726790228169663,0.3755274261603376,0.3522975929978118,0.08007314201789824,7.3148859502359995,-0.02142663741694595,0.07772748098584681,0.09554294353107548,-0.03563656943060278,1.7996107564487434,0.06967415332148205,0.2502236113675396,0.0,,,,
matrix,2016-12-31,2017-02-28,2017-02-14,2.4849066497880004,0.13042517009987292,0.23093758078541046,0.9791612809726368,0.20511240384854457,0.16666666666666666,0.3333333333333333,-0.15238443183343153,8.849246590366072,0.08655878362476277,,0.20080893261361651,-0.0927152488084867,,0.26585366889371587,0.4464031269397734,0.0,,,,
melvin,2016-12-31,2017-02-28,2017-02-14,3.8066624897703196,0.03159230722791153,0.06992535968030103,0.43028370767247887,0.37150314785326544,0.3111111111111111,0.29545454545454547,0.05266184496307679,10.364684818469902,-0.07250943400524246,,0.10858667199849392,-0.028834359627513018,,0.14662837184140579,0.32717782988746336,0.0,,,,
polen,2016-12-31,2017-02-28,2017-02-13,3.258096538021482,0.05318476365779312,0.07702910741379632,0.6053052690788842,0.08223452094667005,0.0,0.037037037037037035,0.07953760480986664,13.747321689018063,-0.11283795708954855,0.09727147343025966,0.10319629426880804,-0.03139952529504986,1.3936527968325978,0.10587596226494625,0.2864254203110038,0.0,,,,
pzena,2016-12-31,2017-02-28,2017-02-10,5.056245805348308,0.015500416168633105,0.03112293954262127,0.2527264980009017,0.07417498286169621,0.07643312101910828,0.046052631578947366,0.0692450596045088,6.865722264887924,0.15567446375905314,0.05786534828598372,0.1445009425437513,-0.03812816102280059,-0.5404425063758957,-0.004267204480877224,0.17628225356518035,1.0,,,,
sands,2016-12-31,2017-02-28,2017-02-13,3.970291913552122,0.03932312859402076,0.08635174121478455,0.5266082476001576,0.08022904930621855,0.07547169811320754,0.0392156862745098,-0.16868546587256208,14.22845160061398,-0.048904630919058056,-0.024570200267167386,0.1589860840518654,-0.07768096910491251,0.2809638733024036,0.1876723948046047,0.3682218528506623,0.0,,,,
semper-augustus,2016-12-31,2017-02-28,2017-02-13,3.332204510175204,0.09546354607912133,0.22234253209430646,0.7242819107515,0.08795674852405266,0.0,0.06666666666666667,-0.022193796900321968,8.187322470835156,-0.00872307212221518,0.12498134572850594,0.087854125048397,-0.027087304349964203,1.1810426010426227,-0.026191398740295413,0.15435805930576216,1.0,,,,
srs,2016-12-31,2017-02-28,2017-02-14,2.833213344056216,0.18009256891516467,0.3641061142454792,0.9400024885050984,0.37555636848114815,0.29411764705882354,0.3684210526315789,-0.08879170429907118,13.887109341507486,0.14784183012305097,,0.21769146995544714,-0.08298190616258483,,0.37241806434953817,0.5529675223955958,0.0,,,,
suvretta,2016-12-31,2017-02-28,2017-02-14,3.6635616461296463,0.045486988489908134,0.10537679304074175,0.5474249571257518,0.5631966062245308,0.7692307692307693,0.6538461538461539,0.10601750394829161,11.294055231003345,-0.005444130001469705,,0.11545817415398128,-0.046818656949562776,,0.05596956344874596,0.23651902149480353,0.0,,,,
third-avenue,2016-12-31,2017-02-28,2017-02-13,4.736198448394496,0.030074713909893205,0.08200377431003728,0.4522944977013328,0.11414751379917032,0.07017543859649122,0.03636363636363636,0.011026828629507827,4.073494354850405,0.06706536159938786,,0.13749483023718306,-0.05254582811515174,,-0.07434698807054788,0.1062024699755097,1.0,,,,
tiger-global,2016-12-31,2017-02-28,2017-02-14,3.58351893845611,0.11229048441808383,0.23182006625408833,0.8239752024944552,0.23180677199748956,0.3333333333333333,0.07692307692307693,0.1508892099069942,15.262864033331248,0.06089761711196384,,0.18185283387075063,-0.07963870764605796,,0.39641680355936715,0.5769662616054247,0.0,,,,
trian,2016-12-31,2017-02-28,2017-02-14,2.0794415416798357,0.15558743630494734,0.21946719427443415,1.0,0.15339985659173583,0.25,0.14285714285714285,0.08052215394584095,7.8784309678117195,-0.10136454749472917,,0.09307456917073521,-0.0345162593279108,,-0.21705852530578018,-0.03650906725972261,1.0,,,,
tweedy-browne,2016-12-31,2017-02-28,2017-02-07,3.8918202981106265,0.05190428207542889,0.10846127777335289,0.628232266205645,0.08990030017871276,0.04081632653061224,0.06,-0.03678042366507833,10.922348149432235,0.05322166839762277,-0.05684495290820091,0.0922761642542806,-0.019497886845822654,-1.0697245751769104,-0.01996964094462611,0.16057981710143146,1.0,,,,
valueact,2016-12-31,2017-02-28,2017-02-14,2.6390573296152584,0.11564358180099261,0.19712192662591543,0.9412215140353792,0.07222022460779143,0.07142857142857142,0.0,0.05793810365408298,9.38663024015399,0.12067758665989753,0.1881663593625607,0.13915511253939988,-0.04201172605887549,0.28785685731553456,-0.032733774590302966,0.1478156834557546,1.0,,,,
yacktman,2016-12-31,2017-02-28,2017-01-31,3.784189633918261,0.06513349066094173,0.12024904757061207,0.7574365800936701,0.028816850384276504,0.022727272727272728,0.06521739130434782,-0.04345397368414301,9.101536998321482,-0.046137861562159876,0.12319204330098732,0.07792491871694927,-0.012267347949162843,1.1569294420661391,-0.04024488210066479,0.14030457594539278,1.0,,,,
adage,2017-03-31,2017-05-31,2017-05-15,6.54534966033442,0.0050246194042227665,0.028232937676261487,0.1396931281539689,0.18831741782414424,0.16235632183908047,0.14390602055800295,0.08049945179671812,8.626839116354168,0.004966559901337431,0.11299635179596573,0.07406785249643345,-0.016991231893849768,0.6513077871876626,-0.0018336216139389627,0.1607712731489064,1.0,,,,
akre,2017-03-31,2017-05-31,2017-05-15,3.4339872044851463,0.06909067827209879,0.13384021817943914,0.7424403293337825,0.06111174827724242,0.03225806451612903,0.09090909090909091,0.10977688447408651,9.350949537867846,-0.012459807099168718,0.219914637406182,0.09419705613422018,-0.03766758289950767,1.9440653127592622,0.07616255771751815,0.23876745248036352,0.0,,,,
altimeter,2017-03-31,2017-05-31,2017-05-15,2.9444389791664403,0.20957500858986708,0.34068593340956277,0.9441321502723197,0.05332835866216523,0.10526315789473684,0.0,0.08696384869190495,10.825818369542322,0.3126493347181437,0.3774285497572719,0.19526120064395278,-0.012278652558158965,0.6974389735218643,-0.19058429987443767,-0.02797940511159231,1.0,,,,
berkshire-13f,2017-03-31,2017-05-31,2017-05-15,3.828641396489095,0.09992228224699017,0.18267868139847757,0.8135686366748187,0.07839938576406602,0.0,0.02127659574468085,0.08970495555718801,11.826426743430813,-0.07669936842108556,-0.17703061395199468,0.06989498023905588,-0.023691352550851863,-1.506492646426712,-0.11458574905724514,0.04801914570560023,1.0,,,,
cantillon,2017-03-31,2017-05-31,2017-05-01,3.4011973816621555,0.041451020310049366,0.07021455527040009,0.5120688777877982,0.08181919658305548,0.06666666666666667,0.034482758620689655,0.09092386110781246,9.663047277538036,0.03788215511918899,-0.01740494295227335,0.09317917514816194,-0.030157017664238173,0.21137762954187256,0.05981112971669697,0.22241602447954234,0.0,,,,
coatue,2017-03-31,2017-05-31,2017-05-15,3.784189633918261,0.04523732907426501,0.09107182465665571,0.5600656674206074,0.20297448455824008,0.13636363636363635,0.32142857142857145,0.20663290911095675,15.555844479444628,0.17717749364522825,,0.12277707312548282,-0.03138715021305116,,0.09812155554764387,0.26072645031048924,0.0,,,,
darsana,2017-03-31,2017-05-31,2017-05-15,2.4849066497880004,0.10908599857871118,0.21821549939806417,0.941945797375131,0.21262318505694688,0.08333333333333333,0.26666666666666666,-0.07052517935373682,14.009841954897416,-0.011654221239488227,,0.08226202250476954,-0.027610715037977962,,0.18440923828076647,0.34701413304361184,0.0,,,,
dragoneer,2017-03-31,2017-05-31,2017-05-15,3.044522437723423,0.07362946339218386,0.12643637205822095,0.782758190661132,0.2516687060248145,0.19047619047619047,0.19047619047619047,0.2829484409696359,8.965658905061375,0.545820470573497,,0.16803016795255069,-0.034808248539865305,,0.41782267041129373,0.5804275651741391,0.0,,,,
duquesne,2017-03-31,2017-05-31,2017-05-15,3.8501476017100584,0.036228137899039746,0.07017532350384596,0.5080025585095042,0.8051275969234455,0.7446808510638298,0.625,0.3958605508342428,12.62537779016942,-0.04272621606864524,,0.11432475705906475,-0.04733774549155978,,0.16553277005789577,0.32813766482074114,0.0,,,,
fisher,2017-03-31,2017-05-31,2017-04-25,6.590301048196686,0.011886993178568181,0.0372387100188056,0.23711411664570092,0.06505110708303696,0.10714285714285714,0.11924119241192412,0.08365752194056436,8.053673372857409,-0.01222495169132315,-0.04393564256275223,0.06202000710045765,-0.014135214915837802,-0.7929075822556668,-0.03819582147928684,0.12440907328355853,1.0,,,,
fundsmith,2017-03-31,2017-05-31,2017-05-05,2.8903717578961645,0.06301526906613467,0.080477447121559,0.6969917257587084,0.027270955509196892,0.0,0.0,0.12520579810543553,9.207430203153315,0.09738107328025361,0.37279759955051195,0.08609714614220818,-0.03669582170224639,2.6817938368705976,0.023185795643642676,0.18579069040648805,0.0,,,,
gardner-russo,2017-03-31,2017-05-31,2017-05-11,4.624972813284271,0.06282683018536372,0.09516161823553736,0.7394752754092492,0.03398372367435165,0.049019607843137254,0.0,0.0892738699252894,7.243726399145232,-0.018649356868200462,0.032573353303265606,0.08667184403604213,-0.050743660910707145,0.5036694531748372,-0.10116059098410718,0.0614443037787382,1.0,,,,
giverny,2017-03-31,2017-05-31,2017-05-11,3.258096538021482,0.08374097752466361,0.18714573032905454,0.7737025405277029,0.06167181366909669,0.11538461538461539,0.11538461538461539,0.018337943700076294,10.266955535367593,-0.03661830760567239,,0.11764663352848767,-0.06716565297763633,,-0.034174795110131606,0.12843009965271376,1.0,,,,
gotham,2017-03-31,2017-05-31,2017-05-15,6.881411303642535,0.0032752939825992757,0.010787824677756795,0.09031976612053995,0.3394038555619201,0.2802874743326489,0.24134199134199133,0.013832576210477088,5.137607453549265,-0.029728891389471712,,0.09157452654357462,-0.0336796949838174,,0.0402044454276301,0.20280934019047547,0.0,,,,
harris,2017-03-31,2017-05-31,2017-05-08,4.7535901911063645,0.019218200018201882,0.04495450218137823,0.3402250802002012,0.07723211169237876,0.04310344827586207,0.08264462809917356,0.053322493053854274,9.836570264906596,0.058920050556887205,0.041667537794910614,0.09869727952531704,-0.002817624580861211,-0.2745789399364241,-0.027463734557759745,0.13514116020508563,1.0,,,,
hitchwood,2017-03-31,2017-05-31,2017-05-15,3.6888794541139363,0.0370942560477376,0.10125939223769527,0.45615773429154083,0.3778189909659685,0.375,0.2857142857142857,0.024247951992885063,11.4187550701207,0.03257826697817878,,0.12363411350086682,-0.062191046423814234,,0.10666356089961718,0.26926845566246255,0.0,,,,
icahn,2017-03-31,2017-05-31,2017-05-15,2.772588722239781,0.1783705946298316,0.3611573898243943,0.9359242624781489,0.10512204250430124,0.125,0.2222222222222222,-0.11529227711413342,4.030554483855584,-0.0637325124308152,,0.19767875480376446,-0.07101389574482975,,0.2962255491183613,0.4588304438812067,0.0,,,,
lansdowne,2017-03-31,2017-05-31,2017-05-12,3.8066624897703196,0.10249119626755517,0.17049329725778495,0.9283878873630885,0.15595417399015,0.26666666666666666,0.26666666666666666,0.021802881357891653,19.090006634566922,0.020753121510080824,,0.09748625023925184,-0.008396776384769766,,0.06659950346686086,0.22920439822970623,0.0,,,,
lone-pine,2017-03-31,2017-05-31,2017-05-15,3.5263605246161616,0.04406663955017957,0.09762318254517499,0.5514605413944678,0.35440913436355503,0.23529411764705882,0.3157894736842105,-0.005720447862386228,13.612611361129892,0.03371004599911104,0.14843556818650372,0.0812846109588876,-0.021391511580021727,1.3582772599032191,0.049020990790036856,0.21162588555288223,0.0,,,,
markel-13f,2017-03-31,2017-05-31,2017-04-28,4.890349128221754,0.026012707750024015,0.06554746002240697,0.43320051212050825,0.046807085881813815,0.03007518796992481,0.03007518796992481,0.06751963629743969,8.792249660324785,0.006730925344103383,0.08039907365862808,0.09538686658004658,-0.053281840117536894,1.0369701041815402,0.034536222743344946,0.19714111750619032,0.0,,,,
marshall-wace,2017-03-31,2017-05-31,2017-05-12,6.93828448401696,0.005577716913527116,0.026187387922186434,0.1527503590447304,0.4320010764308767,0.4151309408341416,0.3639240506329114,0.589745479398629,6.898787335700814,0.045020667354708443,0.13764462596667143,0.08952671290471503,-0.03563656943060278,1.5181557185104226,0.018458451375056473,0.18106334613790184,0.0,,,,
matrix,2017-03-31,2017-05-31,2017-05-15,2.5649493574615367,0.11402863196313322,0.233224787536408,0.895897498973971,0.22037405581533653,0.23076923076923078,0.16666666666666666,0.16740484649490595,9.48116517141829,0.11607971175916912,,0.1592588724333323,-0.09271524880848703,,0.22422550348077372,0.3868303982436191,0.0,,,,
maverick,2017-03-31,2017-05-31,2017-05-15,4.867534450455582,0.04526922800039847,0.08657109056380562,0.5830852958153621,0.27808354417298664,0.27692307692307694,0.24193548387096775,0.019378978632602347,11.123259845839069,-0.015026988136005892,,0.08103017627861173,-0.01254502869079166,,-0.03637287387229321,0.12623202089055216,1.0,,,,
melvin,2017-03-31,2017-05-31,2017-05-15,3.871201010907891,0.03617854027817961,0.06285106150562428,0.5142503865157773,0.46033789190469476,0.375,0.3333333333333333,0.24285905750430145,12.316675526291455,0.034896602583003866,,0.08518833502312173,-0.028834359627513018,,0.09546834514607769,0.25807323990892306,0.0,,,,
pershing-square,2017-03-31,2017-05-31,2017-05-15,1.9459101490553132,0.22073211889796673,0.36610457705376553,1.0,0.1147366693296552,0.0,0.125,0.008004796681725415,7.1687337499039545,0.09810946036995707,,0.09396467289573693,-0.05195188387476746,,-0.19961169939217147,-0.0370068046293261,1.0,,,,
polen,2017-03-31,2017-05-31,2017-05-11,3.258096538021482,0.0537397344906935,0.08005024622978811,0.609202131742823,0.02925530725269543,0.0,0.0,0.16766808918906514,14.449041343807501,0.030158147714692662,0.2197848975142067,0.0878661723920007,-0.031399525295049635,1.909268717956202,0.0834697104144479,0.24607460517729327,0.0,,,,
pzena,2017-03-31,2017-05-31,2017-05-05,5.043425116919247,0.015354037584825618,0.028468347862523016,0.252458101069187,0.1043294204150077,0.10967741935483871,0.12101910828025478,0.010727029739004463,6.618109061378883,0.05321466021447016,-0.0021007429310346826,0.13943599087612668,-0.018147921257014477,-0.4490545359389445,-0.01947620820210963,0.14312868656073574,1.0,,,,
ruane-cunniff,2017-03-31,2017-05-31,2017-05-12,4.477336814478207,0.04043672693221906,0.09667126779210308,0.5285117915394,0.1321651500682962,0.10227272727272728,0.14130434782608695,-0.003804951360278804,11.151571900272351,-0.011718467660383008,,0.09165956666852611,-0.04082522708014458,,0.0009640108458474073,0.16356890560869278,0.0,,,,
sands,2017-03-31,2017-05-31,2017-05-12,4.204692619390966,0.04021630351615734,0.08279851598293614,0.53353259956955,0.0856319444236483,0.2835820895522388,0.09433962264150944,0.1040638555985353,15.65283802702496,0.028154455671989764,0.2054273317048142,0.15242909573164934,-0.07768096910491273,0.6431087801175356,0.15153554876093792,0.3141404435237833,0.0,,,,
semper-augustus,2017-03-31,2017-05-31,2017-05-12,3.332204510175204,0.0973536754646406,0.22694918925378485,0.7148085354286013,0.0637097309320549,0.03571428571428571,0.03571428571428571,-0.0070555430637234875,7.787704740493991,-0.02082431819908423,0.027209960555220236,0.07741860878879395,-0.027087304349964203,0.899887916674892,-0.021869085003107164,0.1407358097597382,1.0,,,,
soroban,2017-03-31,2017-05-31,2017-05-15,3.1354942159291497,0.06346476952492891,0.12697149754192216,0.7032385853027271,0.2620433175905107,0.21739130434782608,0.21739130434782608,0.2155776436550526,11.299880596286167,0.1335484798722444,,0.10091697646223116,-0.043985047988928994,,-0.1076450151708555,0.05495987959198988,1.0,,,,
srs,2017-03-31,2017-05-31,2017-05-15,2.995732273553991,0.17035035976265922,0.36033375873658835,0.8739814264314396,0.15171859912449837,0.35,0.23529411764705882,0.18461175389525553,17.837803267836275,0.14974001810430496,,0.15297328396709592,-0.002362615189152706,,0.48114190258541745,0.6437467973482628,0.0,,,,
steadfast,2017-03-31,2017-05-31,2017-05-15,3.912023005428146,0.034032099142014396,0.06204375869319379,0.4806214300184041,0.24913205881595124,0.22,0.15217391304347827,-0.024312196563521425,11.226451549430944,0.09304109409495312,,0.10841453940254718,-0.015943884487599314,,0.08263649162737416,0.24524138639021953,0.0,,,,
suvretta,2017-03-31,2017-05-31,2017-05-15,3.58351893845611,0.0523208026741339,0.11258050540582484,0.6208363509389064,0.3969270256393508,0.4444444444444444,0.48717948717948717,0.065104266643083,14.240373299363716,0.05239579741300038,,0.10642029536473394,-0.046818656949563,,0.07568664243278336,0.23829153719562873,0.0,,,,
third-avenue,2017-03-31,2017-05-31,2017-05-15,4.718498871295094,0.033924160829302545,0.09192111959287531,0.4814529956713755,0.09029295261242798,0.05357142857142857,0.07017543859649122,-0.008315480980836792,4.067060776227662,-0.07884520399597686,,0.10856654061986824,-0.05254582811515174,,0.024874751199231798,0.18747964596207717,0.0,,,,
tiger-global,2017-03-31,2017-05-31,2017-05-15,3.6888794541139363,0.09203393898360258,0.19135252771993363,0.7917041434112914,0.1947524149355484,0.175,0.08333333333333333,0.21534226267692408,15.13262610939369,0.23440983166219156,,0.18002365492185743,-0.03827859148817758,,0.19451380539947374,0.3571187001623191,0.0,,,,
trian,2017-03-31,2017-05-31,2017-05-12,2.0794415416798357,0.15772228103442082,0.2474464004348927,1.0,0.19881866136637882,0.0,0.0,0.18382452954570305,8.173182231921173,-0.09167408417305975,,0.07761907905043633,-0.03451625932791058,,-0.24034188965454728,-0.0777369948917019,1.0,,,,
tweedy-browne,2017-03-31,2017-05-31,2017-05-15,3.9512437185814275,0.050580475732436944,0.10823535964614342,0.6237218966561231,0.07945806914893816,0.057692307692307696,0.0,0.08424598194120965,11.063165214515218,-0.03425167416303965,-0.21247603306846646,0.07022200214961827,-0.019497886845822765,-1.705818122289978,-0.010756980816068018,0.15184791394677735,1.0,,,,
valueact,2017-03-31,2017-05-31,2017-05-15,2.6390573296152584,0.10854464068960203,0.15729567601318298,0.9343425912174036,0.131131640088318,0.07142857142857142,0.07142857142857142,-0.01923639073495685,7.652066903506773,0.0891565602916923,0.14868946852604398,0.1264190952423762,-0.010858420665894153,0.7102504659432343,-0.035453123433316885,0.12715177132952848,1.0,,,,
whale-rock,2017-03-31,2017-05-31,2017-05-15,3.2188758248682006,0.05142985270491704,0.09978985297885447,0.6231268023309693,0.26798496228670055,0.2,0.3103448275862069,0.20043154894834336,12.503274859220575,0.33480665288584155,,0.16077527925615204,-0.023252685908063175,,0.1575497491080878,0.3201546438709332,0.0,,,,
yacktman,2017-03-31,2017-05-31,2017-05-03,3.7376696182833684,0.07142763267933111,0.13048060355955673,0.7985839121809304,0.05178883971267889,0.023809523809523808,0.06818181818181818,-0.028633738455547605,9.445613131515625,-0.013000880815023708,0.06313175936778437,0.05288809132772366,-0.012267347949162621,1.0044393332085924,-0.08896703249299615,0.07363786226984922,1.0,,,,
adage,2017-06-30,2017-08-31,2017-08-14,6.551080335043404,0.004899787580953485,0.025643150771297397,0.13815167338602177,0.1571732959439952,0.12571428571428572,0.1206896551724138,0.029483676607373374,8.368953709089155,0.01998080939950339,-0.013818629319532205,0.06294351490587927,-0.016991231893849656,-0.38705334349886905,-0.014687806837800244,0.20060141575315713,1.0,,,,
akre,2017-06-30,2017-08-31,2017-08-14,3.332204510175204,0.07730891487573144,0.1465016558304544,0.7893520640822317,0.060957421238208465,0.03571428571428571,0.12903225806451613,0.011142385558257747,9.625062504104626,0.011878597845248556,0.27263892668435147,0.07700554268218582,-0.021150061901703432,2.216926223689232,0.04998836812953453,0.2652775907204919,0.0,,,,
altimeter,2017-06-30,2017-08-31,2017-08-14,3.1354942159291497,0.20496317748227982,0.32372188412172287,0.938184924789217,0.03670309556193074,0.21739130434782608,0.05263157894736842,0.11915706324702587,10.830142408431152,0.12192528954124815,0.11089054742845833,0.17128374959203557,-0.08275797349130609,0.24077978093678382,-0.0023367844490138623,0.2129524381419435,1.0,,,,
berkshire-13f,2017-06-30,2017-08-31,2017-08-14,3.8501476017100584,0.0950944774839463,0.1719916832532409,0.7948005919613683,0.04166434469542479,0.0425531914893617,0.021739130434782608,0.001665700437400561,10.952897963238026,-0.0840014801722907,-0.18189563790267263,0.06982417952338604,-0.023013584855228975,-1.5402992679588154,-0.06629896644131741,0.14899025614963995,1.0,,,,
cantillon,2017-06-30,2017-08-31,2017-08-07,3.4011973816621555,0.04111745562172367,0.06486881376519027,0.5147761188811887,0.03304964315419423,0.03333333333333333,0.03333333333333333,0.023653288331382277,9.63072762986773,0.06579750104201593,0.03387077327929561,0.07188340485441218,-0.030157017664238173,0.558355685000196,0.018258903420943995,0.23354812601190136,0.0,,,,
coatue,2017-06-30,2017-08-31,2017-08-11,3.8066624897703196,0.044997856988880626,0.08985662830441743,0.5720268355470948,0.12237887625036936,0.15555555555555556,0.13636363636363635,0.06670337831444353,15.432608001990221,0.22993260748986533,,0.10654702480914455,-0.03138715021305116,,-0.044136063721631646,0.17115315886932572,1.0,,,,
darsana,2017-06-30,2017-08-31,2017-08-14,2.4849066497880004,0.11737544345311587,0.23622916505933486,0.949508768034263,0.234649541240616,0.3333333333333333,0.3333333333333333,-0.07897402413145879,11.998252477486378,0.05859634620173146,,0.08714595943720231,-0.02385405297450882,,0.12568863972200142,0.3409778623129588,0.0,,,,
dragoneer,2017-06-30,2017-08-31,2017-08-14,3.1354942159291497,0.07884212684094219,0.11465805217546865,0.8348126588984873,0.17312667108490976,0.13043478260869565,0.047619047619047616,0.035072766980024574,9.425130645089155,0.472775686069725,,0.12031804970537266,-0.034808248539865194,,0.38960399613566354,0.6048932187266209,0.0,,,,
duquesne,2017-06-30,2017-08-31,2017-08-14,3.5263605246161616,0.049895924210046655,0.09721140940496314,0.6232233417543822,0.44679907647847716,0.3235294117647059,0.5106382978723404,0.20243564172508974,18.044668886680185,-0.025009104079300848,,0.11292166105892984,-0.05829431466555279,,0.11877505424331444,0.3340642768342718,0.0,,,,
egerton,2017-06-30,2017-08-31,2017-07-28,3.4339872044851463,0.049234014475663244,0.10403098787278074,0.6010398597533694,0.2323917531132348,0.3225806451612903,0.16,0.07581188701510776,13.53350200837113,0.15615401519718397,,0.07993304876917408,-0.01109476337476012,,-0.03727251306070742,0.17801670953024995,1.0,,,,
fisher,2017-06-30,2017-08-31,2017-07-13,6.630683385642372,0.010861883169228505,0.0382162800631096,0.22996469103292952,0.1478386758772675,0.13060686015831136,0.09478021978021978,0.06026080832260651,6.784804479476783,0.004600398617419205,-0.010107415027906352,0.04713281841348926,-0.014135214915837802,-0.3201131399322906,-0.06659301266482598,0.1486962099261314,1.0,,,,
fundsmith,2017-06-30,2017-08-31,2017-08-14,2.9444389791664403,0.06305533283565112,0.0843597610015437,0.7067426614257741,0.06432334246771476,0.05263157894736842,0.0,0.10255942450117084,9.710702376206353,0.042630004555135714,0.40727555204797455,0.09154766735360977,-0.03669582170224639,3.251033672446263,0.03645842375985711,0.2517476463508145,0.0,,,,
gardner-russo,2017-06-30,2017-08-31,2017-08-14,4.624972813284271,0.06409749306376682,0.10356305844035793,0.7476308087668471,0.024925163275362427,0.0196078431372549,0.0196078431372549,0.04746093176062088,6.812045798152029,0.003384776692580027,0.07831370976769181,0.08696173559482674,-0.041681754320590514,1.318548339513509,-0.1376561641079758,0.07763305848298158,1.0,,,,
giverny,2017-06-30,2017-08-31,2017-08-04,3.295836866004329,0.08101206918725977,0.18928276999175597,0.7425520909105604,0.05308558936269281,0.037037037037037035,0.0,0.027052255487872368,10.499626594248582,-0.03596416864566079,,0.11068962195971926,-0.03384897484032989,,-0.011816589922503062,0.2034726326684543,1.0,,,,
gotham,2017-06-30,2017-08-31,2017-08-14,6.855408798609928,0.003358862898227818,0.009566648172530653,0.08293021165781322,0.3576809086740491,0.23498419388830347,0.2546201232032854,-0.09950719072629001,5.545644518770052,-0.04324386183152895,,0.06323769678205657,-0.03367969498381729,,0.021152675603193977,0.23644189819415135,0.0,,,,
harris,2017-06-30,2017-08-31,2017-08-14,4.787491742782046,0.020763227907003672,0.049750731037126836,0.36286682909457607,0.06216632075859452,0.06666666666666667,0.034482758620689655,0.015548214426168959,9.783389401640076,0.07723914425858378,0.07029174712563274,0.07085382670222658,-0.002817624580861211,0.03485834236942125,-0.09148539869545941,0.12380382389549796,1.0,,,,
hitchwood,2017-06-30,2017-08-31,2017-08-14,3.5263605246161616,0.03697788185809548,0.07773135933670555,0.4633806192935434,0.4478822791856517,0.38235294117647056,0.475,-0.07512372217689368,11.772025015798304,-0.003618618022861786,,0.10994012667336298,-0.05855223021638234,,0.137485860716373,0.3527750833073304,0.0,,,,
icahn,2017-06-30,2017-08-31,2017-08-14,2.772588722239781,0.20134785617302237,0.3943830947776875,0.9417224846663621,0.06349169734587023,0.0,0.0,-0.019427590269090234,3.674719344218263,0.05450706609788053,,0.19581523510837825,-0.07101389574482997,,0.2420862732282694,0.45737549581922676,0.0,,,,
lansdowne,2017-06-30,2017-08-31,2017-08-11,3.7612001156935624,0.1068782499796736,0.1807883493165283,0.9254357478178286,0.1440747352506231,0.20930232558139536,0.24444444444444444,-0.0005071959623685749,17.293992692607922,0.06061406322883192,0.21490863946272748,0.07118179890555759,-0.016893801546561615,1.0083474319182721,0.07740244721968134,0.2926916698106387,0.0,,,,
light-street,2017-06-30,2017-08-31,2017-08-14,2.995732273553991,0.08015887097386158,0.19444785437455062,0.747310295845536,0.4275185510845194,0.05,0.3870967741935484,-0.3112015455878041,9.627053995756098,0.3435479886872762,,0.16981832069964198,-0.05690504807985275,,0.3921980287983633,0.6074872513893207,0.0,,,,
lone-pine,2017-06-30,2017-08-31,2017-08-14,3.4965075614664802,0.04432104699016582,0.08355887110137865,0.5647307118697829,0.33077730225690727,0.3333333333333333,0.35294117647058826,0.034192435738871436,14.46924192471095,0.08176946559967196,0.18880329577369837,0.07625809639450686,-0.021391511580021727,1.6218932646720776,-0.038767282065295644,0.17652194052566172,1.0,,,,
markel-13f,2017-06-30,2017-08-31,2017-07-28,4.927253685157205,0.025275054202983475,0.06607835183121097,0.4241979454196371,0.038339737189650225,0.036231884057971016,0.0,0.05475999705803128,8.958836730262853,0.017133238736931428,0.07316969125366829,0.09354032352597746,-0.031383833183722065,1.0113203679623584,0.01768746108501079,0.23297668367596816,0.0,,,,
marshall-wace,2017-06-30,2017-08-31,2017-08-04,7.21890970761906,0.004390685368683081,0.021164711861867573,0.13655235006408953,0.43445035195345694,0.48644688644688644,0.3200775945683802,-0.4262666891065869,7.109092469073385,0.0444273641895008,0.14494683159783817,0.07741003536472836,-0.03563656943060278,1.677026853838374,0.02199458376801236,0.23728380635896973,0.0,,,,
matrix,2017-06-30,2017-08-31,2017-08-14,2.8903717578961645,0.09061442008198385,0.19337680403703444,0.8032282008122307,0.11597734420447559,0.2777777777777778,0.0,0.1981286453408347,8.52819486742228,0.25503152640864385,,0.1625646467069108,-0.0927152488084868,,0.08233435787726481,0.2976235804682222,0.0,,,,
maverick,2017-06-30,2017-08-31,2017-08-14,5.181783550292085,0.03919221195548131,0.08306258764336398,0.5212772760191707,0.3395322395711292,0.4438202247191011,0.23846153846153847,0.01745187601088638,10.558196447522313,-0.03548965934356493,,0.06293751273075603,-0.01254502869079177,,-0.03236597510473013,0.18292324748622724,1.0,,,,
melvin,2017-06-30,2017-08-31,2017-08-14,3.8918202981106265,0.0365866739376426,0.0757514926858145,0.5142363878353231,0.3682227802061535,0.3469387755102041,0.3333333333333333,0.07843003646119329,13.444080154553353,0.04864274124607673,,0.06740133597128783,-0.013527747125409384,,0.03840767327355868,0.25369689586451605,0.0,,,,
pershing-square,2017-06-30,2017-08-31,2017-08-14,1.9459101490553132,0.23983874323557808,0.4070942022443365,1.0,0.11088659961860303,0.14285714285714285,0.14285714285714285,0.0089824190938158,7.093778602670838,-0.12990184618969108,,0.1304707217234313,-0.11703987122331005,,-0.05870013564002852,0.15658908695092885,1.0,,,,
polen,2017-06-30,2017-08-31,2017-08-10,3.367295829986474,0.0599021850148433,0.08551294182491245,0.6722880687452919,0.09445339564294775,0.13793103448275862,0.038461538461538464,0.061935271239269986,15.155257818896226,0.04454672652375688,0.234427256966464,0.07469884988018821,-0.02288257641370417,2.033282740885089,0.12894633399842034,0.3442355565893777,0.0,,,,
pzena,2017-06-30,2017-08-31,2017-08-04,5.0238805208462765,0.015816024366092456,0.030640863311779305,0.2633141230479725,0.056423421925184125,0.03289473684210526,0.05161290322580645,0.02968349597873972,6.437384421499384,0.033578001338060215,0.0027067132670636207,0.12158341106025866,-0.018147921257014588,-0.4180622715271666,-0.07713382214363254,0.13815540044732483,1.0,,,,
ruane-cunniff,2017-06-30,2017-08-31,2017-08-14,4.248495242049359,0.03921529360117706,0.08670684017482794,0.5105185105971419,0.10636120447582054,0.02857142857142857,0.22727272727272727,0.019446899614544735,12.100781752503227,-0.03156566088920376,,0.0854717547812246,-0.020973176640238345,,0.03132779972152197,0.24661702231247934,0.0,,,,
sands,2017-06-30,2017-08-31,2017-08-14,4.23410650459726,0.03788806390095281,0.07092159521791766,0.5158594066829264,0.08474506806851101,0.043478260869565216,0.014925373134328358,0.04367924889209518,15.170758085952544,0.08727613820424385,0.17776795078474372,0.12023872638148668,-0.07768096910491262,0.4977644914420254,0.0878012240831498,0.3030904466741072,0.0,,,,
semper-augustus,2017-06-30,2017-08-31,2017-08-11,3.332204510175204,0.1034258154481564,0.23696642418748992,0.7232587972315894,0.06468179564865839,0.07142857142857142,0.07142857142857142,-0.02806994557040611,7.9698578155365905,-0.01873774235574055,0.012502725662578651,0.07582487880478461,-0.01673746881639493,0.8040728407899935,-0.06962754578974276,0.1456616768012146,1.0,,,,
soroban,2017-06-30,2017-08-31,2017-08-14,3.091042453358316,0.07473027764193636,0.145378211607678,0.7597907100870229,0.15852406558433996,0.09090909090909091,0.13043478260869565,0.14973010398408473,11.68346496952002,0.11011578335630745,,0.09322744405926414,-0.043985047988929105,,-0.2170507272141381,-0.001761504623180735,1.0,,,,
srs,2017-06-30,2017-08-31,2017-08-14,2.995732273553991,0.15683903304035282,0.3399953112037311,0.8772895080078495,0.16287827019561185,0.05,0.05,-0.007948954439968953,15.536496762722473,0.29357997075650305,,0.15997757015995942,-0.012706417352622235,,0.2524491141483386,0.46773833673929593,0.0,,,,
steadfast,2017-06-30,2017-08-31,2017-08-14,3.828641396489095,0.03627045788068704,0.07100775533471208,0.4970606946607201,0.2656731971160452,0.17391304347826086,0.24,0.04072129963547492,10.393337174968138,0.09847802929372612,,0.08376875337791462,-0.015943884487599203,,0.13945093123619842,0.3547401538271558,0.0,,,,
suvretta,2017-06-30,2017-08-31,2017-08-14,2.9444389791664403,0.07499567975712054,0.10997050904597973,0.8027779275986849,0.314522342919929,0.10526315789473684,0.5277777777777778,0.04213735687236897,15.776208791242855,0.05007632705239884,,0.09282150300718585,-0.04681865694956289,,0.0011490703801886881,0.21643829297114606,0.0,,,,
third-avenue,2017-06-30,2017-08-31,2017-08-14,4.74493212836325,0.03283382581505341,0.0842252197910717,0.48212446019739824,0.07157264079524839,0.0782608695652174,0.05357142857142857,0.026970248874390857,4.019411541766976,-0.08319820501683282,,0.09903412705665703,-0.03724285501812896,,-0.060941923824051,0.15434729876690637,1.0,,,,
third-point,2017-06-30,2017-08-31,2017-08-11,3.4657359027997265,0.07866952474745284,0.2200021945798133,0.6581375569008633,0.22168419926550054,0.25,0.35135135135135137,0.10625757964257691,12.945352392260402,0.0587634976748366,,0.09432403153637307,-0.04599106772081207,,-0.09992843800239805,0.11536078458855932,1.0,,,,
tiger-global,2017-06-30,2017-08-31,2017-08-14,3.7376696182833684,0.089399620118781,0.1700625945575547,0.8061792289404829,0.14163481350116836,0.11904761904761904,0.075,0.15035248500397919,14.559561073907446,0.3199586201693025,,0.14100065185048055,-0.03827859148817747,,0.08731213682478403,0.3026013594157414,0.0,,,,
trian,2017-06-30,2017-08-31,2017-08-11,2.0794415416798357,0.15548160354918442,0.24706647440343035,1.0,0.019274308506752047,0.0,0.0,-0.004941106108233831,7.623997162330908,-0.13756083206592298,,0.08476745333922366,-0.02780866795066239,,-0.19179449197279752,0.023494730618159862,1.0,,,,
tweedy-browne,2017-06-30,2017-08-31,2017-08-11,3.9318256327243257,0.05129650522653439,0.09739366635709952,0.6314599620381774,0.053248536565272175,0.0,0.019230769230769232,-0.03384994261929133,10.898756098408496,-0.02909979342976063,-0.17772205149297485,0.07309080654866949,-0.012464403232535393,-1.5000215043935663,-0.04084071886947657,0.1744485037214808,1.0,,,,
valueact,2017-06-30,2017-08-31,2017-08-14,2.70805020110221,0.10149213610204526,0.152940038275209,0.9132935108932838,0.05696518368338621,0.06666666666666667,0.0,-0.064874766259445,6.808725525587334,0.027844855837167948,0.09337907287699765,0.10684903059981911,-0.03096925027444619,0.34638405890517665,-0.0018995450608711162,0.21338967753008625,1.0,,,,
viking,2017-06-30,2017-08-31,2017-08-14,3.970291913552122,0.04083437710073775,0.09101661947218052,0.5505806450570112,0.33049500664704135,0.3018867924528302,0.421875,-0.42171667469433494,14.710481391840219,0.0770006155525021,,0.09668240222417822,-0.04037645269091206,,0.08219171409335355,0.2974809366843109,0.0,,,,
whale-rock,2017-06-30,2017-08-31,2017-08-14,3.332204510175204,0.052742601153051204,0.12046184420103066,0.6107306167645864,0.33737613969812663,0.39285714285714285,0.32,-0.02621445695191907,11.919682310731945,0.28946238089783594,,0.17173993464625467,-0.03127430869173542,,0.18111242559554794,0.3964016481865053,0.0,,,,
yacktman,2017-06-30,2017-08-31,2017-08-03,3.784189633918261,0.07039693876225538,0.1310998412554899,0.794908146480959,0.03894650173051917,0.09090909090909091,0.047619047619047616,-0.04145739741339475,9.472860002641362,-0.020327980141730373,0.08161215523221005,0.05160563700277597,-0.008801860575281872,1.2721216146445038,-0.07051475527012663,0.14477446732083074,1.0,,,,
adage,2017-09-30,2017-11-30,2017-11-14,6.561030665896573,0.005120122243390227,0.02673805354915286,0.14093803053706494,0.16797321017791944,0.1371994342291372,0.12857142857142856,0.0069743523005837355,8.49063377647195,0.041460944006625866,-0.028448598299689598,0.04940061652708157,-0.0009037765750317117,-0.3155636692418792,-0.0011236792377822824,0.05867049303588166,1.0,,,,
akre,2017-09-30,2017-11-30,2017-11-14,3.258096538021482,0.077369542934927,0.1356317478558768,0.8017136326179413,0.03824687337966792,0.0,0.07142857142857142,0.10651569456690765,9.888576177110442,0.1074953398006867,0.1929581101527577,0.06253471257163634,-0.007115423463774917,2.042246703187529,0.07302709510571999,0.13282126737938393,0.0,,,,
altimeter,2017-09-30,2017-11-30,2017-11-14,2.995732273553991,0.21522300771641037,0.3077371321886829,0.9669780202021738,0.1277854594600788,0.1,0.21739130434782608,-0.13002025082212534,11.744649066604815,-0.21554954700946427,-0.12096502193072134,0.14867115533157857,-0.14178841480181015,-0.11668248184503267,0.18530824117581896,0.2451024134494829,0.0,,,,
berkshire-13f,2017-09-30,2017-11-30,2017-11-14,3.8501476017100584,0.08594536548576583,0.14409380722458526,0.7947093700847215,0.10094320752582975,0.02127659574468085,0.02127659574468085,0.09149432887689594,11.7060687448377,-0.0775353868100088,-0.21007590755455702,0.06206016493523156,-0.023013584855228975,-1.7826531975127025,-0.06638420706575236,-0.006590034792088423,1.0,,,,
cantillon,2017-09-30,2017-11-30,2017-11-13,3.4339872044851463,0.03975688174073211,0.06273240498727448,0.5013208322237691,0.07765471177185324,0.06451612903225806,0.03333333333333333,0.07068915676136239,9.514678880191147,0.10361760427014816,0.01718831351974981,0.05010340505089181,0.0,0.5437200815150912,0.03433934640666915,0.0941335186803331,0.0,,,,
coatue,2017-09-30,2017-11-30,2017-11-13,3.8066624897703196,0.05148260767210371,0.09215188897405287,0.6366737270000085,0.12091041075180553,0.1111111111111111,0.1111111111111111,0.09853221097743543,15.51262038668802,0.22046331877780023,0.26532498840785385,0.10244505402363305,-0.0032143968814928314,1.1671975470569407,-0.09013800470077604,-0.030343832427112104,1.0,,,,
darsana,2017-09-30,2017-11-30,2017-11-14,2.772588722239781,0.08759125495733922,0.18413523295394335,0.8181336115507317,0.32192128146101784,0.3125,0.08333333333333333,0.3757824704015904,13.975928796103808,0.13845995365943747,,0.06781383669052257,-0.004916646445550343,,0.12542561614461506,0.185219788418279,0.0,,,,
dragoneer,2017-09-30,2017-11-30,2017-11-14,2.995732273553991,0.07280467592467091,0.11727542148982746,0.7898983567065866,0.1690067903153155,0.2,0.30434782608695654,0.04710578831697617,9.076952867312343,0.3204281570938157,,0.1324618656433566,-0.017091372738312516,,0.2560306197451715,0.31582479201883545,0.0,,,,
duquesne,2017-09-30,2017-11-30,2017-11-14,3.6109179126442243,0.053872950654197276,0.1026854774260426,0.6507164563214768,0.22340111575411514,0.3783783783783784,0.3235294117647059,0.16380116951645549,18.105014762143234,-0.05876425808334129,,0.10390761876033859,-0.05829431466555268,,0.03562620903694087,0.09542038131060482,0.0,,,,
egerton,2017-09-30,2017-11-30,2017-11-03,3.4657359027997265,0.047315211343194136,0.08143851221793198,0.5819422458202094,0.1647283684411619,0.1875,0.16129032258064516,0.1142680149486714,14.417982189668177,0.10613197904292698,,0.06779350293651334,-0.0032152274673732384,,-0.03978624031784633,0.02000793195581761,1.0,,,,
eminence,2017-09-30,2017-11-30,2017-11-14,3.7612001156935624,0.0312291559691587,0.06941518746963021,0.4260147354797189,0.19801399078344717,0.18604651162790697,0.20454545454545456,0.05026373710556714,7.848027213923439,0.13483919922073728,,0.0677926261036002,-0.002498060239324529,,-0.09964751808719252,-0.03985334581352857,1.0,,,,
fisher,2017-09-30,2017-11-30,2017-10-17,6.675823221634848,0.010989419204500831,0.03749934429273802,0.23191421918379243,0.03846456139165344,0.1437578814627995,0.10422163588390501,0.07238950164025225,6.8724552316743495,0.025880859346400886,-0.036354986068989736,0.03343580992416645,0.0,-0.18159960101842829,-0.03265782867274568,0.027136343600918263,1.0,,,,
fundsmith,2017-09-30,2017-11-30,2017-11-14,2.833213344056216,0.07553052051941019,0.15339161746153518,0.7617605032997237,0.12567562276278876,0.0,0.10526315789473684,0.0796701701045731,9.699385718945866,0.1351965731587807,0.3017861543031359,0.08290506014869094,-0.006080402482839031,3.3989418430791933,0.08719718453256346,0.1469913568062274,0.0,,,,
gardner-russo,2017-09-30,2017-11-30,2017-11-14,4.624972813284271,0.06406028860397925,0.09561240853113392,0.7474003659886332,0.03305384626773844,0.0196078431372549,0.0196078431372549,0.04253006789846788,6.95257984357777,0.03416432009505044,-0.015874272777844367,0.062374929581137564,0.0,1.0750550091182964,-0.03013862500448615,0.029655547269177795,1.0,,,,
giverny,2017-09-30,2017-11-30,2017-11-13,3.4339872044851463,0.08152551913448902,0.18952649788437712,0.7419641396077331,0.026775341266050856,0.12903225806451613,0.0,0.10108194152758848,10.175221205320616,-0.005333647682637582,,0.05846556941049462,-0.02151798613396183,,-0.013613854375890216,0.04618031789777373,1.0,,,,
gotham,2017-09-30,2017-11-30,2017-11-14,6.799055862058796,0.003442577712863232,0.009886025673512017,0.08702767981485522,0.31595724484536414,0.20066889632107024,0.24446786090621708,-0.04572024977010523,5.709143197406047,0.021330332077470593,,0.05523764002787084,-0.0012923324177894768,,-0.00020318000833068756,0.05959099226533326,1.0,,,,
harris,2017-09-30,2017-11-30,2017-11-14,4.820281565605037,0.020973349126589255,0.050929333277047975,0.36906568165715203,0.07551788449704422,0.08064516129032258,0.05,0.0645229117981122,10.1195067068429,0.028612300227846166,0.03434116971829698,0.04644361112014295,-0.0028176245808611,-0.6006765425160784,-0.08357200013904713,-0.02377782786538318,1.0,,,,
hitchwood,2017-09-30,2017-11-30,2017-11-14,3.6635616461296463,0.03251646884822055,0.05839890051347251,0.42644962317295165,0.3783196165298376,0.41025641025641024,0.3235294117647059,-0.038343234666104245,11.84144939461168,0.15711446869449874,,0.08139742243398808,-0.007015866082814348,,-0.02351717501064326,0.03627699726302069,1.0,,,,
icahn,2017-09-30,2017-11-30,2017-11-14,2.772588722239781,0.1981811415554229,0.3962330350794744,0.9348147253013773,0.04454178929493535,0.0,0.0,0.08323097964421747,2.9698417307787057,-0.040493348443951416,,0.11285263570736313,-0.07101389574482975,,0.14908165246198063,0.2088758247356446,0.0,,,,
lansdowne,2017-09-30,2017-11-30,2017-11-13,3.8066624897703196,0.11417802496082263,0.20112164379173547,0.9420057425342887,0.19251433715485977,0.17777777777777778,0.13953488372093023,-0.1909631352994406,16.304685515901173,0.09536988793315726,0.24166658124088808,0.08497412154662094,-0.016893801546561615,1.0580988704890535,-0.002541707597496043,0.0572524646761679,1.0,,,,
light-street,2017-09-30,2017-11-30,2017-11-14,3.044522437723423,0.05702232380679315,0.08155544480037942,0.6478303596908322,0.2866577605145164,0.19047619047619047,0.15,0.08688824657591492,10.35150443936221,0.47613267741447945,,0.1499968344203318,-0.005824452276771086,,0.08377382276312402,0.14356799503678797,0.0,,,,
lone-pine,2017-09-30,2017-11-30,2017-11-14,3.4011973816621555,0.045200107189445955,0.07495713612181258,0.5689067613656729,0.2480305069381893,0.26666666666666666,0.3333333333333333,0.03190703748706225,16.15262927993805,0.08554828336385473,0.057127443191726524,0.06167072845968347,-0.005958084985175027,0.9183204242735997,0.010848130719873172,0.07064230299353712,0.0,,,,
markel-13f,2017-09-30,2017-11-30,2017-10-27,4.9344739331306915,0.02584188254670995,0.07415681881803517,0.42568409978445365,0.036099004415445335,0.02158273381294964,0.014492753623188406,0.06880109909093221,8.748880954950298,0.06691720215638974,0.04419653937883822,0.04883941437690356,-0.003768826599727104,0.73847942704282,0.02133019009894059,0.08112436237260454,0.0,,,,
marshall-wace,2017-09-30,2017-11-30,2017-11-13,7.1853870155804165,0.004514897170209849,0.024401887315566223,0.1427321687485946,0.397488992721469,0.36287878787878786,0.3838827838827839,0.10338125910448809,7.179112378572113,0.07044944318959595,0.08999452820138687,0.05405447687003784,-0.007593203097833401,1.5504341850908703,0.029347044939078068,0.08914121721274201,0.0,,,,
matrix,2017-09-30,2017-11-30,2017-11-14,2.833213344056216,0.098895034588719,0.22093381680512122,0.8208746618575293,0.08674260290219205,0.058823529411764705,0.1111111111111111,0.06051301305090436,8.40877123982375,0.09858600355253277,,0.1658301758818626,-0.03894037910986381,,0.09189628986013683,0.15169046213380077,0.0,,,,
maverick,2017-09-30,2017-11-30,2017-11-14,5.170483995038151,0.03722226199502081,0.08250718163815203,0.4996585248119602,0.34033314470530807,0.35795454545454547,0.3651685393258427,-0.011981713997291513,12.54967734338141,-0.021750469439425657,,0.06361492143912337,-0.002804402038706577,,-0.04234865299460656,0.017445519279057388,1.0,,,,
melvin,2017-09-30,2017-11-30,2017-11-14,3.828641396489095,0.03623259978369163,0.08315329445627692,0.4969804503296838,0.339691855596425,0.2826086956521739,0.32653061224489793,0.16179689993321855,13.905624825631639,0.10601454969759688,,0.061895586294509634,0.0,,-0.04837489154859388,0.01141928072507006,1.0,,,,
pershing-square,2017-09-30,2017-11-30,2017-11-14,1.791759469228055,0.20685461073894243,0.3310161684674214,1.0,0.18019329918849303,0.0,0.14285714285714285,-0.16216444819246273,8.339921066092678,-0.1452031028037506,,0.11947352852056015,-0.11703987122331005,,0.05514639202326087,0.11494056429692481,0.0,,,,
polen,2017-09-30,2017-11-30,2017-11-13,3.5553480614894135,0.056748995022626925,0.08170561753540966,0.6366259721617128,0.0721088891507603,0.2,0.034482758620689655,0.08292563678561234,16.20645369188805,0.09758808167000438,0.15687311190362657,0.06721356711869503,-0.002900119847723759,1.9150785393784058,0.12507982523865713,0.18487399751232106,0.0,,,,
pzena,2017-09-30,2017-11-30,2017-11-03,5.017279836814924,0.01654611943428322,0.03767245466351025,0.28039586283224427,0.10308058198774372,0.06622516556291391,0.07236842105263158,0.03544017283180308,6.459577414391716,-0.01807491736463193,0.06151637852456637,0.07501615731661787,-0.018147921257014588,-0.70343670392222,-0.09750010222047795,-0.037705929946814,1.0,,,,
ruane-cunniff,2017-09-30,2017-11-30,2017-11-13,4.23410650459726,0.042697949875741666,0.09215686497812413,0.5498134005239205,0.11107696781139964,0.057971014492753624,0.07142857142857142,0.0544698931749453,12.96627289261207,-0.0143499080587767,,0.04888576379942966,-0.007988916160878157,,-0.048121337653857316,0.011672834619806631,1.0,,,,
sands,2017-09-30,2017-11-30,2017-11-14,4.248495242049359,0.03898751540006355,0.07729402430016773,0.5270791850293016,0.08030332976343224,0.02857142857142857,0.014492753623188406,0.003464242997771346,15.240326121294725,0.133200559176743,0.08937629480741044,0.09133347045216589,-0.0009067150809410895,0.38427354865604396,0.06553545533993356,0.1253296276135975,0.0,,,,
semper-augustus,2017-09-30,2017-11-30,2017-11-13,3.258096538021482,0.110891448081728,0.24693640592529045,0.749691237048596,0.04856013629722278,0.0,0.07142857142857142,0.037939742455963515,8.288558391326534,-0.046138551028380076,-0.017098593047178645,0.048593894969470884,-0.01673746881639493,0.6568021250044265,0.05544614947867531,0.11524032175233925,0.0,,,,
soroban,2017-09-30,2017-11-30,2017-11-14,2.9444389791664403,0.08236272058151489,0.1581668392468885,0.7974247431751452,0.12539011544838807,0.05263157894736842,0.18181818181818182,-0.05159547648622964,12.71729833934011,0.08658496605920957,,0.059397847064333896,-0.01585173784812799,,-0.155942594478085,-0.09614842220442105,1.0,,,,
srs,2017-09-30,2017-11-30,2017-11-14,3.044522437723423,0.19163310248651907,0.3926592507722397,0.9002297891498338,0.1452763078653585,0.19047619047619047,0.15,0.1592152197614943,14.393957063246384,0.11886561328113199,,0.15820180167752307,-0.036716879108010914,,0.1923135943743184,0.25210776664798235,0.0,,,,
steadfast,2017-09-30,2017-11-30,2017-11-14,3.8066624897703196,0.03620302882286937,0.06322797244392843,0.4884359083980817,0.2623738205010647,0.26666666666666666,0.2826086956521739,0.1453254407999961,11.484480764226294,-0.022396307396782056,,0.050643068379904066,-0.0031411961615576134,,0.1414796571631306,0.20127382943679456,0.0,,,,
suvretta,2017-09-30,2017-11-30,2017-11-14,2.772588722239781,0.0817076915167047,0.1103746662444061,0.854652942611208,0.17462741825226502,0.1875,0.3157894736842105,0.05458353775321008,17.026589207876942,0.10374623669920341,,0.07843366956361605,-0.005628245523192188,,0.012247067923073576,0.07204124019673752,0.0,,,,
third-avenue,2017-09-30,2017-11-30,2017-10-26,4.700480365792417,0.03446736536429801,0.0864454787461811,0.49046951950043405,0.08381435459582254,0.02727272727272727,0.06956521739130435,-0.013199463568356993,3.8516072994898507,-0.0256367047817376,,0.08561519710373518,-0.028180632008694695,,-0.16150101940464995,-0.10170684713098599,1.0,,,,
third-point,2017-09-30,2017-11-30,2017-11-09,3.6109179126442243,0.0795665882995704,0.2162555408784123,0.6519373899126698,0.2266989349829316,0.2972972972972973,0.1875,0.053031028040847694,13.150975829224738,0.14043921231726803,,0.06964736813262405,0.0,,-0.11562398317290815,-0.055829810899244194,1.0,,,,
tiger-global,2017-09-30,2017-11-30,2017-11-14,3.828641396489095,0.06904790337175326,0.13025562742487182,0.7289120342669085,0.17172232606393412,0.1956521739130435,0.11904761904761904,0.2452151475709251,13.831182140409224,0.2660674666148861,,0.13052088554198119,-0.019817921295592233,,0.021105938393539553,0.0809001106672035,0.0,,,,
trian,2017-09-30,2017-11-30,2017-11-14,2.0794415416798357,0.16119360457965518,0.26563788889366413,1.0,0.10780749253431576,0.125,0.125,-0.021612763094220354,7.826727673037645,-0.2013269265294682,,0.07332896527944374,-0.03394784061123779,,-0.06471336460309836,-0.0049191923294344105,1.0,,,,
tweedy-browne,2017-09-30,2017-11-30,2017-11-14,3.970291913552122,0.050729967077276235,0.09578033306360033,0.6207984550418539,0.05646652917088957,0.07547169811320754,0.0392156862745098,0.08791237368456624,10.583666147600622,-0.028488092382061875,-0.09211420444413448,0.06316252664263061,-0.00877059150360926,-1.2066985676914272,-0.019795885898362134,0.03999828637530181,1.0,,,,
valinor,2017-09-30,2017-11-30,2017-11-14,3.5263605246161616,0.03858104684861791,0.07248924113001287,0.48729758185105543,0.2688156985351171,0.17647058823529413,0.2,-0.05372598126699388,11.574411115823976,0.0380006816528235,,0.05054289482207685,0.0,,-0.15335245383958418,-0.09355828156592023,1.0,,,,
valueact,2017-09-30,2017-11-30,2017-11-14,2.6390573296152584,0.09520990048493667,0.13784268834967356,0.9135231538583817,0.2691613278818774,0.07142857142857142,0.13333333333333333,-0.1150910900009652,6.453324545308941,-0.06343297810752016,0.06959253750198158,0.07639596150801785,-0.03096925027444619,-0.22892607397458106,-0.07882272331650404,-0.019028551042840094,1.0,,,,
viking,2017-09-30,2017-11-30,2017-11-14,4.07753744390572,0.03811567117907412,0.09301002881489097,0.5160961164582095,0.4029894163103829,0.3559322033898305,0.2830188679245283,0.03932901669899332,14.518694455318789,0.20547008473766076,,0.07919777372586871,-0.001795274639181943,,-0.008788964804032164,0.05100520746963178,1.0,,,,
whale-rock,2017-09-30,2017-11-30,2017-11-14,3.4657359027997265,0.04788621280027634,0.09000362330879293,0.5886210171951581,0.2909340126198029,0.3125,0.21428571428571427,0.2824006683891375,11.33589971187575,0.287588188415616,,0.16324927490213945,-0.03127430869173531,,0.06596050826074108,0.12575468053440503,0.0,,,,
yacktman,2017-09-30,2017-11-30,2017-11-03,3.828641396489095,0.0689154374599612,0.13539061706430955,0.784594765922411,0.03226331151007389,0.06521739130434782,0.022727272727272728,0.006967977912839726,9.64779908314098,-0.002729483663388127,-0.0043209504932401055,0.04760408283870852,0.0,0.8142366358734127,0.08034048410292431,0.14013465637658826,0.0,,,,
adage,2017-12-31,2018-02-28,2018-02-14,6.548219102762372,0.005597291220986243,0.02690057686073741,0.15352812884395273,0.1800041049414708,0.1303724928366762,0.14144271570014144,0.07192587557860826,9.048759504622721,0.0268478449410727,-0.0013324827092020541,0.07551948725390795,-0.03316249175963559,-0.16348382452642965,-0.015597013246164637,0.03215608343672758,1.0,,,,
akre,2017-12-31,2018-02-28,2018-02-14,3.1780538303479458,0.07870992414712338,0.13408733628442138,0.8121287588009253,0.0337010451418952,0.0,0.07692307692307693,0.0545883167821467,8.8379129808623,0.10647595675499402,0.18246845542641055,0.09578842573414378,-0.033160138249000104,1.930877750750356,0.10850762939882402,0.15626072608171623,0.0,,,,
altimeter,2017-12-31,2018-02-28,2018-02-14,3.1354942159291497,0.23479595798540207,0.39652165001605894,0.9707510311543858,0.12260618282499747,0.17391304347826086,0.05,-0.10563242452629758,9.26338704633433,-0.17469820530322644,-0.1639716664419584,0.17540936480007996,-0.14178841480181015,-0.34268167489837226,0.14393994906291616,0.19169304574580837,0.0,,,,
berkshire-13f,2017-12-31,2018-02-28,2018-02-14,3.871201010907891,0.09147382484625849,0.14630345335487505,0.8068173238531561,0.05339235786900709,0.020833333333333332,0.0,0.07356604623623977,12.43875985497109,-0.12466682705867466,-0.1899273909409287,0.08684755537957665,-0.053597725420897024,-1.590769703429453,-0.1072107816516373,-0.059457684968745095,1.0,,,,
cantillon,2017-12-31,2018-02-28,2018-02-12,3.4339872044851463,0.03941539072263827,0.06477717448851554,0.49375066179287064,0.03066689616787799,0.0,0.0,-0.01792943974037595,9.364252454170769,0.12250539279546355,0.08139497061273865,0.07271911582487303,-0.006909686129803361,1.2393697475107741,0.05219429077741299,0.09994738746030521,0.0,,,,
coatue,2017-12-31,2018-02-28,2018-02-13,3.7612001156935624,0.04534795083485557,0.07510283163078661,0.5750488775477067,0.17981318597796914,0.20930232558139536,0.24444444444444444,0.04287506003397029,15.864307006949083,0.22711728007430612,0.3529445077918988,0.1322051023061176,-0.008217349045909761,1.2519175748581945,-0.06584859587458705,-0.018095499191694828,1.0,,,,
darsana,2017-12-31,2018-02-28,2018-02-14,2.70805020110221,0.09485040420769224,0.18528256967377527,0.8599868029002731,0.08972931541735307,0.0,0.0625,0.10945332251056057,13.85217240555174,0.2477055561812513,,0.1328988972899803,-0.012093679308681105,,0.10031814044897844,0.14807123713187065,0.0,,,,
dragoneer,2017-12-31,2018-02-28,2018-02-14,2.995732273553991,0.07400628382329595,0.10874418711312259,0.7934207702904355,0.2638820780748169,0.3,0.3,0.0018214866625311343,8.9679703585767,0.5032669455709521,,0.11546730512164728,-0.017091372738312627,,0.22975493421159573,0.27750803089448794,0.0,,,,
duquesne,2017-12-31,2018-02-28,2018-02-14,3.4011973816621555,0.07597185719349767,0.13917916823981244,0.737470240450606,0.44422512004302095,0.5333333333333333,0.6216216216216216,-0.10276573365836869,18.991550631938328,0.037146768111740336,0.07453955487892966,0.15395695815623286,-0.0394671916881667,0.40540206980185334,-0.023669409666850535,0.02408368701604168,1.0,,,,
egerton,2017-12-31,2018-02-28,2018-02-08,3.4657359027997265,0.04178758698414463,0.06931705574556209,0.5272036903972975,0.23979285668954975,0.21875,0.21875,0.021406880950531913,14.620447389159104,0.07548095994605467,,0.07196937021495818,-0.0185004798362155,,-0.02747271379834778,0.020280382884544437,1.0,,,,
eminence,2017-12-31,2018-02-28,2018-02-14,3.6635616461296463,0.03562468284544284,0.07453757718375309,0.46654307676573614,0.25179724305985407,0.20512820512820512,0.27906976744186046,0.02371852842163732,8.342753006141505,0.05885648839254573,,0.09594456945264747,-0.044316301855480855,,-0.03955430474875906,0.008198791934133158,1.0,,,,
fisher,2017-12-31,2018-02-28,2018-01-24,6.76849321164863,0.011195859768732663,0.03590603574082306,0.23907599546975827,0.062688935845985,0.15632183908045977,0.07440100882723834,0.07124471979032664,7.116158112494542,0.009974678335406079,-0.023796609912826838,0.08132204107940708,-0.04138436878872154,-0.2862326074707056,-0.02718275958363056,0.020570337099261655,1.0,,,,
fundsmith,2017-12-31,2018-02-28,2018-02-13,2.8903717578961645,0.06381249754975635,0.09126861593921992,0.699114318236098,0.11635700093500201,0.05555555555555555,0.0,0.12177677585262661,10.609042259080004,0.10309796274905933,0.3486803875185648,0.111763790265125,-0.030667452371559767,3.3750871373361666,0.10661059753918536,0.15436369422207757,0.0,,,,
gardner-russo,2017-12-31,2018-02-28,2018-02-14,5.267858159063328,0.06299710277152443,0.09590360722356396,0.7358283120728807,0.024022610408047207,0.4742268041237113,0.0,0.02682842426628996,7.007010805654256,-0.003988801316729906,-0.0062132541459561375,0.08002371611415982,-0.03773137151251238,0.6289334973266817,-0.030659807684715823,0.017093288998176394,1.0,,,,
giverny,2017-12-31,2018-02-28,2018-02-13,3.5553480614894135,0.07865071534622026,0.19476699519283536,0.7144497552516628,0.0713595728440336,0.11428571428571428,0.0,0.0629637142084492,10.482084257084532,-0.03099395498815047,,0.10518410162494583,-0.05491207293706002,,-0.016557738789426374,0.031195357893465843,1.0,,,,
gotham,2017-12-31,2018-02-28,2018-02-14,6.823286122355687,0.0035803944764191344,0.010020745797327821,0.08974815479158794,0.33493444885402945,0.27421109902067464,0.2564102564102564,0.010904090212169962,6.286407741612445,0.07626524005653398,,0.08737778959195139,-0.03109330721414405,,-0.028220373383969637,0.01953272329892258,1.0,,,,
greenlight,2017-12-31,2018-02-28,2018-02-14,3.7612001156935624,0.08412061309728654,0.1926388475225409,0.7741948614545856,0.30230696520858846,0.5116279069767442,0.4166666666666667,-0.047623218628716914,7.321710151759123,0.029209824482387292,,0.09546295701638079,-0.04383860051545285,,-0.13119958698657344,-0.08344649030368122,1.0,,,,
harris,2017-12-31,2018-02-28,2018-02-14,4.867534450455582,0.020826922358496182,0.04954911330857556,0.3598485843428638,0.09516495386434376,0.13846153846153847,0.0967741935483871,0.029467889348598838,10.606511000986796,0.016148752000005373,0.03839439944994627,0.09101946519669026,-0.04408490293715894,-0.5108190690315537,-0.06769275411791847,-0.01993965743502625,1.0,,,,
hitchwood,2017-12-31,2018-02-28,2018-02-14,3.784189633918261,0.030504907294196866,0.05263455969527044,0.42354625420959086,0.49394746761477204,0.45454545454545453,0.38461538461538464,0.13020419547372858,11.502115156477322,0.14849939054352615,,0.11682920514837525,-0.037595405223275424,,0.07186546328323681,0.11961855996612902,0.0,,,,
icahn,2017-12-31,2018-02-28,2018-02-14,2.833213344056216,0.18222024387927643,0.3693060044908286,0.9279084408284654,0.09692881599828873,0.17647058823529413,0.125,0.06422985409956776,2.901393911477138,-0.020338419379607425,-0.33438588160649135,0.15846713509836632,-0.08158942718448303,-2.2123168780472255,0.21792809594377563,0.26568119262666784,0.0,,,,
lansdowne,2017-12-31,2018-02-28,2018-02-13,3.784189633918261,0.10512137431680897,0.18665324503826342,0.9110378995849553,0.12382572352285359,0.18181818181818182,0.2,0.12103711837773465,15.366732409960697,0.1160265333528904,0.32299686651508386,0.11939686379092346,-0.02368578132825505,1.2747919273946318,-0.10531185590694342,-0.057558759224051195,1.0,,,,
light-street,2017-12-31,2018-02-28,2018-02-14,3.044522437723423,0.06873741603703919,0.10741573897301533,0.7496867275414871,0.38565097652349445,0.3333333333333333,0.3333333333333333,-0.3118081519560794,11.64321389406244,0.48020504958831256,,0.13641937998695047,-0.005824452276771086,,0.15670000436034937,0.20445310104324158,0.0,,,,
lone-pine,2017-12-31,2018-02-28,2018-02-14,3.4339872044851463,0.03961561410376684,0.05810073131520581,0.49762469384969055,0.3313423403929079,0.25806451612903225,0.23333333333333334,-0.05857815584584673,15.804612790824848,0.08266216260091627,0.07708787573034037,0.10444282209861191,-0.0408483257664598,1.0194166949011665,0.051939789165429066,0.09969288584832128,0.0,,,,
markel-13f,2017-12-31,2018-02-28,2018-02-09,4.927253685157205,0.0252716329491745,0.06113292331220293,0.4267993335189914,0.04323376049252292,0.007246376811594203,0.014388489208633094,0.0530965644379998,9.364171642460315,0.05333712534014992,0.04648757710624668,0.09258539948923197,-0.04194653053555408,0.4753879085565081,-0.006807394207904577,0.04094570247498764,1.0,,,,
marshall-wace,2017-12-31,2018-02-28,2018-02-14,7.295735072749282,0.004340898717335532,0.02194345013580772,0.134969664979132,0.393315354588039,0.43283582089552236,0.36666666666666664,0.16429954658207974,7.6475818960082576,0.06967415332148205,0.10320557889134391,0.08023407656188396,-0.02178598997901393,2.005395409250168,0.022060753149869806,0.06981384983276202,0.0,,,,
matrix,2017-12-31,2018-02-28,2018-02-14,2.995732273553991,0.1129530627078336,0.26115985903749417,0.8333770761313941,0.21354231085526076,0.25,0.11764705882352941,-0.11041154683209883,10.292204747718321,0.26585366889371587,,0.17800260826045,-0.03894037910986381,,0.04508932425121439,0.0928424209341066,0.0,,,,
maverick,2017-12-31,2018-02-28,2018-02-13,5.1647859739235145,0.03421810239490163,0.07786483895001374,0.4878388173625846,0.2794177639314851,0.30857142857142855,0.3125,0.005381461751550219,12.889487452854253,-0.02394291068963822,,0.07177209272721688,-0.030129651633745924,,-0.01983582873164037,0.027917267951251847,1.0,,,,
melvin,2017-12-31,2018-02-28,2018-02-14,4.007333185232471,0.035340895036875715,0.10127150977518254,0.4692382746523696,0.375829729405464,0.23636363636363636,0.08695652173913043,0.17902481938136033,12.364645492734484,0.14662837184140579,,0.1177803179208436,-0.03810960356051374,,-0.028126727286688614,0.019626369396203602,1.0,,,,
pershing-square,2017-12-31,2018-02-28,2018-02-14,1.9459101490553132,0.1762351420120286,0.27742880145050036,1.0,0.12091977705757306,0.14285714285714285,0.0,0.13830834418527038,8.31101265986597,-0.1844486361121256,,0.11357484036098708,-0.11703987122330994,,0.21751632787069555,0.26526942455358776,0.0,,,,
polen,2017-12-31,2018-02-28,2018-02-09,3.970291913552122,0.05540453517388797,0.08288309130075078,0.6359246494103892,0.05080407279484822,0.3584905660377358,0.02857142857142857,0.07962129277460148,15.6661063963076,0.10587596226494625,0.15924444090761192,0.11231660976738475,-0.037755266559960865,1.34405947648225,0.13755303500810673,0.18530613169099894,0.0,,,,
pzena,2017-12-31,2018-02-28,2018-02-09,5.049856007249537,0.017615995388177014,0.04561344645812992,0.29806308980991436,0.06371593023942668,0.057692307692307696,0.026490066225165563,0.07463521760066721,6.87331670945268,-0.004267204480877224,0.06832563497061084,0.10468488440277338,-0.04260479989714516,-0.26463643704738804,-0.10151879192042698,-0.05376569523753476,1.0,,,,
ruane-cunniff,2017-12-31,2018-02-28,2018-02-14,4.189654742026425,0.045324542430478745,0.08977880618428395,0.5657098404805245,0.09569686345836437,0.06060606060606061,0.10144927536231885,0.06664993443837174,14.26528522394955,0.0017878997419467635,,0.10076057377833275,-0.04417556486390184,,-0.058025452435654504,-0.010272355752762289,1.0,,,,
sands,2017-12-31,2018-02-28,2018-02-14,4.219507705176107,0.0407504297194231,0.07577598054950169,0.5453563957517402,0.06865117358283923,0.058823529411764705,0.08571428571428572,-0.011952474010197596,15.181729193856802,0.1876723948046047,0.18455698809751864,0.11564914243208943,-0.01065404777792378,0.7255065889930971,0.0720903314960758,0.11984342817896802,0.0,,,,
semper-augustus,2017-12-31,2018-02-28,2018-02-13,3.258096538021482,0.12509961580548892,0.2653337826200906,0.779055748998465,0.05782407382952415,0.0,0.0,-0.01244239565552343,8.675128233928639,-0.026191398740295413,0.01801423951783454,0.09208836520200354,-0.038019189841198786,0.34851008755822377,-0.009486368795471448,0.03826672788742077,1.0,,,,
soroban,2017-12-31,2018-02-28,2018-02-14,2.833213344056216,0.0979006872817581,0.18034847033570678,0.901541643105259,0.1759925581446995,0.17647058823529413,0.2631578947368421,-0.0964815244863226,14.14823805292373,0.04179636003915349,,0.08173906958878706,-0.03233240107893809,,-0.10643992582740115,-0.058686829144508935,1.0,,,,
srs,2017-12-31,2018-02-28,2018-02-14,2.9444389791664403,0.20559245420310007,0.4024175680282006,0.9433740054538955,0.2636310513065827,0.2631578947368421,0.3333333333333333,-0.2304696399543985,12.182847353281067,0.37241806434953817,,0.22916077551820827,-0.0367168791080108,,0.04173832004506312,0.08949141672795534,0.0,,,,
steadfast,2017-12-31,2018-02-28,2018-02-14,3.828641396489095,0.03556494333339008,0.06529552152018787,0.4855589419993677,0.2459158941940217,0.2826086956521739,0.26666666666666666,0.01302651101991272,11.117587616294824,0.018345266243974284,,0.07679685638932443,-0.02267721824632074,,0.14071485128551112,0.18846794796840333,0.0,,,,
suvretta,2017-12-31,2018-02-28,2018-02-14,3.332204510175204,0.05512331210346731,0.09364286735792571,0.6621388530048258,0.4580360983055346,0.6071428571428571,0.3125,0.21645773265375806,13.989082472411296,0.05596956344874596,,0.1066240042342276,-0.03542654458876149,,0.026915268623200046,0.07466836530609226,0.0,,,,
third-avenue,2017-12-31,2018-02-28,2018-02-14,4.5217885770490405,0.03953919639809637,0.0901517712731422,0.512844659671985,0.13045009108910777,0.03260869565217391,0.19090909090909092,-0.06336685893629293,4.1504549680552305,-0.07434698807054788,,0.10155159028306815,-0.0445268707257892,,-0.11537238167990144,-0.06761928499700923,1.0,,,,
third-point,2017-12-31,2018-02-28,2018-02-14,3.7612001156935624,0.06077630413306368,0.17251120173003448,0.6107372773692991,0.2079717381880496,0.3023255813953488,0.1891891891891892,0.12562030406713823,13.17080628362919,0.08719878268128353,,0.10770047290197253,-0.0514277220342545,,-0.0690451027092493,-0.021292006026357085,1.0,,,,
tiger-global,2017-12-31,2018-02-28,2018-02-14,3.8918202981106265,0.0698007870157612,0.1347921059147864,0.7333315138974973,0.11101337526147503,0.1836734693877551,0.13043478260869565,-0.1549740458832455,14.249989925273058,0.39641680355936715,,0.18040956622363508,-0.019817921295592122,,-0.0590725019372873,-0.011319405254395083,1.0,,,,
trian,2017-12-31,2018-02-28,2018-02-14,1.9459101490553132,0.19031797212692222,0.29467142985495715,1.0,0.11363101128129349,0.0,0.125,-0.09388313124804049,8.119028325832264,-0.21705852530578018,,0.0806922608003348,-0.061375256935049194,,0.06318637585211595,0.11093947253500817,0.0,,,,
tweedy-browne,2017-12-31,2018-02-28,2018-02-15,3.912023005428146,0.054387872149895294,0.10752538398495455,0.6443927928155186,0.055118477437453794,0.04,0.09433962264150944,-0.008026742686258184,11.358102077742679,-0.01996964094462611,-0.0286915429294457,0.09165264985204175,-0.04084843958397688,-0.7563087799698335,-0.05165121091417126,-0.003898114231279045,1.0,,,,
valinor,2017-12-31,2018-02-28,2018-02-14,3.4657359027997265,0.037103058296119214,0.060666478532652744,0.45813390055432124,0.2806867635955379,0.25,0.29411764705882354,0.046801614304949814,12.247919571789826,-0.023453333840332297,,0.05999801228857365,-0.03426909693178504,,-0.04924604856352948,-0.0014929518806372645,1.0,,,,
valueact,2017-12-31,2018-02-28,2018-02-15,2.5649493574615367,0.11212145065372758,0.1840997960780695,0.9747648381687135,0.16906271712583865,0.15384615384615385,0.21428571428571427,-0.009468154166310786,7.550795420994468,-0.032733774590302966,0.1313633907419215,0.12052508021787635,-0.05392551262971723,0.14164148296372686,-0.11509657210430535,-0.06734347542141314,1.0,,,,
viking,2017-12-31,2018-02-28,2018-02-14,4.07753744390572,0.03538089654537981,0.07654031527856156,0.48488414547689546,0.2735971335602183,0.3220338983050847,0.3220338983050847,0.05170169712123712,14.299722951629487,0.21595643090909386,,0.11908359159600766,-0.02926771335147671,,0.015021237187483279,0.0627743338703755,0.0,,,,
whale-rock,2017-12-31,2018-02-28,2018-02-14,3.332204510175204,0.055995663225694214,0.12397834216675857,0.6403333070768676,0.23547941193886868,0.14285714285714285,0.25,0.11766295470092931,14.112161526025783,0.30175283979915524,,0.18458496186936388,-0.0312743086917352,,0.13444798374234865,0.18220108042524086,0.0,,,,
yacktman,2017-12-31,2018-02-28,2018-02-02,3.784189633918261,0.07389038236978354,0.13424405108097867,0.8052525161425097,0.05091272996021423,0.045454545454545456,0.08695652173913043,0.0030244604065196067,10.173437983586345,-0.04024488210066479,0.010310572602747481,0.070416014405616,-0.04247803896556568,0.9146799322687885,0.09114141617742116,0.13889451286031337,0.0,,,,
adage,2018-03-31,2018-05-31,2018-05-15,6.5722825426940075,0.005575464791048182,0.026095658700294008,0.15681972404064914,0.15798728033140186,0.14125874125874127,0.12034383954154727,-0.028685701313464283,8.86616207225059,-0.0018336216139389627,-0.04282679016318608,0.09302380343069064,-0.06929779188908736,-0.538448987409589,0.011267421897927232,0.033310669919215594,0.0,0.6326530612244898,0.43617021276595747,0.7362564166135221,0.3265547752380371
akre,2018-03-31,2018-05-31,2018-05-15,3.1780538303479458,0.07999186370445642,0.13459288457664367,0.8091429456359187,0.03281961036991743,0.041666666666666664,0.041666666666666664,0.0529142089916567,9.405810769399361,0.07616255771751815,0.17936743093968077,0.1002486864490745,-0.03805172109119792,1.9286616599877549,0.23425122032141882,0.2562944683427072,0.0,0.3469387755102041,0.43617021276595747,0.2960063019899016,0.5821316838264465
altimeter,2018-03-31,2018-05-31,2018-05-15,3.2188758248682006,0.22777663965839143,0.40320933748253096,0.9445961932138172,0.2745052127371195,0.36,0.30434782608695654,0.06172974255302255,11.12840925682944,-0.19058429987443767,0.001345651848834728,0.1467821478925817,-0.13639911716120412,0.005580793814613835,0.026914592649188288,0.04895784067047665,0.0,0.9591836734693877,0.43617021276595747,0.68187677199068,0.24591891467571259
berkshire-13f,2018-03-31,2018-05-31,2018-05-15,3.828641396489095,0.10226428455738723,0.2127333198139748,0.8067798291594271,0.08214683136327006,0.043478260869565216,0.08333333333333333,-0.012093267777039526,11.393691759557214,-0.11458574905724514,-0.2249924108652797,0.10613161936727694,-0.10865170533165946,-1.5341191411030226,-0.0836341989192266,-0.06159095089793825,1.0,0.9387755102040817,0.43617021276595747,0.8085714189156317,0.6652165055274963
cantillon,2018-03-31,2018-05-31,2018-05-08,3.4657359027997265,0.03786296585098448,0.06841217742691753,0.4749573880993586,0.07963632342308447,0.0625,0.03225806451612903,0.04112444881957306,9.745645345086773,0.05981112971669697,0.1263108557216126,0.07822355745918877,-0.019055617233979416,1.4293118874631805,0.08332382031343333,0.10536706833472169,0.0,0.42857142857142855,0.43617021276595747,0.23624197652667966,0.22904981672763824
coatue,2018-03-31,2018-05-31,2018-05-14,4.8283137373023015,0.05413943550344206,0.08402422321138918,0.6632935956027953,0.25100625835724455,0.776,0.3488372093023256,-0.053962309535685496,15.418401599728313,0.09812155554764387,0.2998124087155597,0.15905546072547563,-0.06303926347790978,1.1247106424720972,-0.008690204796775384,0.013353043224512978,1.0,0.2653061224489796,0.43617021276595747,0.1786179107305979,0.33944177627563477
darsana,2018-03-31,2018-05-31,2018-05-15,2.70805020110221,0.09002043183963564,0.15945275854830968,0.8577990358364317,0.17899230570848967,0.13333333333333333,0.13333333333333333,0.10859578613526916,14.696675720853934,0.18440923828076647,,0.14906996194326488,-0.04269603644488762,,0.06549889676081477,0.08754214478210313,0.0,0.14285714285714285,0.43617021276595747,0.2242965177873792,0.294034868478775
dragoneer,2018-03-31,2018-05-31,2018-05-14,2.9444389791664403,0.08168102342679164,0.15446036061435062,0.8074791988677497,0.29959911313702325,0.3157894736842105,0.35,0.1451307875270337,11.286505225607105,0.41782267041129373,0.5477135615193365,0.13347070731952093,-0.017091372738312627,0.41578913380573834,0.07265384468724342,0.09469709270853179,0.0,0.04081632653061224,0.43617021276595747,0.9906274233415875,0.3215177357196808
duquesne,2018-03-31,2018-05-31,2018-05-15,3.091042453358316,0.09146965972561773,0.14850768493772099,0.8676976239322945,0.3928375731033674,0.5,0.6333333333333333,-0.09178487566009737,19.479763669586077,0.16553277005789577,0.15248671165514016,0.15042515667749204,-0.05392678262296591,0.8535727951144991,-0.009051101245266974,0.012992146776021387,1.0,0.16326530612244897,0.43617021276595747,0.044355446931752515,0.3864111006259918
egerton,2018-03-31,2018-05-31,2018-05-11,3.4657359027997265,0.03994729761417332,0.058121204590672916,0.5098452294437307,0.23530551770248453,0.125,0.125,0.07297651934131513,14.66940871500721,0.028555898754326403,,0.08491791147334453,-0.045320192352698796,,0.02546673112284502,0.04750997914413338,0.0,0.5102040816326531,0.43617021276595747,0.20429978411704575,0.12305768579244614
eminence,2018-03-31,2018-05-31,2018-05-15,3.6375861597263857,0.03935733829671858,0.09656415863311411,0.5035012286800009,0.189014799116887,0.10526315789473684,0.1282051282051282,-0.022639152452347554,9.26082973331225,-0.021625709870443155,,0.09153495446478556,-0.065629993895158,,0.04499210944672076,0.06703535746800912,0.0,0.6938775510204082,0.43617021276595747,0.5521769905321722,0.19187726080417633
fisher,2018-03-31,2018-05-31,2018-04-19,6.912742820493176,0.010517158739210483,0.03274814082416556,0.23768860578509826,0.1056416483211331,0.24577114427860697,0.12873563218390804,0.11695946315558305,7.14070985162986,-0.03819582147928684,-0.07150223818262263,0.08823220767674597,-0.061334881693071,-0.5620933452170975,0.01993131747958466,0.04197456550087302,0.0,0.8367346938775511,0.43617021276595747,0.759412286467979,0.3504084646701813
fundsmith,2018-03-31,2018-05-31,2018-04-30,2.833213344056216,0.06721977602549381,0.09522240899295731,0.7217169904845847,0.1575208432512244,0.058823529411764705,0.1111111111111111,0.03913774389548038,14.042204195837401,0.023185795643642676,0.3777204557045418,0.11963716701532226,-0.05672897340621641,4.214021800796312,0.14874097578460121,0.17078422380588956,0.0,0.5510204081632653,0.43617021276595747,0.009722875449116122,0.2248123437166214
gardner-russo,2018-03-31,2018-05-31,2018-05-11,4.605170185988092,0.0652594155490876,0.10933220086613647,0.7491102367374117,0.03738622711178019,0.01,0.4896907216494845,-0.01311882746488887,6.901832494064349,-0.10116059098410718,-0.05058816797007176,0.07983638684279627,-0.07100604745499639,0.7739301218995377,0.066965919304492,0.08900916732578036,0.0,0.8979591836734694,0.43617021276595747,0.27339620085157007,0.796371340751648
giverny,2018-03-31,2018-05-31,2018-05-11,3.5553480614894135,0.0796872789778851,0.19754390615857764,0.7183579089997416,0.02451258509655918,0.0,0.0,0.024347501524235652,10.071885999970544,-0.034174795110131606,,0.1138266600705473,-0.09796252641049852,,0.08066511271098584,0.1027083607322742,0.0,0.7755102040816326,0.43617021276595747,0.833054960196295,0.4878319501876831
gotham,2018-03-31,2018-05-31,2018-05-15,6.834108738813838,0.0035432957235675576,0.011288943175088006,0.08753057445423393,0.37409961452463436,0.2604951560818084,0.25244831338411317,0.037442931746919185,6.27126951092903,0.0402044454276301,,0.10727042031756213,-0.07926556451496336,,0.0018682502534012949,0.023911498274689656,0.0,0.46938775510204084,0.43617021276595747,0.6379514270876434,0.45059314370155334
greenlight,2018-03-31,2018-05-31,2018-05-15,3.5553480614894135,0.09281924458506459,0.20599186065864697,0.7905154815927361,0.13868337774621609,0.2571428571428571,0.3953488372093023,-0.321623935262885,6.720726996183994,0.06881606709670021,,0.1161398202875644,-0.07812561584685018,,-0.19847948928896975,-0.1764362412676814,1.0,0.3877551020408163,0.43617021276595747,0.8027868281815433,0.5582386255264282
harris,2018-03-31,2018-05-31,2018-05-15,4.859812404361672,0.020381620635064386,0.04578375538815949,0.3578564912760779,0.105460977229074,0.10077519379844961,0.1076923076923077,-0.01924016983165914,10.227459525826607,-0.027463734557759745,-0.01310615420391431,0.1094247077642018,-0.08924061488975399,-0.8923884174784069,-0.06008175001155843,-0.03803850199027007,1.0,0.7551020408163265,0.43617021276595747,0.7529225483847038,0.37633898854255676
hitchwood,2018-03-31,2018-05-31,2018-05-15,3.4965075614664802,0.039509175157417684,0.06506863752377351,0.5086500022282955,0.6639940306596022,0.42424242424242425,0.5681818181818182,-0.4735707378873322,12.361923970557593,0.10666356089961718,,0.12515706477130462,-0.05801149715405618,,0.05811540968081541,0.08015865770210377,0.0,0.24489795918367346,0.43617021276595747,0.06843209555560706,0.21339024603366852
icahn,2018-03-31,2018-05-31,2018-05-15,2.772588722239781,0.23893037921185392,0.4475866417174023,0.947810844183535,0.17681410386105345,0.0625,0.11764705882352941,-0.11878371131662806,2.348776989586301,0.2962255491183613,-0.12624202319356176,0.15576919802017059,-0.08158942718448303,-0.9418458813127448,0.018703198205703056,0.04074644622699142,0.0,0.061224489795918366,0.43617021276595747,0.9928977038164749,0.5760644674301147
lansdowne,2018-03-31,2018-05-31,2018-05-14,3.7376696182833684,0.1056490463861944,0.15764506521015081,0.9372780684981663,0.11746434596487942,0.2619047619047619,0.29545454545454547,-0.12569496430613886,15.670744019231574,0.06659950346686086,0.18176020400678294,0.13682413707600355,-0.07916625219523343,0.7802855023373355,-0.06987147462193374,-0.047828226600645375,1.0,0.40816326530612246,0.43617021276595747,0.3111599811373226,0.5974022150039673
light-street,2018-03-31,2018-05-31,2018-05-15,3.1780538303479458,0.05753287101938615,0.09735222686850611,0.6685718459543852,0.38711958851745465,0.4166666666666667,0.3333333333333333,0.40762354490954117,11.39848620418896,0.2717017534127122,,0.14974512497751752,-0.03944183378949673,,0.10629361144418213,0.1283368594654705,0.0,0.08163265306122448,0.43617021276595747,0.2524784915867793,0.12268713116645813
lone-pine,2018-03-31,2018-05-31,2018-05-15,3.4011973816621555,0.04288052241290565,0.06232374316528774,0.5338774986795377,0.24948196132321288,0.26666666666666666,0.2903225806451613,0.030324228864590515,16.692303648436397,0.049020990790036856,0.10796270248235573,0.10887049174862357,-0.05181678023032765,1.138783089113303,0.05289519748073586,0.07493844550202422,0.0,0.4489795918367347,0.43617021276595747,0.0432590934550075,0.14481034874916077
markel-13f,2018-03-31,2018-05-31,2018-04-27,4.919980925828125,0.024832915302713237,0.06220217937168414,0.4160180758242504,0.04671480246307835,0.058394160583941604,0.06521739130434782,-0.006814095007786571,9.3063123003163,0.034536222743344946,0.04286858275953198,0.09957755753644687,-0.06215471119643301,0.5399796695576274,0.046980537676353434,0.0690237856976418,0.0,0.4897959183673469,0.43617021276595747,0.536457901116336,0.5864289999008179
marshall-wace,2018-03-31,2018-05-31,2018-05-15,7.3777589082278725,0.004395091020177845,0.021656173483821248,0.1332808381539542,0.41079173072740505,0.39625,0.344640434192673,0.09106580273337606,7.456001092565676,0.018458451375056473,0.059039195667488775,0.0884960359733159,-0.0406945192485233,1.1435902704623893,0.06220592145672339,0.08424916947801175,0.0,0.5714285714285714,0.43617021276595747,0.2715718641064367,0.3315017819404602
matrix,2018-03-31,2018-05-31,2018-05-15,3.044522437723423,0.09083178777988307,0.20550590216290873,0.8048118370286358,0.16051596162376625,0.23809523809523808,0.2,0.026049473315796125,9.046307538695435,0.22422550348077372,0.4569189849763281,0.18652497685488995,-0.03894037910986392,1.0688223144365632,-0.04904982473525016,-0.0270065767139618,1.0,0.10204081632653061,0.43617021276595747,0.8934883665499984,0.3160172700881958
maverick,2018-03-31,2018-05-31,2018-05-15,5.384495062789089,0.029322852406655626,0.06338102053686916,0.4671423127435544,0.3222887991108414,0.44954128440366975,0.3142857142857143,-0.022205756243832604,13.882381157198978,-0.03637287387229321,,0.07117461563326556,-0.03600843575990509,,-0.05551172733105855,-0.03346847930977019,1.0,0.8163265306122449,0.43617021276595747,0.2569256627041437,0.21719801425933838
melvin,2018-03-31,2018-05-31,2018-05-15,3.9889840465642745,0.035636030649615555,0.07901823291859447,0.49393236355615977,0.27411726289054217,0.2222222222222222,0.23636363636363636,0.18454080027052253,12.943809502972691,0.09546834514607769,0.2722640300388651,0.12665638870347107,-0.05215392348471759,2.845071300005044,-0.002043241902330538,0.020000006118957823,1.0,0.2857142857142857,0.43617021276595747,0.0496839391133526,0.29482653737068176
pershing-square,2018-03-31,2018-05-31,2018-05-15,1.9459101490553132,0.18657324746733622,0.28648559491594033,1.0,0.13380203733202745,0.14285714285714285,0.14285714285714285,-0.19505037639210226,7.494556754863987,-0.19961169939217147,,0.1061936842121721,-0.0786122647766242,,0.2013108146287983,0.22335406265008664,0.0,0.9795918367346939,0.43617021276595747,0.45178857864332794,0.43810123205184937
polen,2018-03-31,2018-05-31,2018-05-11,4.02535169073515,0.057700013089632234,0.09910025330151881,0.6427482565336028,0.13741184955738484,0.10714285714285714,0.05660377358490566,0.046260284397827034,16.10322716512041,0.0834697104144479,0.1998767644117525,0.12832679298704966,-0.05756423904915353,1.635557131920042,0.12208656129690178,0.14412980931819014,0.0,0.30612244897959184,0.43617021276595747,0.12490663308408906,0.4026305675506592
pzena,2018-03-31,2018-05-31,2018-05-04,5.056245805348308,0.017749009583987216,0.04457758113504396,0.2942098082597745,0.0903334443822279,0.07643312101910828,0.07051282051282051,-0.035990347469937595,6.496898300439294,-0.01947620820210963,-0.02712121317613403,0.11464469382470939,-0.08452494617315598,-1.1223313817504734,-0.07941078787679368,-0.05736753985550531,1.0,0.673469387755102,0.43617021276595747,0.8705196892272472,0.4693131744861603
ruane-cunniff,2018-03-31,2018-05-31,2018-05-15,4.07753744390572,0.051720196536450894,0.09120477395906319,0.6257976698035483,0.19964008654544652,0.1016949152542373,0.19696969696969696,-0.11207331153203445,15.32676352304083,0.0009640108458474073,,0.11550478914945791,-0.08358526137205524,,0.013513375924873512,0.035556623946161874,0.0,0.6122448979591837,0.43617021276595747,0.23187429378458937,0.36528199911117554
sands,2018-03-31,2018-05-31,2018-05-15,4.204692619390966,0.04073671766187174,0.08162516443793785,0.5362966985109456,0.11938265677363646,0.04477611940298507,0.058823529411764705,0.0247376229244782,16.09208284939076,0.15153554876093792,0.21465333662797492,0.12886587851327627,-0.031616736742496876,0.6630034972020409,0.03889745477886448,0.06094070280015284,0.0,0.20408163265306123,0.43617021276595747,0.3793692806767602,0.38863879442214966
semper-augustus,2018-03-31,2018-05-31,2018-05-14,3.258096538021482,0.11463403218572739,0.25175472157490175,0.7678480748495704,0.06651668615962947,0.0,0.0,0.07367196198751032,8.249660881360649,-0.021869085003107164,-0.00671750352593492,0.0934691987436511,-0.05842104839743767,0.6076595751975501,0.04880024787717156,0.07084349589845992,0.0,0.7142857142857143,0.43617021276595747,0.7476957280792644,0.5638054013252258
soroban,2018-03-31,2018-05-31,2018-05-15,2.6390573296152584,0.10056581439905674,0.17296503578634095,0.897873161242689,0.23682825460579127,0.35714285714285715,0.47058823529411764,-0.06339088192660546,12.938987787996608,-0.1076450151708555,,0.10455014565159453,-0.10689297606956716,,-0.014632269315304716,0.007410978705983646,1.0,0.9183673469387755,0.43617021276595747,0.2976942200993929,0.3212917745113373
srs,2018-03-31,2018-05-31,2018-05-15,2.9444389791664403,0.21407241591729612,0.4171331667697356,0.9487714589719376,0.14248930734928744,0.15789473684210525,0.15789473684210525,0.2776460180788454,16.18149868660916,0.48114190258541745,,0.22679400511995393,-0.036716879108010914,,-0.054786170963585346,-0.032742922942296984,1.0,0.02040816326530612,0.43617021276595747,0.6668583450265965,0.294034868478775
steadfast,2018-03-31,2018-05-31,2018-05-15,3.7612001156935624,0.03720799873819116,0.0699017901120841,0.5051451152612602,0.2537013673415448,0.16279069767441862,0.21739130434782608,-0.06357174687175661,10.228422776271708,0.08263649162737416,,0.0934591044829502,-0.02267721824632074,,0.04568626367282681,0.06772951169411517,0.0,0.32653061224489793,0.43617021276595747,0.3034321725940108,0.28368958830833435
suvretta,2018-03-31,2018-05-31,2018-05-15,2.8903717578961645,0.0748302351794415,0.11126969701510042,0.8024349150533528,0.37051329669131283,0.3888888888888889,0.6071428571428571,-0.0887896669246313,18.302452998151907,0.07568664243278336,0.13116264425624835,0.11436859421823502,-0.041312531461736524,1.3838644540295666,-0.0021629075355229753,0.019880340485765386,1.0,0.3673469387755102,0.43617021276595747,0.017123606282262935,0.3552747964859009
third-avenue,2018-03-31,2018-05-31,2018-05-14,4.356708826689592,0.04154707425419117,0.09000747294047745,0.5431016721785326,0.14284361872422147,0.0641025641025641,0.20652173913043478,-0.057615752004787246,4.236646506514786,0.024874751199231798,,0.09216727375984353,-0.0445268707257892,,-0.15699746860238867,-0.13495422058110032,1.0,0.5306122448979592,0.43617021276595747,0.7326736834037378,0.44161808490753174
third-point,2018-03-31,2018-05-31,2018-05-15,3.6375861597263857,0.0665519509549586,0.18532107114604016,0.6481346123176175,0.2575454482186401,0.3157894736842105,0.3953488372093023,-0.06545861755733996,13.313876166893756,0.016544973122420398,,0.11136322414787311,-0.07308472797821819,,-0.04409689782907111,-0.02205364980778275,1.0,0.5918367346938775,0.43617021276595747,0.4964197778861479,0.4053915739059448
tiger-global,2018-03-31,2018-05-31,2018-05-15,3.970291913552122,0.06506540671370654,0.1161329149459977,0.7322802737592065,0.24018627112235902,0.24528301886792453,0.1836734693877551,0.17445693641037235,15.941279815107775,0.19451380539947374,,0.18932821406814532,-0.04625960747534086,,-0.05167678116345076,-0.029633533142162393,1.0,0.12244897959183673,0.43617021276595747,0.07544819425659642,0.48927488923072815
tiger-management,2018-03-31,2018-05-31,2018-05-15,4.23410650459726,0.03554074880542272,0.059912125521411806,0.4755735344491385,0.22526196097500562,0.2753623188405797,0.21875,0.2508012774292421,12.670378767770263,-0.043710632957033674,,0.12356554224203452,-0.07465397380808725,,0.06505297379935805,0.08709622182064641,0.0,0.8571428571428571,0.43617021276595747,0.1666476601021665,0.24662627279758453
trian,2018-03-31,2018-05-31,2018-05-15,1.9459101490553132,0.20291064876607046,0.3031664371781487,1.0,0.08293658228891254,0.0,0.0,-0.17591863096912688,7.707507250324058,-0.24034188965454728,,0.07769443210949324,-0.08382949783885141,,0.10499118517470844,0.1270344331959968,0.0,1.0,0.43617021276595747,0.6702949389211987,0.5563470125198364
tweedy-browne,2018-03-31,2018-05-31,2018-05-14,3.828641396489095,0.06161060337549509,0.12770094028028964,0.6926202726463748,0.07755380297384074,0.021739130434782608,0.1,-0.11047742005473155,10.841899950453543,-0.010756980816068018,-0.05617888835730794,0.10409210811879746,-0.07948080385855061,-0.7450414432259336,-0.07200068934187148,-0.049957441320583114,1.0,0.6530612244897959,0.43617021276595747,0.74140102969696,0.6718798875808716
valinor,2018-03-31,2018-05-31,2018-05-15,3.5553480614894135,0.036130447260034455,0.061471652833226094,0.4577621501166381,0.19745471095055933,0.17142857142857143,0.09375,-0.013391941188627238,12.677388721750342,-0.02366309267236366,,0.07302639639999199,-0.05881167269995802,,-0.04000588921268953,-0.017962641191401167,1.0,0.7346938775510204,0.43617021276595747,0.3475257593862514,0.13119065761566162
valueact,2018-03-31,2018-05-31,2018-05-15,2.4849066497880004,0.11729650529491921,0.19443649947954214,0.985413445447064,0.15685130554383364,0.08333333333333333,0.15384615384615385,0.009233291492984281,6.188750711663339,-0.035453123433316885,0.0605617883382924,0.13027860768180016,-0.09732264198076823,-0.16469809313392347,-0.13440017649965216,-0.1123569284783638,1.0,0.7959183673469388,0.43617021276595747,0.8083602547720354,0.4999656677246094
viking,2018-03-31,2018-05-31,2018-05-15,4.07753744390572,0.03760031677218226,0.0899320411361533,0.50938387785374,0.30954581689855576,0.3898305084745763,0.3898305084745763,0.02083111903875209,15.575761137829815,0.12686449098941024,,0.12955535027696702,-0.0540234860299047,,-0.009323167191588145,0.012720080829700216,1.0,0.22448979591836735,0.43617021276595747,0.1532830868853969,0.3386910557746887
whale-rock,2018-03-31,2018-05-31,2018-05-15,3.4011973816621555,0.044115674245987446,0.09064581110056735,0.5470159083828272,0.3316257821073755,0.3,0.25,0.3220889216853619,11.914445088847824,0.1575497491080878,,0.18861531082188207,-0.039127032546561136,,0.18159667252099077,0.20363992054227914,0.0,0.1836734693877551,0.43617021276595747,0.06484381658831907,0.12381584942340851
yacktman,2018-03-31,2018-05-31,2018-05-09,3.8066624897703196,0.07324510272789415,0.1254503953109924,0.7984506442447945,0.03395511794294215,0.022222222222222223,0.0,-0.06537048307134503,10.408222324630252,-0.08896703249299615,-0.010630892734136088,0.07929800319053026,-0.07183150281510131,1.3382694893816587,0.1682430575360347,0.19028630555732307,0.0,0.8775510204081632,0.43617021276595747,0.18414226459780467,0.6974877119064331
adage,2018-06-30,2018-08-31,2018-08-14,6.591673732008658,0.005909170083173831,0.02765651250137673,0.16190586317808575,0.19050589679128038,0.1646090534979424,0.14825174825174825,0.016196466245939768,9.470299266882348,-0.014687806837800244,0.025482921022976,0.10057877022040151,-0.06929779188908725,0.44709683899892055,0.007334670563970257,0.013521842494098634,0.0,0.58,0.44036697247706424,0.4610711718539039,0.3361900746822357
akre,2018-06-30,2018-08-31,2018-08-14,3.1354942159291497,0.08097982739726951,0.13231422909771795,0.8090995522180279,0.06719644411673587,0.043478260869565216,0.08333333333333333,0.03814437229883612,8.942098226027444,0.04998836812953453,0.12776270984622795,0.09468065443120069,-0.03805172109119814,0.9942537166579272,0.2664801498496772,0.27266732177980557,0.0,0.32,0.44036697247706424,0.4944948388546289,0.5998712778091431
altimeter,2018-06-30,2018-08-31,2018-08-14,3.2188758248682006,0.21670367438828583,0.3837068266549645,0.9521857293125319,0.05910808120070554,0.16,0.16,0.053312002736532166,10.735116690570115,-0.0023367844490138623,-0.06306002034081115,0.158110237580505,-0.05967540019305739,-0.3855038162424676,0.0038303133145252324,0.01001748524465361,0.0,0.52,0.44036697247706424,0.6997033152809411,0.38160383701324463
appaloosa,2018-06-30,2018-08-31,2018-08-14,3.871201010907891,0.09000098737827925,0.24326242636551093,0.6716596282406185,0.13537522329884055,0.125,0.20754716981132076,-0.10615481447828454,15.63749002039131,-0.025510213228777834,,0.1350230245095743,-0.06493341460729385,,-0.12571768125028596,-0.11953050932015757,1.0,0.6,0.44036697247706424,0.38252500274734075,0.5414137244224548
berkshire-13f,2018-06-30,2018-08-31,2018-08-14,3.784189633918261,0.1111575997566875,0.2384242718071337,0.8196576234517016,0.03847081309328948,0.0,0.043478260869565216,0.03470247707050519,11.373764244076142,-0.06629896644131741,-0.23369127712046317,0.11630885240399332,-0.10865170533165958,-0.6897863662817518,-0.06764267595390128,-0.061455504023772894,1.0,0.78,0.44036697247706424,0.7105543028195848,0.7072481513023376
cantillon,2018-06-30,2018-08-31,2018-08-07,3.5263605246161616,0.03651342778715671,0.06724267553001992,0.46466187561253247,0.10482874331031045,0.11764705882352941,0.0625,0.05429464832624443,9.979053179150549,0.018258903420943995,0.12647512745210165,0.0749392317046494,-0.019055617233979305,1.1364827428792692,0.1501840250856881,0.15637119701581648,0.0,0.44,0.44036697247706424,0.317245898516641,0.2010771632194519
coatue,2018-06-30,2018-08-31,2018-08-14,4.672828834461906,0.05881913817988863,0.10297803395057215,0.6749409818025753,0.27268665367195744,0.38317757009345793,0.472,-0.017569787052544392,17.497087460572583,-0.044136063721631646,0.1898378606342065,0.16278609700313823,-0.06303926347790989,0.36797784411323825,0.0812875503123935,0.08747472224252188,0.0,0.7,0.44036697247706424,0.10047175328009637,0.19926050305366516
darsana,2018-06-30,2018-08-31,2018-08-14,2.70805020110221,0.08447522555799605,0.16124365259134435,0.8062326524496392,0.16349635859306932,0.2,0.2,0.10190373872113258,14.07948443072507,0.12568863972200142,,0.1528325006311821,-0.04269603644488795,,0.056133583758508104,0.06232075568863648,0.0,0.18,0.44036697247706424,0.15949670071909988,0.2787790596485138
dragoneer,2018-06-30,2018-08-31,2018-08-14,3.091042453358316,0.09131952234390484,0.17549860995712427,0.8157763731274738,0.3598589716896846,0.3181818181818182,0.21052631578947367,0.48023164262286205,11.653018654270218,0.38960399613566354,1.4866176991463431,0.16714015006770724,-0.022447834113098364,1.1656540966312523,-0.002322678287641825,0.003864493642486552,1.0,0.04,0.44036697247706424,0.9999041626852946,0.25031137466430664
duquesne,2018-06-30,2018-08-31,2018-08-14,3.4965075614664802,0.07802881178653692,0.14217327271068486,0.7692638538182566,0.345955436413971,0.5757575757575758,0.36363636363636365,0.13508963984545894,22.93143362201338,0.11877505424331444,0.17352790785232153,0.15950161975032115,-0.05392678262296602,0.806994695836518,0.002869343092121694,0.009056515022250071,0.0,0.2,0.44036697247706424,0.039542350618273554,0.2823534309864044
egerton,2018-06-30,2018-08-31,2018-08-07,3.4339872044851463,0.0446832356682967,0.10196996354689493,0.5379450011310818,0.25011562153142286,0.16129032258064516,0.1875,0.06204352862303089,16.20755502953584,-0.03727251306070742,,0.08189628880155851,-0.045320192352698685,,0.06623547630071658,0.07242264823084496,0.0,0.64,0.44036697247706424,0.21219979293563768,0.14046119153499603
eminence,2018-06-30,2018-08-31,2018-08-14,3.8066624897703196,0.036673036526661464,0.09334002396606293,0.4957795885659688,0.17480581062527045,0.24444444444444444,0.10526315789473684,0.12679538015212694,9.471807400935596,-0.044266073889425356,,0.09546158558373835,-0.06562999389515822,,0.05505600423438958,0.06124317616451796,0.0,0.72,0.44036697247706424,0.5973481039835742,0.26343655586242676
fisher,2018-06-30,2018-08-31,2018-07-09,6.694562058521095,0.012217519169617365,0.03490726082590611,0.26366022899581887,0.11914549439046129,0.10767326732673267,0.28258706467661693,-0.11096001349902465,7.839367259198592,-0.06659301266482598,-0.11756954735620984,0.09458058890665656,-0.061334881693071,-0.6506403425958157,0.02007936787693327,0.02626653980706165,0.0,0.8,0.44036697247706424,0.6247464586389182,0.430732786655426
fundsmith,2018-06-30,2018-08-31,2018-08-22,2.833213344056216,0.06734649579916366,0.0942588474886379,0.7241515736960216,0.11609751815556468,0.058823529411764705,0.058823529411764705,0.10223634942547577,11.826029786061946,0.03645842375985711,0.3504350009866717,0.11514450928174551,-0.05672897340621652,3.245820464043685,0.1754907677425254,0.18167793967265378,0.0,0.36,0.44036697247706424,0.04724833107981809,0.22892720997333527
gardner-russo,2018-06-30,2018-08-31,2018-08-13,4.584967478670572,0.06708449888676657,0.12418559780962826,0.7542651170020163,0.03950118824313931,0.02040816326530612,0.04,-0.044926688041737634,6.933934999609591,-0.1376561641079758,-0.14604421490522784,0.08271496647468077,-0.07100604745499639,0.3951612543140282,0.10477553592198334,0.11096270785211172,0.0,0.94,0.44036697247706424,0.44337392960181626,0.8067547082901001
giverny,2018-06-30,2018-08-31,2018-08-13,3.58351893845611,0.0758493907565392,0.1842873115608978,0.70797535246914,0.09248496315035937,0.05555555555555555,0.02857142857142857,0.1742124704808437,10.931794099980428,-0.011816589922503062,-0.1290374718401755,0.12070494898685347,-0.09796252641049852,-1.6106223570409188,0.04166811075038306,0.04785528268051144,0.0,0.56,0.44036697247706424,0.9396276365540188,0.4900222718715668
gotham,2018-06-30,2018-08-31,2018-08-14,6.759255270663693,0.0038116576934192807,0.012737839113894983,0.0942266257256081,0.35089930910748,0.2529002320185615,0.3067814854682454,-0.03261493577909138,6.364487182025513,0.021152675603193977,,0.1133569087878406,-0.07926556451496314,,0.029219671837002123,0.0354068437671305,0.0,0.42,0.44036697247706424,0.48594786942157486,0.43770986795425415
greenlight,2018-06-30,2018-08-31,2018-08-14,3.367295829986474,0.12103731860258514,0.26585662172676366,0.8556826443540261,0.14301326027124361,0.20689655172413793,0.34285714285714286,-0.24070806014854448,6.049451537607939,-0.16034324632949598,,0.13927172201320445,-0.0865437742064391,,-0.02780379243464784,-0.021616620504519464,1.0,0.96,0.44036697247706424,0.6783454411040061,0.346096009016037
harris,2018-06-30,2018-08-31,2018-08-14,4.8283137373023015,0.020006690344830644,0.04435314222498984,0.35144121425807917,0.0915352576492291,0.048,0.07751937984496124,0.03256621245378859,9.912164888096108,-0.09148539869545941,-0.03583702467510852,0.1120949675234167,-0.0892406148897541,-1.186542329793551,-0.04229335014020518,-0.036106178210076806,1.0,0.88,0.44036697247706424,0.8129614612883304,0.3827632963657379
hitchwood,2018-06-30,2018-08-31,2018-08-14,3.6109179126442243,0.04154304543676378,0.07627641467116461,0.5352904308072336,0.5696853750044051,0.4864864864864865,0.42424242424242425,-0.020106082867174004,14.033129328196337,0.137485860716373,,0.15579276834567343,-0.05801149715405629,,0.06451989387583948,0.07070706580596786,0.0,0.14,0.44036697247706424,0.040941371549191946,0.1482483446598053
icahn,2018-06-30,2018-08-31,2018-08-14,3.044522437723423,0.26768276125548224,0.4897273295231733,0.9020888450848058,0.09848567894352833,0.23809523809523808,0.0,0.18219497365658283,2.5198062713066522,0.2420862732282694,-0.08978248852285392,0.15599401161175627,-0.08158942718448292,-1.036700816888793,-0.04762829629854633,-0.04144112436841795,1.0,0.08,0.44036697247706424,0.9955557590056678,0.530022919178009
lansdowne,2018-06-30,2018-08-31,2018-08-13,3.8501476017100584,0.08718494143065858,0.14422758872790936,0.8501878861166298,0.13167431217761416,0.2553191489361702,0.16666666666666666,0.023941583082482405,15.98573094260997,0.07740244721968134,0.09867505343790217,0.14650772220130284,-0.07916625219523321,0.0037833392445037425,-0.04234362636625027,-0.03615645443612189,1.0,0.3,0.44036697247706424,0.42045437095935995,0.5441126227378845
light-street,2018-06-30,2018-08-31,2018-08-14,3.1780538303479458,0.0621850775753868,0.12748202024450092,0.6892041764246021,0.29939573308453815,0.25,0.25,0.07399879446444599,11.597111029335704,0.3921980287983633,,0.19754370080709494,-0.03944183378949673,,-0.0678150353839125,-0.06162786345378412,1.0,0.02,0.44036697247706424,0.11320520140749575,0.23314563930034637
lone-pine,2018-06-30,2018-08-31,2018-08-14,3.332204510175204,0.04425234014316022,0.06521186242355667,0.5432970103838911,0.15929317261674658,0.10714285714285714,0.16666666666666666,-0.04328159286066163,16.83028212272554,-0.038767282065295644,0.06776055563417949,0.10685731397277087,-0.051816780230327764,0.5216827357884748,0.10715733888496398,0.11334451081509236,0.0,0.66,0.44036697247706424,0.07491186152066721,0.14169910550117493
markel-13f,2018-06-30,2018-08-31,2018-08-03,4.890349128221754,0.024505503725228184,0.06570821123680798,0.4119717547284988,0.0501418157328366,0.08270676691729323,0.10948905109489052,0.03512357657252295,9.297769795237565,0.01768746108501079,0.04641798523793039,0.10322708910740896,-0.06215471119643312,0.5924481490092887,0.06115442709719777,0.06734159902732614,0.0,0.46,0.44036697247706424,0.5200456167884722,0.5344941020011902
marshall-wace,2018-06-30,2018-08-31,2018-08-14,7.362645270417825,0.004520110752109285,0.02297219938033712,0.13645489138925984,0.3370323984309843,0.3762690355329949,0.385625,0.06454621540419204,7.343949002645806,0.02199458376801236,0.01922785103030389,0.0856308917641686,-0.04069451924852319,0.5268624711475133,0.09537653209409917,0.10156370402422756,0.0,0.4,0.44036697247706424,0.4713422168046065,0.37965142726898193
matrix,2018-06-30,2018-08-31,2018-08-14,2.995732273553991,0.09446702710106884,0.2224384810673274,0.7959587378123539,0.11584980663903521,0.05,0.09523809523809523,0.20246978692221806,8.285573435584304,0.08233435787726481,0.3339948309926347,0.19084850174790036,-0.039148068377225176,0.3534013081569025,-0.0877366353846239,-0.08154946345449551,1.0,0.26,0.44036697247706424,0.8175701731031085,0.4355980455875397
maverick,2018-06-30,2018-08-31,2018-08-14,5.459585514144159,0.02651533245494528,0.05586102733512326,0.42550220686622425,0.3051920591948457,0.4127659574468085,0.3669724770642202,0.09893433049928486,13.929439778952181,-0.03236597510473013,,0.07423658549648023,-0.03600843575990509,,-0.0619390802017109,-0.05575190827158252,1.0,0.62,0.44036697247706424,0.3104687744853202,0.22703811526298523
melvin,2018-06-30,2018-08-31,2018-08-14,3.8918202981106265,0.042622660595909655,0.09633006976274248,0.5476250538923204,0.3588522703678113,0.24489795918367346,0.3148148148148148,0.013124519128467753,14.54065155177055,0.03840767327355868,0.10426589948751064,0.13011152067916285,-0.05215392348471748,1.159256477620344,0.06749839392219939,0.07368556585232777,0.0,0.34,0.44036697247706424,0.04936059692371732,0.31252601742744446
pershing-square,2018-06-30,2018-08-31,2018-08-14,2.0794415416798357,0.15044222185629183,0.2165276109363595,1.0,0.19587953166980754,0.125,0.0,0.18340646453076176,9.027408946505334,-0.05870013564002852,,0.07138315231982723,-0.03268634399989456,,0.36372363628120863,0.369910808211337,0.0,0.74,0.44036697247706424,0.6264557267593108,0.318728506565094
polen,2018-06-30,2018-08-31,2018-08-09,4.07753744390572,0.05808608043031943,0.08720242258064641,0.6530212194154267,0.04061017268018785,0.05084745762711865,0.0,0.10006582527616102,17.457769241666856,0.12894633399842034,0.1936091716469125,0.12965880982745326,-0.05756423904915364,1.111019010878063,0.1038443969648326,0.11003156889496098,0.0,0.16,0.44036697247706424,0.1817074268676196,0.5568090081214905
pzena,2018-06-30,2018-08-31,2018-08-03,5.081404364984463,0.01668050695256726,0.038362142400643395,0.266221912975424,0.10673617242568978,0.09316770186335403,0.07006369426751592,0.011446130877245973,6.067137393871595,-0.07713382214363254,-0.09039477956665903,0.11394155486196073,-0.09151504978881886,-1.6848963761969067,-0.06057496782295926,-0.05438779589283088,1.0,0.86,0.44036697247706424,0.9248175890644508,0.5070111751556396
ruane-cunniff,2018-06-30,2018-08-31,2018-08-14,4.110873864173311,0.05173940370124587,0.08544291663083053,0.6290220678879619,0.09527744030832763,0.11475409836065574,0.0847457627118644,0.022995110343185375,15.932818099395085,0.03132779972152197,,0.12030757961873947,-0.08358526137205535,,-0.008864693075873412,-0.002677521145745035,1.0,0.38,0.44036697247706424,0.25640052041447176,0.46707016229629517
sands,2018-06-30,2018-08-31,2018-08-14,4.189654742026425,0.040705406020281255,0.08479764075725947,0.5313470280680608,0.07121229568447063,0.045454545454545456,0.05970149253731343,0.032495090717245836,16.026656038033565,0.0878012240831498,0.223752628761816,0.1272903805024981,-0.031616736742496765,0.010236068058097927,0.04141331765146526,0.04760048958159364,0.0,0.22,0.44036697247706424,0.5273778337423226,0.5215070843696594
semper-augustus,2018-06-30,2018-08-31,2018-08-13,3.367295829986474,0.09103582965641241,0.21499759132627205,0.7213758844837618,0.13423250694061406,0.1724137931034483,0.07692307692307693,0.10605659694316218,8.152115566288577,-0.06962754578974276,-0.02586341140311932,0.10115965577560483,-0.06506797601764569,1.0187299089624542,0.09981123646450205,0.10599840839463043,0.0,0.82,0.44036697247706424,0.47642923802624604,0.44490328431129456
soroban,2018-06-30,2018-08-31,2018-08-14,2.6390573296152584,0.10196735949736914,0.16497526434019846,0.9504562041503184,0.5738216087377498,0.42857142857142855,0.42857142857142855,-0.6754120635837856,12.44431205450059,-0.2170507272141381,,0.09897929533805956,-0.10689297606956738,,0.10999033723519057,0.11617750916531895,0.0,1.0,0.44036697247706424,0.10718080098330252,0.32575738430023193
srs,2018-06-30,2018-08-31,2018-08-14,3.1780538303479458,0.17119545189521918,0.35481727760653947,0.8840363532928268,0.24211027234267668,0.25,0.05263157894736842,0.05374450601335453,15.569763535726109,0.2524491141483386,,0.23589337963524157,-0.07683381739252237,,-0.08075213305685962,-0.07456496112673124,1.0,0.06,0.44036697247706424,0.2095801303590106,0.34385088086128235
steadfast,2018-06-30,2018-08-31,2018-08-14,3.713572066704308,0.037645446635803485,0.06720709997930036,0.509193748706272,0.17019134628944255,0.14634146341463414,0.18604651162790697,0.08604836630328049,12.007052715103843,0.13945093123619842,,0.1045065300293802,-0.02267721824632085,,-0.0056567312187309916,0.0005304407113973856,1.0,0.12,0.44036697247706424,0.25966863749598706,0.2537202835083008
suvretta,2018-06-30,2018-08-31,2018-08-14,2.9444389791664403,0.07047327595012746,0.11545732773837629,0.7445857112168603,0.321545372534214,0.3684210526315789,0.3333333333333333,-0.03620835337106271,16.85275952345366,0.0011490703801886881,0.03774198093547765,0.11275518832435764,-0.041312531461736524,0.47219424803172777,0.05421954295948205,0.06040671488961043,0.0,0.48,0.44036697247706424,0.057088548085736116,0.2640037536621094
third-avenue,2018-06-30,2018-08-31,2018-07-25,4.330733340286331,0.042685906987077235,0.091133435951586,0.5573068409689741,0.10879355781748357,0.07894736842105263,0.10256410256410256,0.025824544858619115,3.7792027007934323,-0.060941923824051,,0.0844229275484137,-0.044526870725789314,,-0.15827263267371441,-0.15208546074358603,1.0,0.76,0.44036697247706424,0.7787687177385902,0.4323030114173889
third-point,2018-06-30,2018-08-31,2018-08-10,3.6109179126442243,0.0683447108270661,0.1863395835342834,0.6635661475238841,0.263392663375961,0.35135135135135137,0.3684210526315789,0.12141723842534438,13.232518536941535,-0.09992843800239805,,0.11335749832118076,-0.07308472797821808,,0.10589109303751791,0.1120782649676463,0.0,0.9,0.44036697247706424,0.4470811544294377,0.3341600298881531
tiger-global,2018-06-30,2018-08-31,2018-08-14,4.0943445622221,0.05851002317986162,0.11295699758192293,0.6837815142444605,0.17847853210779252,0.18333333333333332,0.07547169811320754,0.2453228453367312,15.947256519861188,0.08731213682478403,,0.18447933426350496,-0.04625960747534086,,0.019755580964035888,0.025942752894164263,0.0,0.24,0.44036697247706424,0.06171088826239822,0.4213419556617737
tiger-management,2018-06-30,2018-08-31,2018-08-14,4.060443010546419,0.04987767874985587,0.07933264443011388,0.6514823073596101,0.338145664917729,0.22413793103448276,0.34782608695652173,-0.5576296127313332,15.19799233918901,-0.007145490805076676,,0.13839523121031905,-0.07465397380808725,,0.07306163367064451,0.0792488056007729,0.0,0.54,0.44036697247706424,0.04011783721797433,0.23754172027111053
trian,2018-06-30,2018-08-31,2018-08-14,2.0794415416798357,0.20171627594907762,0.2948905745237365,1.0,0.06522499335720522,0.125,0.0,0.01216964280295308,7.049582704226492,-0.19179449197279752,-0.34139456719336636,0.09076106364127373,-0.0838294978388513,-0.9354871704897133,0.1269827765133901,0.13316994844351848,0.0,0.98,0.44036697247706424,0.5841223093795599,0.6731360554695129
tweedy-browne,2018-06-30,2018-08-31,2018-08-03,3.784189633918261,0.06056917299616425,0.1200883836187077,0.6880637376129961,0.0579088820214082,0.022727272727272728,0.06521739130434782,-0.014473941354280434,11.948604341634004,-0.04084071886947657,-0.027596721923869305,0.10486697415831749,-0.07948080385855072,-0.14947029060558398,-0.10840644263231591,-0.10221927070218753,1.0,0.68,0.44036697247706424,0.563433439097994,0.6597758531570435
valinor,2018-06-30,2018-08-31,2018-08-14,3.4339872044851463,0.0382681383926876,0.06511550653438464,0.46912531105977195,0.26559639556263837,0.22580645161290322,0.3142857142857143,-0.053497994314555694,12.571321304596806,-0.10082308082705345,,0.076816230718593,-0.058811672699957906,,-0.04201139438831172,-0.03582422245818334,1.0,0.92,0.44036697247706424,0.22999246050593364,0.12747527658939362
valueact,2018-06-30,2018-08-31,2018-08-14,2.833213344056216,0.10448272534126919,0.15251270958860483,0.9458715778212281,0.2083843106742289,0.35294117647058826,0.08333333333333333,0.10205193795988282,5.715938171276705,-0.0018995450608711162,0.05963371284524366,0.12566537077341633,-0.09732264198076823,-0.32190170182119504,-0.12753801371669912,-0.12135084178657074,1.0,0.5,0.44036697247706424,0.8852607291681481,0.524110734462738
viking,2018-06-30,2018-08-31,2018-08-14,4.0943445622221,0.037052097837545865,0.07614557007610435,0.5237064762838479,0.335238571852567,0.26666666666666666,0.2542372881355932,0.050512539467423935,15.143098628546133,0.08219171409335355,,0.12067303895281975,-0.05402348602990481,,-0.029866353376169746,-0.023679181446041368,1.0,0.28,0.44036697247706424,0.13269200234607476,0.3756362795829773
whale-rock,2018-06-30,2018-08-31,2018-08-14,3.4965075614664802,0.04376868456742517,0.08623423829406143,0.5604750829367827,0.33149814740350914,0.3333333333333333,0.26666666666666666,0.17244631480180153,12.960474854185097,0.18111242559554794,,0.17631329590558792,-0.039127032546560914,,0.17712091636100627,0.18330808829113465,0.0,0.1,0.44036697247706424,0.06253632432304065,0.1356104165315628
yacktman,2018-06-30,2018-08-31,2018-08-03,3.6635616461296463,0.07977370454308683,0.1502244019055524,0.7891987634287021,0.1342049168434205,0.02564102564102564,0.15555555555555556,-0.18890474435592605,10.754350986448909,-0.07051475527012663,0.01834499555100011,0.09194435107813288,-0.07183150281510164,2.0832740099033944,0.1398409166910158,0.1460280886211442,0.0,0.84,0.44036697247706424,0.060629752878624994,0.47867998480796814
adage,2018-09-30,2018-11-30,2018-11-14,6.56244409369372,0.0063348655592105965,0.030027748638400895,0.171366603263983,0.15452073033124036,0.09887005649717515,0.12482853223593965,0.026087938622920363,9.253776409704358,-0.0011236792377822824,0.034914710277342664,0.12322556538676156,-0.06929779188908736,0.7924691932660297,-0.0023166667672495367,0.1476495227789438,1.0,0.5,0.44919786096256686,0.2207360661811695,0.43497779965400696
akre,2018-09-30,2018-11-30,2018-11-15,3.1780538303479458,0.07877899209175634,0.13845759213761508,0.7970390428039542,0.04310258178707238,0.041666666666666664,0.0,0.0788021562262895,9.24736352286702,0.07302709510571999,0.16852654137750844,0.12045087290410378,-0.055297883531032266,1.4005550954285308,0.1571291782065029,0.30709536775269625,0.0,0.24,0.44919786096256686,0.38990355976152913,0.5108104944229126
altimeter,2018-09-30,2018-11-30,2018-11-14,3.1780538303479458,0.22007945678776272,0.405178059362249,0.9412057883474104,0.08944675751450526,0.16666666666666666,0.2,0.18529274875092602,10.304474663265745,0.18530824117581896,0.029080457568168072,0.16276511933128618,-0.0631919902585999,0.06088479637940294,-0.11197386281328714,0.037992326732906194,1.0,0.06,0.44919786096256686,0.7097077717134038,0.27417105436325073
appaloosa,2018-09-30,2018-11-30,2018-11-14,3.6109179126442243,0.10877058084087725,0.28618295651733755,0.6980062207725717,0.17708767866768427,0.08108108108108109,0.2916666666666667,-0.4288688842702037,13.3410482232026,-0.1486106098645229,,0.1823570564952688,-0.17719332912966446,,-0.12293233902203529,0.02703385052415804,1.0,0.92,0.44919786096256686,0.4840132438855717,0.2153397649526596
berkshire-13f,2018-09-30,2018-11-30,2018-11-14,3.828641396489095,0.11400713027619955,0.2578703979591872,0.8031737482501428,0.08352514138559264,0.08695652173913043,0.045454545454545456,0.12210150034271286,11.970880767143717,-0.06638420706575236,-0.1992030277243385,0.12465000677602123,-0.10865170533165958,-1.1804014853459732,0.017296384855434666,0.167262574401628,0.0,0.78,0.44919786096256686,0.793862861842606,0.6209889650344849
cantillon,2018-09-30,2018-11-30,2018-11-09,3.5263605246161616,0.035541480041928517,0.06325267431025766,0.46026815362234574,0.07058731468520552,0.029411764705882353,0.029411764705882353,-0.04365288815221946,9.461427007342369,0.03433934640666915,0.13889282062523234,0.11462457452923813,-0.07793816512262275,1.2265116176155322,0.0831087535918279,0.23307494313802124,0.0,0.36,0.44919786096256686,0.295365014619677,0.3614887297153473
coatue,2018-09-30,2018-11-30,2018-11-14,4.700480365792417,0.05146639541030417,0.0764428661448806,0.6414436425581781,0.29363461446960837,0.4909090909090909,0.4766355140186916,-0.2204004890905347,16.568142578400455,-0.09013800470077604,0.033194752683083195,0.19803965696641632,-0.1346853743446954,-0.19545751529952837,0.14905921173237768,0.299025401278571,0.0,0.84,0.44919786096256686,0.13416057103660076,0.200444296002388
darsana,2018-09-30,2018-11-30,2018-11-14,2.772588722239781,0.09134887982725798,0.17242411655446443,0.8564862810254159,0.17591459138385512,0.125,0.06666666666666667,-0.0021457092029415633,11.349133286832762,0.12542561614461506,,0.17372724779355406,-0.05859528503647582,,0.0884860665105793,0.23845225605677264,0.0,0.12,0.44919786096256686,0.20392627248916878,0.32023805379867554
dragoneer,2018-09-30,2018-11-30,2018-11-14,3.044522437723423,0.10093454539259614,0.17561335426532937,0.8873784633260332,0.1694373879232739,0.14285714285714285,0.18181818181818182,0.07151408787492117,11.470084598337408,0.2560306197451715,0.921713940244414,0.24284249465607582,-0.15711127673994119,1.3225420815002111,-0.07728232935066497,0.07268386019552837,1.0,0.02,0.44919786096256686,0.9994192656641491,0.27575117349624634
duquesne,2018-09-30,2018-11-30,2018-11-14,3.6888794541139363,0.08828817075641934,0.19163895225008426,0.7652971934489251,0.3564303982156589,0.45,0.3333333333333333,0.015464759030323004,20.346798491752693,0.03562620903694087,0.1247311339150049,0.21285955911656496,-0.1286768111358041,0.09835136836894141,0.029119754561547695,0.17908594410774104,0.0,0.34,0.44919786096256686,0.21452145168668926,0.3390868902206421
egerton,2018-09-30,2018-11-30,2018-11-13,3.295836866004329,0.05716723192697964,0.12409337620365003,0.6529863936310689,0.26396857431839016,0.1111111111111111,0.22580645161290322,0.030202083145057637,14.548890755783738,-0.03978624031784633,,0.12953251092695714,-0.10054437102739389,,0.10699836866883505,0.2569645582150284,0.0,0.68,0.44919786096256686,0.24884186848382922,0.25275835394859314
eminence,2018-09-30,2018-11-30,2018-11-14,3.6888794541139363,0.03855600185645197,0.07662376622533375,0.5034339804700118,0.2409925997019421,0.1,0.2,-0.14329718175899198,8.81896698674193,-0.09964751808719252,,0.12955177092348516,-0.10748136920036744,,0.12427828942045271,0.27424447896664605,0.0,0.88,0.44919786096256686,0.355575778979161,0.23194080591201782
fisher,2018-09-30,2018-11-30,2018-10-24,6.70073110954781,0.012985370744452737,0.03815533314173003,0.27282592546667006,0.09245620527122156,0.08856088560885608,0.08292079207920793,0.06714118843451333,7.905510599784795,-0.03265782867274568,-0.09988353632358427,0.12063361819161961,-0.06850224928379756,-1.2757827439958482,0.017901888089824847,0.1678680776360182,0.0,0.66,0.44919786096256686,0.8716714118635673,0.38836240768432617
fundsmith,2018-09-30,2018-11-30,2018-11-09,2.833213344056216,0.06639486783989777,0.09261947080720347,0.710530668365807,0.11595134446440847,0.058823529411764705,0.058823529411764705,0.10401976468793656,13.378818538515711,0.08719718453256346,0.3441329373508163,0.1223696358367564,-0.05672897340621663,3.69051488823336,0.055932722695631015,0.20589891224182436,0.0,0.18,0.44919786096256686,0.010788779233536829,0.23333564400672913
gardner-russo,2018-09-30,2018-11-30,2018-11-13,4.553876891600541,0.07008381523428832,0.13443810887715493,0.7618485155905889,0.036132955347895845,0.031578947368421054,0.061224489795918366,0.00908185129645388,7.029177870173845,-0.03013862500448615,-0.10002429763205567,0.09794531557941345,-0.07100604745499639,0.14813064134817852,0.01809071358876782,0.16805690313496116,0.0,0.64,0.44919786096256686,0.5299880552778655,0.7418599128723145
giverny,2018-09-30,2018-11-30,2018-11-13,3.58351893845611,0.0766017507961131,0.19699321849271403,0.6971647660555497,0.09656983025986488,0.1388888888888889,0.1388888888888889,-0.0066326419645239545,10.47416425764066,-0.013613854375890216,-0.07722097419729734,0.15536168228658104,-0.09796252641049863,-1.7857549261831642,0.08288165944295015,0.23284784898914349,0.0,0.58,0.44919786096256686,0.9566159398524604,0.3829568028450012
gotham,2018-09-30,2018-11-30,2018-11-14,6.821107472256465,0.00388139415266396,0.011737060348786223,0.09894369771400359,0.3053008687190859,0.23991275899672845,0.191415313225058,0.04538571223211634,6.384577171800174,-0.00020318000833068756,,0.1295129572745806,-0.07926556451496336,,0.03421584606742267,0.184182035613616,0.0,0.48,0.44919786096256686,0.4629015079008887,0.42994144558906555
greenlight,2018-09-30,2018-11-30,2018-11-14,2.995732273553991,0.12519488093273065,0.21631513521912726,0.8860437680297799,0.24900449276700043,0.25,0.4827586206896552,-0.2807867703485178,4.81502965835467,-0.16507988796251144,,0.11941979901626025,-0.12363423558403619,,-0.009547779301871062,0.14041841024432228,1.0,1.0,0.44919786096256686,0.7146892181504528,0.3972129821777344
harris,2018-09-30,2018-11-30,2018-11-14,4.812184355372417,0.01937640549748144,0.04406486045550131,0.34326553868219806,0.06077079543621522,0.032520325203252036,0.048,0.02808630914622469,9.884853342982185,-0.08357200013904713,-0.08702276344242871,0.13925351982423273,-0.1131427343896727,-1.5803141389516775,-0.0005641916658226664,0.14940199788037067,1.0,0.82,0.44919786096256686,0.8759841120030456,0.3529614508152008
hitchwood,2018-09-30,2018-11-30,2018-11-14,3.970291913552122,0.02579789947240037,0.045512301287417525,0.3755976547853677,0.4805353465634783,0.4716981132075472,0.24324324324324326,0.460427054892893,8.72688741814296,-0.02351717501064326,,0.23474392914081157,-0.15978214684673042,,0.159562234167215,0.30952842371340833,0.0,0.62,0.44919786096256686,0.07998584977197414,0.19976948201656342
icahn,2018-09-30,2018-11-30,2018-11-14,2.995732273553991,0.25857671955361405,0.47898071036519957,0.9027984504208838,0.0482970760050796,0.0,0.047619047619047616,0.04349467689700949,2.7478799167392696,0.14908165246198063,-0.1411258785687966,0.1841228702513674,-0.08809789884987518,-0.43520798318297405,-0.08481265824835622,0.06515353129783712,1.0,0.08,0.44919786096256686,0.730742770401215,0.6875662207603455
lansdowne,2018-09-30,2018-11-30,2018-11-13,3.6635616461296463,0.08565414085851163,0.17625812857822357,0.8195571942908131,0.17579802097339214,0.05128205128205128,0.2127659574468085,-0.11172876299697261,12.754190637220354,-0.002541707597496043,-0.0006988905341615004,0.17776624894645968,-0.10862509419845878,-0.7920968894123327,-0.021023742397548312,0.12894244714864503,1.0,0.52,0.44919786096256686,0.6501500227819592,0.2719442844390869
light-street,2018-09-30,2018-11-30,2018-11-14,3.091042453358316,0.07094098006372931,0.14036054085398086,0.7543099141475862,0.274015977421466,0.18181818181818182,0.25,-0.007164085279492988,9.59443552016588,0.08377382276312402,,0.29675142993778836,-0.2103033928205732,,-0.0037858733104272346,0.1461803162357661,1.0,0.2,0.44919786096256686,0.07698602586279131,0.26103729009628296
lone-pine,2018-09-30,2018-11-30,2018-11-14,3.2188758248682006,0.051088487098566664,0.08249692373966448,0.5988951650299131,0.17510036972498588,0.12,0.21428571428571427,0.027547914220098977,17.512283046923123,0.010848130719873172,0.041932772982329114,0.14782582628312732,-0.09098234226203927,0.14783327346668912,0.13142793876769548,0.2813941283138888,0.0,0.46,0.44919786096256686,0.11362495382866994,0.15209466218948364
markel-13f,2018-09-30,2018-11-30,2018-11-02,4.875197323201151,0.024637703515452417,0.06186994257038387,0.4122243305064036,0.04487794353241836,0.030534351145038167,0.045112781954887216,0.08459211022514267,9.156357539287757,0.02133019009894059,0.08664399186156213,0.13578016491666986,-0.07551983217022595,0.6376577755226848,0.030775599680710225,0.18074178922690357,0.0,0.4,0.44919786096256686,0.4307275544552431,0.511431097984314
marshall-wace,2018-09-30,2018-11-30,2018-11-14,7.277247726631484,0.005272216824131245,0.02366763399639489,0.1572354594321587,0.3657003982864502,0.36351071181755357,0.4156091370558376,0.06296744838240838,7.181017955675951,0.029347044939078068,0.07322710235605573,0.12564660671495928,-0.07772913725633723,1.2492151606587063,0.04603434736042297,0.1960005369066163,0.0,0.38,0.44919786096256686,0.1855382962443039,0.4665437638759613
matrix,2018-09-30,2018-11-30,2018-11-14,3.044522437723423,0.08096788904142685,0.1848638720909807,0.777482213652592,0.08540113724972476,0.047619047619047616,0.0,0.13982747674667828,8.966501359932622,0.09189628986013683,0.1476608961326875,0.2733063218162612,-0.18013542848222852,-0.1319896348174221,-0.10648067264952514,0.0434855168966682,1.0,0.16,0.44919786096256686,0.7309933090891919,0.4252863824367523
maverick,2018-09-30,2018-11-30,2018-11-14,5.472270673671475,0.02493089025913996,0.05400295026310182,0.41160362186528326,0.3742360667817852,0.29411764705882354,0.2851063829787234,-0.06216326606620021,10.411067877570673,-0.04234865299460656,,0.11655656410546524,-0.09521451132440106,,0.008128685849657397,0.15809487539585074,0.0,0.7,0.44919786096256686,0.42699161964735494,0.3014128804206848
melvin,2018-09-30,2018-11-30,2018-11-14,3.871201010907891,0.04184676879586897,0.11185472859544286,0.5251221549298615,0.39025028279906027,0.25,0.2653061224489796,0.03408785523940949,13.185330296692895,-0.04837489154859388,0.04639310156355125,0.18009200223682936,-0.1221195720832734,-0.05694118497983241,0.08780248964373485,0.2377686791899282,0.0,0.74,0.44919786096256686,0.2693551487465239,0.2595198154449463
pershing-square,2018-09-30,2018-11-30,2018-11-14,1.9459101490553132,0.1663525140346237,0.23722296456711053,1.0,0.15016134518789537,0.0,0.125,-0.10834188688337831,9.510739106728716,0.05514639202326087,,0.10331524173570943,-0.05884891857315744,,0.22897540500391272,0.37894159455010606,0.0,0.32,0.44919786096256686,0.46491053195470927,0.5300320386886597
polen,2018-09-30,2018-11-30,2018-11-13,4.060443010546419,0.054948806650097756,0.08996056708354432,0.6313169737997312,0.07699292248665557,0.05172413793103448,0.06779661016949153,0.12064077330786893,16.291082557531666,0.12507982523865713,0.14918766098628955,0.1681058811698158,-0.08887547737281021,0.8879688325751289,0.10513994688679401,0.25510613643298735,0.0,0.14,0.44919786096256686,0.15426980164372583,0.5189514756202698
pzena,2018-09-30,2018-11-30,2018-11-09,5.209486152841421,0.016965998226969998,0.03855205980807769,0.2728440547056607,0.07170751416616239,0.20765027322404372,0.09937888198757763,0.03308694864696095,5.933568293267973,-0.09750010222047795,-0.06731667458030216,0.11975826281811301,-0.12771503690799535,-1.1962109847209546,-0.028140826692724746,0.1218253628534686,1.0,0.86,0.44919786096256686,0.9461433596971507,0.5025445222854614
ruane-cunniff,2018-09-30,2018-11-30,2018-11-14,4.110873864173311,0.05337391693691609,0.09253354788724219,0.6318419757846835,0.05883266034404955,0.06557377049180328,0.06557377049180328,-0.02635879188567816,15.288463861037648,-0.048121337653857316,,0.16054033245570176,-0.11142957028305289,,0.07296921151369118,0.22293540105988452,0.0,0.72,0.44919786096256686,0.17553878622352778,0.34909918904304504
sands,2018-09-30,2018-11-30,2018-11-14,4.219507705176107,0.039298923558961564,0.08256529637273839,0.5233709552423144,0.06550032845908393,0.07352941176470588,0.045454545454545456,0.012495694361605341,15.668191208451828,0.06553545533993356,0.06460914138004215,0.2016591616007482,-0.13303903591376398,-0.2618882069821528,0.09796829567606186,0.2479344852222552,0.0,0.28,0.44919786096256686,0.3788630285934232,0.5821983814239502
semper-augustus,2018-09-30,2018-11-30,2018-11-13,3.367295829986474,0.09684631720424278,0.22730418733417926,0.7230995501211213,0.06874342673562817,0.06896551724137931,0.06896551724137931,0.08131865881607758,8.075902641596494,0.05544614947867531,0.10210815070623647,0.11396545167566872,-0.06506797601764569,1.7109786577497608,-0.02552432840373378,0.12444186114245956,1.0,0.3,0.44919786096256686,0.3230371085136783,0.547182023525238
soroban,2018-09-30,2018-11-30,2018-11-14,2.833213344056216,0.08402832926049822,0.15952585283972387,0.818959353985095,0.31388883100935383,0.35294117647058826,0.21428571428571427,0.011780110922534339,14.137784334822358,-0.155942594478085,,0.14341618807453918,-0.1659667324856644,,0.14874926529517168,0.298715454841365,0.0,0.96,0.44919786096256686,0.4036001308504386,0.168344646692276
srs,2018-09-30,2018-11-30,2018-11-14,3.044522437723423,0.14389095889305265,0.2719528902607754,0.9056476571318752,0.12856338952567758,0.09523809523809523,0.20833333333333334,-0.16000223093553306,15.167490374990669,0.1923135943743184,,0.2772462256142632,-0.1710966231357921,,0.015923030735189858,0.1658892202813832,0.0,0.04,0.44919786096256686,0.08340652322080223,0.39276865124702454
steadfast,2018-09-30,2018-11-30,2018-11-14,3.6635616461296463,0.03698385828848251,0.05876355047442078,0.4841745596349575,0.16066117088115628,0.10256410256410256,0.14634146341463414,0.11854188808298123,10.626305750703905,0.1414796571631306,,0.1683225549977778,-0.10576793493053516,,0.036241171707626446,0.1862073612538198,0.0,0.1,0.44919786096256686,0.22163349625546322,0.301321417093277
suvretta,2018-09-30,2018-11-30,2018-11-14,3.044522437723423,0.06498038404220458,0.10670856699798403,0.7072648326870898,0.33414748913449566,0.2857142857142857,0.21052631578947367,0.1424997926595426,14.874301328854342,0.012247067923073576,0.10399075372093425,0.15772313821314518,-0.10153335371506278,0.6187572886326627,0.0475714727450339,0.19753766229122724,0.0,0.44,0.44919786096256686,0.14539112330275514,0.15242648124694824
third-avenue,2018-09-30,2018-11-30,2018-11-09,4.290459441148391,0.042217368560052794,0.10003806584826976,0.5532543476394656,0.12557877819506535,0.0136986301369863,0.05263157894736842,-0.130375466504025,3.769239631856936,-0.16150101940464995,-0.24519339231802437,0.11969491378081658,-0.13214055935832303,-2.032327681564066,-0.10389199958374118,0.046074189962452154,1.0,0.98,0.44919786096256686,0.9457536570190395,0.4884386658668518
third-point,2018-09-30,2018-11-30,2018-11-09,3.4339872044851463,0.07733915048752245,0.19399249848698938,0.6978792127507547,0.3073711862967672,0.22580645161290322,0.35135135135135137,0.002824216595926489,11.306596209092268,-0.11562398317290815,,0.1780453288342828,-0.17376589204720572,,0.09439894860444009,0.24436513815063343,0.0,0.9,0.44919786096256686,0.42428799221157576,0.17809277772903442
tiger-global,2018-09-30,2018-11-30,2018-11-14,4.204692619390966,0.054723564063551416,0.11368338439915245,0.6518749389895933,0.1331257784558878,0.11940298507462686,0.016666666666666666,0.10091378051199772,15.50468988982119,0.021105938393539553,0.12307439454149416,0.23237827138145334,-0.14172089611105987,-0.26276469166296545,0.12236749785863255,0.2723336874048259,0.0,0.42,0.44919786096256686,0.4525928715082579,0.5331417322158813
tiger-management,2018-09-30,2018-11-30,2018-11-14,4.02535169073515,0.044034332335542846,0.0802599936735635,0.5727635475302125,0.23402866702890857,0.35714285714285715,0.3793103448275862,0.3068321464156795,14.70681349588972,-0.006618240430714718,,0.1798899866418653,-0.10501553146589115,,0.16673186513087163,0.31669805467706497,0.0,0.54,0.44919786096256686,0.0946780285405925,0.2332748919725418
trian,2018-09-30,2018-11-30,2018-11-14,2.1972245773362196,0.19211104467411508,0.3051891642072826,1.0,0.057554933081994775,0.1111111111111111,0.0,0.02980279200846893,7.339865004793345,-0.06471336460309836,-0.29581405232364444,0.08631659139041423,-0.0838294978388513,-0.5429450104386336,0.0959243267965984,0.24589051634279174,0.0,0.76,0.44919786096256686,0.3455727989338305,0.7105225920677185
tweedy-browne,2018-09-30,2018-11-30,2018-11-14,3.8066624897703196,0.06222224209766004,0.127745668223595,0.6997993069157752,0.041264347957035374,0.022222222222222223,0.0,0.03053656501369292,10.491267138767515,-0.019795885898362134,-0.011463728121966832,0.13156477673434291,-0.07948080385855072,-0.33252967886506285,-0.13293862017258656,0.017027569373606763,1.0,0.6,0.44919786096256686,0.6720071151179996,0.6533346176147461
valinor,2018-09-30,2018-11-30,2018-11-14,3.4011973816621555,0.03866189594132461,0.07076737779409842,0.4723287471243863,0.15335721924227164,0.1,0.12903225806451613,-0.12824029349049376,12.422546971616105,-0.15335245383958418,,0.1353024482060687,-0.1274286859429764,,0.058576196028595956,0.2085423855747893,0.0,0.94,0.44919786096256686,0.23790552322243935,0.19937454164028168
valueact,2018-09-30,2018-11-30,2018-11-14,2.9444389791664403,0.11499443692433352,0.18506612311320625,0.9657921927078271,0.17110798062135746,0.2631578947368421,0.17647058823529413,-0.08305365645170713,6.319723479439884,-0.07882272331650404,-0.11112518805521793,0.17553758481214052,-0.1382305333421423,-1.3998039210702098,-0.005677519630647082,0.14428866991554626,1.0,0.8,0.44919786096256686,0.8601507205960167,0.29294729232788086
viking,2018-09-30,2018-11-30,2018-11-14,4.1588830833596715,0.042705432135665106,0.08643135886074733,0.5721854680856754,0.3049380439890861,0.296875,0.25,0.033449471991950745,13.959102458467008,-0.008788964804032164,,0.15455348307803796,-0.09947304502896737,,-0.03750420635257247,0.11246198319362087,1.0,0.56,0.44919786096256686,0.17436531415137124,0.25426018238067627
whale-rock,2018-09-30,2018-11-30,2018-11-14,3.5553480614894135,0.04181049856273438,0.09146347580379983,0.5129610040740349,0.31066838058625734,0.3142857142857143,0.2727272727272727,0.24892547453090338,11.7517892871275,0.06596050826074108,,0.24339715432739192,-0.14726143324057028,,0.23625929807857504,0.3862254876247684,0.0,0.26,0.44919786096256686,0.0633885738044318,0.1904120147228241
yacktman,2018-09-30,2018-11-30,2018-11-08,3.7612001156935624,0.07868927066880366,0.15431107319730397,0.7857313256917512,0.029633726708407915,0.09302325581395349,0.0,0.035839320555513914,11.01707859570583,0.08034048410292431,0.14731117702465102,0.0963728794460903,-0.07183150281510131,2.491328532945479,0.0018832989025405478,0.1518494884487339,0.0,0.22,0.44919786096256686,0.12443844193018554,0.8056727051734924
abrams,2018-12-31,2019-02-28,2019-02-14,2.9444389791664403,0.08030596807454195,0.12302681384362614,0.8207045286998377,0.3413832944321157,0.10526315789473684,0.22727272727272727,-0.44681788311622345,7.686090669866741,-0.03047912535349135,,0.18243728658161132,-0.1608266014207952,,-0.11681757392666549,-0.04912506159813708,1.0,0.6538461538461539,0.4597156398104265,0.26491405962127934,0.19625428318977356
adage,2018-12-31,2019-02-28,2019-02-14,6.556778356158042,0.005931276356619454,0.027543126088329484,0.1558302596818187,0.19504626599761776,0.13636363636363635,0.14124293785310735,-0.21674839828362674,8.97046701133014,-0.015597013246164637,-0.0002469169193523024,0.16374360536978275,-0.12867254716725807,0.47102929115741754,0.011562572794059686,0.0792550851225881,0.0,0.5,0.4597156398104265,0.19862710581253987,0.3176073133945465
akre,2018-12-31,2019-02-28,2019-02-14,3.2188758248682006,0.07995972278356694,0.1415063544554473,0.8080754345482039,0.04755694333119853,0.04,0.0,-0.08072785720812255,9.719986401165368,0.10850762939882402,0.25438470544275316,0.1421856262892312,-0.07597051953126621,2.437957913378462,0.17137067598220374,0.23906318831073214,0.0,0.17307692307692307,0.4597156398104265,0.1367753884350428,0.3922490179538727
altimeter,2018-12-31,2019-02-28,2019-02-14,3.2188758248682006,0.19618985244854345,0.35542778214991244,0.9417799568691751,0.14436310857907686,0.24,0.20833333333333334,0.06929165934351326,13.926418433244317,0.14393994906291616,-0.06544825323088654,0.19192978548277512,-0.11377645780732559,-0.025262687237266893,-0.08420512678843621,-0.0165126144599078,1.0,0.09615384615384616,0.4597156398104265,0.1584762209893292,0.35717421770095825
appaloosa,2018-12-31,2019-02-28,2019-02-14,3.1354942159291497,0.10431921945138048,0.25097065252962875,0.7953448226427258,0.32036768571880136,0.17391304347826086,0.4864864864864865,-1.0341328898176907,11.966252831378846,-0.1439962917578736,,0.2655000090544805,-0.273573025699121,,0.007827954219285865,0.07552046654781427,0.0,1.0,0.4597156398104265,0.2589921160007696,0.1657859981060028
berkshire-13f,2018-12-31,2019-02-28,2019-02-14,3.871201010907891,0.09958357975220825,0.21506017824701504,0.8007513866564905,0.06714136336351528,0.0625,0.021739130434782608,-0.18840688644618533,11.270276795753743,-0.1072107816516373,-0.3441314518604046,0.19009230397437513,-0.19013135947826876,-2.232486586772944,0.06575514370993288,0.1334476560384613,0.0,0.9230769230769231,0.4597156398104265,0.6247531623724885,0.6024358868598938
cantillon,2018-12-31,2019-02-28,2019-02-05,3.5263605246161616,0.03546510099941731,0.05949003130654087,0.4700252453415845,0.06877903632794025,0.029411764705882353,0.029411764705882353,-0.0705951537358105,9.246581342392707,0.05219429077741299,0.24008781037707594,0.1529949727506425,-0.10272158532819997,2.4359261129584038,0.0874705042271055,0.15516301655563391,0.0,0.3076923076923077,0.4597156398104265,0.05590693469077328,0.30004385113716125
coatue,2018-12-31,2019-02-28,2019-02-14,4.700480365792417,0.052064952125494314,0.08699921526969126,0.6387235987141008,0.20389595225992108,0.42727272727272725,0.42727272727272725,-0.12444815537277476,16.69378181032405,-0.06584859587458705,0.26079103216581023,0.23863440798503602,-0.2026499082772325,0.37268582733700234,0.1673239910237039,0.23501650335223231,0.0,0.7884615384615384,0.4597156398104265,0.7678120383754232,0.23984399437904358
darsana,2018-12-31,2019-02-28,2019-02-14,2.4849066497880004,0.11634442659777386,0.20359719123195097,0.9595977050207796,0.17250422683951894,0.0,0.25,-0.2886676385940445,10.876996109346647,0.10031814044897844,,0.22817830868715636,-0.14079782684565956,,0.06397421388604732,0.13166672621457573,0.0,0.21153846153846154,0.4597156398104265,0.13002906418390092,0.2942867875099182
dragoneer,2018-12-31,2019-02-28,2019-02-14,3.2188758248682006,0.08933599558019209,0.17937755805000608,0.8510517423574117,0.29268326531168876,0.28,0.14285714285714285,0.04596545675578565,9.883508000286783,0.22975493421159573,1.8106110035754024,0.34404698638948655,-0.230952249140983,2.086955868800711,-0.06055983171442627,0.007132680614102142,1.0,0.019230769230769232,0.4597156398104265,0.9999999991708854,0.3420686423778534
duquesne,2018-12-31,2019-02-28,2019-02-14,3.4011973816621555,0.11688642829052248,0.28823314357340574,0.7761013090670017,0.39547050658747096,0.4,0.55,-0.2567502670217153,19.486153260071458,-0.023669409666850535,0.1227407345460152,0.20618387019052306,-0.16839619202862743,0.04135327374789689,0.12883806626310398,0.1965305785916324,0.0,0.5576923076923077,0.4597156398104265,0.6611997223260333,0.20853586494922638
egerton,2018-12-31,2019-02-28,2019-02-12,3.258096538021482,0.06663197754716582,0.16055855761237434,0.6927766687491641,0.2702618565032311,0.23076923076923078,0.25925925925925924,-0.11473804684387728,13.870989323337568,-0.02747271379834778,,0.20226812673967606,-0.17142226767047453,,0.11105111165318918,0.1787436239817176,0.0,0.5961538461538461,0.4597156398104265,0.25252491345586,0.1534256786108017
eminence,2018-12-31,2019-02-28,2019-02-14,3.784189633918261,0.03322253844556787,0.06862555038984204,0.43999461239825743,0.27052382543870934,0.25,0.175,-0.16896464439419545,9.477973311907496,-0.03955430474875906,,0.1569445550626221,-0.15367277138597912,,0.0586048059064416,0.12629731823497,0.0,0.6923076923076923,0.4597156398104265,0.3713141070938663,0.21404148638248444
fisher,2018-12-31,2019-02-28,2019-01-25,6.694562058521095,0.012493418084474664,0.03355822131138316,0.25870033777312745,0.07855995484238265,0.09405940594059406,0.0996309963099631,-0.11782636464688968,7.973136885583819,-0.02718275958363056,-0.08056564704313784,0.1354995088197971,-0.113794326384133,0.14095088194591693,0.05066103410884236,0.11835354643737077,0.0,0.5769230769230769,0.4597156398104265,0.3034288614841048,0.40670517086982727
fundsmith,2018-12-31,2019-02-28,2019-02-14,3.4657359027997265,0.06102238501374066,0.08715807289962428,0.6792495805453468,0.05744283055305954,0.46875,0.0,0.04634264501600215,12.683664211902306,0.10661059753918536,0.3081031386834655,0.17021901001895476,-0.09990634123219111,2.6579294746917546,0.028345637082647063,0.09603814941117547,0.0,0.19230769230769232,0.4597156398104265,0.08068121296019425,0.31841355562210083
gardner-russo,2018-12-31,2019-02-28,2019-02-13,4.477336814478207,0.07053515861329925,0.12651072767222973,0.761904030547003,0.04208940768566072,0.022727272727272728,0.09473684210526316,-0.138055237046107,7.63020743871725,-0.030659807684715823,-0.15256219279920907,0.13283929242030162,-0.09909178184924872,-0.14770395036076905,-0.010881218905124154,0.056811293423404255,1.0,0.6730769230769231,0.4597156398104265,0.24032688165005964,0.7392677664756775
giverny,2018-12-31,2019-02-28,2019-02-13,3.5553480614894135,0.08234424483032857,0.21745451382115535,0.6830874715958518,0.10833211624701589,0.02857142857142857,0.05555555555555555,-0.151884443520622,10.661724388816541,-0.016557738789426374,-0.08543724705590972,0.15809382889950738,-0.12411534307179295,-0.4579296147520847,0.05954383162245347,0.12723634395098188,0.0,0.5192307692307693,0.4597156398104265,0.6176391552899423,0.43040230870246887
gotham,2018-12-31,2019-02-28,2019-02-14,6.872128101338986,0.0036174899586074844,0.011938715793981786,0.09484603270948307,0.34537715797365076,0.27979274611398963,0.2420937840785169,-0.11795254037653244,6.30220313345448,-0.028220373383969637,,0.16212497632390924,-0.13057740058348966,,0.015214897638138533,0.08290740996666694,0.0,0.6346153846153846,0.4597156398104265,0.4089723058553193,0.2695634365081787
greenlight,2018-12-31,2019-02-28,2019-02-14,2.995732273553991,0.1320059922144256,0.2891295805408832,0.8635381093909547,0.27445985300438114,0.3,0.3,-0.5387501823885055,4.166194473933875,-0.13119958698657344,,0.2935116796639906,-0.2676835707316779,,-0.04180636789841149,0.02588614443011692,1.0,0.9807692307692307,0.4597156398104265,0.39757228655817084,0.25452300906181335
harris,2018-12-31,2019-02-28,2019-02-14,4.8283137373023015,0.01997023321935164,0.04794376887979395,0.3429099075405731,0.11820345920370257,0.056,0.04065040650406504,-0.24989000141487375,9.913740191443132,-0.06769275411791847,0.00744916329526446,0.1940986426260161,-0.15567937765462525,-0.39434561002042007,-0.04706343946802759,0.02062907286050082,1.0,0.8076923076923077,0.4597156398104265,0.5057020229102679,0.2395886480808258
hitchwood,2018-12-31,2019-02-28,2019-02-14,2.9444389791664403,0.7069898907294192,0.8396620311309123,0.9607625432834573,0.8975885791209556,0.42105263157894735,0.7924528301886793,-0.15881359011375062,11.809216927893704,0.07186546328323681,,0.3143138730919406,-0.23888188249263875,,0.06226712247627608,0.1299596348048045,0.0,0.2692307692307692,0.4597156398104265,6.274640312711445e-05,0.2501582205295563
icahn,2018-12-31,2019-02-28,2019-02-14,2.8903717578961645,0.27511302894743905,0.490278785367374,0.9454649753587838,0.12005623895343032,0.16666666666666666,0.25,-0.21073932687558683,3.048120994045982,0.21792809594377563,0.18404937015241463,0.2820582551452919,-0.21321651290090538,0.2128800954674754,-0.16747928361722914,-0.09978677128870073,1.0,0.038461538461538464,0.4597156398104265,0.8980096252261532,0.5006666779518127
lansdowne,2018-12-31,2019-02-28,2019-02-13,3.5553480614894135,0.10571192103807776,0.23424673077783112,0.8485856994329936,0.19630667777289523,0.14285714285714285,0.23076923076923078,-0.46802064386192516,10.748350189032948,-0.10531185590694342,-0.02129347025457151,0.2165281087759557,-0.18962706025035847,-0.7661964553658532,-0.05331421584930701,0.014378296479221394,1.0,0.8846153846153846,0.4597156398104265,0.7853541606832033,0.2524038553237915
light-street,2018-12-31,2019-02-28,2019-02-14,3.258096538021482,0.05188377372990718,0.0913545651607792,0.6085970195238427,0.4662436796781494,0.4230769230769231,0.3181818181818182,-0.07113149357832882,10.336813795430622,0.15670000436034937,,0.3632881665929915,-0.2907124627927483,,-0.0675785735712968,0.000113938757231602,1.0,0.07692307692307693,0.4597156398104265,0.0218167587740281,0.17664064466953278
lone-pine,2018-12-31,2019-02-28,2019-02-14,3.2188758248682006,0.0519549195933393,0.07854076003802085,0.6083937000197687,0.2753611456160313,0.24,0.24,-0.2745105855730394,17.212392660133073,0.051939789165429066,0.17894794245550716,0.21307153155385103,-0.16143591349491393,0.512922267955936,0.19821751080642147,0.2659100231349499,0.0,0.3269230769230769,0.4597156398104265,0.22789367294603646,0.17301379144191742
markel-13f,2018-12-31,2019-02-28,2019-02-08,4.882801922586371,0.025380674852388665,0.06407866381266292,0.4197970620677032,0.04297691395229153,0.03787878787878788,0.030534351145038167,-0.12480225693715716,9.578589965984673,-0.006807394207904577,0.030133741585160356,0.14431835657028091,-0.10875028100509643,0.8345610777628001,0.034074972558544595,0.101767484887073,0.0,0.46153846153846156,0.4597156398104265,0.2057430143529712,0.3182588815689087
marshall-wace,2018-12-31,2019-02-28,2019-02-14,7.592366128519796,0.005158156308089219,0.0265207484182707,0.15609051892656098,0.40151962387311835,0.4881492687846697,0.2985487214927436,-0.24487064083000026,7.270290606421344,0.022060753149869806,0.09941871243971345,0.16150340095795607,-0.1229952364970609,1.723906921176179,0.05662812038953041,0.12432063271805882,0.0,0.40384615384615385,0.4597156398104265,0.09013505273254298,0.43111273646354675
matrix,2018-12-31,2019-02-28,2019-02-14,2.9444389791664403,0.09032526204702573,0.17734348523081786,0.8081571642534211,0.17289227159772103,0.10526315789473684,0.19047619047619047,-0.2933545311198347,9.325002840768859,0.04508932425121439,0.5745597789792026,0.3065556323575089,-0.2284591115624357,0.5333983770419557,-0.0885841345993766,-0.02089162227084819,1.0,0.34615384615384615,0.4597156398104265,0.9961327038634653,0.39002153277397156
maverick,2018-12-31,2019-02-28,2019-02-14,5.54907608489522,0.021261788888365957,0.047017263444943794,0.3723462507006054,0.31563296839584576,0.33852140077821014,0.2857142857142857,-0.16565912851373293,10.318328365115152,-0.01983582873164037,,0.18786236725635203,-0.16800416799256002,,-0.048012825527767186,0.019679686800761226,1.0,0.5384615384615384,0.4597156398104265,0.32347365720400395,0.20711195468902588
melvin,2018-12-31,2019-02-28,2019-02-14,3.713572066704308,0.039874170694159765,0.0753183565521109,0.524726247179356,0.39999527037929383,0.2926829268292683,0.3958333333333333,-0.19912981037484737,11.933777741602254,-0.028126727286688614,0.04997122635271256,0.24399517211723118,-0.2045030984628614,-1.1146135248271611,0.09047422081088796,0.15816673313941637,0.0,0.6153846153846154,0.4597156398104265,0.7382118340420694,0.14428257942199707
pershing-square,2018-12-31,2019-02-28,2019-02-14,2.1972245773362196,0.12836581043761008,0.17282220408207113,1.0,0.2590116460105628,0.2222222222222222,0.0,0.13428640345892828,8.787542852749702,0.21751632787069555,,0.19809700650258813,-0.10152466210130051,,0.06323104420261927,0.13092355653114768,0.0,0.057692307692307696,0.4597156398104265,0.1423937384494645,0.28179487586021423
polen,2018-12-31,2019-02-28,2019-02-12,4.060443010546419,0.05650798612563661,0.09408077731078739,0.6542640728487616,0.0704699099626731,0.034482758620689655,0.034482758620689655,-0.13581580267593293,17.329640124718164,0.13755303500810673,0.1945222305312415,0.1808208484350584,-0.12909525289305213,1.1820724136509206,0.1166787138116872,0.18437122614021562,0.0,0.1346153846153846,0.4597156398104265,0.230061050884037,0.5554359555244446
pzena,2018-12-31,2019-02-28,2019-02-08,5.209486152841421,0.017249935852223383,0.03356294379514887,0.27914987023148263,0.09780601754743201,0.12021857923497267,0.12021857923497267,-0.18382974301417984,5.9844326877435075,-0.10151879192042698,0.01552098860801987,0.19382925829243647,-0.16198292685106153,-0.2645759634618149,-0.1089112185609057,-0.04121870623237729,1.0,0.8653846153846154,0.4597156398104265,0.5771422925928725,0.4452270269393921
ruane-cunniff,2018-12-31,2019-02-28,2019-02-14,4.04305126783455,0.05267514137331673,0.09477330817195978,0.6212342028063226,0.08338109054228071,0.14035087719298245,0.19672131147540983,-0.17977713754397406,15.359744591506605,-0.058025452435654504,,0.16678143615722998,-0.16986327915367738,,0.05499068808713933,0.12268320041566774,0.0,0.75,0.4597156398104265,0.32732282238875327,0.3312392234802246
sands,2018-12-31,2019-02-28,2019-02-14,4.2626798770413155,0.03820673992250965,0.07773987915541518,0.5252293433954853,0.07889033032677684,0.09859154929577464,0.058823529411764705,-0.23253827289125187,14.735208726430747,0.0720903314960758,0.3010524569295363,0.23457291849646347,-0.1654417645863081,0.5537330144818323,0.08954049820053087,0.15723301052905927,0.0,0.25,0.4597156398104265,0.8020912105231978,0.4585850238800049
semper-augustus,2018-12-31,2019-02-28,2019-02-13,3.332204510175204,0.10468992368780233,0.23744611965131143,0.7393058348161805,0.07012233504659526,0.0,0.034482758620689655,-0.10775375925868323,8.410338603061625,-0.009486368795471448,-0.059342580803638634,0.11470972006107646,-0.0680102355640253,1.51642081652726,0.01927215761645444,0.08696466994498285,0.0,0.4807692307692308,0.4597156398104265,0.0328971048386269,0.5823864936828613
senator,2018-12-31,2019-02-28,2019-02-14,3.4011973816621555,0.04373180669035603,0.06089166790923622,0.5515896761283112,0.42468714109873906,0.26666666666666666,0.4358974358974359,-0.7716659358449501,10.524679660924834,-0.07920275666265657,,0.19498447655185983,-0.18311962408077243,,0.005134683265469439,0.07282719559399785,0.0,0.8461538461538461,0.4597156398104265,0.10976467059517064,0.10629263520240784
soroban,2018-12-31,2019-02-28,2019-02-14,2.8903717578961645,0.07141131510181817,0.11796212409151485,0.7536941891503572,0.2059609685492233,0.2222222222222222,0.17647058823529413,-0.1353386101121467,12.751206611729293,-0.10643992582740115,,0.20411655113031302,-0.1685380745076318,,0.1277747695115764,0.1954672818401048,0.0,0.9038461538461539,0.4597156398104265,0.14020923472078894,0.18040771782398224
srs,2018-12-31,2019-02-28,2019-02-14,3.091042453358316,0.13503251021942306,0.29939496470758725,0.8633073897476368,0.22146147266874583,0.13636363636363635,0.09523809523809523,-0.3641455321041476,14.390085675265697,0.04173832004506312,0.8295434509219045,0.2644704507749345,-0.23880145837997402,1.1623370884533644,0.07609834477565813,0.14379085710418654,0.0,0.36538461538461536,0.4597156398104265,0.9999203978777516,0.37707582116127014
steadfast,2018-12-31,2019-02-28,2019-02-14,3.6888794541139363,0.04159633964319816,0.06473825334741998,0.5468650741748731,0.2886212049539445,0.25,0.23076923076923078,-0.2618503468604793,10.887653022567102,0.14071485128551112,,0.21874048938207458,-0.17541853965707865,,0.011789504376282817,0.07948201670481123,0.0,0.11538461538461539,0.4597156398104265,0.14274898075136622,0.2760879397392273
suvretta,2018-12-31,2019-02-28,2019-02-14,2.9444389791664403,0.10847115943853694,0.1705652378568152,0.9164233182727162,0.6458833542198406,0.5263157894736842,0.5714285714285714,-1.1715040823665854,14.806259200518078,0.026915268623200046,0.1098169991293011,0.18384441751803518,-0.14189328462088635,0.4433767195667813,0.01367400185639936,0.08136651418492777,0.0,0.38461538461538464,0.4597156398104265,0.16382466695939127,0.21553170680999756
third-avenue,2018-12-31,2019-02-28,2019-02-13,4.110873864173311,0.044190027417585376,0.08497436713950532,0.5807372468133702,0.1713457637947885,0.08196721311475409,0.2328767123287671,-0.3584128949850211,4.2699544726775445,-0.11537238167990144,-0.19253207753947865,0.21219763737163289,-0.22720979750428505,-1.6845221572772695,-0.13274932587645097,-0.06505681354792256,1.0,0.9615384615384616,0.4597156398104265,0.7574409601220109,0.33076906204223633
third-point,2018-12-31,2019-02-28,2019-02-08,3.091042453358316,0.11716282081754657,0.283167239773953,0.7751783085806299,0.3643529649953542,0.045454545454545456,0.3225806451612903,-0.7875824408779738,10.381359877573221,-0.0690451027092493,,0.21246695959301015,-0.16918741173090834,,0.08405688466600816,0.15174939699453657,0.0,0.8269230769230769,0.4597156398104265,0.31845520541341427,0.18173126876354218
tiger-global,2018-12-31,2019-02-28,2019-02-14,4.189654742026425,0.05344331596191549,0.0967805843487966,0.6635775406393415,0.15666791160610682,0.06060606060606061,0.07462686567164178,-0.33977503213820964,14.116363384520207,-0.0590725019372873,0.5052112078295082,0.24347137474416966,-0.21952795590683072,0.602861913880735,0.19382735130197387,0.2615198636305023,0.0,0.7692307692307693,0.4597156398104265,0.9918210948697609,0.28354543447494507
tiger-management,2018-12-31,2019-02-28,2019-02-14,3.295836866004329,0.06673510864964441,0.11472094590929871,0.7358109731057407,0.32468103503180024,0.07407407407407407,0.5535714285714286,-0.7095505968894459,14.537431912041592,0.010051460976796447,,0.23449220275809873,-0.18128379185716892,,0.1772607136499488,0.2449532259784772,0.0,0.4423076923076923,0.4597156398104265,0.05287926330882504,0.17854872345924377
trian,2018-12-31,2019-02-28,2019-02-14,2.1972245773362196,0.2079165036225145,0.37726373963291693,1.0,0.1129281099015268,0.0,0.0,-0.11264540556975629,6.675782143154088,0.06318637585211595,-0.320568791140464,0.131753586311046,-0.08347469063736612,-0.3882134833483404,0.005105619581370471,0.07279813190989888,0.0,0.28846153846153844,0.4597156398104265,0.037742594051323915,0.7405725717544556
tweedy-browne,2018-12-31,2019-02-28,2019-02-08,3.8501476017100584,0.06370284625771862,0.12643424208498064,0.7166041028016007,0.0581716078394201,0.0425531914893617,0.0,-0.16124737035227504,10.623319503426318,-0.05165121091417126,-0.04144735109383779,0.16231687919882454,-0.1293871293612271,-0.042314266763344696,-0.14365002163953777,-0.07595750931100938,1.0,0.7307692307692307,0.4597156398104265,0.3674423197608562,0.4552322328090668
valinor,2018-12-31,2019-02-28,2019-02-14,3.367295829986474,0.040551105050749194,0.06050261745346478,0.49497450887356753,0.11961528102123453,0.0,0.03333333333333333,-0.2705749955397497,10.926266599497401,-0.04924604856352948,,0.19978497838210482,-0.18687243545192156,,0.00045576786549161863,0.06814828019402003,0.0,0.7115384615384616,0.4597156398104265,0.1670112735974957,0.11701689660549164
valueact,2018-12-31,2019-02-28,2019-02-14,3.044522437723423,0.11803839975816144,0.2044079750119845,0.9485668993486094,0.11090984368382717,0.19047619047619047,0.10526315789473684,-0.23599125803817236,6.470201188696807,-0.11509657210430535,-0.08270738022892926,0.28147075408447175,-0.2552925658767138,-1.9013549536639647,-0.04171018443647162,0.02598232789205679,1.0,0.9423076923076923,0.4597156398104265,0.9171749045017854,0.464961975812912
viking,2018-12-31,2019-02-28,2019-02-14,4.04305126783455,0.041309219307918324,0.07945600174303834,0.5541504421257941,0.41281119725447146,0.2631578947368421,0.34375,-0.02756749547364071,17.438831244531304,0.015021237187483279,,0.20246376732236954,-0.17074997162196948,,-0.023111911692062136,0.044580600636466274,1.0,0.4230769230769231,0.4597156398104265,0.08343289421263356,0.2732604742050171
whale-rock,2018-12-31,2019-02-28,2019-02-14,3.332204510175204,0.05073717362149136,0.117888344032354,0.5864391126597491,0.2332489647415914,0.10714285714285714,0.2857142857142857,-0.37262742852121394,13.464320777759154,0.13444798374234865,,0.29937932280158874,-0.21226726732985501,,0.12115955093351186,0.18885206326204027,0.0,0.15384615384615385,0.4597156398104265,0.040666546607632095,0.2721487581729889
yacktman,2018-12-31,2019-02-28,2019-02-04,3.7612001156935624,0.07825140665120858,0.14344183506336422,0.7761843946387741,0.044516833389485644,0.023255813953488372,0.023255813953488372,-0.06149904353924302,9.722357963411326,0.09114141617742116,0.01872677053059424,0.12996459586482148,-0.07655407862274521,1.527331086409016,-0.016515500179488593,0.051177012149039816,1.0,0.23076923076923078,0.4597156398104265,0.052295823783516736,0.7664477229118347
abrams,2019-03-31,2019-05-31,2019-05-10,2.9444389791664403,0.08832228584520695,0.1789155917630965,0.8250212668439161,0.3142242790334602,0.15789473684210525,0.15789473684210525,0.38621472124709827,10.048331412834585,-0.06174680350573638,,0.2022804528666505,-0.1608266014207953,,-0.1525623212167725,-0.024093271569733635,1.0,0.8148148148148148,0.4543524416135881,0.2658185800507206,0.1810222715139389
adage,2019-03-31,2019-05-31,2019-05-15,6.530877627725885,0.006144182045994722,0.0284032549152233,0.16589970575236315,0.16625360091739694,0.09620991253644315,0.11931818181818182,0.10261942324064649,9.117165645728846,0.011267421897927232,0.019261522533698616,0.17880154960201278,-0.12867254716725807,0.36602092052657287,0.013878614541555367,0.1423476641885942,0.0,0.5185185185185185,0.4543524416135881,0.2608585344530077,0.44705629348754883
akre,2019-03-31,2019-05-31,2019-05-13,3.2188758248682006,0.08329496592142793,0.14945064407664654,0.8119027521245418,0.03849657990449773,0.0,0.0,0.18184327666218097,9.60870347949865,0.23425122032141882,0.417594577058294,0.1538470123255496,-0.0759705195312661,2.881064309266206,0.08605602522256875,0.2145250748696076,0.0,0.018518518518518517,0.4543524416135881,0.3969935762592858,0.32255321741104126
altimeter,2019-03-31,2019-05-31,2019-05-15,3.1780538303479458,0.1857040510652073,0.31853111980485427,0.9551178547702386,0.1048334816673312,0.16666666666666666,0.2,0.06127706562103846,14.825329806244731,0.026914592649188288,0.11855906654064158,0.2519895055986333,-0.11377645780732559,0.42232132875510514,-0.11441628389508182,0.014052765751957026,1.0,0.42592592592592593,0.4543524416135881,0.20755759778594904,0.49281731247901917
appaloosa,2019-03-31,2019-05-31,2019-05-15,3.1354942159291497,0.11306263374219101,0.23172817420673594,0.8700649453914636,0.2545283998078056,0.34782608695652173,0.34782608695652173,0.5290199781493152,16.36450768434058,-0.22073762370540762,,0.29344825926377066,-0.2628085781822682,,0.10636987952270768,0.23483892916974652,0.0,0.9814814814814815,0.4543524416135881,0.1710014235210128,0.15116868913173676
berkshire-13f,2019-03-31,2019-05-31,2019-05-15,3.871201010907891,0.1050212341403158,0.2376609823194183,0.7954970839022102,0.050339347922347066,0.020833333333333332,0.020833333333333332,0.0858854592881839,10.985433632504966,-0.0836341989192266,-0.3185620402978995,0.21245642178625218,-0.19013135947826876,-2.749614191324351,-0.004359684567820432,0.12410936507921841,1.0,0.9074074074074074,0.4543524416135881,0.8157291745482675,0.5963991284370422
cantillon,2019-03-31,2019-05-31,2019-05-01,3.4657359027997265,0.03699868780791167,0.0646081663438269,0.4769107210579394,0.05623037967068345,0.0,0.058823529411764705,0.1270734269979932,9.574233836611901,0.08332382031343333,0.24471358909847113,0.16861706734413912,-0.10272158532820008,2.5158025168162514,0.07948084096712096,0.2079498906141598,0.0,0.16666666666666666,0.4543524416135881,0.0568059983298996,0.19765330851078033
coatue,2019-03-31,2019-05-31,2019-05-15,4.7535901911063645,0.05208495407168701,0.0816956715514785,0.6378516348278249,0.27093167593831535,0.33620689655172414,0.3,0.06946582870849148,17.96314948259253,-0.008690204796775384,0.3324220863249297,0.262220686132646,-0.20264990827723262,0.4234859415251023,0.252883278641981,0.3813523282890198,0.0,0.5925925925925926,0.4543524416135881,0.7817087275268639,0.3229307234287262
darsana,2019-03-31,2019-05-31,2019-05-15,2.3978952727983707,0.11461401233001633,0.20562609284962763,0.9684368178465386,0.044698270862591594,0.0,0.08333333333333333,0.11103705339446979,9.459992062214267,0.06549889676081477,0.311478417291644,0.24753529983264347,-0.14079782684565967,0.9919950576687404,0.04058366473530292,0.16905271438234176,0.0,0.24074074074074073,0.4543524416135881,0.6630609019611229,0.457250714302063
dragoneer,2019-03-31,2019-05-31,2019-05-15,3.2188758248682006,0.11548968272915662,0.25439335656615575,0.8791933560822226,0.14240062709675272,0.16,0.16,0.2533049410696273,11.887886004714717,0.07265384468724342,1.587709328255956,0.34643129061687633,-0.23095224914098322,2.59296836824104,0.1869066004459877,0.31537565009302654,0.0,0.2037037037037037,0.4543524416135881,0.9999979637985362,0.4215600788593292
duquesne,2019-03-31,2019-05-31,2019-05-15,4.110873864173311,0.060448053452304654,0.17682714677713784,0.6055763088492148,0.44640537995806506,0.6557377049180327,0.3,0.7510376720188915,16.237797565891867,-0.009051101245266974,0.12912600509452438,0.21527123643866644,-0.16839619202862743,0.18971217733372606,0.0577032867365842,0.18617233638362304,0.0,0.6111111111111112,0.4543524416135881,0.6711557519173186,0.5075092315673828
egerton,2019-03-31,2019-05-31,2019-05-09,3.258096538021482,0.05139588407081337,0.09128920987852626,0.6218191203803674,0.27175588581775845,0.15384615384615385,0.15384615384615385,0.16397196117399376,14.17331547368163,0.02546673112284502,,0.21217497618168776,-0.17142226767047464,,0.05332357706162058,0.18179262670865942,0.0,0.4444444444444444,0.4543524416135881,0.12547788498750168,0.1730087846517563
eminence,2019-03-31,2019-05-31,2019-05-15,3.7376696182833684,0.03606742862336829,0.09104603944553405,0.46742309816175137,0.3556467045264884,0.2857142857142857,0.3181818181818182,0.23704728033857406,8.507045380975752,0.04499210944672076,,0.16955432422885014,-0.15367277138597912,,-0.08832952018083604,0.040139529466202806,1.0,0.3888888888888889,0.4543524416135881,0.35047166397664015,0.27817830443382263
fisher,2019-03-31,2019-05-31,2019-04-22,6.693323668269949,0.012493555248243839,0.03355840556725024,0.2587017582016599,5.49060254695366e-06,0.0,0.0012376237623762376,-5.4906176203669994e-06,7.851494270224301,0.01993131747958466,-0.034065213685179896,0.151459668952153,-0.11379432638413312,-0.11346984490745497,0.05611083502760045,0.1845798846746393,0.0,0.46296296296296297,0.4543524416135881,0.548900060703938,0.5547657608985901
fundsmith,2019-03-31,2019-05-31,2019-05-13,3.4339872044851463,0.06053537358012509,0.09050849121942471,0.6769310526120789,0.05508413501229825,0.0,0.03125,0.11942742760129405,12.283032710850753,0.14874097578460121,0.3727571281945013,0.1755731174837109,-0.099906341232191,2.8674916368566685,0.05376982765477775,0.1822388773018166,0.0,0.09259259259259259,0.4543524416135881,0.12059570734710641,0.21906007826328278
gardner-russo,2019-03-31,2019-05-31,2019-05-15,4.532599493153256,0.0710228181628626,0.13601952575666462,0.7710424962069373,0.040085007054514676,0.08602150537634409,0.03409090909090909,0.0664339825107605,7.79647471813336,0.066965919304492,-0.0599214045288714,0.146813671393411,-0.09909178184924883,-0.2213935700530808,-0.15785502523302014,-0.0293859755859813,1.0,0.2222222222222222,0.4543524416135881,0.6204061915825938,0.7545682191848755
giverny,2019-03-31,2019-05-31,2019-05-14,3.6635616461296463,0.07268029243592612,0.19175976516122223,0.6639070739560905,0.08230381794764874,0.1282051282051282,0.02857142857142857,0.13890334625998418,11.21902340931486,0.08066511271098584,0.02104310986883473,0.1796835814999281,-0.12411534307179306,0.4270019156720097,-0.08589776539228995,0.04257128425474889,1.0,0.18518518518518517,0.4543524416135881,0.4349819820144811,0.6560171842575073
glenview,2019-03-31,2019-05-31,2019-05-15,3.8066624897703196,0.03716661606592287,0.06309521429856449,0.5223487352543912,0.2831288865700905,0.2222222222222222,0.2708333333333333,0.08796602504936242,8.267978505892533,-0.07199270931369026,,0.2583717039869134,-0.1799664882333596,,-0.05283388958744427,0.07563516005959457,1.0,0.8518518518518519,0.4543524416135881,0.10012867491680726,0.11590893566608429
gotham,2019-03-31,2019-05-31,2019-05-15,7.05617528410041,0.0036750270075775996,0.01565730098219518,0.10177977931328208,0.2762903545169799,0.27586206896551724,0.12953367875647667,0.05923000923673311,6.303725364385286,0.0018682502534012949,0.014845329159691445,0.17742390140072062,-0.13057740058348966,-0.058077504499044155,0.01780290123143463,0.14627195087847347,0.0,0.5370370370370371,0.4543524416135881,0.45213054818578763,0.4964199662208557
greenlight,2019-03-31,2019-05-31,2019-05-15,2.8903717578961645,0.12224202318235991,0.24031681761676435,0.8840404901438466,0.11518009507841165,0.05555555555555555,0.15,0.018568780380757422,3.88736494405967,-0.19847948928896975,,0.30989515348906077,-0.22278922963944758,,-0.14303185118446968,-0.01456280153743084,1.0,0.9629629629629629,0.4543524416135881,0.19562665661893297,0.3840022087097168
harris,2019-03-31,2019-05-31,2019-05-15,4.852030263919617,0.020320331386469406,0.048267776163312674,0.351358726803309,0.07034949403504953,0.0546875,0.032,0.09461002673689538,10.035412522604952,-0.06008175001155843,-0.049971244394929226,0.21364024260146022,-0.15567937765462525,-0.43236471290243905,-0.12681552994726075,0.0016535196997780762,1.0,0.7962962962962963,0.4543524416135881,0.27506916781837804,0.28162798285484314
hitchwood,2019-03-31,2019-05-31,2019-05-15,3.8501476017100584,0.02911526041433911,0.055784378967905265,0.398209740386685,0.8941157098863983,0.7021276595744681,0.2631578947368421,0.14042006843967988,11.907390300686997,0.05811540968081541,0.2616934170614886,0.32072649959833116,-0.23888188249263875,-0.4239637410421535,0.13282154923959041,0.26129059888662926,0.0,0.2962962962962963,0.4543524416135881,0.4159673545383125,0.3350314199924469
icahn,2019-03-31,2019-05-31,2019-05-15,2.772588722239781,0.3082247040401729,0.5277212742331611,0.9502288870681628,0.08831055257379716,0.0625,0.16666666666666666,0.165538746407053,2.582773493244496,0.018703198205703056,0.2951202833560533,0.27993811346299885,-0.2132165129009056,1.470644723882689,-0.39249414936992477,-0.26402509972288596,1.0,0.48148148148148145,0.4543524416135881,0.41073767472307154,0.4032367467880249
lansdowne,2019-03-31,2019-05-31,2019-05-15,3.5553480614894135,0.10854402697006088,0.24171166258360677,0.8431560641786372,0.16789484209932892,0.2571428571428571,0.2571428571428571,-0.2693903715852803,8.774049206718637,-0.06987147462193374,0.0031320786285652935,0.26745715971102224,-0.18962706025035847,-0.6353250612484619,-0.35499318053366125,-0.2265241308866224,1.0,0.8333333333333334,0.4543524416135881,0.6822611020226395,0.38522806763648987
light-street,2019-03-31,2019-05-31,2019-05-15,3.091042453358316,0.06159388326643044,0.0938591966286357,0.7033779236859559,0.34393862801034736,0.18181818181818182,0.3076923076923077,0.1242715175706508,11.102433371582944,0.10629361144418213,,0.3611182546981404,-0.2907124627927483,,0.06629067653618442,0.19475972618322326,0.0,0.12962962962962962,0.4543524416135881,0.03032598048680519,0.15698710083961487
lone-pine,2019-03-31,2019-05-31,2019-05-15,3.367295829986474,0.04616455326643434,0.07053871229205103,0.5609120649887691,0.1726634573476633,0.2413793103448276,0.12,0.1468445774681903,17.246797226103954,0.05289519748073586,0.1794927752342717,0.23901477091165396,-0.16143591349491393,0.23066819965481156,0.2825677513107121,0.41103680095775097,0.0,0.3148148148148148,0.4543524416135881,0.33420362210279836,0.1985863596200943
markel-13f,2019-03-31,2019-05-31,2019-05-03,4.890349128221754,0.02300087091947643,0.05747311174703464,0.39610613684832385,0.04941100114911534,0.007518796992481203,0.0,0.1310741203415492,9.71022042711157,0.046980537676353434,0.11730679493480795,0.16731737488754278,-0.10875028100509643,1.5309205664338499,-0.04118419981548757,0.08728484983155127,1.0,0.35185185185185186,0.4543524416135881,0.131472502732079,0.34334224462509155
marshall-wace,2019-03-31,2019-05-31,2019-05-14,7.67693714581808,0.005028183126468023,0.02565906573011721,0.14619546840558814,0.3858347351698346,0.3697868396663577,0.3141704488149269,0.20157298760430062,6.901583754918443,0.06220592145672339,0.16728824219512756,0.166342595163492,-0.12299523649706101,1.9789457338470693,0.04956494358746669,0.17803399323450553,0.0,0.2777777777777778,0.4543524416135881,0.15699221571895985,0.3583458364009857
matrix,2019-03-31,2019-05-31,2019-05-15,2.995732273553991,0.08944023614659088,0.1901841488851297,0.8004735935208523,0.12779677953392266,0.2,0.15789473684210525,0.2168806494037501,12.008418966249728,-0.04904982473525016,0.3479751646033427,0.31688038207070096,-0.2284591115624357,0.15900860433606648,0.036840747490347436,0.16530979713738628,0.0,0.7037037037037037,0.4543524416135881,0.9037014543495446,0.38472074270248413
maverick,2019-03-31,2019-05-31,2019-05-15,5.6131281063880705,0.021515732890305193,0.05455681472217183,0.3772077847684332,0.39072980424770376,0.33211678832116787,0.28793774319066145,0.10173979923159565,9.653265346822433,-0.05551172733105855,-0.13473197998026393,0.22336000251580357,-0.16800416799256002,-1.623857981895041,-0.0070127837399208,0.12145626590711804,1.0,0.7777777777777778,0.4543524416135881,0.5279680070099889,0.21121056377887726
melvin,2019-03-31,2019-05-31,2019-05-15,3.8501476017100584,0.034365099252820844,0.057177387570781515,0.4924810157703623,0.3529358574904299,0.3191489361702128,0.21951219512195122,0.17853927152378754,12.679152484453185,-0.002043241902330538,0.15758444502484886,0.2604561488478106,-0.2045030984628613,-0.15118592206911421,0.049174574114423164,0.177643623761462,0.0,0.5555555555555556,0.4543524416135881,0.4466842944716372,0.27104347944259644
pershing-square,2019-03-31,2019-05-31,2019-05-15,2.0794415416798357,0.14615659719576618,0.19698940612198257,1.0,0.08724309857209922,0.0,0.1111111111111111,0.11996375972967271,9.856343559962868,0.2013108146287983,0.10352802576556802,0.2080587645128083,-0.10152466210130029,0.562817272931124,-0.002626244663792271,0.12584280498324657,1.0,0.037037037037037035,0.4543524416135881,0.14073457383281465,0.44042861461639404
polen,2019-03-31,2019-05-31,2019-05-13,4.07753744390572,0.055351237364394776,0.09357625547599675,0.6309275914143395,0.06534777106308487,0.05084745762711865,0.034482758620689655,0.22122169279057208,17.247381576735865,0.12208656129690178,0.3249258799665757,0.18821970815885591,-0.12909525289305213,2.449430712757944,0.15473182579769648,0.2832008754447353,0.0,0.1111111111111111,0.4543524416135881,0.13509344219630345,0.473062127828598
pzena,2019-03-31,2019-05-31,2019-05-03,5.14166355650266,0.017112229291853406,0.03285130657931894,0.2787150343920267,0.10651864520865295,0.06432748538011696,0.12568306010928962,0.0718111398205158,6.049231127769394,-0.07941078787679368,-0.07408064691207605,0.21841760930478715,-0.16198292685106175,-0.07416990199350157,-0.2885707710929726,-0.16010172144593376,1.0,0.8888888888888888,0.4543524416135881,0.1266034845612822,0.3941494822502136
ruane-cunniff,2019-03-31,2019-05-31,2019-05-15,3.9318256327243257,0.0531036486579016,0.09851533599718601,0.634588627219238,0.06387274579928337,0.0196078431372549,0.12280701754385964,0.07596859437516836,15.605532210476948,0.013513375924873512,0.0057198994510874734,0.18984023258459612,-0.16986327915367738,-0.033871454707823816,0.06940495927523785,0.1978740089222767,0.0,0.5,0.4543524416135881,0.32986465353907535,0.5404374003410339
sands,2019-03-31,2019-05-31,2019-05-15,4.2626798770413155,0.038702994435480954,0.08065759417272686,0.5280609728395614,0.09592486833455705,0.07042253521126761,0.07042253521126761,0.14648906824845512,14.960276243347614,0.03889745477886448,0.28384550487838495,0.24051088129947043,-0.1654417645863081,0.33459599252085215,0.20472808295337444,0.3331971326004133,0.0,0.4074074074074074,0.4543524416135881,0.7638951625986388,0.4169886112213135
semper-augustus,2019-03-31,2019-05-31,2019-05-14,3.332204510175204,0.09725839212523228,0.22373343653821345,0.7277418403641658,0.07588089656385211,0.03571428571428571,0.03571428571428571,0.04468606732978651,8.784049931503905,0.04880024787717156,0.014122108711496273,0.13591397370267816,-0.0680102355640253,1.762287225052705,-0.08618272670111962,0.04228632294591922,1.0,0.3333333333333333,0.4543524416135881,0.06411532983548603,0.4763459265232086
senator,2019-03-31,2019-05-31,2019-05-15,3.6375861597263857,0.033881052702967075,0.05478445858080481,0.4445858531385666,0.46346532346161695,0.5526315789473685,0.43333333333333335,0.2120531110013204,11.127493727916947,-0.05495780277878948,,0.2028119839825451,-0.18311962408077243,,-0.016825584546908995,0.11164346510012985,1.0,0.7592592592592593,0.4543524416135881,0.15095427670316372,0.10141699761152267
soroban,2019-03-31,2019-05-31,2019-05-15,2.8903717578961645,0.07808805639515405,0.14037651580279628,0.8014235832413206,0.2804324348349405,0.2222222222222222,0.2222222222222222,0.16621881830867716,11.819728225017567,-0.014632269315304716,-0.007029758807554076,0.2291138562430773,-0.1518569251470694,-0.30240950252019244,-0.0023708906466096413,0.1260981590004292,1.0,0.6481481481481481,0.4543524416135881,0.22181149353099394,0.26458480954170227
southeastern,2019-03-31,2019-05-31,2019-05-15,3.4011973816621555,0.05665330452132935,0.11632854762476229,0.663138062422687,0.09776192323786614,0.0,0.09090909090909091,-0.01059768415019219,7.100707153638092,-0.268172882827205,,0.23350896747907232,-0.2920526379193653,,-0.20602362469580776,-0.07755457504876893,1.0,1.0,0.4543524416135881,0.4129644696248317,0.35603857040405273
srs,2019-03-31,2019-05-31,2019-05-15,3.1780538303479458,0.133122778692514,0.28637911469360566,0.8874689153099365,0.182150716292523,0.16666666666666666,0.09090909090909091,0.3351218267162837,14.977499145987855,-0.054786170963585346,0.7150387269128922,0.28422182600613427,-0.23880145837997402,1.193207660261612,0.12823211058494147,0.2567011602319803,0.0,0.7407407407407407,0.4543524416135881,0.9958665648390403,0.3074343502521515
steadfast,2019-03-31,2019-05-31,2019-05-15,3.6635616461296463,0.03949231712326911,0.06331711631154259,0.5072004654872776,0.15862709634823957,0.15384615384615385,0.175,0.19778256323589669,10.57354677750195,0.04568626367282681,0.2915402911579517,0.22965252560890378,-0.17541853965707854,1.286075246794182,-0.023884340356221723,0.10458470929081712,1.0,0.37037037037037035,0.4543524416135881,0.38548361741919474,0.30123358964920044
suvretta,2019-03-31,2019-05-31,2019-05-15,3.5263605246161616,0.04602118985032654,0.09653883448486425,0.5529535778498976,0.5902019315949716,0.6764705882352942,0.42105263157894735,0.7519209485004718,13.81300744631529,-0.0021629075355229753,0.1548408987080377,0.191188869072146,-0.14189328462088624,0.4806805524384642,0.009112443292977168,0.137581492940016,0.0,0.5740740740740741,0.4543524416135881,0.3499047501448356,0.18702614307403564
third-avenue,2019-03-31,2019-05-31,2019-05-14,4.07753744390572,0.04238767952420294,0.0852151330202353,0.5698198564206378,0.10877259416509533,0.06779661016949153,0.09836065573770492,0.04346794990533636,4.159763574610737,-0.15699746860238867,-0.27216993559843033,0.2243559681062369,-0.22720979750428505,-2.1428201158394575,-0.38318258896448976,-0.25471353931745094,1.0,0.9444444444444444,0.4543524416135881,0.6019965808522211,0.48280346393585205
third-point,2019-03-31,2019-05-31,2019-05-15,3.4011973816621555,0.09853467120411617,0.2549669834622216,0.7090321506256977,0.2746628512643643,0.4,0.18181818181818182,0.3162488829116562,10.123364249858865,-0.04409689782907111,,0.22089176566660845,-0.16816958813968086,,0.10985446488410028,0.23832351453113912,0.0,0.6851851851851852,0.4543524416135881,0.4914935071107712,0.23938822746276855
tiger-global,2019-03-31,2019-05-31,2019-05-15,4.23410650459726,0.052210496232311936,0.09629122421576702,0.664296985163594,0.14055778544304498,0.10144927536231885,0.06060606060606061,0.18751519189958749,15.444276940651395,-0.05167678116345076,0.4614752919828347,0.25440209831814337,-0.21952795590683072,0.603279456347283,0.37576317636890744,0.5042322260159463,0.0,0.7222222222222222,0.4543524416135881,0.953804413547929,0.30723756551742554
tiger-management,2019-03-31,2019-05-31,2019-05-15,2.995732273553991,0.09170139379987721,0.16214829126917038,0.884756269371654,0.3513350594509338,0.05,0.2962962962962963,-0.2614147769722204,15.79913859034738,0.06505297379935805,,0.2613899707188254,-0.1812837918571688,,0.2085102655629538,0.33697931520999264,0.0,0.25925925925925924,0.4543524416135881,0.06240845980780052,0.24466609954833984
trian,2019-03-31,2019-05-31,2019-05-15,2.0794415416798357,0.22625634320106808,0.408721280125145,1.0,0.07754604651742936,0.0,0.1111111111111111,0.011460741826435656,8.678001014406,0.10499118517470844,-0.2719827319683389,0.14406639456935275,-0.08347469063736612,-0.5557208043851714,-0.11429244063656305,0.014176609010475792,1.0,0.14814814814814814,0.4543524416135881,0.08006284550537351,0.6330259442329407
tweedy-browne,2019-03-31,2019-05-31,2019-05-15,3.8501476017100584,0.06309971444878516,0.13725225828102305,0.7005058839585403,0.04127460152552398,0.0,0.0,0.07145222445286449,10.534061292855585,-0.07200068934187148,-0.14901008798329118,0.1877242625648445,-0.12938712936122676,-1.436343643966604,-0.15802395119169882,-0.029554901544659985,1.0,0.8703703703703703,0.4543524416135881,0.6272702541254638,0.5376709699630737
valinor,2019-03-31,2019-05-31,2019-05-15,3.1780538303479458,0.046799692906746744,0.06652650209985024,0.5404045746363227,0.2754500612367804,0.125,0.27586206896551724,-0.07020993896545699,10.681716640658546,-0.04000588921268953,,0.22995158273814312,-0.18687243545192156,,-0.03149222340813092,0.09697682623890792,1.0,0.6666666666666666,0.4543524416135881,0.08505274764929305,0.10812191665172577
valueact,2019-03-31,2019-05-31,2019-05-15,2.995732273553991,0.12534153779584148,0.21563539278830912,0.9589523475746368,0.06324088272850037,0.05,0.09523809523809523,0.12480839355452315,6.047179933450976,-0.13440017649965216,-0.1336981846420245,0.3039091249084528,-0.2552925658767139,-1.6514542190621266,-0.12465748265654528,0.0038115669904935584,1.0,0.9259259259259259,0.4543524416135881,0.5645317427664986,0.4911234676837921
viking,2019-03-31,2019-05-31,2019-05-15,4.04305126783455,0.038690659512684,0.10194915960849589,0.5138758730697959,0.27237710893659284,0.2807017543859649,0.2807017543859649,-0.007492086106049726,14.720907603785761,-0.009323167191588145,,0.21397322267391478,-0.1707499716219696,,0.08666501459184583,0.21513406423888468,0.0,0.6296296296296297,0.4543524416135881,0.21754774186489564,0.28830859065055847
whale-rock,2019-03-31,2019-05-31,2019-05-15,3.6375861597263857,0.03562410339098645,0.06566421830599162,0.46413931093731947,0.32535080270371164,0.3684210526315789,0.14285714285714285,0.5487681545521214,10.767967075549254,0.18159667252099077,1.0078578482353684,0.3067793999451175,-0.21226726732985512,1.820673412220445,0.3215380299607613,0.4500070796078002,0.0,0.05555555555555555,0.4543524416135881,0.9982231617144244,0.2612517178058624
yacktman,2019-03-31,2019-05-31,2019-05-02,3.784189633918261,0.06564162325999828,0.1416029343195446,0.6972712893961285,0.2001335767565129,0.11363636363636363,0.09302325581395349,0.031352442128989785,11.876600165604028,0.1682430575360347,0.08989854734845432,0.13828771722557132,-0.07655407862274521,1.600306318481384,-0.12834281659147864,0.00012623305556020155,1.0,0.07407407407407407,0.4543524416135881,0.1110748372500871,0.6272982954978943
abrams,2019-06-30,2019-08-31,2019-08-09,2.9444389791664403,0.08921570562926069,0.16955669196655448,0.8081243034563234,0.0965933868268194,0.10526315789473684,0.10526315789473684,0.03338044260586488,8.918481267915245,-0.15308333747446157,,0.2581217699019903,-0.15745216307659382,,-0.042812434980717046,0.19865698247040445,1.0,0.9629629629629629,0.4472168905950096,0.15846542327674662,0.2468683123588562
adage,2019-06-30,2019-08-31,2019-08-14,6.553933404025811,0.006999756639031234,0.031168504326592246,0.18883965622697094,0.1715212638355722,0.15954415954415954,0.13994169096209913,0.004294569710352273,9.085589756105115,0.007334670563970257,0.017315576641861397,0.1885025478308789,-0.12867254716725796,-0.003690135977681662,0.0445353101173776,0.2860047275684991,0.0,0.5555555555555556,0.4472168905950096,0.38403252057468285,0.3878306448459625
akre,2019-06-30,2019-08-31,2019-08-13,3.1780538303479458,0.08759887498683147,0.14899483051055426,0.841149391531886,0.04194008384007275,0.0,0.04,0.03982850804014467,10.19758831523806,0.2664801498496772,0.4731001692898242,0.15509672855418272,-0.07597051953126621,2.9993393902333363,-0.017345071783980454,0.22412434566714104,1.0,0.037037037037037035,0.4472168905950096,0.47848723979340085,0.40051737427711487
altimeter,2019-06-30,2019-08-31,2019-08-14,3.258096538021482,0.16949193190753453,0.28456129398847524,0.9440295800824074,0.08189957702430817,0.15384615384615385,0.08333333333333333,0.22276094580174693,14.85140718059413,0.0038303133145252324,0.15205966324424175,0.2593660151134878,-0.11377645780732559,0.5321793336829067,-0.11282160910838346,0.12864780834273803,1.0,0.5740740740740741,0.4472168905950096,0.19169417678154713,0.4360958933830261
appaloosa,2019-06-30,2019-08-31,2019-08-14,3.1780538303479458,0.09853066117916084,0.16221624627052106,0.8359092358174656,0.3225086912638623,0.125,0.08695652173913043,-0.36741091468675446,18.704558396889738,-0.12571768125028596,,0.3394134135294444,-0.21354569181959082,,0.1661699147731563,0.4076393322242778,0.0,0.9259259259259259,0.4472168905950096,0.013084393040103729,0.2123873233795166
berkshire-13f,2019-06-30,2019-08-31,2019-08-14,3.8501476017100584,0.1066765844448562,0.23737849276003506,0.8039768530366616,0.027525902866490037,0.0,0.020833333333333332,0.0422913399478225,10.517517239951621,-0.06764267595390128,-0.25980459330649175,0.23457616347593,-0.16977360523206342,-2.3297820673579395,0.06142332463294786,0.30289274208406936,0.0,0.8148148148148148,0.4472168905950096,0.7126344296562096,0.6370612382888794
cantillon,2019-06-30,2019-08-31,2019-07-26,3.4657359027997265,0.03748327931787973,0.06512696786089078,0.478163092050714,0.041564469923874525,0.03125,0.03125,0.05064389291064932,9.658914788993822,0.1501840250856881,0.3324375130858555,0.17961030264640562,-0.09058081462272372,3.4545016640153086,-0.04651816279798865,0.19495125465313284,1.0,0.09259259259259259,0.4472168905950096,0.02718388723945182,0.23333129286766052
coatue,2019-06-30,2019-08-31,2019-08-14,5.099866427824199,0.04080133881958755,0.07091231214294282,0.5452996045061165,0.24309056409430752,0.5487804878048781,0.3620689655172414,0.2691018147424737,16.290959093390452,0.0812875503123935,0.3523506016419769,0.2711753861352682,-0.18260744911582927,0.13314651312990275,0.5708916997137352,0.8123611171648567,0.0,0.2777777777777778,0.4472168905950096,0.8947212280899343,0.3318466544151306
darsana,2019-06-30,2019-08-31,2019-08-14,2.70805020110221,0.0914719510453983,0.17832113570117392,0.8488237093139002,0.15120364114729523,0.26666666666666666,0.0,0.1425971916286916,12.045678622748698,0.056133583758508104,0.3198392478069881,0.2597347020457592,-0.14079782684565956,0.8428179081119024,0.3301786539579038,0.5716480714090253,0.0,0.3888888888888889,0.4472168905950096,0.6355580272861789,0.37611517310142517
dragoneer,2019-06-30,2019-08-31,2019-08-14,3.044522437723423,0.20156225941409125,0.39277770342185936,0.9253523673862195,0.44056122724932256,0.19047619047619047,0.32,0.4177962068708641,13.607399954111777,-0.002322678287641825,1.2166172775096034,0.3447422309045688,-0.2076976522430053,2.3405858278428036,0.2955401413582911,0.5370095588094126,0.0,0.6111111111111112,0.4472168905950096,0.9986938235258553,0.17913828790187836
duquesne,2019-06-30,2019-08-31,2019-08-14,4.0943445622221,0.06867642906844111,0.20816600687562328,0.5962622941460864,0.27942247339008275,0.31666666666666665,0.32786885245901637,-0.02519095592849653,18.371305958100443,0.002869343092121694,0.11084102198842077,0.21953652285638525,-0.16120922422994644,0.03452194069653703,0.21069333886402541,0.4521627563151469,0.0,0.5925925925925926,0.4472168905950096,0.6206632929448294,0.49417075514793396
egerton,2019-06-30,2019-08-31,2019-08-13,3.4339872044851463,0.04767779348332407,0.08358736045465835,0.5966083472366595,0.21499769192637486,0.25806451612903225,0.11538461538461539,-0.03562389947099816,13.455328691758556,0.06623547630071658,0.2447529427981046,0.21940642240914024,-0.1584221886310243,1.525424826775468,0.08569234075128546,0.32716175820240695,0.0,0.3333333333333333,0.4472168905950096,0.16843938193392655,0.29515519738197327
eminence,2019-06-30,2019-08-31,2019-08-14,3.828641396489095,0.03219699638589077,0.08679712729823331,0.4231431858002938,0.29085342413208704,0.2608695652173913,0.19047619047619047,0.13330261807845853,8.117789803889735,0.05505600423438958,,0.17289551481092727,-0.13354477617810812,,-0.10216983597815246,0.13929958147296903,1.0,0.4074074074074074,0.4472168905950096,0.3410143433270368,0.3639489412307739
fisher,2019-06-30,2019-08-31,2019-07-30,6.726233402358747,0.013091069529969452,0.037953632098207846,0.26908235925827156,0.10875580524186557,0.14268585131894485,0.11400247831474597,0.211400844551298,8.031242835217515,0.02007936787693327,-0.04605831608964628,0.16119294339124368,-0.11305179931276577,-0.8921024731273419,0.1343285096926916,0.3757979271438131,0.0,0.5,0.4472168905950096,0.768949733900713,0.4748897850513458
fundsmith,2019-06-30,2019-08-31,2019-08-09,3.4339872044851463,0.06038246382257463,0.09179463490850144,0.671420751658891,0.03919006994560714,0.0,0.0,0.0866876034460391,12.508230063802397,0.1754907677425254,0.3634102525878497,0.18451272604580357,-0.099906341232191,2.1230100963440646,-0.0010805865211882537,0.24038883092993324,1.0,0.07407407407407407,0.4472168905950096,0.2989677605634575,0.238448366522789
gardner-russo,2019-06-30,2019-08-31,2019-08-13,4.564348191467836,0.07172309787057908,0.13908433502620435,0.7700489947436168,0.026760312062953595,0.08333333333333333,0.053763440860215055,0.02144017751984204,7.58603817464337,0.10477553592198334,-0.02593956254347818,0.15355592277407026,-0.09309426533387555,-0.49518096979295206,-0.22408846962020063,0.017380947830920854,1.0,0.2037037037037037,0.4472168905950096,0.7973021526837805,0.8119125962257385
giverny,2019-06-30,2019-08-31,2019-08-13,3.6635616461296463,0.07349064313628108,0.1861414882591453,0.6751794513324754,0.05061055250530988,0.0,0.0,0.12716731435733347,11.036605445461543,0.04166811075038306,-0.0005302294930736862,0.18681192325255122,-0.12411534307179295,0.26816434981208725,-0.10163900072635237,0.13983041672476912,1.0,0.4444444444444444,0.4472168905950096,0.37052593282378926,0.551604151725769
glenview,2019-06-30,2019-08-31,2019-08-14,3.828641396489095,0.03661218026568136,0.07075428396087549,0.5157725683502128,0.11786094516387491,0.06521739130434782,0.044444444444444446,-0.015397632846586977,7.791200003842381,-0.08874928816928039,,0.28168541521261975,-0.1799664882333597,,-0.13930197744143108,0.10216744000969041,1.0,0.8888888888888888,0.4472168905950096,0.09434743776818727,0.255806565284729
gotham,2019-06-30,2019-08-31,2019-08-14,7.016609683894219,0.0037887981558222647,0.016458130101475364,0.10163319022725317,0.3379468483725315,0.18834080717488788,0.21982758620689655,-0.08580309168030235,6.06963994110219,0.029219671837002123,0.011904218181950588,0.18791816262725836,-0.13057740058348966,-0.21392524214039824,-0.06284796076092725,0.17862145669019425,1.0,0.48148148148148145,0.4472168905950096,0.38099886507946346,0.45322901010513306
greenlight,2019-06-30,2019-08-31,2019-08-14,3.091042453358316,0.09373588131711434,0.16659731628789556,0.8244461560708141,0.1725472761223139,0.2727272727272727,0.1111111111111111,-0.03786951136047031,3.3174535721347227,-0.02780379243464784,,0.3297009359738068,-0.2022957292802401,,-0.20635089372834065,0.03511852372278086,1.0,0.6666666666666666,0.4472168905950096,0.1322562214256327,0.4024612009525299
harris,2019-06-30,2019-08-31,2019-08-14,4.852030263919617,0.021317244113037735,0.047577115526943256,0.3684032350631819,0.07059230121447035,0.03125,0.03125,-0.0017963007326494596,9.89440940522084,-0.04229335014020518,-0.07987027978094785,0.2306812433895162,-0.15050995122295652,-0.7786330569103823,-0.1646460295345645,0.07682338791655699,1.0,0.7222222222222222,0.4472168905950096,0.24987670693016642,0.29410767555236816
hitchwood,2019-06-30,2019-08-31,2019-08-14,3.9889840465642745,0.02603716238883638,0.0473539568350526,0.3640960022908306,0.4476793933501425,0.37037037037037035,0.2765957446808511,0.08830985082334693,10.859107407633715,0.06451989387583948,0.259099999811144,0.31316896407821115,-0.23888188249263875,-0.6778518613446446,0.33516142446672026,0.5766308419178418,0.0,0.35185185185185186,0.4472168905950096,0.7301048682019299,0.36529740691185
icahn,2019-06-30,2019-08-31,2019-08-14,2.772588722239781,0.28913326738056494,0.5059816840018075,0.9562250320150105,0.08472761030984122,0.0625,0.0625,0.0956770044010477,2.5458090923195456,-0.04762829629854633,0.2802110903249206,0.317373270476686,-0.17761289979926442,2.3634195677648298,-0.4536150321495981,-0.21214561469847662,1.0,0.7592592592592593,0.4472168905950096,0.04892144204641508,0.3584293723106384
lansdowne,2019-06-30,2019-08-31,2019-08-13,3.295836866004329,0.14008525525017607,0.2865549854732027,0.8560408436219773,0.2609904870799067,0.18518518518518517,0.37142857142857144,-0.14962256525672069,7.984616767914042,-0.04234362636625027,0.1026386825136491,0.29182232466714747,-0.17432839492187246,-0.23200971842922907,-0.39948725205776087,-0.15801783460663937,1.0,0.7407407407407407,0.4472168905950096,0.5024600662513411,0.30465418100357056
light-street,2019-06-30,2019-08-31,2019-08-14,3.367295829986474,0.050897427065648135,0.10750491205848213,0.6018898185834682,0.3920864204643726,0.3793103448275862,0.18181818181818182,0.4045153002600838,11.479588748846288,-0.0678150353839125,0.8528491137956908,0.3486464512466569,-0.2907124627927483,1.0446160163844662,0.3739663551998381,0.6154357726509596,0.0,0.8333333333333334,0.4472168905950096,0.9937655947168041,0.1895245909690857
lone-pine,2019-06-30,2019-08-31,2019-08-14,3.4339872044851463,0.04357199403146839,0.06858316809000262,0.5476234957520626,0.20032520828187972,0.1935483870967742,0.13793103448275862,-0.06162077668912297,16.17066030706506,0.10715733888496398,0.2091170927455574,0.25060163686815173,-0.1569922789224666,0.041228284156737995,0.40419098232106965,0.6456603997721911,0.0,0.16666666666666666,0.4472168905950096,0.42038838222098424,0.30531102418899536
markel-13f,2019-06-30,2019-08-31,2019-08-02,4.919980925828125,0.023383572662410854,0.06559356749378856,0.4026717337178109,0.04654137124617186,0.043795620437956206,0.015037593984962405,0.08615889947436468,9.749821371378859,0.06115442709719777,0.1317425528921699,0.17854207290609164,-0.10875028100509654,1.6137778416773143,-0.055796723529548814,0.18567269392157268,1.0,0.37037037037037035,0.4472168905950096,0.1372615202688151,0.3731868267059326
marshall-wace,2019-06-30,2019-08-31,2019-08-14,7.394493107219038,0.005503427678975488,0.02410946572326572,0.1589403645011894,0.34878183184884204,0.2636754763368162,0.4448563484708063,0.13954210735821562,7.644430007866943,0.09537653209409917,0.22474334426436898,0.17596193293051798,-0.12299523649706101,2.418882114899861,0.019429248171724978,0.26089866562284647,0.0,0.25925925925925924,0.4472168905950096,0.09828050850111789,0.4086674153804779
matrix,2019-06-30,2019-08-31,2019-08-14,3.1780538303479458,0.07852349497597301,0.15473008527903057,0.7304545707427439,0.24945724664459556,0.20833333333333334,0.05,0.3666581778358838,12.118070951695055,-0.0877366353846239,0.26762039561741285,0.3249907195918295,-0.2284591115624358,-0.23758293798002095,0.21369862272798734,0.45516804017910883,0.0,0.8703703703703703,0.4472168905950096,0.6799210431154212,0.3060692846775055
maverick,2019-06-30,2019-08-31,2019-08-14,5.638354669333745,0.028743175801646186,0.05961156157809629,0.46902838231799554,0.4012267015697448,0.37722419928825623,0.3613138686131387,-0.08868468947101239,9.567447996661585,-0.0619390802017109,-0.16364147789568045,0.23562649122032658,-0.15521658962375295,-1.783538061027896,0.02033474616545783,0.2618041636165793,0.0,0.7962962962962963,0.4472168905950096,0.43505966428721227,0.1920403391122818
melvin,2019-06-30,2019-08-31,2019-08-14,3.970291913552122,0.03813889016338019,0.11021582297221154,0.5056496047496449,0.2932477352672398,0.3584905660377358,0.2765957446808511,0.14627638346034985,13.205228618694925,0.06749839392219939,0.20990177140275296,0.2721492497702963,-0.19982667504018015,0.05487200586665018,0.07166635075576311,0.3131357682068846,0.0,0.3148148148148148,0.4472168905950096,0.6673548232931613,0.45271533727645874
pershing-square,2019-06-30,2019-08-31,2019-08-14,2.0794415416798357,0.14404619229633916,0.194769350809578,1.0,0.14748130909626667,0.125,0.125,-0.0012833143506222986,8.318834180257278,0.36372363628120863,0.21786181172317592,0.21967514285861708,-0.10152466210130018,0.7268502104486391,-0.13331958032028957,0.10814983713083193,1.0,0.018518518518518517,0.4472168905950096,0.38053663659350484,0.5424712300300598
polen,2019-06-30,2019-08-31,2019-08-12,4.02535169073515,0.058227115686130995,0.10128343402776381,0.6562637275053138,0.0692982335794442,0.017857142857142856,0.06779661016949153,0.07510875973706274,18.111756201008518,0.1038443969648326,0.3820330475101766,0.18774914852289776,-0.12909525289305213,2.683443947645609,0.18017763307539164,0.42164705052651313,0.0,0.2222222222222222,0.4472168905950096,0.1472031380909976,0.44494158029556274
pzena,2019-06-30,2019-08-31,2019-08-02,5.147494476813453,0.01765597607949598,0.03299476034875573,0.28439845788886275,0.07949494407842006,0.029069767441860465,0.023391812865497075,0.030572170021659704,6.112855609664317,-0.06057496782295926,-0.1355703006616769,0.2506446073999196,-0.15562576448563592,-0.3729798010442573,-0.3437468073459151,-0.10227738989479364,1.0,0.7777777777777778,0.4472168905950096,0.061404328478448844,0.37413206696510315
ruane-cunniff,2019-06-30,2019-08-31,2019-08-14,3.9318256327243257,0.05144941916478728,0.08727784103718965,0.6290353427811641,0.0790649653161618,0.09803921568627451,0.09803921568627451,0.037596422734685275,14.872340967116179,-0.008864693075873412,-0.015260674672364305,0.1909051710784029,-0.15503712124964575,-0.22029048065223014,0.08642700351315252,0.327896420964274,0.0,0.6481481481481481,0.4472168905950096,0.2963159439366735,0.4159219264984131
sands,2019-06-30,2019-08-31,2019-08-14,4.3694478524670215,0.03727751469620844,0.08096476662583321,0.5152040388003529,0.08114654394913401,0.12658227848101267,0.028169014084507043,0.03543408475335266,15.118614774859154,0.04141331765146526,0.28587736969371463,0.24881455171850161,-0.16399046760412472,0.04433866200626378,0.3361398023752077,0.5776092198263292,0.0,0.46296296296296297,0.4472168905950096,0.8178112713183432,0.40499505400657654
semper-augustus,2019-06-30,2019-08-31,2019-08-13,3.295836866004329,0.09918124471150566,0.2289500654616975,0.7340240875350265,0.06388370676605415,0.0,0.03571428571428571,0.036302480803327535,8.798650481928425,0.09981123646450205,0.028150962724588058,0.15648318455584745,-0.0680102355640253,1.6592603101703889,-0.14556045278425095,0.09590896466687056,1.0,0.24074074074074073,0.4472168905950096,0.07918507341700387,0.5259900093078613
senator,2019-06-30,2019-08-31,2019-08-14,3.828641396489095,0.029205027005084948,0.0513019844066068,0.41139092156204327,0.5002638015596261,0.45652173913043476,0.34210526315789475,0.20483876731530798,11.431030352816869,0.01702167779352652,,0.21702416727605797,-0.17887713508155234,,-0.05686979559109909,0.1845996218600224,1.0,0.5370370370370371,0.4472168905950096,0.09945198445486297,0.22209173440933228
soroban,2019-06-30,2019-08-31,2019-08-14,2.9444389791664403,0.07701490598039691,0.11637092366783441,0.8000016566004298,0.18475334213626193,0.15789473684210525,0.1111111111111111,0.15071076802759614,12.4891587448512,0.10999033723519057,-0.004543889609210705,0.24223575020067814,-0.14885278207489705,-0.6255663142731834,-0.03787371856106911,0.20359569889005238,1.0,0.14814814814814814,0.4472168905950096,0.2731602814762024,0.33178767561912537
southeastern,2019-06-30,2019-08-31,2019-08-14,3.332204510175204,0.06041717542507593,0.14450133688019293,0.649071040922691,0.09064017998385199,0.03571428571428571,0.1,-0.12865511298884086,6.614639588615907,-0.29701567401351964,,0.27019068794075074,-0.2734176107678544,,-0.19180554371020286,0.049663873740918636,1.0,1.0,0.4472168905950096,0.2949216012879029,0.43842318654060364
srs,2019-06-30,2019-08-31,2019-08-14,3.332204510175204,0.14041206576572463,0.30705381431105855,0.8807545830869308,0.13151435237702558,0.25,0.125,-0.048565081815715526,16.84542211709048,-0.08075213305685962,0.5575112183619617,0.3146799697315937,-0.1970129098388287,0.8755899357949463,0.4247767421549653,0.6662461596060868,0.0,0.8518518518518519,0.4472168905950096,0.9568349588636471,0.3935319781303406
steadfast,2019-06-30,2019-08-31,2019-08-14,3.970291913552122,0.035014022191079304,0.06419785461064151,0.47778513256594457,0.19345701304392715,0.3018867924528302,0.05128205128205128,0.14724302209598006,11.23216307609668,-0.0056567312187309916,0.2889007094769322,0.24887923479425592,-0.17541853965707843,1.3041829246417287,0.012704006628203368,0.25417342407932486,0.0,0.6296296296296297,0.4472168905950096,0.29343830001900684,0.2587728202342987
suvretta,2019-06-30,2019-08-31,2019-08-14,3.6635616461296463,0.04104461101716616,0.07257587081098646,0.5371750876817616,0.49647877159206966,0.48717948717948717,0.4117647058823529,0.3439219819559656,13.014863120245586,0.05421954295948205,0.14322392340137474,0.1986738551614342,-0.14189328462088635,0.11431957689961676,0.005693015274183921,0.24716243272530541,0.0,0.42592592592592593,0.4472168905950096,0.37294900217023896,0.13541628420352936
third-avenue,2019-06-30,2019-08-31,2019-08-14,4.060443010546419,0.04026055345497611,0.09063260698160848,0.5478655738503303,0.05526792121829782,0.0,0.01694915254237288,-0.08164888873285524,3.512904631594327,-0.15827263267371441,-0.36733647494161364,0.23185684221455166,-0.1928014653461576,-2.212610959478353,-0.3875216512088008,-0.14605223375767928,1.0,0.9814814814814815,0.4472168905950096,0.2967955612484081,0.3916250169277191
third-point,2019-06-30,2019-08-31,2019-08-13,3.7376696182833684,0.08326339978568999,0.22059500340665109,0.6922777578825503,0.1495861764502452,0.38095238095238093,0.13333333333333333,-0.04467470999761612,10.238059916305762,0.10589109303751791,0.0934623749218701,0.24195839855180962,-0.15490778688356976,-0.7307854761849174,0.0019168924004409893,0.24338630985156248,0.0,0.18518518518518517,0.4472168905950096,0.9242652033838223,0.770133376121521
tiger-global,2019-06-30,2019-08-31,2019-08-14,4.30406509320417,0.05576393113254502,0.11083049725034813,0.6734285613269365,0.14093171965712514,0.13513513513513514,0.07246376811594203,0.019449093591742937,15.966192620248304,0.019755580964035888,0.5606722680568634,0.27455419775692164,-0.19926210855131665,0.5838740554457218,0.6813801628232604,0.9228495802743819,0.0,0.5185185185185185,0.4472168905950096,0.9728945168038411,0.5212196707725525
tiger-management,2019-06-30,2019-08-31,2019-08-14,3.091042453358316,0.09461789501871294,0.1942116844043289,0.821163949885491,0.2052927745259494,0.13636363636363635,0.05,0.11376310539805662,15.902249764246262,0.07306163367064451,,0.2711200712317387,-0.17554188522128156,,0.14962876685353582,0.3910981843046573,0.0,0.2962962962962963,0.4472168905950096,0.11925807600672793,0.35727813839912415
trian,2019-06-30,2019-08-31,2019-08-14,2.1972245773362196,0.23862054351520653,0.4239080555363237,1.0,0.05276974704194126,0.1111111111111111,0.0,0.0139891792788343,8.403852697365199,0.1269827765133901,-0.23337269285075898,0.15276967965056107,-0.06404539406118803,-0.27925381047373143,-0.19384595841763153,0.047623459033489975,1.0,0.12962962962962962,0.4472168905950096,0.09234518495050857,0.5360345840454102
tweedy-browne,2019-06-30,2019-08-31,2019-08-05,3.8918202981106265,0.06338432322689735,0.11547496481316985,0.7093230530689802,0.062218722278344796,0.04081632653061224,0.0,-0.06897645966136193,10.52378770995103,-0.10840644263231591,-0.22799921866611242,0.20040447295554642,-0.1292105218906655,-1.9450628396565104,-0.21050360807132232,0.030965809379799165,1.0,0.9074074074074074,0.4472168905950096,0.4637267228190959,0.5138135552406311
valinor,2019-06-30,2019-08-31,2019-08-14,3.258096538021482,0.04760556007320925,0.0742512321724092,0.5865320941703012,0.20045346351399695,0.19230769230769232,0.125,-0.13762034773869267,11.876549003866275,-0.04201139438831172,,0.24417289844487694,-0.18207448051722908,,0.05930615345372375,0.30077557090484525,0.0,0.7037037037037037,0.4472168905950096,0.098894490166724,0.13801631331443787
valueact,2019-06-30,2019-08-31,2019-08-14,3.1354942159291497,0.12473758201944901,0.23049686374357273,0.9232538805294014,0.07261984622163031,0.21739130434782608,0.1,0.05159886685341575,6.403018060188937,-0.12753801371669912,-0.15386714431759968,0.32633322048778074,-0.23610462263706422,-1.648902815076164,-0.22730505323009656,0.014164364221024931,1.0,0.9444444444444444,0.4472168905950096,0.452339448123679,0.5685694813728333
viking,2019-06-30,2019-08-31,2019-08-14,4.07753744390572,0.03902556671264776,0.0832413173390711,0.5395603559781603,0.45339648370621344,0.3220338983050847,0.2982456140350877,0.2452550019574637,14.450741763265325,-0.029866353376169746,0.14903357602734396,0.22555106126623622,-0.16113473742453677,-0.18005956663587333,0.12698362321845152,0.368453040669573,0.0,0.6851851851851852,0.4472168905950096,0.4346520369679909,0.1842304766178131
whale-rock,2019-06-30,2019-08-31,2019-08-14,3.7612001156935624,0.03549462350454279,0.06926047301491507,0.4576967524777921,0.2866230355746886,0.3023255813953488,0.21052631578947367,0.07096123588020574,11.68296205701538,0.17712091636100627,0.981593322713459,0.30095777594189876,-0.21226726732985501,1.6785578594052062,0.6745967996058435,0.916066217056965,0.0,0.05555555555555555,0.4472168905950096,0.9970626810814627,0.4255363345146179
yacktman,2019-06-30,2019-08-31,2019-08-02,3.828641396489095,0.06137469265589924,0.1249223752011761,0.6866030523535743,0.0665792041413541,0.06521739130434782,0.022727272727272728,0.02856246185899942,11.90089072205351,0.1398409166910158,0.07776485124167204,0.1429637080028224,-0.07655407862274521,1.1539261734744592,-0.21497749581751777,0.026491921633603723,1.0,0.1111111111111111,0.4472168905950096,0.22533699207400698,0.7210597991943359
abrams,2019-09-30,2019-11-30,2019-11-14,2.995732273553991,0.08259145034964209,0.18773349100975623,0.7773209678286344,0.14095131262108018,0.1,0.05263157894736842,-0.03024973515227233,8.540726543392372,-0.22336016576486864,,0.26833989951423204,-0.17464140303145514,,-0.002188907568441756,0.21796131383105496,1.0,0.9818181818181818,0.436077057793345,0.1545192294385691,0.29961395263671875
adage,2019-09-30,2019-11-30,2019-11-14,6.569481420414296,0.0077545986892190695,0.03624884347835739,0.20366020743374147,0.1558089767400087,0.12482468443197756,0.1111111111111111,0.013780293936982229,9.083600982327553,-0.0023166667672495367,0.045762537785712376,0.17703038544775754,-0.06581193441054145,0.8416362457666745,-0.0163010835359943,0.20384913786350242,1.0,0.6909090909090909,0.436077057793345,0.12060458828847263,0.30796247720718384
akre,2019-09-30,2019-11-30,2019-11-13,3.2188758248682006,0.0908316762252924,0.15665794465711935,0.856225741366704,0.11247759362732113,0.2,0.16666666666666666,0.02826896301608605,10.509630011388921,0.1571291782065029,0.48180143719659463,0.1335797313010542,-0.011728510146072013,2.528008382567022,-0.04142336729863469,0.17872685410086203,1.0,0.09090909090909091,0.436077057793345,0.6813074371867952,0.4677944481372833
altimeter,2019-09-30,2019-11-30,2019-11-14,3.332204510175204,0.1475730095934299,0.2554743061639477,0.9569150765314484,0.25778603048774573,0.21428571428571427,0.15384615384615385,0.11637414865834642,15.326353761122876,-0.11197386281328714,-0.18783978271143986,0.24995885140245816,-0.11176237379974696,-0.7633067702106882,0.12003613028601132,0.34018635168550804,0.0,0.9272727272727272,0.436077057793345,0.02522294691179737,0.32405588030815125
appaloosa,2019-09-30,2019-11-30,2019-11-14,3.2188758248682006,0.09242327719404031,0.15884386975536663,0.8364189286555298,0.262088466675935,0.12,0.08333333333333333,0.36183405416210257,20.02180360442053,-0.12293233902203529,,0.32252325558432915,-0.14230599692835322,,0.27827822101021027,0.498428442409707,0.0,0.9454545454545454,0.436077057793345,0.007219567707364583,0.1556064337491989
berkshire-13f,2019-09-30,2019-11-30,2019-11-14,3.871201010907891,0.11515199155959431,0.25961494580013256,0.8111976201829765,0.035235191649285014,0.0625,0.0425531914893617,0.031093480037958525,10.423490053684409,0.017296384855434666,-0.16276131164666036,0.24069080029561418,-0.09133057427367053,-0.7872891098705731,-0.07333484068496385,0.14681538071453287,1.0,0.5818181818181818,0.436077057793345,0.22680330805267604,0.7165565490722656
cantillon,2019-09-30,2019-11-30,2019-11-04,3.4965075614664802,0.03699240346883369,0.06693428117332627,0.4802506385194767,0.03454158773523697,0.030303030303030304,0.0,0.03862754355884762,10.124432579702288,0.0831087535918279,0.3004125128958697,0.15463667524912644,-0.0518158787839732,2.311274463507883,0.01000715276547004,0.23015737416496676,0.0,0.32727272727272727,0.436077057793345,0.1426191297170485,0.17928510904312134
coatue,2019-09-30,2019-11-30,2019-11-14,5.3706380281276624,0.03724697692188503,0.07216249395356268,0.5286189748601906,0.17410746573548996,0.4790697674418605,0.3170731707317073,-0.013167776396841815,15.483279950990863,0.14905921173237768,0.3280427624206904,0.24694149424551687,-0.08861318566723975,-0.64787157428952,0.7426656118500905,0.9628158332495872,0.0,0.10909090909090909,0.436077057793345,0.9518607617803023,0.42174145579338074
corvex,2019-09-30,2019-11-30,2019-11-14,3.091042453358316,0.18457436518274276,0.37052305068264135,0.8816343351299631,0.2631200650078085,0.3181818181818182,0.4230769230769231,0.004786415899129983,8.400462547678291,0.03745888472915704,,0.2112164518504525,-0.07672747044086992,,-0.25867200896941295,-0.03852178756991625,1.0,0.45454545454545453,0.436077057793345,0.40534541813989344,0.3319095969200134
darsana,2019-09-30,2019-11-30,2019-11-14,2.6390573296152584,0.09806907326138363,0.18141532064786844,0.9125857314284253,0.13325172740525593,0.0,0.06666666666666667,-0.13263006745054734,12.343947391736789,0.0884860665105793,0.5100228833152014,0.2611994072585283,-0.08050052533379992,1.8129455039314357,0.3983707408720558,0.6185209622715525,0.0,0.2909090909090909,0.436077057793345,0.49295663696784014,0.43395838141441345
dragoneer,2019-09-30,2019-11-30,2019-11-14,3.1354942159291497,0.12588867606803403,0.2741419600999068,0.8665972352118195,0.25114988315188747,0.21739130434782608,0.14285714285714285,-0.060528378686597745,12.026374924777889,-0.07728232935066497,0.6896327615473352,0.3249277526532929,-0.1506433490678123,0.5561631037082417,0.7468635289156167,0.9670137503151134,0.0,0.8545454545454545,0.436077057793345,0.981941309704368,0.4235776364803314
duquesne,2019-09-30,2019-11-30,2019-11-14,3.7376696182833684,0.07911226089867579,0.2173944017567414,0.6498404919502256,0.3714553993409594,0.30952380952380953,0.5166666666666667,-0.2749421960647575,17.676365017046813,0.029119754561547695,0.013838328543274714,0.1791813864040647,-0.05447872179219515,-1.2579336260584346,0.260368738802081,0.48051896020157775,0.0,0.5272727272727272,0.436077057793345,0.726542519980149,0.4641733169555664
egerton,2019-09-30,2019-11-30,2019-11-13,3.4965075614664802,0.04509236226066647,0.07963031310492887,0.5635216173422054,0.20423252717473228,0.18181818181818182,0.12903225806451613,0.021741066501230408,14.753550688664964,0.10699836866883505,0.2141351779573335,0.1955814127120357,-0.04495403402235276,0.8638890203646015,0.03402729369388993,0.25417751509338665,0.0,0.2,0.436077057793345,0.16091140526872655,0.22396250069141388
eminence,2019-09-30,2019-11-30,2019-11-14,3.970291913552122,0.027299876685250923,0.06179762244369566,0.39161690828896,0.2318628649559813,0.24528301886792453,0.13043478260869565,0.06360734044163953,8.026387767523008,0.12427828942045271,0.17080075167446696,0.13818603048805336,-0.031357562690357166,1.0270928111484374,0.06340336513149605,0.2835535865309928,0.0,0.16363636363636364,0.436077057793345,0.3168152580599484,0.39541861414909363
fisher,2019-09-30,2019-11-30,2019-10-29,6.714170529909472,0.012995193947337294,0.03812995241920237,0.26309440895532993,0.09371525922960844,0.08373786407766991,0.09472422062350119,0.007461916025966729,8.710890774549528,0.017901888089824847,0.007440105441407163,0.14384350021739745,-0.05183409789806326,0.11989589099938729,0.06826951952974716,0.2884197409292439,0.0,0.5636363636363636,0.436077057793345,0.3919695268585263,0.4856651723384857
fundsmith,2019-09-30,2019-11-30,2019-11-12,3.4339872044851463,0.06030401073291324,0.08662645458854011,0.67082672071532,0.05355185539264351,0.06451612903225806,0.06451612903225806,0.019214835936970914,12.005808335558553,0.055932722695631015,0.38949535201196783,0.1749631609737697,-0.038884322035721564,1.4858591295310566,0.05550902185562581,0.27565924325512253,0.0,0.4,0.436077057793345,0.49714170727916857,0.11933398246765137
gardner-russo,2019-09-30,2019-11-30,2019-11-13,4.543294782270004,0.0718467083598201,0.14105088443219976,0.7656179940415101,0.0337324442154896,0.010638297872340425,0.03125,-0.023511405538479406,7.914432881672163,0.01809071358876782,0.02134647597208328,0.14269841854031598,-0.041836859410350535,0.24794032895069348,-0.19423973502563702,0.02591048637385969,1.0,0.5454545454545454,0.436077057793345,0.4930589067540372,0.7387601137161255
giverny,2019-09-30,2019-11-30,2019-11-14,3.6635616461296463,0.07214586912167148,0.18060791776403012,0.6817084379192991,0.048766038365466224,0.02564102564102564,0.02564102564102564,0.013245731819784569,10.727872467258528,0.08288165944295015,0.08062518005064034,0.1613558717732198,-0.04744976543870438,0.7514245984146084,-0.13123235701137043,0.0889178643881263,1.0,0.34545454545454546,0.436077057793345,0.3634393777322173,0.6567126512527466
glenview,2019-09-30,2019-11-30,2019-11-14,3.8918202981106265,0.03740678952145003,0.08194714374354194,0.5217614880731833,0.15588189339512415,0.1836734693877551,0.13043478260869565,-0.14917974035194903,8.084425799906034,-0.05553035592832814,,0.28298055158127133,-0.09312834991307983,,-0.1409122377704503,0.07923798362904641,1.0,0.8363636363636363,0.436077057793345,0.06332904967417999,0.2563049793243408
gotham,2019-09-30,2019-11-30,2019-11-14,6.980075940561763,0.0042059372957239695,0.016700856111229973,0.1104738072224149,0.27256455594065954,0.17488372093023255,0.20448430493273542,-0.10176284388712353,6.3993377182746185,0.03421584606742267,0.07112516650815248,0.1748644494100967,-0.07207887683670444,0.7016679975025,-0.1132591148054732,0.10689110659402352,1.0,0.4909090909090909,0.436077057793345,0.1744521058219342,0.40519145131111145
greenlight,2019-09-30,2019-11-30,2019-11-14,2.9444389791664403,0.10906359466981962,0.1856700186123276,0.8802436653694875,0.0837068471852469,0.05263157894736842,0.18181818181818182,0.025136687495423575,3.9409607184200173,-0.009547779301871062,,0.3315699736473781,-0.10167395537926471,,-0.020106180767485382,0.20004404063201134,1.0,0.7454545454545455,0.436077057793345,0.0628851261588725,0.4913833737373352
harris,2019-09-30,2019-11-30,2019-11-14,4.867534450455582,0.021676987706724413,0.05033822735299698,0.37270835422881615,0.05204381911591238,0.038461538461538464,0.0234375,-0.05420476653227891,9.808986667155219,-0.0005641916658226664,-0.08692895422934382,0.21843367594440993,-0.08356026084278423,-0.7141809511280088,-0.13361871469464198,0.08653150670485474,1.0,0.6727272727272727,0.436077057793345,0.16765417669959545,0.38541480898857117
hitchwood,2019-09-30,2019-11-30,2019-11-14,3.7376696182833684,0.03313709534538184,0.059030266621434874,0.4542130806127168,0.3122688083893228,0.14285714285714285,0.3333333333333333,-0.42893947523498477,11.297673690364684,0.159562234167215,0.38353793164767414,0.2682454186562675,-0.060321120002694295,-0.6436516092080625,0.49789929211788275,0.7180495135173794,0.0,0.07272727272727272,0.436077057793345,0.8538470184221071,0.3556402623653412
icahn,2019-09-30,2019-11-30,2019-11-14,2.8903717578961645,0.25742374231403076,0.4768752898149162,0.9224456257203776,0.11518778511300765,0.16666666666666666,0.0625,-0.031778206019573485,3.247805307583874,-0.08481265824835622,0.032724716106656726,0.31289816596756864,-0.12052420634188066,1.1881398695469072,-0.3889243735955591,-0.1687741521960624,1.0,0.8727272727272727,0.436077057793345,0.03425245103337812,0.49236392974853516
lansdowne,2019-09-30,2019-11-30,2019-11-13,3.332204510175204,0.12154376835486708,0.2520557540054077,0.8769878012195541,0.13278543818349597,0.10714285714285714,0.07407407407407407,-0.14235954070908724,7.468467315600923,-0.021023742397548312,0.08285811354209183,0.2724779171261081,-0.11656452891441893,-0.05721281716211344,-0.24886607674487948,-0.02871585534538277,1.0,0.7636363636363637,0.436077057793345,0.40389036751716917,0.6541483998298645
light-street,2019-09-30,2019-11-30,2019-11-14,3.332204510175204,0.05388474509037104,0.11045154754704771,0.6456744659221108,0.291605537291995,0.21428571428571427,0.2413793103448276,-0.28341139147464367,12.754937220692886,-0.0037858733104272346,0.7373935904421001,0.31014773585331173,-0.17970695325247432,0.036957666668047076,0.6737279091877737,0.8938781305872704,0.0,0.7090909090909091,0.436077057793345,0.9922768171527739,0.2365405559539795
lone-pine,2019-09-30,2019-11-30,2019-11-14,3.6109179126442243,0.03839187293810995,0.07174925487639715,0.49567210560810676,0.2169972768378564,0.21621621621621623,0.06451612903225806,0.05516868020015825,16.368920138517094,0.13142793876769548,0.30601898844556974,0.23669209479379769,-0.07706078139424322,0.13690828929965507,0.36863749820180036,0.588787719601297,0.0,0.14545454545454545,0.436077057793345,0.48296488487815653,0.1678861677646637
markel-13f,2019-09-30,2019-11-30,2019-11-01,4.882801922586371,0.022849575815794887,0.06532429163144982,0.39389527987987644,0.053540268242910916,0.030303030303030304,0.06569343065693431,0.01749761820372571,9.556335723495804,0.030775599680710225,0.15660543188995635,0.15534417447885515,-0.05421872428017316,1.5376171955003475,-0.0497381558716688,0.17041206552782792,1.0,0.509090909090909,0.436077057793345,0.17694287962904223,0.2374623417854309
marshall-wace,2019-09-30,2019-11-30,2019-11-14,7.557472901614746,0.005132239007443468,0.02287739796965544,0.15213950382367955,0.31232892317140826,0.39738903394255876,0.29071911493546404,0.05341088574660117,7.460480117398703,0.04603434736042297,0.19507614738591217,0.15296299014034695,-0.033038813630098196,0.9746756563379235,0.030420173223784736,0.25057039462328146,0.0,0.43636363636363634,0.436077057793345,0.4845393103888385,0.3101540207862854
matrix,2019-09-30,2019-11-30,2019-11-14,3.1780538303479458,0.09394110905613337,0.1838071337251502,0.8186425030358324,0.3016365149966078,0.16666666666666666,0.16666666666666666,-0.288795064280696,13.769924608721784,-0.10648067264952514,0.09759723445247392,0.29780776237040385,-0.1846310827268619,-1.2970195237956983,0.3867123033277594,0.6068625247272561,0.0,0.9090909090909091,0.436077057793345,0.536055627528368,0.39990413188934326
maverick,2019-09-30,2019-11-30,2019-11-14,5.808142489980444,0.028426813063819837,0.06519686715016598,0.4495094561014796,0.2742453917146912,0.44144144144144143,0.33807829181494664,-0.014183467541184469,9.359247938504625,0.008128685849657397,-0.07541791211351312,0.2393368712213782,-0.10419670781862811,-0.9997450059337273,-0.052232728826347885,0.16791749257314884,1.0,0.6363636363636364,0.436077057793345,0.3575457080481737,0.3015616834163666
melvin,2019-09-30,2019-11-30,2019-11-14,3.9512437185814275,0.03375634104313518,0.06703736859529652,0.4726571538431031,0.3246329436664015,0.25,0.2641509433962264,0.15932111532990825,13.581756222390617,0.08780248964373485,0.1735765871588525,0.23981562133220877,-0.06482490285171427,-0.7056609439383065,0.11825563588028112,0.33840585727977784,0.0,0.3090909090909091,0.436077057793345,0.46174096361197947,0.34943994879722595
pershing-square,2019-09-30,2019-11-30,2019-11-14,1.9459101490553132,0.1659276991323653,0.2312817702411905,1.0,0.10223263990611264,0.0,0.125,-0.06814939491508162,9.311215106596082,0.22897540500391272,0.1692592448711745,0.2140386847162639,-0.04799659516528931,0.33352472670992744,-0.025197070339936456,0.19495315105956026,1.0,0.03636363636363636,0.436077057793345,0.2626533120227913,0.5956710577011108
polen,2019-09-30,2019-11-30,2019-11-12,4.060443010546419,0.057241057750539594,0.1035894737486946,0.6630613160177012,0.05618355086841664,0.05172413793103448,0.017857142857142856,0.051211875649499757,17.67730980917458,0.10513994688679401,0.4756874673735906,0.15930773232746417,-0.05620728028616462,2.4746766650607372,0.14367012919690583,0.36382035059640255,0.0,0.21818181818181817,0.436077057793345,0.3941341481121002,0.28677430748939514
pzena,2019-09-30,2019-11-30,2019-11-01,5.1647859739235145,0.017895385321266635,0.03173617196552354,0.2870261098189798,0.06882781797408344,0.11428571428571428,0.09883720930232558,-0.03078859711051451,5.843650526557493,-0.028140826692724746,-0.19094260487017334,0.2506346045259846,-0.08171450925179669,-0.5343991504547894,-0.24433630037820817,-0.02418607897871145,1.0,0.8,0.436077057793345,0.032640211121773684,0.48273080587387085
ruane-cunniff,2019-09-30,2019-11-30,2019-11-14,3.6888794541139363,0.06940882748924276,0.1203904501230753,0.7273888011581334,0.24079905517228317,0.05,0.2549019607843137,-0.28909010196564383,14.598832260924361,0.07296921151369118,0.005008496805203544,0.16150354107781664,-0.06582826431184685,-0.5720279818900054,0.025940885401181252,0.24609110680067797,0.0,0.36363636363636365,0.436077057793345,0.3305620559338846,0.39634212851524353
sands,2019-09-30,2019-11-30,2019-11-14,4.356708826689592,0.03498183085186926,0.08439488050337593,0.4922858969797675,0.09210290610018823,0.038461538461538464,0.05063291139240506,-0.07760886102655655,15.609902261069434,0.09796829567606186,0.4156422054490321,0.211328255942482,-0.06072989407406182,0.17290536017392047,0.3409530447959256,0.5611032661954223,0.0,0.23636363636363636,0.436077057793345,0.892078287887214,0.4006890058517456
semper-augustus,2019-09-30,2019-11-30,2019-11-14,3.332204510175204,0.0942287074812133,0.22380486016849654,0.7188192642738097,0.04065484533125019,0.03571428571428571,0.0,0.033794319073549836,8.66778921324376,-0.02552432840373378,-0.014391574462882972,0.14680281392827862,-0.04899033510153106,0.9386576326225758,-0.0724768093947892,0.14767341200470752,1.0,0.7818181818181819,0.436077057793345,0.17253396199245885,0.494352251291275
senator,2019-09-30,2019-11-30,2019-11-13,3.6888794541139363,0.03293759746509869,0.0653405321010841,0.44285917475390846,0.41303969448941913,0.3,0.391304347826087,-0.31159109139309465,10.991066928923498,0.00825536548963332,,0.20625182436115022,-0.04694304585168896,,0.0057612576061977505,0.22591147900569447,0.0,0.6181818181818182,0.436077057793345,0.053968905286420045,0.1248026192188263
soroban,2019-09-30,2019-11-30,2019-11-14,2.9444389791664403,0.08309511892208576,0.12727275433371585,0.8499777491021502,0.16580035481206612,0.15789473684210525,0.15789473684210525,0.0678757946723725,12.703263961136091,0.14874926529517168,0.04636477028592423,0.213101924211403,-0.08161581534006135,-0.5096887251453782,-0.06004017922322655,0.16011004217627017,1.0,0.12727272727272726,0.436077057793345,0.34258081474043456,0.40251120924949646
southeastern,2019-09-30,2019-11-30,2019-11-14,3.295836866004329,0.06498689831037952,0.16031616235652704,0.6779889468038559,0.06609910400104535,0.037037037037037035,0.07142857142857142,-0.06115761094097728,6.093264721274847,-0.22950625429517013,,0.2884875363593152,-0.13842145933879602,,-0.15341600613562656,0.06673421526387015,1.0,1.0,0.436077057793345,0.1282059085432803,0.450846403837204
srs,2019-09-30,2019-11-30,2019-11-14,3.091042453358316,0.1394750441201974,0.30579042738033146,0.8971752748540285,0.19067009232995236,0.13636363636363635,0.32142857142857145,-0.13215752900146147,15.625676673826208,0.015923030735189858,0.4704325446774835,0.30069115877596636,-0.16865816237743647,0.5899029739366877,0.39753865182254333,0.61768887322204,0.0,0.6,0.436077057793345,0.902062996611148,0.3525734543800354
steadfast,2019-09-30,2019-11-30,2019-11-14,3.784189633918261,0.036977580655937765,0.07129156128664553,0.49406219499162896,0.2553875754585133,0.13636363636363635,0.2830188679245283,-0.01057826970952675,12.087847540341253,0.036241171707626446,0.22206658027175818,0.22140925253834476,-0.07131174332886137,0.7154970292801417,-0.01710791933870673,0.20304230206079,1.0,0.4727272727272727,0.436077057793345,0.1795473126564759,0.1841127872467041
suvretta,2019-09-30,2019-11-30,2019-11-14,3.6375861597263857,0.04056538049832798,0.07368724789091038,0.5238565916419583,0.5210957125578293,0.5526315789473685,0.5641025641025641,-0.07640867898648321,10.742152910213738,0.0475714727450339,0.21334092668067617,0.17382451452985714,-0.05046523323785368,0.1547238349877592,0.03954458335257774,0.25969480475207446,0.0,0.41818181818181815,0.436077057793345,0.5043848399829175,0.1451149731874466
third-avenue,2019-09-30,2019-11-30,2019-11-13,4.04305126783455,0.03922409311069696,0.07998667415417895,0.5298134201018037,0.08028970401491065,0.03508771929824561,0.05172413793103448,-0.07251829994250117,3.6059251260809195,-0.10389199958374118,-0.36774277923367454,0.2156352403821153,-0.08431854691862628,-1.0084973324848128,-0.3462354514785402,-0.1260852300790435,1.0,0.8909090909090909,0.436077057793345,0.02363970322133364,0.3605535328388214
third-point,2019-09-30,2019-11-30,2019-11-14,3.6888794541139363,0.07246698549745642,0.17509898895769252,0.7025220398859356,0.21725312405142416,0.275,0.30952380952380953,-0.014369341957329588,10.066116747153172,0.09439894860444009,0.11101706147743029,0.19569063645289625,-0.04550589891136825,-0.8349826352492923,0.03349668678500842,0.25364690818450514,0.0,0.2727272727272727,0.436077057793345,0.8714836971994301,0.6341395378112793
tiger-global,2019-09-30,2019-11-30,2019-11-14,4.430816798843313,0.056806764731601476,0.11250740093863497,0.6715363871980443,0.16741829973405764,0.17857142857142858,0.06756756756756757,0.022131398570099856,16.235109364424865,0.12236749785863255,0.5586941487675692,0.2500853161521951,-0.07835897518289847,-0.33377316766174336,0.7100818782133783,0.930232099612875,0.0,0.18181818181818182,0.436077057793345,0.9852869031078336,0.5504468679428101
tiger-management,2019-09-30,2019-11-30,2019-11-14,3.1354942159291497,0.0754736503671054,0.13063368670808112,0.7844237161580825,0.32105206905197947,0.17391304347826086,0.13636363636363635,0.169550818421486,14.839643416200154,0.16673186513087163,,0.2502347335935929,-0.08225579205488942,,0.22023641821615877,0.4403866396156555,0.0,0.05454545454545454,0.436077057793345,0.039225321564073726,0.26876091957092285
trian,2019-09-30,2019-11-30,2019-11-14,2.0794415416798357,0.28767813231313877,0.47558985928054454,1.0,0.07281373307132721,0.0,0.1111111111111111,0.01100912219000916,8.668749044876405,0.0959243267965984,-0.22369317788787757,0.14792427025632282,-0.050787376704355514,0.2561252328757265,-0.12268372951280519,0.09746649188669153,1.0,0.2545454545454545,0.436077057793345,0.026878712576777417,0.6043099164962769
tweedy-browne,2019-09-30,2019-11-30,2019-11-01,3.8501476017100584,0.059295785605607026,0.11541109825526058,0.7007798429699138,0.1085614214430175,0.0,0.04081632653061224,-0.0018046765628155265,10.366656405574957,-0.13293862017258656,-0.22843292460034748,0.19259940565907546,-0.0977798718312447,-1.5062623843418275,-0.21314105277374307,0.007009168625753661,1.0,0.9636363636363636,0.436077057793345,0.17829552228714157,0.4924001693725586
valinor,2019-09-30,2019-11-30,2019-11-14,3.4657359027997265,0.04169693318546706,0.07869732052447642,0.5082624674263744,0.40678176908325814,0.40625,0.2692307692307692,-0.15093905439034316,11.7967377806538,0.058576196028595956,-0.11016197737445826,0.2206489218945623,-0.09918827472378433,-1.6011476461684464,,,,0.38181818181818183,0.436077057793345,0.23717525228755176,0.20224504172801971
valueact,2019-09-30,2019-11-30,2019-11-14,3.091042453358316,0.12234198121602556,0.2088579859940152,0.9253146837153294,0.09963312757656506,0.09090909090909091,0.13043478260869565,-0.0327575414988908,6.1982099076688995,-0.005677519630647082,-0.18969312680538702,0.3109038252339218,-0.10942930383606675,-1.7997098303652497,-0.20490290179674656,0.015247319602750165,1.0,0.7272727272727273,0.436077057793345,0.1762911090279224,0.6707987189292908
viking,2019-09-30,2019-11-30,2019-11-13,4.127134385045092,0.03690105490258003,0.08181754767667863,0.5079418456343201,0.2508537123987632,0.25806451612903225,0.22033898305084745,-0.14923603368569288,14.124424965907554,-0.03750420635257247,0.17924608934919106,0.23453697028943313,-0.12007407029475803,-0.48279155824251735,0.2652704462070954,0.48542066760659214,0.0,0.8181818181818182,0.436077057793345,0.5771083476899543,0.21962670981884003
whale-rock,2019-09-30,2019-11-30,2019-11-14,3.6635616461296463,0.03636976931822664,0.0751215542994247,0.46513208826666746,0.17470431315567292,0.15384615384615385,0.23255813953488372,-0.05885432958475969,11.604183041346928,0.23625929807857504,0.8697586046434027,0.272819042382595,-0.08891806860443285,0.3265783790984105,0.9075287351883908,1.1276789565878875,0.0,0.01818181818181818,0.436077057793345,0.9982472674279144,0.35753634572029114
yacktman,2019-09-30,2019-11-30,2019-11-05,3.871201010907891,0.05320121126510811,0.0984984400262911,0.6485892628130073,0.07166820625859449,0.041666666666666664,0.0,-0.02350153540051436,11.090585296530222,0.0018832989025405478,0.11283901603794011,0.13843748983297471,-0.04401844197958216,1.8017858513585625,-0.16068527614127015,0.05946494525822658,1.0,0.6545454545454545,0.436077057793345,0.06510252327376558,0.3469071686267853
abrams,2019-12-31,2020-02-29,2020-02-14,3.044522437723423,0.06550134045583093,0.10165969947460247,0.7472360088676366,0.25910112314157663,0.14285714285714285,0.1,-0.10405138448116083,8.946445613651388,-0.11681757392666549,,0.23464111814688524,-0.17464140303145492,,0.005527038331695711,0.39117103878254605,0.0,0.9298245614035088,0.42696629213483145,0.12192218915886209,0.10383572429418564
adage,2019-12-31,2020-02-29,2020-02-14,6.566672429803241,0.00745334476541897,0.03533146178280477,0.19896732752187463,0.15914070175257833,0.12939521800281295,0.13183730715287517,-0.00011196257224963296,9.848713936313823,0.011562572794059686,0.02433707215830888,0.16090989696232497,-0.08757210657812675,0.7901525664404092,-0.05608001239439453,0.3295639880564558,1.0,0.5614035087719298,0.42696629213483145,0.1839675752628683,0.3226127326488495
akre,2019-12-31,2020-02-29,2020-02-14,3.2188758248682006,0.08997139193550235,0.15144318213391622,0.838250371768398,0.038786316312670044,0.08,0.08,0.07236071855269205,10.555936919176354,0.17137067598220374,0.5232408349694309,0.11084091575052663,-0.05352710265245875,2.61220005221403,-0.20418691137498632,0.18145708907586403,1.0,0.08771929824561403,0.42696629213483145,0.6425922694134274,0.4106002748012543
altimeter,2019-12-31,2020-02-29,2020-02-14,3.1780538303479458,0.14428993325386133,0.2329127875886216,0.9621793108326474,0.06521931781635215,0.0,0.14285714285714285,0.08860368830527388,18.43133407902362,-0.08420512678843621,-0.1417820329314896,0.22844831646610547,-0.11176237379974696,-0.5631145002328631,0.15044692668983184,0.5360909271406822,0.0,0.8771929824561403,0.42696629213483145,0.06620526916643257,0.3243775963783264
appaloosa,2019-12-31,2020-02-29,2020-02-14,3.1354942159291497,0.10079624697226655,0.14779095742596246,0.8684970009154518,0.12935598863539455,0.08695652173913043,0.16,0.15346106290396255,22.04956302499053,0.007827954219285865,,0.26467028260270964,-0.14230599692835322,,0.041965104907266515,0.42760910535811686,0.0,0.5789473684210527,0.42696629213483145,0.03278108021220062,0.1963750571012497
berkshire-13f,2019-12-31,2020-02-29,2020-02-14,3.9512437185814275,0.13262233566826334,0.29741673105640914,0.8245704308324772,0.058275006448506694,0.07692307692307693,0.0,0.12002988975861013,10.950353793002812,0.06575514370993288,-0.19502539978677982,0.22487017691983802,-0.12177465661085274,-0.8742860694935483,-0.07134994993177834,0.314294050519072,1.0,0.2982456140350877,0.42696629213483145,0.42931455483833614,0.7032340168952942
cantillon,2019-12-31,2020-02-29,2020-02-07,3.5263605246161616,0.0361431357691155,0.06647303322847258,0.468905847391333,0.045349683638263416,0.029411764705882353,0.0,0.04436289323375106,10.492692109256055,0.0874705042271055,0.33503078762151456,0.13285365003404695,-0.06375975310303728,2.3915059158737715,-0.07113639247541031,0.31450760797544003,1.0,0.24561403508771928,0.42696629213483145,0.17302164921484986,0.204470694065094
coatue,2019-12-31,2020-02-29,2020-02-14,5.948034989180646,0.040312065385846876,0.08047750589877356,0.5410387410476196,0.23846731377451236,0.6997389033942559,0.46511627906976744,0.07442572539798313,15.891031286531701,0.1673239910237039,0.38637791120296444,0.1956688046517408,-0.08861318566723975,-0.44575946996341875,0.6361963410604325,1.021840341511283,0.0,0.10526315789473684,0.42696629213483145,0.9597259196109906,0.4276811480522156
corvex,2019-12-31,2020-02-29,2020-02-14,2.5649493574615367,0.28480782568999496,0.5013021967148229,0.9856279797779897,0.25061815305348933,0.07692307692307693,0.45454545454545453,-0.10176837096046693,8.591341237428711,-0.08240282640139647,,0.2260611729769719,-0.17541726722498874,,-0.16446843282744672,0.22117556762340362,1.0,0.8596491228070176,0.42696629213483145,0.2679017525904804,0.16612879931926727
darsana,2019-12-31,2020-02-29,2020-02-14,2.5649493574615367,0.08928129317297817,0.13160963037208256,0.8990706459113194,0.13817386673442444,0.0,0.07142857142857142,0.0837668511788625,13.760884966010051,0.06397421388604732,0.5349826341169994,0.17377504884387907,-0.08050052533379992,2.6189516662403154,0.3830044430216486,0.7686484434724989,0.0,0.3157894736842105,0.42696629213483145,0.18746300102112903,0.13503240048885345
dragoneer,2019-12-31,2020-02-29,2020-02-14,3.044522437723423,0.1255040077728102,0.2636000504596978,0.9177714408069568,0.10890302786996997,0.14285714285714285,0.21739130434782608,0.019629170530880796,13.18698471768297,-0.06055983171442627,0.8457771415287219,0.2589861609560711,-0.15397276631141044,0.3935416690985539,0.4129564595904144,0.7986004600412647,0.0,0.8070175438596491,0.42696629213483145,0.9858705646668926,0.3965035378932953
duquesne,2019-12-31,2020-02-29,2020-02-14,4.07753744390572,0.04290679210453435,0.0788366902742346,0.5795077714640069,0.5186036709539643,0.4576271186440678,0.23809523809523808,0.24299199798925478,13.358832576601799,0.12883806626310398,0.17144609410022132,0.16302076710252192,-0.05447872179219504,-0.7278393068015526,0.16831887804829948,0.5539628784991498,0.0,0.12280701754385964,0.42696629213483145,0.5857191164098435,0.46866539120674133
egerton,2019-12-31,2020-02-29,2020-02-13,3.4965075614664802,0.04522408708414422,0.08002891128395671,0.5716777530247482,0.25188802078017203,0.2727272727272727,0.2727272727272727,0.00035776774223197943,15.17195576816988,0.11105111165318918,0.1899088538444414,0.14791624192917932,-0.07705731239659297,0.7120005386507948,-0.07656739484986969,0.30907660560098066,1.0,0.19298245614035087,0.42696629213483145,0.27770348915416815,0.225802481174469
eminence,2019-12-31,2020-02-29,2020-02-14,4.02535169073515,0.026451323419462453,0.06413184639593729,0.38659075704109874,0.19881846613299126,0.21428571428571427,0.16981132075471697,0.10037802406392955,7.3478001931201105,0.0586048059064416,0.08672974466175704,0.1423920741259233,-0.09317742836814091,0.5085981118304537,0.18801715036954758,0.5736611508203979,0.0,0.38596491228070173,0.42696629213483145,0.41383601836254147,0.4236440062522888
fisher,2019-12-31,2020-02-29,2020-02-12,6.71174039505618,0.013933512236866232,0.041644879813116924,0.2754340687512002,0.05000042280991601,0.0948905109489051,0.0970873786407767,0.0824125106758733,9.060581457289155,0.05066103410884236,0.03815992269496976,0.13450120150311456,-0.065018052080284,0.32189661714605394,0.003660129319179306,0.38930412977002965,0.0,0.43859649122807015,0.42696629213483145,0.5314751468883936,0.4700358211994171
fundsmith,2019-12-31,2020-02-29,2020-02-13,3.4339872044851463,0.05879729090244615,0.09082497853919096,0.6591506196823375,0.030812874391502598,0.03225806451612903,0.03225806451612903,0.07874816506493015,12.251104458037208,0.028345637082647063,0.30345005505383965,0.1302038705595445,-0.07322694701841104,0.9161065658701082,0.016335038248993572,0.4019790386998439,0.0,0.47368421052631576,0.42696629213483145,0.5578503420813912,0.1293405294418335
gardner-russo,2019-12-31,2020-02-29,2020-02-11,4.532599493153256,0.07236120197766961,0.1461367075604386,0.7589571719968483,0.029610825685773334,0.03225806451612903,0.0425531914893617,0.014720093297736634,8.48654230394431,-0.010881218905124154,-0.05599843806629817,0.14001537432309097,-0.09396638389488765,-0.949550276227937,-0.24311322797325202,0.14253077247759832,1.0,0.6491228070175439,0.42696629213483145,0.8168764847056557,0.717698872089386
giverny,2019-12-31,2020-02-29,2020-02-07,3.6635616461296463,0.07097863696194924,0.18258344351143727,0.6651291504566849,0.03883607672411726,0.0,0.0,0.09671456757800974,12.116749877152545,0.05954383162245347,0.01558946696408281,0.1663430898702064,-0.08378751319107569,0.08853332056399406,-0.06358274081069898,0.32206125964015136,1.0,0.3684210526315789,0.42696629213483145,0.43984090264277165,0.596376895904541
glenview,2019-12-31,2020-02-29,2020-02-14,3.912023005428146,0.0396003710752404,0.07717370734379385,0.5472088653587901,0.1893553775657919,0.24,0.22448979591836735,0.1838770853359026,8.347135986398262,-0.08133174557096846,,0.22230583205614787,-0.12361887874175281,,0.07710917787704069,0.46275317832789103,0.0,0.8421052631578947,0.42696629213483145,0.2218798374345144,0.19166715443134308
gotham,2019-12-31,2020-02-29,2020-02-14,6.99117688712121,0.003957878844191225,0.017523779308045363,0.10556202449187026,0.30654580459850456,0.20515179392824287,0.19627906976744186,-0.038465771589895795,6.584142011573582,0.015214897638138533,0.06694339111476194,0.15769261578759072,-0.09447863667799394,1.3678249301536078,-0.13899447228768844,0.2466495281631619,1.0,0.5087719298245614,0.42696629213483145,0.11378729789445297,0.4311753213405609
greenlight,2019-12-31,2020-02-29,2020-02-14,2.8903717578961645,0.11930037460565208,0.20545128598586312,0.8970602857350621,0.09162210799830728,0.05555555555555555,0.10526315789473684,-0.03087378167191105,4.036829162962776,-0.04180636789841149,-0.18314295807886546,0.22170284893191683,-0.12386005821620216,0.8112656627786736,0.017949813283314353,0.4035938137341647,0.0,0.7368421052631579,0.42696629213483145,0.055880690830776854,0.576138973236084
harris,2019-12-31,2020-02-29,2020-02-14,4.867534450455582,0.020737664366255442,0.05110260699288868,0.3579945395295576,0.07041321596856309,0.05384615384615385,0.05384615384615385,0.09058309479432733,10.120552230876251,-0.04706343946802759,-0.12362388087403989,0.18976109491728332,-0.11426103485988004,-0.35584441649022164,-0.03456608155316421,0.35107791889768614,1.0,0.7543859649122807,0.42696629213483145,0.18605403409311003,0.32744354009628296
hitchwood,2019-12-31,2020-02-29,2020-02-14,3.828641396489095,0.02999857120738248,0.0732612975497627,0.4150076226250725,0.4034516850755049,0.34782608695652173,0.2857142857142857,0.2526367008659901,15.194586750217251,0.06226712247627608,0.3607564346916276,0.16718925057588085,-0.06277156081532442,-0.5544008795249178,0.5478769369577231,0.9335209374085734,0.0,0.3508771929824561,0.42696629213483145,0.7580681954925308,0.2511410713195801
hound,2019-12-31,2020-02-29,2020-02-14,3.295836866004329,0.07337614760818877,0.11374910566897362,0.7942492589828638,0.22798671098509882,0.2962962962962963,0.24,-0.09123438925524224,11.217514606823379,-0.011528375256235603,,0.2410412728891857,-0.12679116053654926,,-0.07907526392231656,0.3065687365285338,1.0,0.6666666666666666,0.42696629213483145,0.14840627284244468,0.18634386360645294
icahn,2019-12-31,2020-02-29,2020-02-14,2.8903717578961645,0.24385039511130804,0.46294409790160795,0.9166822623358496,0.039303413449058744,0.0,0.0,0.018663142991797943,2.993723874866539,-0.16747928361722914,0.0012698119642598482,0.1955308389784086,-0.18621048566476361,1.039415023898685,-0.19549539196520116,0.19014860848564918,1.0,0.9824561403508771,0.42696629213483145,0.3289220031410286,0.5290096402168274
lansdowne,2019-12-31,2020-02-29,2020-02-14,3.1780538303479458,0.11016127335988515,0.22827954436918416,0.8716754548819807,0.14130575177660554,0.041666666666666664,0.17857142857142858,-0.08645059428176045,8.679815786573528,-0.05331421584930701,-0.0811386694689065,0.26070407670206164,-0.15851476792647512,0.29760871383096604,-0.06353987356481716,0.3221041268860332,1.0,0.7894736842105263,0.42696629213483145,0.11384768186779612,0.483402818441391
light-street,2019-12-31,2020-02-29,2020-02-14,3.332204510175204,0.05156057890846628,0.11023854659402826,0.6063437008509697,0.3048167870581714,0.25,0.25,0.18207568489341064,13.650378241967216,-0.0675785735712968,0.6798739612946043,0.2189679051200421,-0.17970695325247443,-0.16400821899917384,0.5655788406331834,0.9512228410840338,0.0,0.8245614035087719,0.42696629213483145,0.9579346814933217,0.15282894670963287
lone-pine,2019-12-31,2020-02-29,2020-02-14,3.713572066704308,0.03656086302439025,0.07092096689144871,0.4773229144785071,0.2017283990421337,0.2926829268292683,0.21621621621621623,0.09339048011361221,16.884020129639076,0.19821751080642147,0.43787749980891294,0.1716760038790764,-0.07706078139424344,0.8737943577805091,0.21389568381350788,0.5995396842643582,0.0,0.017543859649122806,0.42696629213483145,0.5826443885982174,0.27567172050476074
markel-13f,2019-12-31,2020-02-29,2020-02-07,4.897839799950911,0.02227797918650885,0.05980032451327521,0.3867028137858304,0.039474418868306715,0.022388059701492536,0.007575757575757576,0.08459655664045887,10.413821899772962,0.034074972558544595,0.09446513603521928,0.159754168554467,-0.08721329148274737,0.6058672467262658,-0.03985090598536106,0.3457930944654893,1.0,0.45614035087719296,0.42696629213483145,0.32945760533537144,0.227254256606102
marshall-wace,2019-12-31,2020-02-29,2020-02-14,7.543802867501509,0.004956655267628336,0.02280914150280853,0.14534870804488106,0.29127837378928356,0.3499205929062996,0.3587467362924282,0.12356622305490367,7.899609699157585,0.05662812038953041,0.18313132620569367,0.12402251143362089,-0.06643071813630164,0.6590070046910316,-0.025678908775945586,0.35996509167490476,1.0,0.40350877192982454,0.42696629213483145,0.6680192837466891,0.2156229019165039
matrix,2019-12-31,2020-02-29,2020-02-14,3.091042453358316,0.08809666729034922,0.17376013112590535,0.7953194863525818,0.05236257744213324,0.045454545454545456,0.125,0.14756897705957278,15.330376614461102,-0.0885841345993766,0.22701263466910232,0.22809590297729862,-0.1846310827268618,-0.9198675652589225,0.27678216743805995,0.6624261678889103,0.0,0.8947368421052632,0.42696629213483145,0.8049405312552377,0.3444257080554962
maverick,2019-12-31,2020-02-29,2020-02-14,5.820082930352362,0.029151854854725576,0.06674213610930475,0.4607297404134499,0.30640270467142783,0.3264094955489614,0.3183183183183183,0.009724058740199161,10.102123895247871,-0.048012825527767186,-0.10836192723029339,0.2072999787895774,-0.11099590195829045,-0.656005708272962,0.01890115854119717,0.4045451589920475,0.0,0.7719298245614035,0.42696629213483145,0.2824320550766845,0.3098878562450409
melvin,2019-12-31,2020-02-29,2020-02-14,3.8501476017100584,0.030214966311198937,0.059762551061508254,0.4110442976498446,0.2865043217292017,0.1702127659574468,0.25,-0.010403745525931683,13.172926414959491,0.09047422081088796,0.2466059034041193,0.15619998796508666,-0.06482490285171416,0.05874570392982764,0.05610675102969265,0.441750751480543,0.0,0.21052631578947367,0.42696629213483145,0.4651855389295839,0.4669803977012634
pershing-square,2019-12-31,2020-02-29,2020-02-14,2.0794415416798357,0.15499969117227036,0.22027598038534948,1.0,0.09366332879384343,0.125,0.0,0.04474953963142585,9.777408235827517,0.06323104420261927,0.10468870672213815,0.16916042226145137,-0.09648258714849534,-0.041056604718096426,0.03577277861918721,0.42141677907003755,0.0,0.3333333333333333,0.42696629213483145,0.46336886893649004,0.49284684658050537
polen,2019-12-31,2020-02-29,2020-02-06,4.127134385045092,0.05269515831487576,0.09688195171007219,0.6307257910705658,0.08914016288946947,0.0967741935483871,0.034482758620689655,0.15664788969893864,18.163082897080617,0.1166787138116872,0.48528378063877403,0.13170783503295702,-0.05620728028616473,3.137828646539395,0.03152418983710742,0.41716819028795776,0.0,0.17543859649122806,0.42696629213483145,0.12725339060355262,0.2679644525051117
pzena,2019-12-31,2020-02-29,2020-02-07,5.159055299214529,0.017767726084646683,0.03607355344883949,0.28998556951384674,0.07175504586310955,0.06321839080459771,0.06857142857142857,0.15282568899505486,6.381383271844206,-0.1089112185609057,-0.2534942588108623,0.23207691227910082,-0.15865781459741224,-0.1506540111988205,-0.05648322507577208,0.32916077537507826,1.0,0.9122807017543859,0.42696629213483145,0.0589227140625856,0.39749783277511597
ruane-cunniff,2019-12-31,2020-02-29,2020-02-14,3.6635616461296463,0.061920540802046446,0.12005270307284141,0.6740007036144637,0.09527429082087402,0.05128205128205128,0.075,0.05938798675015125,14.93964051360146,0.05499068808713933,-0.006900003754705453,0.16816126009528073,-0.09495310194638151,-0.991830678255699,0.10261155000960231,0.48825555046045266,0.0,0.42105263157894735,0.42696629213483145,0.5340265360598382,0.34780699014663696
sands,2019-12-31,2020-02-29,2020-02-13,4.31748811353631,0.03381075592396347,0.08186903277537035,0.47081678158239,0.09316924612784394,0.02666666666666667,0.0641025641025641,0.10176438183738708,16.125655285581292,0.08954049820053087,0.45245089758311335,0.1511310847294526,-0.06072989407406193,0.6355289357125253,0.2675961091432133,0.6532401095940636,0.0,0.22807017543859648,0.42696629213483145,0.7290523389793366,0.2609505355358124
semper-augustus,2019-12-31,2020-02-29,2020-02-13,3.332204510175204,0.09691855793421018,0.22845570816972224,0.7240751384539356,0.0345802093415255,0.0,0.0,0.06410780864545984,9.319333057589317,0.01927215761645444,-0.017893400278978844,0.15525527579043452,-0.09348252160123738,0.8582806253615914,-0.06907562407768653,0.3165683763731638,1.0,0.49122807017543857,0.42696629213483145,0.27015516216324864,0.4542634189128876
senator,2019-12-31,2020-02-29,2020-02-14,3.6375861597263857,0.038548642780141376,0.10066115331296908,0.4829037288258134,0.39036044173366,0.34210526315789475,0.375,-0.08775684322734802,12.818093560505853,0.005134683265469439,,0.16012283330143612,-0.09171134327504704,,-0.013900450050539526,0.3717435504003108,1.0,0.5964912280701754,0.42696629213483145,0.1955827069133409,0.14985153079032898
soroban,2019-12-31,2020-02-29,2020-02-14,2.6390573296152584,0.0952472289419056,0.14265785840624723,0.8993597469232155,0.14176325551126367,0.07142857142857142,0.3157894736842105,0.070267915329422,14.05048050543214,0.1277747695115764,0.054862002357130735,0.1864490409940983,-0.08161581534006146,-0.22077908990293624,-0.1758846161972941,0.20975938425355625,1.0,0.14035087719298245,0.42696629213483145,0.32102278068680495,0.33108189702033997
southeastern,2019-12-31,2020-02-29,2020-02-14,3.367295829986474,0.06548909862047894,0.15757789990573748,0.6875125827796911,0.09417067941417856,0.13793103448275862,0.07407407407407407,0.045343188749659015,5.99458173840351,-0.19486616219740127,,0.2564272614271279,-0.15321363229988694,,0.08137587688883091,0.46701987733968126,0.0,1.0,0.42696629213483145,0.2868914651762128,0.43551692366600037
srs,2019-12-31,2020-02-29,2020-02-14,3.091042453358316,0.15059526021909575,0.3176289078904084,0.9098131989000039,0.11297954735219196,0.09090909090909091,0.09090909090909091,0.12007824399996227,17.170352873124553,0.07609834477565813,0.6145761097769025,0.23756524372607052,-0.16865816237743647,1.1193984229544085,0.42421465214440723,0.8098586525952576,0.0,0.2807017543859649,0.42696629213483145,0.8459161568155907,0.4585312008857727
steadfast,2019-12-31,2020-02-29,2020-02-14,4.219507705176107,0.030952188895631772,0.06277506157681013,0.43551062640983274,0.264391119804643,0.45588235294117646,0.1590909090909091,0.1935985222118836,14.071414658750177,0.011789504376282817,0.21744287429624692,0.1779840458920824,-0.07131174332886148,0.8704159538051064,-0.06844889348089345,0.3171951069699569,1.0,0.543859649122807,0.42696629213483145,0.23150095515952004,0.1289730668067932
suvretta,2019-12-31,2020-02-29,2020-02-14,3.6109179126442243,0.03719682538216569,0.07547441168661918,0.47932508846524197,0.5037322047041096,0.5135135135135135,0.5263157894736842,0.14857161203791688,13.137755666938533,0.01367400185639936,0.11631672771346424,0.15561173401931744,-0.0869283595774274,-0.8775344167311513,-0.03314579378618404,0.3524982066646663,1.0,0.5263157894736842,0.42696629213483145,0.5887926275677208,0.16485576331615448
tci,2019-12-31,2020-02-29,2020-02-14,2.833213344056216,0.12449157433422303,0.21835509066760345,0.94257103468048,0.06236223060410795,0.17647058823529413,0.06666666666666667,0.15941205802326788,14.09908881115849,0.19348580400136928,,0.1343613743025358,-0.06233318872259186,,-0.04872059880013563,0.3369234016507147,1.0,0.05263157894736842,0.42696629213483145,0.5105048851193256,0.3914526402950287
third-avenue,2019-12-31,2020-02-29,2020-02-13,4.04305126783455,0.0391443810918921,0.0805406576576844,0.5379517970970618,0.08217830015743377,0.03508771929824561,0.03508771929824561,-0.09150394759934993,3.2517202248980728,-0.13274932587645097,-0.35635273524538913,0.15698054161919187,-0.10414486843961723,-1.2766976585092251,-0.28532629743622817,0.10031770301462214,1.0,0.9473684210526315,0.42696629213483145,0.3072292387882074,0.4599405825138092
third-point,2019-12-31,2020-02-29,2020-02-13,3.6109179126442243,0.06737094025490092,0.16826193646739276,0.6737532881131655,0.1673225486075146,0.2972972972972973,0.35,0.032666287737891306,10.678464645331067,0.08405688466600816,0.10838434453850643,0.16351487057717334,-0.07384753861180804,-0.8918104466606375,-0.10806391913903035,0.27758008131182,1.0,0.2631578947368421,0.42696629213483145,0.8972517109927294,0.6265556812286377
tiger-global,2019-12-31,2020-02-29,2020-02-14,4.290459441148391,0.05614656729569932,0.10274437794644344,0.653117551808182,0.18346855154524655,0.0684931506849315,0.19047619047619047,-0.04112999513657257,15.6493586084598,0.19382735130197387,0.6462008625038278,0.1815560939100613,-0.07835897518289858,0.2581655891785155,0.5272199475789922,0.9128639480298425,0.0,0.03508771929824561,0.42696629213483145,0.9396586416000261,0.5507309436798096
tiger-management,2019-12-31,2020-02-29,2020-02-14,3.4339872044851463,0.07410470142079136,0.12514568405485818,0.7653421594690234,0.13466743636232992,0.2903225806451613,0.043478260869565216,0.0736603554209802,17.027295294096934,0.1772607136499488,,0.20090915917178556,-0.08225579205488931,,0.26392733808324376,0.6495713385340941,0.0,0.07017543859649122,0.42696629213483145,0.182864757282345,0.257641464471817
trian,2019-12-31,2020-02-29,2020-02-14,2.0794415416798357,0.25216802335879773,0.4234416210525539,1.0,0.05292560224649023,0.0,0.0,-0.010014263546704108,8.729365261367153,0.005105619581370471,-0.17235308634657942,0.16277946461425358,-0.11422180355264888,-0.20622542279856768,-0.14921047668975881,0.23643352376109153,1.0,0.6140350877192983,0.42696629213483145,0.20625971990432387,0.48971840739250183
tweedy-browne,2019-12-31,2020-02-29,2020-02-14,3.7612001156935624,0.06430289458150909,0.1276598359529865,0.728705407941518,0.11626728493281302,0.023255813953488372,0.10638297872340426,-0.021344932940457813,11.401297801862555,-0.14365002163953777,-0.2524102378671478,0.18307546193833385,-0.12001863088526166,-1.544932467578711,-0.1079599602801341,0.27768404017071624,1.0,0.9649122807017544,0.42696629213483145,0.3151725144431836,0.6333367228507996
valinor,2019-12-31,2020-02-29,2020-02-14,3.4339872044851463,0.04093653140981566,0.08021272458660829,0.498311820994893,0.2160783018209984,0.16129032258064516,0.1875,0.04481869590646953,12.972504699037742,0.00045576786549161863,-0.0865498464360425,0.19064131055532518,-0.09918827472378455,-1.9175576456566514,,,,0.631578947368421,0.42696629213483145,0.514078607056975,0.24023835361003876
valueact,2019-12-31,2020-02-29,2020-02-14,3.091042453358316,0.12492637894189396,0.2185147831948218,0.9258895547810897,0.08720556445078942,0.13636363636363635,0.13636363636363635,0.06385202028918949,6.705258917813564,-0.04171018443647162,-0.22232253697403176,0.2417778431022772,-0.13433571240844377,-1.450916644848534,0.037902852998945524,0.42354685344979587,0.0,0.7192982456140351,0.42696629213483145,0.4402438729796567,0.6284084320068359
viking,2019-12-31,2020-02-29,2020-02-13,4.189654742026425,0.035265811638048344,0.07701770777635099,0.500349833312787,0.2378075955654284,0.2727272727272727,0.22580645161290322,0.10637847029648664,13.990030851279485,-0.023111911692062136,0.22968096608560534,0.1775797022043611,-0.12007407029475803,-0.2340342034933077,0.2112368212726773,0.5968808217235276,0.0,0.7017543859649122,0.42696629213483145,0.6431275041496091,0.23567959666252136
whale-rock,2019-12-31,2020-02-29,2020-02-14,3.6888794541139363,0.03620080276637419,0.07793553933181085,0.47140184459982376,0.2693952706687073,0.2,0.1794871794871795,0.0842469330041897,12.846310791864694,0.12115955093351186,0.7626649718904328,0.20315272868590328,-0.08891806860443285,0.027783909057787572,0.9349854015610137,1.320629402011864,0.0,0.15789473684210525,0.42696629213483145,0.9662995894270876,0.424272358417511
yacktman,2019-12-31,2020-02-29,2020-02-04,3.871201010907891,0.048300648372814246,0.07861092517017809,0.6103930476741317,0.06658603492880366,0.0,0.0,-0.02784052094827718,11.042877066303728,-0.016515500179488593,0.04449465839756844,0.14682368056767525,-0.11021473859034514,1.1008050233239501,-0.09422424241121174,0.2914197580396386,1.0,0.6842105263157895,0.42696629213483145,0.1268831583605144,0.2944462299346924
abrams,2020-03-31,2020-05-31,2020-05-14,3.091042453358316,0.0648040266459911,0.08845085654668178,0.7465386100287332,0.17630648067927712,0.09090909090909091,0.047619047619047616,-0.23649687479643305,10.488184185577177,-0.1525623212167725,,0.3979381002881487,-0.3263686588722554,,0.11416867771129086,0.5604707207319645,0.0,0.8620689655172413,0.43131462333825704,0.06683770896806507,0.11865116655826569
adage,2020-03-31,2020-05-31,2020-05-15,6.582025138892826,0.009756052327360681,0.049557864012911984,0.227775629317575,0.19484295292859266,0.15650969529085873,0.14345991561181434,-0.19557236692176375,11.155575141734412,0.013878614541555367,0.029290865202676653,0.22816558341153917,-0.1912513696866882,0.5220633123139021,-0.07658251352399698,0.36971952949667664,1.0,0.5,0.43131462333825704,0.2356655032488112,0.25556591153144836
akre,2020-03-31,2020-05-31,2020-05-11,3.332204510175204,0.08165285060538086,0.14895756951188094,0.7757754402817431,0.09262742944405433,0.14285714285714285,0.04,-0.05772407807365136,11.592885545982002,0.08605602522256875,0.5492292021582541,0.22978484382134948,-0.1771833476184046,2.646601562751448,-0.23084622933913845,0.21545581368153516,1.0,0.27586206896551724,0.43131462333825704,0.18366136663431,0.3456001281738281
altimeter,2020-03-31,2020-05-31,2020-05-15,3.2188758248682006,0.14995144312967332,0.260981356995635,0.9566350833910698,0.18161682886690012,0.16,0.125,-0.2930434676231719,20.34631471273342,-0.11441628389508182,-0.30694663517770404,0.3630604343251909,-0.3243056258703573,-0.5275291575091039,0.05665456334711455,0.5029566063677882,0.0,0.7758620689655172,0.43131462333825704,0.04440525443412635,0.3262993097305298
appaloosa,2020-03-31,2020-05-31,2020-05-15,3.4339872044851463,0.09309297215352368,0.14899190590306646,0.8113571061769452,0.17162350731935117,0.45161290322580644,0.2608695652173913,-0.1961647895477668,24.370765882525554,0.10636987952270768,,0.3113113432904343,-0.16937068846988057,,-0.0010577474639990592,0.44524429555667455,1.0,0.2413793103448276,0.43131462333825704,0.054235947203004,0.3357274830341339
berkshire-13f,2020-03-31,2020-05-31,2020-05-15,3.912023005428146,0.16321454208991804,0.3551628165186766,0.8424057138245394,0.09303549043058701,0.0,0.038461538461538464,-0.3213552787108326,11.385804362940585,-0.004359684567820432,-0.23535501273184223,0.2896118132597412,-0.2688739050260267,-0.7956663099993062,0.05612816906564272,0.5024302120863163,0.0,0.5689655172413793,0.43131462333825704,0.4603191527168562,0.7394623160362244
cantillon,2020-03-31,2020-05-31,2020-04-30,3.58351893845611,0.035792019597247544,0.0707805449525485,0.4733824720242036,0.054575041152808756,0.08333333333333333,0.029411764705882353,-0.17304509137321866,10.72070474284999,0.07948084096712096,0.2913205586952312,0.24098276979660324,-0.18994444294708246,1.8705175958500593,-0.07069433957943816,0.37560770344123545,1.0,0.29310344827586204,0.43131462333825704,0.1460770666762378,0.12681210041046143
coatue,2020-03-31,2020-05-31,2020-05-15,5.0106352940962555,0.04258835817781303,0.08461045175115998,0.5596399753625748,0.37217469911087764,0.44,0.7806788511749347,-0.4652154844568991,16.743772931313927,0.252883278641981,0.42387826065819556,0.2675219659636179,-0.13419354609021206,-0.41329705509208436,0.2025960929515382,0.6488981359722118,0.0,0.06896551724137931,0.43131462333825704,0.6246371126150103,0.3886077404022217
corvex,2020-03-31,2020-05-31,2020-05-15,3.2188758248682006,0.11571518242762538,0.27914781185818094,0.8007171504603174,0.41641026566240114,0.6,0.23076923076923078,-0.3818967380315769,12.551846330323594,-0.34779888799643066,,0.6013638575962719,-0.5221769589506409,,0.273098928720029,0.7194009717407026,0.0,0.9482758620689655,0.43131462333825704,0.03250157204879648,0.27852147817611694
d1,2020-03-31,2020-05-31,2020-05-15,3.5263605246161616,0.06185030495890064,0.10474862588271111,0.7282930212049213,0.35921998191170446,0.47058823529411764,0.25,0.35042424597269056,17.989384716440433,0.18296654906455148,,0.2158957701265831,-0.11345715670275214,,0.034103834843643155,0.48040587786431677,0.0,0.13793103448275862,0.43131462333825704,0.1458103599335432,0.2124624252319336
darsana,2020-03-31,2020-05-31,2020-05-15,2.5649493574615367,0.1097544894726849,0.18875614226945184,0.9623343484359996,0.2392195311207873,0.15384615384615385,0.15384615384615385,-0.3270190332163142,13.817669216479745,0.04058366473530292,0.3717022358337211,0.254800103996734,-0.1825008865526927,2.3747726432061347,0.33610122313590657,0.7824032661565802,0.0,0.4482758620689655,0.43131462333825704,0.05974656690594342,0.19153612852096558
dragoneer,2020-03-31,2020-05-31,2020-05-15,3.1780538303479458,0.12529702735904485,0.26683644671175083,0.8819729495107549,0.13969938686029515,0.20833333333333334,0.09523809523809523,-0.07336833191699002,13.669983673965154,0.1869066004459877,0.9348339686266517,0.4759565388148955,-0.22678102353252005,0.45779032365866124,-0.15622086101869798,0.29008118200197563,1.0,0.1206896551724138,0.43131462333825704,0.4943449579833747,0.6199848055839539
duquesne,2020-03-31,2020-05-31,2020-05-15,3.7612001156935624,0.07089975730503098,0.14317476276184993,0.7190582566922676,0.4501978707425174,0.18604651162790697,0.4067796610169492,-0.28048739556623886,22.549808531104603,0.0577032867365842,0.25498440635411035,0.27181155835936066,-0.20578281744796545,-0.09197100653653259,0.14740232968774375,0.5937043727084174,0.0,0.3448275862068966,0.43131462333825704,0.10116886721375563,0.42997246980667114
egerton,2020-03-31,2020-05-31,2020-05-13,3.258096538021482,0.054630800049804175,0.09431329684697953,0.6498728145656005,0.3033396482155364,0.19230769230769232,0.36363636363636365,-0.3671580037167933,19.89693907399081,0.05332357706162058,0.133701499602132,0.23689349345260818,-0.1993364208301317,0.46559971895793417,-0.0479874023531785,0.3983146406674951,1.0,0.39655172413793105,0.43131462333825704,0.09186131406608958,0.108668752014637
eminence,2020-03-31,2020-05-31,2020-05-15,4.59511985013459,0.01645016528473894,0.051203585355557586,0.2649946489512642,0.39726028612344977,0.5757575757575758,0.25,-0.06986030001777173,7.227314678729737,-0.08832952018083604,-0.07454997066318547,0.3341103884701323,-0.30230621997855656,0.5408880232846585,0.3590056293872708,0.8053076724079444,0.0,0.7241379310344828,0.43131462333825704,0.11078723170514575,0.3198038339614868
fisher,2020-03-31,2020-05-31,2020-04-28,6.656726524178391,0.01589510078959032,0.04419864482055897,0.3121042158637351,0.16835294582974125,0.08997429305912596,0.1386861313868613,-0.20468421319690308,11.517532039248172,0.05611083502760045,0.046976911735900795,0.18500200123170332,-0.14227566615789156,0.0360591206274258,-0.05957282760642796,0.38672921541424565,1.0,0.3620689655172414,0.43131462333825704,0.3949400989092448,0.45834410190582275
fundsmith,2020-03-31,2020-05-31,2020-05-14,3.5263605246161616,0.05717761287242418,0.10626713317489163,0.6469027046709164,0.04789631778433279,0.08823529411764706,0.0,-0.17497009535182254,13.554398896048093,0.05376982765477775,0.3004246030067572,0.2064740939646812,-0.15442921981464497,0.6515598776116991,-0.06145669084376615,0.38484535217690746,1.0,0.3793103448275862,0.43131462333825704,0.35828495682652284,0.1027669608592987
gardner-russo,2020-03-31,2020-05-31,2020-05-13,4.430816798843313,0.07676615090508525,0.1459872508429508,0.7710767022045628,0.0950991772695362,0.011904761904761904,0.10752688172043011,-0.276158676472012,9.552050228241253,-0.15785502523302014,-0.21892891585365803,0.18907251466042235,-0.20665467109790225,-1.3702305700022857,-0.06860970387294973,0.3776923391477239,1.0,0.8793103448275862,0.43131462333825704,0.6710415324062097,0.7627408504486084
giverny,2020-03-31,2020-05-31,2020-05-15,3.713572066704308,0.07302743423285571,0.19345459454502847,0.6750565466790288,0.11895457208152249,0.0975609756097561,0.05128205128205128,-0.34169858408797443,12.619863676654882,-0.08589776539228995,-0.0435815786798327,0.28158132924667717,-0.2571253255634697,0.3393035545040964,0.05516739407620713,0.5014694370968807,0.0,0.6896551724137931,0.43131462333825704,0.21593377815906808,0.4721333682537079
glenview,2020-03-31,2020-05-31,2020-05-15,3.784189633918261,0.04592564594906734,0.08235632491692925,0.5991152350243619,0.22731330226263347,0.18181818181818182,0.28,-1.1332507309531425,7.507116641035686,-0.05283388958744427,,0.3495622637311358,-0.29734508969088524,,0.3207996840967016,0.7671017271173752,0.0,0.6724137931034483,0.43131462333825704,0.17083204574377525,0.3840755522251129
gotham,2020-03-31,2020-05-31,2020-05-15,6.961296045910167,0.003436783661454566,0.014183883109807,0.09671422676106482,0.33890467206558106,0.2,0.22355105795768168,-0.4137920989298173,6.579234239713317,0.01780290123143463,0.07083092544022779,0.20826041529463626,-0.18743738734572313,0.9946479468036084,-0.10758271983686946,0.33871932318380416,1.0,0.4827586206896552,0.43131462333825704,0.17844186400497833,0.33651116490364075
greenlight,2020-03-31,2020-05-31,2020-05-15,3.091042453358316,0.12601440874351183,0.2788621739630013,0.8458663679191084,0.35779184039245016,0.5,0.3888888888888889,-0.6604469301165118,4.376857118235091,-0.14303185118446968,-0.34149882341528476,0.4764823875404615,-0.42780875951320163,0.6718960235279398,0.4581857636231997,0.9044878066438733,0.0,0.8448275862068966,0.43131462333825704,0.07559804065492318,0.4991021156311035
harris,2020-03-31,2020-05-31,2020-05-15,4.859812404361672,0.021210267203344877,0.052986068573999,0.36131645629357717,0.14100353474357086,0.05426356589147287,0.06153846153846154,-0.4461785238527341,11.711209424095514,-0.12681552994726075,-0.24711590888292326,0.31743999530569894,-0.3096254052921926,-0.5184169232929637,0.23168920791428,0.6779912509349536,0.0,0.8103448275862069,0.43131462333825704,0.1253230214801916,0.3848145604133606
hitchwood,2020-03-31,2020-05-31,2020-05-15,3.5553480614894135,0.052821114344267804,0.1359170748870064,0.5945582649958953,0.5331527657504023,0.34285714285714286,0.5,-0.6427395377926458,21.212682181910036,0.13282154923959041,0.38836009731520305,0.2770798903846548,-0.18782837578235068,-0.42102289820582384,0.19795915279497872,0.6442611958156523,0.0,0.1896551724137931,0.43131462333825704,0.1999312827219162,0.3698969781398773
hound,2020-03-31,2020-05-31,2020-05-15,3.58351893845611,0.0638236192099048,0.10454743716197566,0.7244604092891279,0.26173732134969674,0.5,0.3333333333333333,-0.2969022797366927,13.19379104455115,-0.08892903958006876,,0.38043454456608333,-0.329478372782244,,-0.07181457400852659,0.374487469012147,1.0,0.7413793103448276,0.43131462333825704,0.13312555847388388,0.10959167778491974
icahn,2020-03-31,2020-05-31,2020-05-15,2.9444389791664403,0.3016448458521549,0.5299715466064919,0.9313411977087311,0.11104928184326579,0.05263157894736842,0.0,-0.3743411186768656,2.5349862871029334,-0.39249414936992477,-0.22347305517039795,0.34703578047261097,-0.4004896177845563,0.9901838376634783,0.03126226922445996,0.47756431224513357,0.0,1.0,0.43131462333825704,0.11252488948752254,0.5387520790100098
lansdowne,2020-03-31,2020-05-31,2020-05-15,3.1780538303479458,0.09473711814623476,0.17170913448036995,0.8670097869432536,0.3173213677452488,0.2916666666666667,0.2916666666666667,-0.5046178268784053,8.496350373504578,-0.35499318053366125,-0.4355968022609076,0.36403979753317256,-0.4033011790536054,-0.13837255570130655,0.5023476083372289,0.9486496513579026,0.0,0.9655172413793104,0.43131462333825704,0.07237755394023387,0.43955811858177185
light-street,2020-03-31,2020-05-31,2020-05-15,3.8066624897703196,0.029718545762410783,0.058531512233715735,0.3990439647844055,0.44854550714647545,0.5333333333333333,0.25,0.1282213336304967,12.474443654207102,0.06629067653618442,0.5926929301717734,0.3236951557524526,-0.17970695325247443,-0.4317850709674271,0.06143801681143363,0.5077400598321072,0.0,0.3275862068965517,0.43131462333825704,0.40740983551884663,0.3929561972618103
lone-pine,2020-03-31,2020-05-31,2020-05-15,3.6375861597263857,0.041598254356171836,0.0749813982289179,0.542875218972766,0.2634319318691275,0.23684210526315788,0.2926829268292683,-0.12700871863491253,18.939116459529732,0.2825677513107121,0.4968835498179136,0.2540086848621904,-0.14200574143067346,0.7355010587744271,-0.06442563505711224,0.38187640796356137,1.0,0.05172413793103448,0.43131462333825704,0.21660698520576935,0.20049625635147095
markel-13f,2020-03-31,2020-05-31,2020-05-01,4.867534450455582,0.023062970232167898,0.056991603646839695,0.4012635250388727,0.10038700757124253,0.046153846153846156,0.07462686567164178,-0.30361277919960344,11.277196267693968,-0.04118419981548757,0.05059348441039546,0.24385124904776626,-0.21689747973267504,0.6298033923652441,0.04909272217840649,0.4953947651990801,0.0,0.6551724137931034,0.43131462333825704,0.19046873235023373,0.19949974119663239
marshall-wace,2020-03-31,2020-05-31,2020-05-15,7.531552381407289,0.00610052963889746,0.0330217901979696,0.158567934176343,0.4338233562959567,0.35316184351554125,0.3610375860243515,-0.3593990438083824,9.076014862686607,0.04956494358746669,0.16766781961145072,0.24712620269351554,-0.18888075463539722,0.4660295461575342,-0.057366163338577414,0.3889358796820962,1.0,0.41379310344827586,0.43131462333825704,0.2654453519384732,0.24616332352161407
matrix,2020-03-31,2020-05-31,2020-05-15,3.091042453358316,0.0861874647226509,0.19199716938394218,0.7818188651152136,0.23258977523617397,0.18181818181818182,0.18181818181818182,-0.18316396973252458,14.252741647995304,0.036840747490347436,0.23155849051279065,0.313742258152196,-0.17654238137028744,-0.7861131309869756,-0.009459309113591718,0.4368427339070819,1.0,0.46551724137931033,0.43131462333825704,0.41613140609973087,0.42395922541618347
maverick,2020-03-31,2020-05-31,2020-05-15,6.144185634125646,0.031068315468673495,0.07311546807871566,0.4936773768422616,0.3839797025766022,0.4892703862660944,0.29376854599406527,-0.3710469502927738,12.565047611092549,-0.0070127837399208,-0.12013498123052158,0.2979438110076257,-0.2521728960054338,-0.816076915374541,0.014590323798124916,0.4608923668187985,0.0,0.5862068965517241,0.43131462333825704,0.29781923917309894,0.34697023034095764
melvin,2020-03-31,2020-05-31,2020-05-15,3.9889840465642745,0.031496663013721914,0.08096419131820617,0.43590339603424233,0.3078229392486699,0.25925925925925924,0.14893617021276595,0.20052165668478433,15.35948762770026,0.049174574114423164,0.17030959621829278,0.2680329429756908,-0.19928738626971976,-0.0998188161293684,0.006066449146296671,0.4523684921669703,0.0,0.43103448275862066,0.43131462333825704,0.20239399866796287,0.2599504888057709
pershing-square,2020-03-31,2020-05-31,2020-05-15,2.302585092994046,0.12903730589478415,0.16040178950414377,1.0,0.1951121142596577,0.2,0.0,0.003068298702802655,9.382534808338482,-0.002626244663792271,-0.014548844966261909,0.3510411295112838,-0.29141966556462995,-0.02511692844341136,0.07178203162525926,0.5180840746459329,0.0,0.5517241379310345,0.43131462333825704,0.13683944040850773,0.4413225054740906
polen,2020-03-31,2020-05-31,2020-05-11,4.143134726391533,0.05451698951893791,0.10980015046999966,0.6345610639483615,0.13612348115436634,0.1111111111111111,0.0967741935483871,-0.09677217854407924,20.175290608310245,0.15473182579769648,0.48853882351723454,0.2225729905613729,-0.15209561552443518,2.495320503368136,-0.0575603893901121,0.3887416536305615,1.0,0.1724137931034483,0.43131462333825704,0.06150604356686204,0.3567975163459778
pzena,2020-03-31,2020-05-31,2020-05-01,5.10594547390058,0.018152254240220878,0.038785275451697514,0.29380230843660426,0.131530124662934,0.10303030303030303,0.14942528735632185,-0.48238312023496766,6.111834349966373,-0.2885707710929726,-0.43585101749751837,0.39482804281228806,-0.4031503046281687,-0.21316340694008998,0.37477284341562916,0.8210748864363028,0.0,0.9310344827586207,0.43131462333825704,0.07185225526414067,0.5897391438484192
ruane-cunniff,2020-03-31,2020-05-31,2020-05-15,3.6375861597263857,0.05910635511963986,0.11862501159645955,0.64487354771869,0.08991715665291833,0.07894736842105263,0.10256410256410256,-0.25907386212817457,16.128288968229946,0.06940495927523785,0.10248450965811845,0.32945387412831567,-0.25216200338105665,-0.4552006716544802,0.04314924312528301,0.4894512861459566,0.0,0.3103448275862069,0.43131462333825704,0.256626085970175,0.5297316908836365
sands,2020-03-31,2020-05-31,2020-05-14,4.330733340286331,0.03455335791490499,0.07541670861847641,0.4746054509416287,0.1303194184825054,0.06578947368421052,0.05333333333333334,-0.13857079969820688,17.399563332102822,0.20472808295337444,0.5178933058600415,0.23922885080730738,-0.13077923724524976,0.5327664326947524,-0.01784769270838993,0.4284543503122837,1.0,0.10344827586206896,0.43131462333825704,0.30763438188216374,0.22509615123271942
semper-augustus,2020-03-31,2020-05-31,2020-05-14,3.295836866004329,0.1012663105598892,0.2355410183206973,0.7646984679182974,0.1594635213964799,0.1111111111111111,0.14285714285714285,-0.15977715330085898,10.367800444940224,-0.08618272670111962,-0.06767922061591236,0.2164519875827566,-0.20793361006027067,0.9659279503368677,0.19474295819804138,0.641045001218715,0.0,0.7068965517241379,0.43131462333825704,0.22708575983493928,0.4495481550693512
senator,2020-03-31,2020-05-31,2020-05-15,3.4657359027997265,0.049466671294031275,0.11162063559678116,0.5899641545902119,0.46964055743461297,0.3125,0.42105263157894735,-0.27963728573748764,15.64956910166245,-0.016825584546908995,,0.2736063135063911,-0.23217454699211726,,-0.0672660725573781,0.3790359704632955,1.0,0.603448275862069,0.43131462333825704,0.08785283535110197,0.1267184019088745
soroban,2020-03-31,2020-05-31,2020-05-15,2.70805020110221,0.09734254736448311,0.15925549107540388,0.8999386143903784,0.5248933261621072,0.4666666666666667,0.42857142857142855,-0.3116138684715201,18.54029264263155,-0.0023708906466096413,-0.14409104583320598,0.28488542739227063,-0.24603160127164103,-0.5508564790911469,-0.07905104803200974,0.36725099498866387,1.0,0.5344827586206896,0.43131462333825704,0.07703294763661557,0.18450741469860077
southeastern,2020-03-31,2020-05-31,2020-05-15,3.4657359027997265,0.05845537205846892,0.1512478486393789,0.6361211128595335,0.1737139208754741,0.1875,0.10344827586206896,-0.3559682724134657,6.547526214837715,-0.20602362469580776,,0.3618662871690144,-0.33421428608831427,,0.31104293667969757,0.7573449797003712,0.0,0.9137931034482759,0.43131462333825704,0.25497749928666513,0.48640212416648865
srs,2020-03-31,2020-05-31,2020-05-15,3.367295829986474,0.13322481105464934,0.3122904057457155,0.8252068763596663,0.2869990288242734,0.3793103448275862,0.18181818181818182,0.03976923288347703,16.00981065046552,0.12823211058494147,0.6571779196717527,0.3242847256441662,-0.1686581623774367,1.1209377086919776,0.22410091309688823,0.6704029561175618,0.0,0.20689655172413793,0.43131462333825704,0.3414913994322655,0.5601953864097595
steadfast,2020-03-31,2020-05-31,2020-05-15,3.9512437185814275,0.031797272607966436,0.06521751468282205,0.4411031278717382,0.2839271051920149,0.3269230769230769,0.4852941176470588,-0.2673372835371651,16.711927088470283,-0.023884340356221723,0.12775123679996747,0.3180437036071527,-0.24909725870677912,0.703419842158699,-0.09082272558591398,0.35547931743475963,1.0,0.6206896551724138,0.43131462333825704,0.08013256239381182,0.09486351907253265
suvretta,2020-03-31,2020-05-31,2020-05-15,4.1588830833596715,0.0380650057144037,0.08341676459205288,0.5124050375825524,0.47169172960075156,0.703125,0.4864864864864865,-0.1472622325466292,15.583201918410307,0.009112443292977168,0.09577854637805744,0.24546876322564753,-0.19903292252581195,-0.8084014354768879,-0.10267463888563211,0.3436274041350415,1.0,0.5172413793103449,0.43131462333825704,0.40777886680099,0.19805093109607697
tci,2020-03-31,2020-05-31,2020-05-15,2.8903717578961645,0.12271233001998828,0.21640010931221862,0.951323487477649,0.08935871406984386,0.16666666666666666,0.11764705882352941,-0.07072803025709852,17.796000464410728,0.181110216179679,,0.22287545584629098,-0.16356907120755593,,-0.06302033396985923,0.3832817090508144,1.0,0.15517241379310345,0.43131462333825704,0.2759969487183696,0.3930383324623108
third-avenue,2020-03-31,2020-05-31,2020-05-13,4.204692619390966,0.0367873708014906,0.08732980019637301,0.511986443164208,0.25793920808202675,0.2835820895522388,0.15789473684210525,-0.4018831739171794,3.4956954680420664,-0.38318258896448976,-0.5753072506390097,0.36431155888674627,-0.3793151064285697,-1.2598816034944509,0.19266451724115669,0.6389665602618303,0.0,0.9827586206896551,0.43131462333825704,0.1839248651282287,0.5189588665962219
third-point,2020-03-31,2020-05-31,2020-05-15,3.4011973816621555,0.06813898669644955,0.15003644868523017,0.6899479185949574,0.2969264920527831,0.2,0.35135135135135137,-0.3277686055405605,13.659074892792352,0.10985446488410028,0.08708337194861898,0.2205443167262464,-0.15256274079435328,-1.1102784144365012,-0.12630376500281554,0.3199982780178581,1.0,0.22413793103448276,0.43131462333825704,0.5985798763703855,0.4893011450767517
tiger-global,2020-03-31,2020-05-31,2020-05-15,4.30406509320417,0.05472725102249606,0.12351009408753241,0.6334073568626724,0.1414762259256256,0.04054054054054054,0.0273972602739726,-0.08719265127247404,18.638449418295238,0.37576317636890744,0.6400435655683843,0.2711186040741008,-0.11988685213069816,0.07082060217018542,0.03701687365530282,0.48331891667597643,0.0,0.017241379310344827,0.43131462333825704,0.504485436800325,0.5327363610267639
tiger-management,2020-03-31,2020-05-31,2020-05-15,3.6635616461296463,0.07590425560235778,0.1295639666159327,0.78657445349479,0.26590255351396186,0.41025641025641024,0.25806451612903225,-0.1718757849720794,17.293624245262507,0.2085102655629538,0.28534549333387405,0.26640999511420976,-0.19243777874067958,0.39551705952277827,0.20407940329902413,0.6503814463196977,0.0,0.08620689655172414,0.43131462333825704,0.28843011233483246,0.44808417558670044
trian,2020-03-31,2020-05-31,2020-05-15,2.0794415416798357,0.29206865624837425,0.49197325050929175,1.0,0.08617554094125157,0.0,0.0,-0.3124895532733711,9.632244365509505,-0.11429244063656305,-0.2867259358104044,0.23826698093128948,-0.23912575912995804,-0.38354238842711796,0.018219464762959603,0.4645215077836332,0.0,0.7586206896551724,0.43131462333825704,0.22852227949222303,0.41096973419189453
tweedy-browne,2020-03-31,2020-05-31,2020-05-13,3.828641396489095,0.06508325738991072,0.1300184567176744,0.7057529547223348,0.09489502016156692,0.06521739130434782,0.0,-0.24990720513171785,11.635709316674486,-0.15802395119169882,-0.27892110418063637,0.2405672522094935,-0.24419645853366634,-1.5117070456529147,-0.00483254731886823,0.4414694957018054,1.0,0.896551724137931,0.43131462333825704,0.45807294996604514,0.6696117520332336
valinor,2020-03-31,2020-05-31,2020-05-15,3.258096538021482,0.04498990321821211,0.06076132601436086,0.5439926619179338,0.362598659048218,0.23076923076923078,0.3548387096774194,-0.29310395081124885,14.41137151906898,-0.03149222340813092,-0.1139332112218186,0.3317515815785282,-0.26335404949406394,-1.5101593677071268,,,,0.6379310344827587,0.43131462333825704,0.1715123875681489,0.1116655096411705
valueact,2020-03-31,2020-05-31,2020-05-15,3.1780538303479458,0.11989791796697867,0.2211671414793329,0.9003816933684458,0.10623636648178714,0.16666666666666666,0.09090909090909091,-0.35005426867997774,6.17839565264539,-0.12465748265654528,-0.3365616152397962,0.33110863889312864,-0.3202486042603624,-1.637378366207373,0.42325140618562124,0.8695534492062948,0.0,0.7931034482758621,0.43131462333825704,0.5948710397605658,0.7242027521133423
viking,2020-03-31,2020-05-31,2020-05-13,4.1588830833596715,0.033827841896768185,0.0893151367148513,0.4842614886076466,0.3714778500093797,0.328125,0.3484848484848485,-0.10551718555746385,15.403178177799132,0.08666501459184583,0.24592541182733896,0.26207746443932123,-0.14225159988472869,-0.35547598078078696,0.020813514300502323,0.46711555732117593,0.0,0.25862068965517243,0.43131462333825704,0.2949906377749169,0.36633172631263733
whale-rock,2020-03-31,2020-05-31,2020-05-15,3.8918202981106265,0.03146240065260667,0.07612896982780944,0.43975456644342137,0.33828558621065064,0.3469387755102041,0.2,0.2195653265681953,13.8447913514928,0.3215380299607613,0.9631643732426959,0.35332713275375294,-0.1570806665357759,0.11063953921560903,0.18576504416845746,0.6320670871891311,0.0,0.034482758620689655,0.43131462333825704,0.5979624164665934,0.32082292437553406
yacktman,2020-03-31,2020-05-31,2020-05-04,4.04305126783455,0.04092588453936356,0.06733465139702316,0.538454383805225,0.1334582100062608,0.19298245614035087,0.041666666666666664,-0.27133602258972844,11.634022125232631,-0.12834281659147864,-0.0627858182252099,0.2511535756148154,-0.2557278024951837,0.8851828633012785,0.04415012008644437,0.490452163107118,0.0,0.8275862068965517,0.43131462333825704,0.09745136862506637,0.15930087864398956
abrams,2020-06-30,2020-08-31,2020-08-13,2.995732273553991,0.06924218981086064,0.10887425831308262,0.7604459930403678,0.1421787722200626,0.0,0.09090909090909091,0.19696487605415894,10.258493100966378,-0.042812434980717046,,0.36523363302340467,-0.29242119375710574,,0.004777678285175002,0.3328633826596015,0.0,0.5689655172413793,0.43502051983584133,0.20892607641604855,0.22540171444416046
adage,2020-06-30,2020-08-31,2020-08-14,6.584791392385716,0.011486994825561791,0.057202129935945374,0.25200688081469386,0.2564825757333885,0.16022099447513813,0.15789473684210525,0.15391194833371152,10.830515808383193,0.0445353101173776,0.04677727451631486,0.23408905762910692,-0.19125136968668832,0.43390467583278897,-0.07932253567552455,0.24876316869890197,1.0,0.41379310344827586,0.43502051983584133,0.28183759182181845,0.3124796152114868
akre,2020-06-30,2020-08-31,2020-08-11,3.332204510175204,0.07774685980285176,0.13707604836201193,0.769211912670669,0.054507893440192356,0.0,0.0,0.2543042208402342,11.858582932753606,-0.017345071783980454,0.453100556649896,0.23304665397279672,-0.1771833476184046,2.3292291679724184,-0.14122060016449042,0.1868651042099361,1.0,0.5344827586206896,0.43502051983584133,0.194821406523563,0.21642504632472992
altimeter,2020-06-30,2020-08-31,2020-08-14,3.1354942159291497,0.12491183958398258,0.1900939200045696,0.9141540059595147,0.17584700668859765,0.17391304347826086,0.24,0.34949445416194497,18.83617406352373,-0.11282160910838346,-0.1353692549517243,0.3769040230408725,-0.32430562587035716,-0.09567571467234652,0.07153406364614051,0.39961976802056703,0.0,0.6896551724137931,0.43502051983584133,0.08356413629786602,0.3185955882072449
appaloosa,2020-06-30,2020-08-31,2020-08-14,3.6109179126442243,0.06930969598569445,0.12642082504840713,0.7271526191944012,0.32334977615275284,0.35135135135135137,0.22580645161290322,0.5654136325598164,21.806206357613593,0.1661699147731563,-0.04348680814665806,0.28461149079673476,-0.16937068846988057,-1.0388535419853224,-0.1443077116556008,0.18377799271882572,1.0,0.25862068965517243,0.43502051983584133,0.1469577074532707,0.41339707374572754
baupost,2020-06-30,2020-08-31,2020-08-13,3.4339872044851463,0.09327878171547264,0.21007531030188656,0.7597815950065591,0.16414216608030596,0.12903225806451613,0.18181818181818182,0.16766962199192922,7.595783491900938,-0.14930690751835457,,0.3517594401467221,-0.2863332872234092,,-0.09490678761974869,0.23317891675467783,1.0,0.7758620689655172,0.43502051983584133,0.4013386971513532,0.6809260249137878
berkshire-13f,2020-06-30,2020-08-31,2020-08-14,3.784189633918261,0.22644369110903395,0.4418370377847633,0.8775282486145057,0.10744616513859861,0.022727272727272728,0.14,0.14250910400742636,10.910606769588986,0.06142332463294786,-0.11306776832036053,0.2982404361416671,-0.2688739050260265,-0.1406109592705494,-0.03811376072977435,0.2899719436446522,1.0,0.39655172413793105,0.43502051983584133,0.5009596050987872,0.7973769307136536
cantillon,2020-06-30,2020-08-31,2020-07-31,3.58351893845611,0.035149457980166186,0.07553302325209664,0.45899633026231806,0.07541373537980223,0.027777777777777776,0.027777777777777776,0.24115013961669457,10.563873007946972,-0.04651816279798865,0.1864464335331304,0.23725611877914124,-0.18994444294708224,1.410995634086722,0.015050397776293356,0.3431361021507199,0.0,0.5862068965517241,0.43502051983584133,0.2136897735143147,0.12665744125843048
coatue,2020-06-30,2020-08-31,2020-08-14,4.477336814478207,0.045099614378408856,0.10815915353315719,0.5598329478834986,0.378926433212306,0.42045454545454547,0.66,0.36448245181025835,15.299610051001858,0.5708916997137352,0.7901428689334065,0.29295498606465753,-0.13419354609021195,-0.13971237299447864,-0.04516686004640602,0.2829188443280205,1.0,0.05172413793103448,0.43502051983584133,0.730523101309929,0.28273552656173706
corvex,2020-06-30,2020-08-31,2020-08-14,3.2188758248682006,0.11188774692993675,0.2722773736799905,0.7841868525796141,0.4467367547325206,0.44,0.44,0.38264488837274785,11.28327610445738,-0.3398309605811225,,0.6251761328376428,-0.5221769589506409,,0.09355902226482737,0.4216447266392539,0.0,0.9310344827586207,0.43502051983584133,0.07892063676440587,0.2868505120277405
d1,2020-06-30,2020-08-31,2020-08-14,3.8501476017100584,0.04097956625786665,0.09073582514698655,0.5311283789866186,0.4081959615842723,0.46808510638297873,0.2647058823529412,0.32681656645696044,14.71352506030079,0.2641730997202639,,0.2162212653083843,-0.11345715670275225,,0.007499318824524537,0.33558502319895106,0.0,0.1896551724137931,0.43502051983584133,0.20629244600049648,0.3489159941673279
darsana,2020-06-30,2020-08-31,2020-08-14,2.4849066497880004,0.1100964962701845,0.22422245010462175,0.9145652418747741,0.340178667568387,0.3333333333333333,0.38461538461538464,-0.22611217603715356,8.75413418848509,0.3301786539579038,0.7208098208238516,0.3053172164697484,-0.1825008865526926,2.3969798338942567,0.09476981097692827,0.4228555153513548,0.0,0.15517241379310345,0.43502051983584133,0.37913280544377914,0.30319634079933167
dragoneer,2020-06-30,2020-08-31,2020-08-14,3.1354942159291497,0.09826691113358499,0.20566722063973122,0.8325489706336858,0.1952319618147239,0.21739130434782608,0.25,0.2986653869710466,11.772885508442265,0.2955401413582911,0.9581896402577046,0.46447478329263997,-0.22093156683367354,0.13651160858278164,-0.1252391531433259,0.20284655123110062,1.0,0.1724137931034483,0.43502051983584133,0.6128455975184657,0.6744815707206726
duquesne,2020-06-30,2020-08-31,2020-08-14,4.248495242049359,0.039398383247929256,0.11230025714128913,0.5157597533258668,0.47260530497308695,0.5857142857142857,0.32558139534883723,0.2817762316674881,17.35530475397125,0.21069333886402541,0.4367441845746266,0.28507109442957485,-0.20578281744796534,0.21722116314871218,-0.013142181629130334,0.3149435227452962,1.0,0.22413793103448276,0.43502051983584133,0.23425821942891775,0.22631138563156128
egerton,2020-06-30,2020-08-31,2020-08-12,3.332204510175204,0.050667679391688196,0.08805314668296406,0.6084546097930975,0.20305078551994293,0.21428571428571427,0.15384615384615385,0.33030112724001687,19.314974206737293,0.08569234075128546,0.1585663877189859,0.244457445409248,-0.1993364208301318,0.27892640480684844,-0.08000628814881769,0.24807941622560883,1.0,0.3620689655172414,0.43502051983584133,0.14492573157971242,0.1477094441652298
eminence,2020-06-30,2020-08-31,2020-08-17,4.2626798770413155,0.022586656742464014,0.05351239422370585,0.35014598259334334,0.3309474552582805,0.19718309859154928,0.42424242424242425,-0.06063511112574163,6.59135349466628,-0.10216983597815246,-0.10222573128745488,0.3438806294607863,-0.30230621997855656,0.3869081180208431,0.2625608190250117,0.5906465233994382,0.0,0.6724137931034483,0.43502051983584133,0.21228588560449654,0.3306111991405487
fisher,2020-06-30,2020-08-31,2020-08-07,6.71295620067707,0.016348884485207434,0.05095570133649926,0.3215629859377668,0.1289631185234018,0.1385176184690158,0.08868894601542417,0.23948294646105614,11.889044476487195,0.1343285096926916,0.10380555333128882,0.19265028606220275,-0.14227566615789167,0.4718647083789949,-0.09761192766957497,0.23047377670485156,1.0,0.3103448275862069,0.43502051983584133,0.4079843863449165,0.37288030982017517
fundsmith,2020-06-30,2020-08-31,2020-08-12,3.5263605246161616,0.05802092858978329,0.10616106311647547,0.6611031297823974,0.08142859222362397,0.029411764705882353,0.029411764705882353,0.254446224739629,14.489525895111203,-0.0010805865211882537,0.316657478800637,0.2088592429007735,-0.15442921981464486,0.6526996109051006,0.02645705024631917,0.3545427546207457,0.0,0.5172413793103449,0.43502051983584133,0.2926882059888636,0.07423082739114761
gardner-russo,2020-06-30,2020-08-31,2020-08-14,4.454347296253507,0.08249750759441318,0.16244109638197524,0.8031580324814935,0.051815218110453753,0.09302325581395349,0.07142857142857142,-0.004872505436969981,9.945936176122707,-0.22408846962020063,-0.30006047650410206,0.20181831532463052,-0.2066546710979026,-1.5828384660854848,-0.10616898938551358,0.22191671498891294,1.0,0.896551724137931,0.43502051983584133,0.6615970935540785,0.7825560569763184
giverny,2020-06-30,2020-08-31,2020-08-07,3.8918202981106265,0.060710402101213715,0.14989628515913217,0.6430906823700681,0.09499087311701815,0.24489795918367346,0.0975609756097561,0.2474531486502499,11.394191968911402,-0.10163900072635237,-0.08067884228376032,0.289639616220836,-0.2571253255634697,0.0924557428166859,0.02573703963080809,0.3538227440052346,0.0,0.6551724137931034,0.43502051983584133,0.3780308947095649,0.5224155783653259
glenview,2020-06-30,2020-08-31,2020-08-14,3.7612001156935624,0.04747285073682157,0.09897476417031564,0.5964266779798172,0.2114225160456803,0.23255813953488372,0.25,-0.017175377809002194,6.549575466466954,-0.13930197744143108,,0.3377278647095555,-0.29734508969088536,,0.3336669543007571,0.6617526586751836,0.0,0.7413793103448276,0.43502051983584133,0.37177600626580953,0.5692663192749023
gotham,2020-06-30,2020-08-31,2020-08-13,6.949856455000773,0.004123142113568529,0.02122703554449534,0.12846747004538647,0.32733448462307124,0.2099712368168744,0.218957345971564,-0.07482736371422807,7.926605622653424,-0.06284796076092725,-0.009184027591366384,0.2070265165898742,-0.18743738734572313,0.4004174860753158,-0.018308627613810358,0.30977707676061617,1.0,0.6379310344827587,0.43502051983584133,0.2569846980034974,0.2706283628940582
greenlight,2020-06-30,2020-08-31,2020-08-14,3.091042453358316,0.14506529803427118,0.3122661876791833,0.8849108016921894,0.29562401877870714,0.5,0.5,0.27351811976921186,3.454601076847773,-0.20635089372834065,-0.44969036518963773,0.47161276062721674,-0.42780875951320163,0.36162988988562383,0.3328825957841616,0.6609683001585881,0.0,0.8448275862068966,0.43502051983584133,0.3684678629294231,0.5190311670303345
harris,2020-06-30,2020-08-31,2020-08-14,4.882801922586371,0.020057909463563624,0.05351459849291504,0.3410655207244859,0.0856575412571795,0.08333333333333333,0.06201550387596899,0.1297246398006798,11.762380571695125,-0.1646460295345645,-0.3516344902135373,0.3135792802438431,-0.30962540529219273,-1.355692276366845,0.2065428999990876,0.5346286043735141,0.0,0.7931034482758621,0.43502051983584133,0.3261196253434044,0.3675902485847473
hitchwood,2020-06-30,2020-08-31,2020-08-14,3.713572066704308,0.0386554979913487,0.11359705928593354,0.45864995171179807,0.36601347183494637,0.3902439024390244,0.2857142857142857,0.5611907222148272,16.24244935353702,0.33516142446672026,0.7655535875750028,0.3036498298318369,-0.18782837578235068,-0.04533559284653914,0.002178212628729359,0.3302639170031559,0.0,0.13793103448275862,0.43502051983584133,0.4779410698557067,0.2906341850757599
hound,2020-06-30,2020-08-31,2020-08-14,3.970291913552122,0.05177709596798435,0.08706477420673334,0.6308480579233606,0.3817769935806463,0.6037735849056604,0.4166666666666667,0.03204808265093283,12.12942159663306,-0.1279349606019692,,0.3779998488241193,-0.329478372782244,,-0.09810957725339031,0.2299761271210362,1.0,0.7068965517241379,0.43502051983584133,0.16035695939313813,0.3075820803642273
icahn,2020-06-30,2020-08-31,2020-08-14,2.772588722239781,0.2836209628743187,0.504119489374957,0.9715675890307561,0.1226059792655455,0.0,0.15789473684210525,0.09131778627611402,2.385866696355584,-0.4536150321495981,-0.4174622743622404,0.31460976713641314,-0.345377004330368,0.7062425826616705,0.03555531427731401,0.36364101865174053,0.0,1.0,0.43502051983584133,0.2996028625269691,0.7117773294448853
lansdowne,2020-06-30,2020-08-31,2020-08-14,3.6109179126442243,0.06665655183414033,0.12654415435906521,0.7068580281226644,0.40010546203476105,0.5405405405405406,0.2916666666666667,0.29569668740757893,7.710396540624117,-0.39948725205776087,-0.46900946147930517,0.3599776327894177,-0.4033011790536054,0.23192875127381826,0.2429050153618174,0.5709907197362439,0.0,0.9827586206896551,0.43502051983584133,0.11716716860921852,0.35159778594970703
light-street,2020-06-30,2020-08-31,2020-08-14,3.6635616461296463,0.033254291826832566,0.07887506816843953,0.4186216489182628,0.38538511454549573,0.2564102564102564,0.35555555555555557,0.06652119276188438,11.797585016134018,0.3739663551998381,0.9186783776890646,0.31462244142505075,-0.15820849334019804,-0.26206100693297263,-0.1121020420767121,0.21598366229771443,1.0,0.10344827586206896,0.43502051983584133,0.603255874551748,0.5143536925315857
lone-pine,2020-06-30,2020-08-31,2020-08-14,3.332204510175204,0.04619890913151468,0.08160054830578485,0.5642878157488757,0.3631715465543859,0.2857142857142857,0.47368421052631576,0.169416230999502,18.40350558835113,0.40419098232106965,0.637528908362317,0.25786332539460305,-0.14200574143067324,0.6257252347900936,-0.04155687652448903,0.2865288278499375,1.0,0.08620689655172414,0.43502051983584133,0.2704858780900825,0.12434523552656174
markel-13f,2020-06-30,2020-08-31,2020-08-03,4.727387818712341,0.02458407150032856,0.055470878031205956,0.41868598034529303,0.15751591330936743,0.04424778761061947,0.16923076923076924,0.009614674856915799,11.618112292705137,-0.055796723529548814,0.0422746624539998,0.2499194809587114,-0.21689747973267492,0.4462372475758823,0.026846213215217463,0.354931917589644,0.0,0.603448275862069,0.43502051983584133,0.23687322169171898,0.29563331604003906
marshall-wace,2020-06-30,2020-08-31,2020-08-13,7.461065514354283,0.005423626159628107,0.02885750393467168,0.15699266841332848,0.39927362161273583,0.31972397929844737,0.36602357984994643,0.19502056726745892,9.045057085355658,0.019429248171724978,0.20045870448237646,0.25151810868348573,-0.18888075463539722,0.6992718587640737,-0.03222759868149888,0.29585810569292764,1.0,0.4482758620689655,0.43502051983584133,0.2683879046724156,0.14119800925254822
matrix,2020-06-30,2020-08-31,2020-08-14,3.1354942159291497,0.06976160267521501,0.14187433190468568,0.7270102332286933,0.18304528743424853,0.21739130434782608,0.18181818181818182,0.49466580591505327,12.613081596603797,0.21369862272798734,0.21619447883162635,0.309901098520258,-0.16676498959378738,-1.1844313984926342,-0.11033295549434549,0.21775274888008103,1.0,0.20689655172413793,0.43502051983584133,0.6186333802744971,0.6844557523727417
maverick,2020-06-30,2020-08-31,2020-08-14,6.333279628139691,0.0352715180244309,0.08103948875257774,0.5303584179260492,0.3542177378107374,0.4706927175843694,0.3605150214592275,0.002892512693022384,15.25667279050276,0.02033474616545783,-0.10867805807804048,0.29383285749524796,-0.2521728960054337,-0.5253299524927526,-0.21117013952723326,0.11691556484719326,1.0,0.43103448275862066,0.43502051983584133,0.2459919779287254,0.2437705248594284
melvin,2020-06-30,2020-08-31,2020-08-14,4.04305126783455,0.032728150396771655,0.07075258115017989,0.4708071553438753,0.3169233548734547,0.3157894736842105,0.2777777777777778,0.1986669939706663,14.60818489265266,0.07166635075576311,0.24950162088467065,0.2729213153809319,-0.19928738626971954,-0.12911197143605346,-0.0715874866805844,0.2564982176938421,1.0,0.3793103448275862,0.43502051983584133,0.263510461996111,0.1861189305782318
pershing-square,2020-06-30,2020-08-31,2020-08-14,1.9459101490553132,0.15761318268621666,0.22149403545385304,1.0,0.1945796599037778,0.0,0.3,0.1650968855446951,8.090480136774715,-0.13331958032028957,0.23769981239164428,0.35673181436210244,-0.29141966556462984,0.6646464336654684,0.0923199667925888,0.4204056711670153,0.0,0.7241379310344828,0.43502051983584133,0.2518918895452934,0.4639374017715454
polen,2020-06-30,2020-08-31,2020-08-13,4.143134726391533,0.05418371751743312,0.1086101132164705,0.622746712730441,0.05166464923870251,0.07936507936507936,0.07936507936507936,0.3614519446665987,18.97731085691302,0.18017763307539164,0.6032227156369172,0.23333610481526243,-0.1520956155244353,2.682625882440388,0.011783470439603205,0.33986917481402973,0.0,0.2413793103448276,0.43502051983584133,0.1194798190081219,0.26744571328163147
pzena,2020-06-30,2020-08-31,2020-07-31,5.1298987149230735,0.018654139812357494,0.03679109051605893,0.3019295901035889,0.10054754883218198,0.10650887573964497,0.08484848484848485,0.14809124435610557,6.221681605726892,-0.3437468073459151,-0.5519020402325021,0.37894767851155137,-0.4031503046281687,-0.23279921460316688,0.28942313170586365,0.6175088360802902,0.0,0.9482758620689655,0.43502051983584133,0.17575253884140696,0.6011928915977478
ruane-cunniff,2020-06-30,2020-08-31,2020-08-14,3.6109179126442243,0.05807578559054461,0.09739953504397944,0.6534516357421908,0.14426774901560258,0.02702702702702703,0.05263157894736842,0.17863303016545398,15.57594426853321,0.08642700351315252,0.1328667076611042,0.34053806500186395,-0.2521620033810569,-0.6280084987636079,0.013109988184072385,0.3411956925584989,0.0,0.3448275862068966,0.43502051983584133,0.2384228934506541,0.18291296064853668
sands,2020-06-30,2020-08-31,2020-08-11,4.343805421853684,0.03207119431660615,0.0744034239334037,0.45190956061701143,0.13400273134142604,0.07792207792207792,0.06578947368421052,0.32061553461757375,15.70059189472991,0.3361398023752077,0.6355437783207198,0.24168771338192124,-0.13077923724524976,0.381621097059369,-0.02274810628732654,0.3053375980871,1.0,0.1206896551724138,0.43502051983584133,0.4471874082946745,0.21227169036865234
semper-augustus,2020-06-30,2020-08-31,2020-08-14,3.295836866004329,0.09144373595210184,0.21064803035186222,0.7601648771054909,0.06912320684359985,0.037037037037037035,0.037037037037037035,0.10850732420877347,8.45050577013327,-0.14556045278425095,-0.12945302484911603,0.21689898803592697,-0.20793361006027067,0.7428598731463184,0.0432910026424721,0.3713767070168986,0.0,0.7586206896551724,0.43502051983584133,0.391295626022684,0.5591887831687927
senator,2020-06-30,2020-08-31,2020-08-13,3.8501476017100584,0.0372646029597845,0.09774141081018482,0.4817620694602167,0.6123262126248898,0.5957446808510638,0.40625,0.0467022127633548,12.071170017301965,-0.05686979559109909,,0.2775797676088157,-0.23217454699211726,,-0.11587410994967473,0.2122115944247518,1.0,0.6206896551724138,0.43502051983584133,0.11528667917757054,0.29289814829826355
soroban,2020-06-30,2020-08-31,2020-08-14,2.833213344056216,0.08248013753840805,0.11915932447176852,0.8523926583929665,0.28345400265166076,0.29411764705882354,0.2,0.1938809673046871,17.995935306383853,-0.03787371856106911,-0.17701926689789843,0.29124787250291934,-0.24603160127164114,-0.5781027734249662,-0.12466306211356465,0.20342264226086187,1.0,0.5517241379310345,0.43502051983584133,0.11200800561514496,0.17326903343200684
southeastern,2020-06-30,2020-08-31,2020-08-14,3.367295829986474,0.06388064152597814,0.1548397558231489,0.673715564403266,0.1611650748177733,0.06896551724137931,0.15625,-0.04740062660686709,5.868969732348444,-0.19180554371020286,,0.3416561998980333,-0.33421428608831416,,0.10629892028869525,0.4343846246631218,0.0,0.8103448275862069,0.43502051983584133,0.42981974834811587,0.7514095902442932
srs,2020-06-30,2020-08-31,2020-08-14,3.258096538021482,0.1187202530350436,0.26813654077814353,0.8552774054381204,0.19292940413927018,0.19230769230769232,0.27586206896551724,0.1706838264218298,14.54110287114289,0.4247767421549653,0.7451770370388096,0.2795926383715464,-0.15982375632147838,0.992963998158445,0.03947613981389669,0.3675618441883232,0.0,0.06896551724137931,0.43502051983584133,0.6265619659813191,0.48470404744148254
steadfast,2020-06-30,2020-08-31,2020-08-14,4.418840607796598,0.029806238933347974,0.07404620058611373,0.4429234890715993,0.24324063759094072,0.40963855421686746,0.057692307692307696,0.26966392113923465,15.076961424702167,0.012704006628203368,0.18190109396246634,0.30375237218257817,-0.249097258706779,0.8914141468304997,-0.10629031882231907,0.22179538555210745,1.0,0.46551724137931033,0.43502051983584133,0.12838059373693514,0.06867114454507828
suvretta,2020-06-30,2020-08-31,2020-08-14,4.3694478524670215,0.031175788456471645,0.09077003174090002,0.42370361230616577,0.4274538883537291,0.5443037974683544,0.4375,0.2282577535614685,13.868276339723502,0.005693015274183921,0.09065967052897339,0.2589012414873231,-0.19903292252581184,-0.9841014348428475,-0.11710668162462692,0.2109790227497996,1.0,0.4827586206896552,0.43502051983584133,0.391728980158803,0.19324298202991486
tci,2020-06-30,2020-08-31,2020-08-14,2.8903717578961645,0.1222912715044122,0.21134859295587474,0.9495626774850445,0.09206534928612009,0.16666666666666666,0.16666666666666666,0.17975653191173874,17.716706147350568,0.1486044901872537,,0.23246679917378116,-0.1635690712075557,,0.04874945855780377,0.3768351629322303,0.0,0.29310344827586204,0.43502051983584133,0.28033400626571586,0.3765023350715637
third-avenue,2020-06-30,2020-08-31,2020-08-14,4.174387269895637,0.03397783056448811,0.06979158930495671,0.49560071688907137,0.11247153581598479,0.046153846153846156,0.07462686567164178,0.053793699889418664,3.519643685392755,-0.3875216512088008,-0.682245559282304,0.37264060863584225,-0.3793151064285696,-1.4051675020831405,0.15957494353010238,0.4876606479045289,0.0,0.9655172413793104,0.43502051983584133,0.34823702158070413,0.6975706815719604
third-point,2020-06-30,2020-08-31,2020-08-17,3.58351893845611,0.0475429302492931,0.08396146483565632,0.5931519052169996,0.42479647347896365,0.4166666666666667,0.3,0.1533113331072572,16.16589160722126,0.0019168924004409893,0.02417793060967488,0.21401319997645157,-0.15256274079435328,-1.506030941204973,-0.03918471621719971,0.2889009881572268,1.0,0.5,0.43502051983584133,0.2924212452084044,0.11618933826684952
tiger-global,2020-06-30,2020-08-31,2020-08-14,4.290459441148391,0.04902472816552727,0.12053094870961169,0.5846709906778413,0.10599505406128384,0.0547945205479452,0.06756756756756757,0.44000515795772716,17.150327693816113,0.6813801628232604,1.0516061942023935,0.2855927559954664,-0.11988685213069827,0.24389322914190875,-0.17790616513620064,0.15017953923822588,1.0,0.017241379310344827,0.43502051983584133,0.7311643970123788,0.38450589776039124
tiger-management,2020-06-30,2020-08-31,2020-08-14,3.6888794541139363,0.07987793165291919,0.16305293691080494,0.8074208363548465,0.18361480515762518,0.325,0.3076923076923077,0.32488146348520397,13.007707880106357,0.14962876685353582,0.29575651929714286,0.2702810762703792,-0.19243777874067947,0.4159009554291982,0.1932872934956288,0.5213729978700553,0.0,0.27586206896551724,0.43502051983584133,0.5174985939456559,0.5142160058021545
trian,2020-06-30,2020-08-31,2020-08-14,1.9459101490553132,0.20158072029530316,0.276234747360424,1.0,0.262942657973375,0.0,0.125,-0.3635269264967054,8.730113501507516,-0.19384595841763153,-0.3030524162395588,0.239640793589365,-0.23912575912995804,0.1088283316392209,-0.07069701307498599,0.25738869129944053,1.0,0.8275862068965517,0.43502051983584133,0.1149239818522498,0.36027634143829346
tweedy-browne,2020-06-30,2020-08-31,2020-08-11,3.7612001156935624,0.06106456874660758,0.11103330053318203,0.7025441265782579,0.07781106703366969,0.09302325581395349,0.15217391304347827,0.15103772011463057,11.10170680495402,-0.21050360807132232,-0.43103176626743955,0.2312796160246299,-0.24419645853366645,-2.0722422461638406,0.05097803967792863,0.37906374405235516,0.0,0.8620689655172413,0.43502051983584133,0.5870832004335945,0.5784403085708618
valueact,2020-06-30,2020-08-31,2020-08-14,3.044522437723423,0.10968633875337679,0.17486025346687706,0.9079819217804038,0.12472124570232523,0.047619047619047616,0.16666666666666666,0.2269078321599342,6.954894310960762,-0.22730505323009656,-0.43683419611847085,0.3086326042656776,-0.3202486042603624,-1.5250645735325854,0.4268127016658333,0.7548984060402598,0.0,0.9137931034482759,0.43502051983584133,0.5309691403116336,0.7780125737190247
viking,2020-06-30,2020-08-31,2020-08-07,4.276666119016055,0.030071689458834063,0.07307327505566037,0.4428020700814422,0.36645819642234023,0.3472222222222222,0.265625,0.18597678016170077,12.716804529911911,0.12698362321845152,0.2154190939294679,0.25553168659501274,-0.14225159988472869,-0.6308333058923079,0.007741870943255624,0.33582757531768215,0.0,0.3275862068965517,0.43502051983584133,0.36222552131309754,0.4161667227745056
whale-rock,2020-06-30,2020-08-31,2020-08-14,3.7376696182833684,0.0321459027229846,0.06493431908480718,0.4492498503816614,0.265974195957269,0.14285714285714285,0.2653061224489796,0.5357161916578401,12.279911005105808,0.6745967996058435,1.6479775180363012,0.3744272996379389,-0.1570806665357758,0.5263854955289734,-0.05560213315652629,0.27248357121790023,1.0,0.034482758620689655,0.43502051983584133,0.8084379247400779,0.3507179617881775
yacktman,2020-06-30,2020-08-31,2020-08-06,4.0943445622221,0.03926457198517992,0.06891559744524728,0.5270263572621876,0.06740689307198755,0.06666666666666667,0.017543859649122806,0.03954826241591262,11.30637526408817,-0.21497749581751777,-0.17137965999256616,0.25260661763773495,-0.2557278024951838,0.6436417236788035,0.06977858779093027,0.3978642921653568,0.0,0.8793103448275862,0.43502051983584133,0.16240524079921526,0.20938169956207275
abrams,2020-09-30,2020-11-30,2020-11-13,2.9444389791664403,0.08031754105940304,0.16037906111510242,0.8050054728196985,0.1030844317058962,0.0,0.05,0.022272765170958338,10.791919380925004,-0.002188907568441756,,0.40552172827192057,-0.29242119375710585,,-0.05735857254295268,0.198067290924909,1.0,0.5344827586206896,0.43821656050955415,0.3055184794072776,0.4403497576713562
adage,2020-09-30,2020-11-30,2020-11-16,6.617402977974478,0.011866189020105633,0.052497252114326765,0.2600612218939554,0.1598264205100708,0.1657754010695187,0.13812154696132597,0.022555181964558,10.883628334102744,-0.0163010835359943,-0.02437472826081999,0.26409016914766414,-0.1912513696866882,-1.5200840598448924,0.011339168355523677,0.26676503182338535,0.0,0.5517241379310345,0.43821656050955415,0.5628098388174015,0.612886905670166
akre,2020-09-30,2020-11-30,2020-11-13,3.332204510175204,0.07595004533932503,0.14020745298224677,0.7627791467069509,0.034420422669887984,0.03571428571428571,0.03571428571428571,0.06641598526848536,11.5730604372733,-0.04142336729863469,0.2583166671741449,0.2655681223993821,-0.1771833476184047,0.6589042120075861,-0.04344516341257304,0.21198070005528863,1.0,0.6206896551724138,0.43821656050955415,0.3820770828341438,0.35594624280929565
altimeter,2020-09-30,2020-11-30,2020-11-16,3.295836866004329,0.10472140407264063,0.18116182946747442,0.8569220490135673,0.10675144405234005,0.14814814814814814,0.0,0.2254734022527827,18.85710406978521,0.12003613028601132,0.24503530127029816,0.4724914848300852,-0.3111944323894277,1.3002209628463925,-0.10826876811007832,0.14715709535778335,1.0,0.3103448275862069,0.43821656050955415,0.07404191362552612,0.31285610795021057
appaloosa,2020-09-30,2020-11-30,2020-11-16,3.4657359027997265,0.07637701308697725,0.13410350049461492,0.7713386781802767,0.1559274538575507,0.03125,0.16216216216216217,-0.017966441079620803,20.626587740445178,0.27827822101021027,-0.08477673281152165,0.2904156828041644,-0.16937068846988068,-1.2103575317757393,-0.13744513775856826,0.11798072570929341,1.0,0.20689655172413793,0.43821656050955415,0.20061108573017916,0.5792493224143982
baupost,2020-09-30,2020-11-30,2020-11-13,3.6109179126442243,0.06914378641487759,0.16958872488978374,0.6624329374613319,0.21100741554995284,0.2972972972972973,0.16129032258064516,0.14400520011184842,7.259050335220819,-0.1635873236252361,,0.38445558623351844,-0.2863332872234092,,-0.08739007427914067,0.168035789188721,1.0,0.8448275862068966,0.43821656050955415,0.4526271297711679,0.48088765144348145
berkshire-13f,2020-09-30,2020-11-30,2020-11-16,3.8918202981106265,0.2560879109301135,0.47777773802080614,0.8720956794949876,0.0723578595994393,0.12244897959183673,0.022727272727272728,0.12294337520142039,10.430732706177153,-0.07333484068496385,-0.15721756287383276,0.33621799776777855,-0.2688739050260267,-0.3199734119170309,0.04596460225457277,0.30139046572243444,0.0,0.7068965517241379,0.43821656050955415,0.5092091768073314,0.7245399355888367
cantillon,2020-09-30,2020-11-30,2020-10-30,3.58351893845611,0.03544842052938881,0.07864530548661947,0.4581743687745878,0.03664646134567873,0.0,0.0,0.03824517511312087,10.778542069277709,0.01000715276547004,0.17263454407026435,0.27174744929685396,-0.18994444294708246,1.0248438001156115,0.02519515772135661,0.2806210211892183,0.0,0.5,0.43821656050955415,0.28785301063423563,0.17516909539699554
coatue,2020-09-30,2020-11-30,2020-11-16,4.290459441148391,0.037119714730417745,0.07007845166022696,0.5100837441570106,0.2963685338873162,0.3287671232876712,0.4431818181818182,0.5166998415331184,14.32154017324687,0.7426656118500905,0.9853479232889446,0.30921741639788075,-0.13419354609021217,0.505013089232914,-0.20001261691582606,0.055413246552035604,1.0,0.05172413793103448,0.43821656050955415,0.5013683116581148,0.12570442259311676
corvex,2020-09-30,2020-11-30,2020-11-16,3.4339872044851463,0.11687873510018339,0.29847442817695535,0.7205003851224019,0.24534897529154398,0.3870967741935484,0.24,0.16637291437414312,10.86756964931028,-0.25867200896941295,,0.6453191583084897,-0.5221769589506409,,-0.06917832660747567,0.186247536860386,1.0,0.9655172413793104,0.43821656050955415,0.25124240415411925,0.3422620892524719
d1,2020-09-30,2020-11-30,2020-11-16,3.8918202981106265,0.03925434044707236,0.09486195190228837,0.5287355904587738,0.334111398302398,0.2653061224489796,0.23404255319148937,0.24201147451664312,13.342347911956582,0.2688942507654072,,0.23181311062019525,-0.11345715670275225,,-0.060977882139431505,0.19444798132843016,1.0,0.22413793103448276,0.43821656050955415,0.25339772675826955,0.4910260736942291
darsana,2020-09-30,2020-11-30,2020-11-16,2.4849066497880004,0.10273407660132086,0.19592859653951564,0.9332481329776761,0.16289318213135007,0.08333333333333333,0.08333333333333333,0.15280913182629566,9.95679253221596,0.3983707408720558,0.8886961804245719,0.32596967066847116,-0.1825008865526926,2.654801572825403,-0.08669382523679273,0.16873203823106894,1.0,0.1206896551724138,0.43821656050955415,0.31839397529240215,0.5091592669487
dragoneer,2020-09-30,2020-11-30,2020-11-16,3.4965075614664802,0.09998127392577306,0.21899865124600248,0.7908472080073395,0.3608846683140431,0.3939393939393939,0.13043478260869565,0.3883856421481195,12.973436015955015,0.7468635289156167,1.2893385425366797,0.48053121452194536,-0.22093156683367354,0.3655011253767723,-0.350879127880689,-0.09545326441282734,1.0,0.034482758620689655,0.43821656050955415,0.47173261346028905,0.39830321073532104
duquesne,2020-09-30,2020-11-30,2020-11-16,4.060443010546419,0.05493824392774666,0.16314276190048982,0.5940052426860543,0.32663990877633986,0.25862068965517243,0.38571428571428573,0.04473327053384295,18.43549739991269,0.260368738802081,0.4251999650766214,0.3081477039284409,-0.20578281744796545,0.5212641558859819,-0.03600021610068055,0.21942564736718112,1.0,0.25862068965517243,0.43821656050955415,0.1868658672770735,0.3486470580101013
egerton,2020-09-30,2020-11-30,2020-11-09,3.5553480614894135,0.042122301767400186,0.08965142869286563,0.5351394542223241,0.24689401955964863,0.2857142857142857,0.10714285714285714,0.18438401368035431,17.70946606632045,0.03402729369388993,0.12096773683424455,0.26398144170509913,-0.1993364208301318,0.009674179188059394,-0.0781648792870922,0.17726098418076947,1.0,0.43103448275862066,0.43821656050955415,0.13503418512925125,0.07424570620059967
eminence,2020-09-30,2020-11-30,2020-11-16,4.31748811353631,0.020912800657469168,0.051573430521556926,0.3339488897208149,0.2106524684951625,0.22666666666666666,0.18309859154929578,0.00712538762724188,7.1236972820152875,0.06340336513149605,0.08334790267269121,0.391748235360268,-0.30230621997855667,1.4496745363965517,0.08157437622651281,0.3370002396943745,0.0,0.3793103448275862,0.43821656050955415,0.2408015005693788,0.5861708521842957
fisher,2020-09-30,2020-11-30,2020-11-10,6.878326468291325,0.01676378482444233,0.057721878980575576,0.32897307611208454,0.07560082786023459,0.2121524201853759,0.07047387606318348,0.13918055097706813,11.716101075199258,0.06826951952974716,0.05850587109397365,0.22026027664226017,-0.14227566615789167,0.042468283206139656,-0.05040477359498455,0.20502108987287712,1.0,0.3620689655172414,0.43821656050955415,0.49498196486314067,0.42092400789260864
fundsmith,2020-09-30,2020-11-30,2020-11-12,3.58351893845611,0.05694017966843654,0.09801747211541571,0.6540991561613286,0.03369444670546773,0.05555555555555555,0.0,0.11064741888198597,14.994663720062384,0.05550902185562581,0.2774046762051168,0.23022133136922668,-0.15442921981464486,0.8573100593187728,-0.04761583350203946,0.2078100299658222,1.0,0.39655172413793105,0.43821656050955415,0.2428744271939394,0.06571513414382935
gardner-russo,2020-09-30,2020-11-30,2020-11-12,4.454347296253507,0.08397015805120935,0.16074139404407192,0.8115084636432701,0.036234299536182624,0.03488372093023256,0.03488372093023256,0.044505130689486055,10.255200266803437,-0.19423973502563702,-0.2531718723062472,0.23784370618909367,-0.20665467109790248,-1.0617978599439233,-0.1367854880270613,0.11864037544080036,1.0,0.8793103448275862,0.43821656050955415,0.6008759553310101,0.7893959879875183
giverny,2020-09-30,2020-11-30,2020-11-13,3.9889840465642745,0.05656306936054856,0.13164072458106604,0.6343899070706627,0.04322208301072361,0.14814814814814814,0.061224489795918366,0.08101566517617793,11.713711799843376,-0.13123235701137043,-0.08256484708885736,0.3113175988505881,-0.25712532556346956,0.21894965796682261,0.004302412236165398,0.25972827570402707,0.0,0.7586206896551724,0.43821656050955415,0.381874374481958,0.5695847868919373
glenview,2020-09-30,2020-11-30,2020-11-16,3.8066624897703196,0.06150573241124162,0.15203161974941123,0.6710564849583645,0.13137525432884445,0.15555555555555556,0.11627906976744186,-0.12660590931510923,6.697148993190843,-0.1409122377704503,,0.37411497661640736,-0.29734508969088524,,0.10309933787736325,0.3585252013452249,0.0,0.7931034482758621,0.43821656050955415,0.49192263320694585,0.7183511853218079
gotham,2020-09-30,2020-11-30,2020-11-16,6.918695219020472,0.0041229409956846505,0.02326251274057775,0.1274516981977903,0.2402993203631011,0.13847675568743817,0.16490891658676893,-0.07043218144864853,8.144908296741303,-0.1132591148054732,-0.09816050102799928,0.2378144630468799,-0.18743738734572324,-0.7231097598836725,0.01958737592350851,0.2750132393913702,0.0,0.7241379310344828,0.43821656050955415,0.4103547833507191,0.572261393070221
greenlight,2020-09-30,2020-11-30,2020-11-16,3.5553480614894135,0.13457358985383716,0.3206618859024711,0.8003185891570682,0.18521653531314985,0.4857142857142857,0.18181818181818182,0.27995946736281563,3.357264130064973,-0.020106180767485382,-0.2625672805733037,0.5080376245159194,-0.4278087595132015,1.2649175509300974,0.03193458208068567,0.28736044554854734,0.0,0.5862068965517241,0.43821656050955415,0.6030507487437422,0.6586406230926514
harris,2020-09-30,2020-11-30,2020-11-16,4.882801922586371,0.020130811581384626,0.05167285775572054,0.34099283529331526,0.08252368289852996,0.030303030303030304,0.030303030303030304,-0.0009553133838661636,11.726357759652897,-0.13361871469464198,-0.2678643162979716,0.3551668051407045,-0.30962540529219273,-0.1005456916392623,0.07503211501222873,0.3304579784800904,0.0,0.7758620689655172,0.43821656050955415,0.22186202291809531,0.4696328341960907
hitchwood,2020-09-30,2020-11-30,2020-11-16,3.7612001156935624,0.037381275932546205,0.10220915606475862,0.47576272874484965,0.21257659883006008,0.20930232558139536,0.17073170731707318,0.23783229370626333,15.068284279912504,0.49789929211788275,0.8444213300541576,0.3073483473499963,-0.18782837578235057,0.5993776505501307,-0.22634410720712048,0.029081756260741193,1.0,0.10344827586206896,0.43821656050955415,0.3474350415068194,0.22544752061367035
hound,2020-09-30,2020-11-30,2020-11-16,4.543294782270004,0.03946008850339989,0.06114225395873872,0.5280824045921163,0.32334239361784467,0.6808510638297872,0.4339622641509434,0.28531971567920095,10.073475781853897,-0.16605751571321276,,0.41411652899201645,-0.329478372782244,,-0.15903852839633292,0.09638733507152873,1.0,0.8620689655172413,0.43821656050955415,0.29494152133631135,0.2593803107738495
icahn,2020-09-30,2020-11-30,2020-11-13,2.772588722239781,0.38453324842660797,0.606323408660986,0.974590917928494,0.15205556538323173,0.0625,0.0625,-0.12688013127812933,2.776107677720143,-0.3889243735955591,-0.4167123053059845,0.3564473517422352,-0.3164563034339112,0.25012015392726794,-0.005748485092084532,0.24967737837577714,1.0,1.0,0.43821656050955415,0.356701544616949,0.6192435622215271
lansdowne,2020-09-30,2020-11-30,2020-11-16,3.6375861597263857,0.050529605112864466,0.08767289131949246,0.619691019957679,0.28342574520199004,0.23684210526315788,0.21621621621621623,-0.1813326205723962,7.655105006770843,-0.24886607674487948,-0.327727992511447,0.4340849372161744,-0.4033011790536054,1.1497078553616316,-0.009185588320147098,0.24624027514771457,1.0,0.9482758620689655,0.43821656050955415,0.12618038964651043,0.2989221513271332
light-street,2020-09-30,2020-11-30,2020-11-16,3.784189633918261,0.04948032843144122,0.16434263886042,0.4817995015387691,0.43813329198865236,0.3181818181818182,0.23076923076923078,0.30681222777828043,10.483046378913105,0.6737279091877737,0.9953420030239224,0.3019041358665752,-0.15820849334019793,-0.20492962239493218,-0.295142581519923,-0.03971671805206131,1.0,0.08620689655172414,0.43821656050955415,0.6029456188844111,0.5878487825393677
lone-pine,2020-09-30,2020-11-30,2020-11-16,3.4657359027997265,0.043285440635605146,0.07593732519825588,0.537467754599683,0.27592894266972223,0.34375,0.25,0.17551629907095828,16.849702389930385,0.36863749820180036,0.6926507364930872,0.28341634525937026,-0.14200574143067335,1.1637399394094237,-0.12000895665393879,0.13541690681392288,1.0,0.1724137931034483,0.43821656050955415,0.1613461158244932,0.12545278668403625
markel-13f,2020-09-30,2020-11-30,2020-10-30,4.727387818712341,0.02524830681411172,0.06045218482514192,0.4262407949906095,0.03987476590137162,0.008849557522123894,0.008849557522123894,0.0939610984909045,11.65296489271951,-0.0497381558716688,0.007034021406963298,0.27763626113094336,-0.21689747973267504,0.19301200558054454,0.026560461711140626,0.2819863251790023,0.0,0.6379310344827587,0.43821656050955415,0.3306196156506335,0.3434569537639618
marshall-wace,2020-09-30,2020-11-30,2020-11-16,7.519149957669823,0.0052457313510352495,0.026120966586300746,0.15822952673000845,0.34719749176970094,0.36625067824199675,0.3283496262219667,0.03286465276768378,8.984385568261056,0.030420173223784736,0.14197926696070684,0.2726109940350653,-0.18888075463539733,0.18687758754997402,-0.03383766619724779,0.22158819727061388,1.0,0.46551724137931033,0.43821656050955415,0.349638056117058,0.2501028776168823
matrix,2020-09-30,2020-11-30,2020-11-16,3.332204510175204,0.06312358525119736,0.13316410079278485,0.701230442363244,0.16867446200233382,0.25,0.08695652173913043,0.1576422404168598,12.654252034159336,0.3867123033277594,0.44405231228188335,0.3066849215603568,-0.16676498959378738,-0.7472193874977335,-0.20735558765881565,0.04807027580904602,1.0,0.15517241379310345,0.43821656050955415,0.5721856605903843,0.5104636549949646
maverick,2020-09-30,2020-11-30,2020-11-16,6.329720905522696,0.029164315217543858,0.06625138184040043,0.454646729376398,0.28411896536927983,0.33511586452762926,0.33747779751332146,0.12349217289884791,13.314605860174389,-0.052232728826347885,-0.11087522572330627,0.30050008153360586,-0.2521728960054338,-0.5992444996987498,-0.2857773482615095,-0.030351484793647868,1.0,0.6551724137931034,0.43821656050955415,0.3177083061254881,0.20723149180412292
melvin,2020-09-30,2020-11-30,2020-11-16,4.060443010546419,0.03054294950598292,0.06500416368548381,0.4419560707252231,0.3451502994543636,0.29310344827586204,0.2807017543859649,0.18365983244872716,13.81112589405574,0.11825563588028112,0.18852386398024445,0.29270960887439174,-0.19928738626971954,-0.3985162098762711,-0.11038679031920728,0.14503907314865438,1.0,0.3275862068965517,0.43821656050955415,0.23562345144023117,0.19203504920005798
pershing-square,2020-09-30,2020-11-30,2020-10-23,1.9459101490553132,0.15917041117712327,0.23326330536181528,1.0,0.020340888325372286,0.0,0.0,0.12925765657380212,8.279256551166796,-0.025197070339936456,0.35013569908014053,0.3619709887749931,-0.29141966556462984,1.1154224040033824,0.04288229323939441,0.2983081567072561,0.0,0.603448275862069,0.43821656050955415,0.3628287469722147,0.47082942724227905
polen,2020-09-30,2020-11-30,2020-11-12,4.174387269895637,0.04980940797198645,0.0837564090552509,0.6050104026332173,0.0890198788297859,0.1076923076923077,0.07936507936507936,0.12224208774991821,18.363408834946,0.14367012919690583,0.5411647889997955,0.25247258904529285,-0.1520956155244353,3.232244799787493,-0.0083530411119217,0.24707282235593997,1.0,0.29310344827586204,0.43821656050955415,0.05760500525766365,0.19360655546188354
pzena,2020-09-30,2020-11-30,2020-10-30,5.117993812416755,0.01864277199243584,0.03810926361704609,0.30619321166943503,0.08323937028605977,0.0718562874251497,0.08284023668639054,0.04441427245391216,6.115675474767464,-0.24433630037820817,-0.43361419168694004,0.4415697464359928,-0.4031503046281688,1.0375209701602162,0.04898794709667853,0.3044138105645402,0.0,0.9310344827586207,0.43821656050955415,0.21732172540256442,0.5761387348175049
ruane-cunniff,2020-09-30,2020-11-30,2020-11-16,3.5553480614894135,0.054581205039338256,0.08090151101765854,0.6282418742447055,0.10959997853014758,0.05714285714285714,0.10810810810810811,0.1185204338914575,14.44721532596823,0.025940885401181252,0.0546464434247782,0.3667551554863454,-0.25216200338105677,-0.8159928925776385,0.1026852357337083,0.35811109920156997,0.0,0.4827586206896552,0.43821656050955415,0.27538525822217885,0.20877346396446228
sands,2020-09-30,2020-11-30,2020-11-16,4.343805421853684,0.03219419347768606,0.08559790654864335,0.45231643002871047,0.1286764591236772,0.05194805194805195,0.05194805194805195,0.11205558356195759,15.845186478438139,0.3409530447959256,0.7052855040833963,0.2528429853980712,-0.13077923724524976,1.043934766585201,-0.12043961670017664,0.13498624676768503,1.0,0.1896551724137931,0.43821656050955415,0.2424419410811874,0.15728764235973358
semper-augustus,2020-09-30,2020-11-30,2020-11-13,3.295836866004329,0.09943295509259614,0.2256322045647095,0.7834201946034762,0.039426974602796316,0.0,0.0,0.09638955342038809,9.578110959924008,-0.0724768093947892,-0.04782184362457831,0.2499905762549315,-0.20793361006027056,1.5824079508986384,-0.030862535618953635,0.22456332784890803,1.0,0.6896551724137931,0.43821656050955415,0.36616136838897273,0.6327030062675476
senator,2020-09-30,2020-11-30,2020-11-13,4.060443010546419,0.03499869857172685,0.1089098836276996,0.4531930513660348,0.27432087181607145,0.43103448275862066,0.2978723404255319,0.17031527329061072,11.067386833375414,0.0057612576061977505,,0.2935354263672362,-0.23217454699211726,,-0.21082526817624925,0.04460059529161241,1.0,0.5172413793103449,0.43821656050955415,0.3608001460008665,0.3594624400138855
soroban,2020-09-30,2020-11-30,2020-11-16,3.091042453358316,0.07357945989447863,0.10987832761377513,0.7959191134165452,0.1796619857882915,0.2727272727272727,0.058823529411764705,0.2407605189343576,16.88674661371649,-0.06004017922322655,-0.12524003984648824,0.31083018295665443,-0.24603160127164103,-0.0077573272370029785,-0.13245303143682602,0.12297283203103565,1.0,0.6724137931034483,0.43821656050955415,0.13612034661372735,0.08649531751871109
southeastern,2020-09-30,2020-11-30,2020-11-16,3.367295829986474,0.07001832943118665,0.16362774003200806,0.7271865380711288,0.1456880131826016,0.1724137931034483,0.1724137931034483,-0.03220670921866139,5.5638746533578045,-0.15341600613562656,,0.3691368305447956,-0.33421428608831416,,-0.0343016222703221,0.22112424119753957,1.0,0.8103448275862069,0.43821656050955415,0.5568228339931592,0.809402585029602
srs,2020-09-30,2020-11-30,2020-11-16,3.4339872044851463,0.11809362705110009,0.25582318564782164,0.822924012636887,0.2532835135402304,0.3225806451612903,0.19230769230769232,0.04794912507391865,13.458346384275707,0.39753865182254333,0.8745022812621526,0.30214193654009613,-0.15982375632147827,0.9997505789568781,0.5726922712444031,0.8281181347122648,0.0,0.13793103448275862,0.43821656050955415,0.42739389813090195,0.4387916326522827
steadfast,2020-09-30,2020-11-30,2020-11-16,4.48863636973214,0.029917528943357783,0.08267881695573236,0.4212096541138184,0.19088442943359762,0.24719101123595505,0.1927710843373494,0.0623905750426561,14.448917018878465,-0.01710791933870673,0.22725640209129094,0.3235891356571303,-0.249097258706779,1.1296069754503881,-0.17845973246443392,0.07696613100342775,1.0,0.5689655172413793,0.43821656050955415,0.15681942541179586,0.14762508869171143
suvretta,2020-09-30,2020-11-30,2020-11-16,4.5217885770490405,0.03073761083084007,0.0859792363461586,0.4133714595327862,0.29952622523279904,0.4673913043478261,0.379746835443038,0.1747869693566076,13.478615739565065,0.03954458335257774,0.13017789834291982,0.2865652835567452,-0.19903292252581195,-0.7659563822621833,-0.19677745288985213,0.058648410578009534,1.0,0.41379310344827586,0.43821656050955415,0.40495764078698826,0.2253340482711792
tci,2020-09-30,2020-11-30,2020-11-16,2.5649493574615367,0.1304204952572396,0.23316205850348717,0.9727394079255915,0.06792258305346921,0.0,0.2777777777777778,0.1007140789419321,17.356036413604212,0.0962060429013101,,0.2550338312644796,-0.16356907120755582,,0.030300891455026235,0.2857267549228879,0.0,0.3448275862068966,0.43821656050955415,0.2887842569100479,0.30076274275779724
third-avenue,2020-09-30,2020-11-30,2020-11-16,4.1588830833596715,0.03450876104061195,0.06686949946905804,0.4974689913214617,0.08301325960981742,0.03125,0.046153846153846156,0.008145937034738765,3.476847038678149,-0.3462354514785402,-0.6658292358922309,0.4046363847088773,-0.3793151064285696,-1.8341619516254963,0.05500705620181323,0.3104329196696749,0.0,0.9827586206896551,0.43821656050955415,0.6226588772625192,0.7423309683799744
third-point,2020-09-30,2020-11-30,2020-11-13,3.8501476017100584,0.0436080682574757,0.0797690928896425,0.5681385714712937,0.27574787452344607,0.44680851063829785,0.2777777777777778,0.3138939519757048,16.041113175829928,0.03349668678500842,-0.014130277752455123,0.22899074920019002,-0.1525627407943534,-1.5399596274198564,-0.04055138103430547,0.2148744824335562,1.0,0.4482758620689655,0.43821656050955415,0.3828766280357875,0.22912707924842834
tiger-global,2020-09-30,2020-11-30,2020-11-16,4.499809670330265,0.04277102383165259,0.1128157144215671,0.5465422006114968,0.14984945634122226,0.2222222222222222,0.0410958904109589,0.3205071597340868,15.286594245307581,0.7100818782133783,1.167551264558519,0.292762997806016,-0.11988685213069816,0.8998600941279983,-0.23423763960392666,0.021188223863935013,1.0,0.06896551724137931,0.43821656050955415,0.47594551786711886,0.21339161694049835
tiger-management,2020-09-30,2020-11-30,2020-11-16,3.6888794541139363,0.07893359173756112,0.15443749412766247,0.8059181773403222,0.09604877893194252,0.275,0.275,0.059423827212876056,14.6669751126777,0.22023641821615877,0.5103747403761835,0.3028101820747122,-0.19243777874067947,1.7447958811989104,0.029617958695753843,0.2850438221636155,0.0,0.27586206896551724,0.43821656050955415,0.3143239213360492,0.49136680364608765
trian,2020-09-30,2020-11-30,2020-11-16,2.1972245773362196,0.1645802623425748,0.2506744798250963,1.0,0.2521549808058724,0.3333333333333333,0.14285714285714285,0.22664041977334357,8.178936861813849,-0.12268372951280519,-0.12643361848822027,0.28103665537461076,-0.23912575912995804,1.1348323320266667,-0.19933138038574216,0.05609448308211952,1.0,0.7413793103448276,0.43821656050955415,0.25585351887795693,0.36848580837249756
tweedy-browne,2020-09-30,2020-11-30,2020-11-13,3.8501476017100584,0.06077406399160798,0.12839527326944086,0.6935045058386334,0.0638708446535976,0.0851063829787234,0.0,0.028889690272541575,10.687016144726467,-0.21314105277374307,-0.4219100118873744,0.26648941035719526,-0.24419645853366634,-2.3665388227807997,-0.010355037329548261,0.2450708261383134,1.0,0.9137931034482759,0.43821656050955415,0.6351111367923274,0.7675067186355591
valueact,2020-09-30,2020-11-30,2020-11-16,2.4849066497880004,0.1483201711417284,0.21869320553981955,0.995377669445129,0.17113990893116815,0.08333333333333333,0.47619047619047616,-0.20607427090879338,7.26923049871655,-0.20490290179674656,-0.3474007353423513,0.36719807702680635,-0.3202486042603624,-0.7489200908474273,0.2656440607780606,0.5210699242459222,0.0,0.896551724137931,0.43821656050955415,0.503731673559553,0.5704169869422913
viking,2020-09-30,2020-11-30,2020-11-16,4.454347296253507,0.025569317455203338,0.06274296792075602,0.4053967220600891,0.30233070883427116,0.37209302325581395,0.25,0.17917575412357659,12.027451175198468,0.2652704462070954,0.24972821462382,0.25388794475525456,-0.14225159988472857,-0.4846915246036804,-0.12851984253036206,0.12690602093749961,1.0,0.2413793103448276,0.43821656050955415,0.42421875613602955,0.36867550015449524
whale-rock,2020-09-30,2020-11-30,2020-11-16,3.828641396489095,0.03098173364324285,0.06945115612840926,0.41317242487072514,0.24092219586509567,0.2608695652173913,0.19047619047619047,0.15611941475237032,12.547895607881596,0.9075287351883908,1.8333184486041825,0.3749474421074856,-0.1570806665357758,1.0039673971304697,-0.1555026010815071,0.09992326238635456,1.0,0.017241379310344827,0.43821656050955415,0.5342688445474594,0.3156442940235138
yacktman,2020-09-30,2020-11-30,2020-10-30,4.0943445622221,0.04062516353003055,0.06789788311622845,0.5450224023769352,0.05129984852309777,0.016666666666666666,0.016666666666666666,0.07221836978959878,11.412478464955328,-0.16068527614127015,-0.09567392337807612,0.2999247002600083,-0.2557278024951837,1.1669336586898307,0.04218521014370069,0.29761107361156236,0.0,0.8275862068965517,0.43821656050955415,0.18324478503947642,0.3097091317176819
abrams,2020-12-31,2021-02-28,2021-02-12,2.833213344056216,0.09443668608786647,0.19405631038992208,0.8723679857725074,0.09481274138425966,0.0,0.10526315789473684,0.11398769668596619,10.94808662954681,0.005527038331695711,-0.20440945001642508,0.39705303944681275,-0.09642522696304068,-0.17504559374882397,-0.07058398066826924,0.034974059158959694,1.0,0.4915254237288136,0.441141498216409,0.4188550287730879,0.540463387966156
adage,2020-12-31,2021-02-28,2021-02-16,6.68586094706836,0.010476063898313145,0.05237091085500064,0.24372288094240732,0.19189077929935305,0.21473158551810237,0.1590909090909091,0.13824749759074562,10.736142898185586,-0.05608001239439453,-0.06900894420662734,0.2425333935185932,-0.07746153258739319,-1.3090122169114369,0.029860822877024865,0.1354188627042538,0.0,0.6271186440677966,0.441141498216409,0.5167457685349033,0.4637318253517151
akre,2020-12-31,2021-02-28,2021-02-10,3.332204510175204,0.07339834617669884,0.14183719470400047,0.745331049301819,0.04183861629138674,0.0,0.0,0.04223321811561138,11.662996574290617,-0.20418691137498632,0.1425604149038776,0.2639239277756372,-0.10381476462944139,0.9066579422456539,-0.014182569829556124,0.0913754699976728,1.0,0.9661016949152542,0.441141498216409,0.2739182587937182,0.4615829885005951
altimeter,2020-12-31,2021-02-28,2021-02-16,3.367295829986474,0.12164475349408346,0.24712109227650653,0.8666536703361408,0.3016155749251882,0.27586206896551724,0.2222222222222222,0.6015612213296189,15.83323305433783,0.15044692668983184,0.25023207995668484,0.45639922063351374,-0.05511293809600648,0.6248038638532908,-0.2808058193334184,-0.1752477795061895,1.0,0.288135593220339,0.441141498216409,0.16739714759637053,0.33548229932785034
appaloosa,2020-12-31,2021-02-28,2021-02-16,3.8066624897703196,0.05629334368558446,0.09890048109092132,0.6642531128862839,0.17909664049986163,0.35555555555555557,0.09375,0.1676017614118866,19.53947420163952,0.041965104907266515,-0.1624408338019226,0.28245961754320087,-0.05119008087071664,-1.3099608831160188,0.008560108667515554,0.11411814849474448,0.0,0.3728813559322034,0.441141498216409,0.19751601189942167,0.22117148339748383
baupost,2020-12-31,2021-02-28,2021-02-12,3.8066624897703196,0.06279266321736685,0.1442899996991536,0.6578972090865952,0.2455614088255471,0.3333333333333333,0.1891891891891892,0.158063174741053,7.01439780791861,-0.1663176133022079,,0.3755604787872795,-0.12512498281106177,,-0.13197128054950671,-0.02641324072227778,1.0,0.9152542372881356,0.441141498216409,0.4149398836721266,0.5574478507041931
berkshire-13f,2020-12-31,2021-02-28,2021-02-16,3.8501476017100584,0.21984232060329092,0.4360948913665449,0.8524760246016849,0.07011202926140858,0.06382978723404255,0.10204081632653061,0.1649090290766327,10.572363816112894,-0.07134994993177834,-0.1489792697072903,0.3121474893878862,-0.10560193753501823,-0.4786955769994101,0.18662762614784817,0.2921856659750771,0.0,0.7457627118644068,0.441141498216409,0.6266696834508246,0.8059492707252502
cantillon,2020-12-31,2021-02-28,2021-02-03,3.58351893845611,0.033830562943406216,0.06398147460117162,0.4326029743483692,0.052883996987457826,0.0,0.0,0.1089410607052287,11.231104545337642,-0.07113639247541031,0.1201480927734927,0.2610624435543564,-0.06163873706814749,0.9876914192363158,0.004769895637114968,0.1103279354643439,0.0,0.7288135593220338,0.441141498216409,0.2474923420816025,0.2113092988729477
coatue,2020-12-31,2021-02-28,2021-02-16,4.330733340286331,0.03398861179301782,0.07493356349368359,0.4832269447713541,0.21312289017982333,0.2236842105263158,0.1917808219178082,0.3386413146938871,14.347134649902308,0.6361963410604325,0.901731967717838,0.29904659976511044,-0.03735426216076354,0.526700382977669,-0.44138876915735936,-0.3358307293301304,1.0,0.03389830508474576,0.441141498216409,0.35011576854868776,0.20501108467578888
corvex,2020-12-31,2021-02-28,2021-02-16,3.5263605246161616,0.13697338936400985,0.3381863845982411,0.7370537678650003,0.2951763238206734,0.35294117647058826,0.2903225806451613,0.24577833421983636,11.669390585147216,-0.16446843282744672,,0.6274261586571563,-0.048577990681165306,,-0.0363485626523027,0.06920947717492623,1.0,0.8983050847457628,0.441141498216409,0.23841912834112697,0.36774012446403503
d1,2020-12-31,2021-02-28,2021-02-16,3.9512437185814275,0.04686565306143898,0.09393189318330002,0.5879321071992287,0.29465999182840064,0.3269230769230769,0.2857142857142857,0.21543152580694985,16.049390996292296,0.2099516396787583,,0.23181967742044712,-0.03357576088126546,,-0.1943703472762962,-0.08881230744906728,1.0,0.23728813559322035,0.441141498216409,0.21357822044296773,0.27267754077911377
darsana,2020-12-31,2021-02-28,2021-02-16,2.6390573296152584,0.09784410685225757,0.18824240432864067,0.862862394934262,0.2914464299851801,0.14285714285714285,0.0,0.5890663948336402,13.649255450320448,0.3830044430216486,0.7477985766063336,0.3515585038722301,-0.058179023857957146,1.3879648736229322,-0.27363130976878963,-0.16807326994156072,1.0,0.13559322033898305,0.441141498216409,0.1655322364682285,0.25930219888687134
dragoneer,2020-12-31,2021-02-28,2021-02-16,3.6888794541139363,0.07165759811723761,0.1633522329757681,0.7209226629145736,0.27184784281998076,0.225,0.06060606060606061,0.4061931342486569,11.33497846572137,0.4129564595904144,0.764025833846227,0.4577160891496809,-0.05865287112109674,-0.6047786839241288,-0.41449550466190177,-0.3089374648346728,1.0,0.11864406779661017,0.441141498216409,0.3947843155412261,0.46177929639816284
duquesne,2020-12-31,2021-02-28,2021-02-16,3.9889840465642745,0.055988418274791986,0.15875519648918224,0.6075354335289048,0.34556545840094666,0.37037037037037035,0.41379310344827586,0.08029185904314365,16.379386120960334,0.16831887804829948,0.354054797486004,0.2908594034546075,-0.04902001548222623,0.5256531681719537,-0.05315971843477687,0.05239832139245206,1.0,0.2711864406779661,0.441141498216409,0.22453986139145615,0.3039166033267975
egerton,2020-12-31,2021-02-28,2021-02-12,3.5263605246161616,0.04297168921297454,0.06700767286591995,0.5445332875327265,0.23627188569070245,0.23529411764705882,0.2571428571428571,0.08736910296057607,17.289783904049237,-0.07656739484986969,0.024270017692677004,0.24758855468327648,-0.06414149174306394,-0.1409707317760115,-0.06570007463794711,0.039857965189281815,1.0,0.7627118644067796,0.441141498216409,0.1379321768791223,0.11038772761821747
eminence,2020-12-31,2021-02-28,2021-02-16,4.330733340286331,0.020118073920472716,0.04189037218419461,0.3240212331433568,0.21746672903297726,0.21052631578947367,0.2,0.1240051903401822,7.134376294938461,0.18801715036954758,0.23685230981094063,0.37278165205618446,-0.00776339625501965,1.6195054010797347,0.0175801994440227,0.12313823927125163,0.0,0.2542372881355932,0.441141498216409,0.290709837286241,0.39995241165161133
farallon,2020-12-31,2021-02-28,2021-02-16,4.859812404361672,0.021913190883472232,0.04877421029674257,0.3455490970602577,0.2524530687914175,0.31007751937984496,0.23931623931623933,0.07641228687769559,10.777704926244049,-0.10943424775379396,,0.23425768859960053,-0.05226679608284601,,-0.01679735928661394,0.08876068054061499,1.0,0.847457627118644,0.441141498216409,0.2786876862225259,0.39120468497276306
fisher,2020-12-31,2021-02-28,2021-01-29,6.827629234502852,0.01641013725010231,0.06091393642592528,0.3194634762947768,0.07556025506385156,0.12459371614301191,0.1678681771369722,0.12526805820393735,11.631380836367263,0.003660129319179306,0.03560436858839089,0.19899570161515992,-0.06668561098748127,0.9443965125884485,-0.05379239228367038,0.05176564754355855,1.0,0.5084745762711864,0.441141498216409,0.4227198072719521,0.5436213612556458
fundsmith,2020-12-31,2021-02-28,2021-02-12,3.6635616461296463,0.05420717639936605,0.09574534201533967,0.6364024296686255,0.046224429927091415,0.10256410256410256,0.027777777777777776,0.16427928089200503,13.863837997519127,0.016335038248993572,0.22373159080763183,0.21938671232674498,-0.04678038261753514,1.1500601964127963,-0.07672988503177285,0.02882815479545608,1.0,0.4745762711864407,0.441141498216409,0.25077025256326646,0.0946122482419014
gardner-russo,2020-12-31,2021-02-28,2021-02-11,4.5217885770490405,0.07625144356554585,0.14021633727153546,0.7882099970053201,0.11494440690099661,0.08695652173913043,0.023255813953488372,0.06873049072028876,10.16663665333954,-0.24311322797325202,-0.3220111132681256,0.2232266016545517,-0.06840368761723448,-1.004557973161846,0.03114811864890217,0.1367061584761311,0.0,0.9830508474576272,0.441141498216409,0.4846312933171278,0.7519024610519409
giverny,2020-12-31,2021-02-28,2021-02-16,3.970291913552122,0.052803935974863846,0.12276578903771698,0.6001375961025175,0.062263613060029144,0.0,0.018518518518518517,0.1786535405461511,11.616877688262761,-0.06358274081069898,-0.013324469315647236,0.2956110186604844,-0.04828924056467143,0.8849261325732242,-0.015249327157150841,0.09030871267007809,1.0,0.6779661016949152,0.441141498216409,0.30179336517110794,0.6375037431716919
glenview,2020-12-31,2021-02-28,2021-02-16,3.9889840465642745,0.05885840290893622,0.17015241448375187,0.606946975013472,0.1703991911485806,0.2037037037037037,0.044444444444444446,0.29635931798871484,7.160538728616708,0.07710917787704069,,0.360810218526685,-0.0548308802375963,,0.11495047338276247,0.2205085132099914,0.0,0.3389830508474576,0.441141498216409,0.5504842858340369,0.6760911345481873
gotham,2020-12-31,2021-02-28,2021-02-16,6.891625897052253,0.004158018799009087,0.025013585172499443,0.12773138037589998,0.19091049817895378,0.1443089430894309,0.1671612265084075,-0.029508544454101955,8.393168617871174,-0.13899447228768844,-0.17371434216148474,0.2182326657912138,-0.07032026118424217,-1.0346390266605807,0.05924094945498913,0.16479898928221806,0.0,0.864406779661017,0.441141498216409,0.5003120499692738,0.5505108833312988
greenlight,2020-12-31,2021-02-28,2021-02-16,3.5553480614894135,0.14065075784317232,0.3376576734781731,0.7673508660570396,0.15679036097195465,0.2857142857142857,0.2857142857142857,0.303291090503702,3.1882155023813747,0.017949813283314353,-0.23031909345490664,0.4998228517865398,-0.061987315660125386,0.06008542268174649,0.1396533359850462,0.24521137581227512,0.0,0.4576271186440678,0.441141498216409,0.8074643939336499,0.7951449155807495
harris,2020-12-31,2021-02-28,2021-02-16,4.882801922586371,0.020478888651606637,0.048869856784413065,0.3519602851643869,0.12259545563335783,0.045454545454545456,0.045454545454545456,0.23030036157064032,11.106847641208793,-0.03456608155316421,-0.198636022722543,0.34432795390712234,-0.04286795941135513,0.09279456543788285,0.07328651207139077,0.1788445518986197,0.0,0.576271186440678,0.441141498216409,0.2760236341434134,0.4095500111579895
hitchwood,2020-12-31,2021-02-28,2021-02-16,4.060443010546419,0.02588006163776502,0.06292719977397608,0.3809351866281007,0.2649113439658377,0.3275862068965517,0.09302325581395349,0.1523678761747432,14.19210322603532,0.5478769369577231,0.8960536676618297,0.2867333314440029,-0.009655001361592475,0.571869152392138,-0.4487897055185261,-0.34323166569129715,1.0,0.06779661016949153,0.441141498216409,0.2423440239968021,0.15541212260723114
hound,2020-12-31,2021-02-28,2021-02-16,4.820281565605037,0.035498419238875485,0.06399898071213231,0.4939108959844622,0.3069819898460835,0.5403225806451613,0.39361702127659576,0.07883709780228026,10.391294977344932,-0.07907526392231656,,0.39588517334010787,-0.11205449116735378,,-0.21820959619473534,-0.11265155636750641,1.0,0.7796610169491526,0.441141498216409,0.271976264183417,0.32047039270401
icahn,2020-12-31,2021-02-28,2021-02-12,2.8903717578961645,0.333576935626929,0.5601186803269282,0.9543241359968311,0.06262717294539155,0.1111111111111111,0.0,0.14374168286460104,2.2982828261981667,-0.19549539196520116,-0.1940546117526178,0.3960885758112198,-0.07084696955635794,0.6902170329177668,-0.04111112473266314,0.0644469150945658,1.0,0.9491525423728814,0.441141498216409,0.6239102677777535,0.6834643483161926
lansdowne,2020-12-31,2021-02-28,2021-02-16,3.58351893845611,0.05500354790382115,0.1029041757155855,0.6437644018761497,0.16057476291485362,0.2777777777777778,0.3157894736842105,0.1926680698956719,8.984917894780335,-0.06353987356481716,-0.2861687581122214,0.41835415364759465,-0.01659032738687638,0.6569773163101157,-0.06902974856421129,0.03652829126301764,1.0,0.6610169491525424,0.441141498216409,0.36983689095706435,0.22423605620861053
light-street,2020-12-31,2021-02-28,2021-02-16,3.784189633918261,0.06689192039250087,0.22026132330409132,0.5071766097273389,0.33438622745765856,0.36363636363636365,0.36363636363636365,0.19427210825861063,9.101252939559146,0.5655788406331834,0.8003345279509496,0.2868904632647543,-0.015535846534405429,-0.8522019258513246,-0.44870192049965935,-0.3431438806724304,1.0,0.05084745762711865,0.441141498216409,0.7756937816315167,0.45220115780830383
lone-pine,2020-12-31,2021-02-28,2021-02-16,3.713572066704308,0.03564347439551452,0.07386382759898354,0.459288296020726,0.23849369586898772,0.36585365853658536,0.1875,0.1702789254428103,15.380922842870074,0.21389568381350788,0.6766491356132308,0.284376353035788,-0.0699673018738517,1.4678386272502768,-0.3079229583570197,-0.2023649185297908,1.0,0.2033898305084746,0.441141498216409,0.14487007952775033,0.17476512491703033
markel-13f,2020-12-31,2021-02-28,2021-02-05,4.74493212836325,0.025235847348542936,0.05772059469793913,0.4279197936594433,0.04416200646999291,0.02608695652173913,0.008849557522123894,0.12958303739754393,12.290025035804806,-0.03985090598536106,-0.006626290577096294,0.2582019985387415,-0.05494078922024248,0.7653177439315755,0.061742105508800396,0.16730014533602933,0.0,0.5932203389830508,0.441141498216409,0.27963898130637743,0.3420880138874054
marshall-wace,2020-12-31,2021-02-28,2021-02-16,7.597897950521784,0.004461832180757281,0.021502140127905058,0.14499920099416624,0.3676615536245871,0.4012036108324975,0.3521432447097124,0.21238175587925873,8.063174229724748,-0.025678908775945586,0.08569511103348215,0.2581457699622007,-0.062268825055959764,0.22146056544488957,-0.018164563916628476,0.08739347591060045,1.0,0.5423728813559322,0.441141498216409,0.3726483152549464,0.14417527616024017
matrix,2020-12-31,2021-02-28,2021-02-16,3.367295829986474,0.06032982780932199,0.11696382055712745,0.7009120703448489,0.09884289630255394,0.13793103448275862,0.10714285714285714,0.2079695291020849,12.959342456235905,0.27678216743805995,0.22872492101377895,0.3070635666579576,-0.05538112055590583,-1.651633787847895,-0.3355416384282409,-0.229983598601012,1.0,0.15254237288135594,0.441141498216409,0.5791733989082148,0.3919033408164978
maverick,2020-12-31,2021-02-28,2021-02-16,6.493753839851686,0.02967853639534618,0.07089648847207729,0.45305449562005706,0.2775411852647065,0.4114977307110439,0.3065953654188948,0.14923114503050813,13.322354481321536,0.01890115854119717,-0.07792075489723316,0.2894661659379601,-0.04808652218812304,-0.9861224276142447,-0.2850302615354048,-0.17947222170817587,1.0,0.4406779661016949,0.441141498216409,0.3889622334987798,0.2976628541946411
melvin,2020-12-31,2021-02-28,2021-02-16,4.127134385045092,0.032063243725501685,0.07980765464760901,0.4684912184946677,0.3393019858203292,0.2903225806451613,0.2413793103448276,0.16867762953503124,15.964049359880631,0.05610675102969265,0.15246998147337842,0.2964587630537584,-0.05263916605898156,-0.03832663590740267,-0.15205545329386266,-0.04649741346663375,1.0,0.3559322033898305,0.441141498216409,0.14542958616870816,0.11665700376033783
pershing-square,2020-12-31,2021-02-28,2021-02-16,1.9459101490553132,0.1509024688751836,0.19877398522980005,1.0,0.047976168846701306,0.0,0.0,0.12555897005632535,7.470179833427622,0.03577277861918721,0.48384831060747147,0.34375769296318515,-0.021015690897723704,1.4439179319096282,0.05529976587085701,0.16085780569808594,0.0,0.4067796610169492,0.441141498216409,0.2949411421137867,0.5480547547340393
polen,2020-12-31,2021-02-28,2021-02-11,4.276666119016055,0.04738218246298259,0.0783349055288618,0.5801870602886644,0.051870069078667314,0.1527777777777778,0.06153846153846154,0.14074164474973272,18.095095121701874,0.03152418983710742,0.4393912542120991,0.24408891968442556,-0.05041222266708423,2.7839341185448423,-0.05977813949979162,0.04577990032743731,1.0,0.423728813559322,0.441141498216409,0.07830442421578424,0.11945181339979172
pzena,2020-12-31,2021-02-28,2021-02-05,5.111987788356544,0.019747389399305433,0.04577404850866209,0.3220508630201411,0.08739658747925849,0.07228915662650602,0.07784431137724551,0.27995287958525406,6.107554628243156,-0.05648322507577208,-0.3442327902111991,0.42876331732866696,-0.038556199042742656,0.5440902407845971,0.08084909683205423,0.18640713665928316,0.0,0.6440677966101694,0.441141498216409,0.41506045218288684,0.4633629620075226
ruane-cunniff,2020-12-31,2021-02-28,2021-02-16,3.6375861597263857,0.0509817773812629,0.0777782741711247,0.5967807268399894,0.10302676792787857,0.10526315789473684,0.02857142857142857,0.1101333184294009,15.453258068254843,0.10261155000960231,0.10358639891323951,0.3419382839841555,-0.0813018695353489,0.2986277835137387,-0.00014249044884423467,0.1054155493783847,1.0,0.3050847457627119,0.441141498216409,0.1704379522689612,0.12193552404642105
sands,2020-12-31,2021-02-28,2021-02-16,4.248495242049359,0.031435214502229795,0.09135181769063103,0.44125985563322223,0.14028804058993594,0.07142857142857142,0.15584415584415584,0.12430689258705234,15.169334079370831,0.2675961091432133,0.5923769142250314,0.24217376078454647,-0.03819960511976983,0.7835669581247431,-0.29124559071673245,-0.18568755088950353,1.0,0.1694915254237288,0.441141498216409,0.26943762351125145,0.21629075706005096
semper-augustus,2020-12-31,2021-02-28,2021-02-12,3.4011973816621555,0.08677412914415558,0.20246190174257167,0.7407613092244791,0.1273753375485479,0.1,0.0,0.160603152408814,8.67212103985832,-0.06907562407768653,-0.0642642267347448,0.23553873761907057,-0.027367705653555285,2.131859991353114,0.12924400598918045,0.2348020458164094,0.0,0.711864406779661,0.441141498216409,0.33914954689604077,0.4719042181968689
senator,2020-12-31,2021-02-28,2021-02-16,4.51085950651685,0.02689166795107797,0.10128495114533265,0.3648834680022285,0.38236437865733175,0.4945054945054945,0.20689655172413793,0.43393418783497717,9.972520064314622,-0.013900450050539526,-0.12472855815761624,0.27784486705330635,-0.03914590770443538,-1.645121382973792,-0.30595493617632186,-0.20039689634909294,1.0,0.5254237288135594,0.441141498216409,0.503896838287624,0.3673636317253113
soroban,2020-12-31,2021-02-28,2021-02-16,3.2188758248682006,0.07753841280169639,0.1682672803792665,0.761221971436738,0.19392761129062586,0.12,0.0,0.21886011766426047,19.18111729861323,-0.1758846161972941,-0.1887364065626509,0.2951700804755206,-0.04120329981579518,-0.4082610490873989,-0.08930893412226172,0.016249105704967206,1.0,0.9322033898305084,0.441141498216409,0.11214894960169941,0.15396887063980103
southeastern,2020-12-31,2021-02-28,2021-02-16,3.2188758248682006,0.06422274832528363,0.14175798137892268,0.6899557799103092,0.11386803003270152,0.04,0.1724137931034483,0.14291047073585686,5.9587655089106795,0.08137587688883091,,0.3369277922586332,-0.01135029672603205,,-0.10951381073291583,-0.003955770905686902,1.0,0.3220338983050847,0.441141498216409,0.6005799328309251,0.6911405920982361
srs,2020-12-31,2021-02-28,2021-02-16,3.4339872044851463,0.11118092131441598,0.21873196914009033,0.8416790535025389,0.1444472298943078,0.3225806451612903,0.3225806451612903,0.11247558364240023,12.973759790777585,0.42421465214440723,0.7052662938052517,0.3231941144963659,-0.053310821914094086,0.7042293852497351,0.0739505627986881,0.17950860262591703,0.0,0.1016949152542373,0.441141498216409,0.5111910414095542,0.64698326587677
steadfast,2020-12-31,2021-02-28,2021-02-16,3.912023005428146,0.02683983389759808,0.054088191587000366,0.3808266242944119,0.26175934258572864,0.2,0.550561797752809,0.05289837418069683,14.302915207928452,-0.06844889348089345,0.1397791774766749,0.3174306239084117,-0.05799359623966305,0.5117974280186336,-0.24276456465215318,-0.13720652482492424,1.0,0.6949152542372882,0.441141498216409,0.19047170997321616,0.12798835337162018
suvretta,2020-12-31,2021-02-28,2021-02-16,4.663439094112067,0.025626676516750258,0.06937205348674275,0.35328289711242233,0.2590935121005672,0.4339622641509434,0.34782608695652173,0.23436376715818408,12.591846688432856,-0.03314579378618404,0.02166256271720568,0.271249535774628,-0.05580050053806651,-0.9595607398337158,-0.21113207615567037,-0.10557403632844144,1.0,0.559322033898305,0.441141498216409,0.4209734543434611,0.34258970618247986
tci,2020-12-31,2021-02-28,2021-02-16,2.5649493574615367,0.1309763012490286,0.2260216431609849,0.9682056242393899,0.03336935435284161,0.0,0.0,0.08899340351348851,17.34374291036649,-0.04872059880013563,,0.24718734474764345,-0.06073787000307174,,0.09089228665323922,0.19645032648046815,0.0,0.6101694915254238,0.441141498216409,0.1992379685004819,0.11793383210897446
third-avenue,2020-12-31,2021-02-28,2021-02-12,4.1588830833596715,0.031732923136570154,0.06744516248516294,0.4582275213190748,0.1353874250963344,0.046875,0.046875,-0.00940366567560763,3.3798232740598984,-0.28532629743622817,-0.5909174023563797,0.39771360913370446,-0.05045657568360007,-2.1232183352106153,0.0798794335631794,0.18543747339040834,0.0,1.0,0.441141498216409,0.6510734864314526,0.7633877396583557
third-point,2020-12-31,2021-02-28,2021-02-16,4.30406509320417,0.03256959499109649,0.08158797790919382,0.46247606618607334,0.27634793157110293,0.5,0.2127659574468085,0.2603322145610127,13.785768813157285,-0.10806391913903035,-0.10996772618651052,0.21271159927835911,-0.058600203754600066,-1.2132086311481733,-0.06858583800739773,0.036972201819831206,1.0,0.8305084745762712,0.441141498216409,0.3740749158554814,0.24059753119945526
tiger-global,2020-12-31,2021-02-28,2021-02-16,4.574710978503383,0.04278780030934473,0.11632389629083414,0.5471000803750391,0.17481931336592116,0.14432989690721648,0.07777777777777778,0.09388059051221351,15.238838002917278,0.5272199475789922,0.8357111827206495,0.29025680978051704,-0.03725070170004385,0.4454273258547628,-0.418685788630869,-0.3131277488036401,1.0,0.0847457627118644,0.441141498216409,0.32065058860244333,0.23619720339775085
tiger-management,2020-12-31,2021-02-28,2021-02-16,3.6888794541139363,0.0847758959271699,0.14961322958963774,0.8311231086813511,0.11991658949662642,0.225,0.225,0.22723796423305193,14.02021187305764,0.26392733808324376,0.6222592148719527,0.2966565175375948,-0.02732334987505547,1.8030062311143908,-0.1380127296487086,-0.03245468982147967,1.0,0.1864406779661017,0.441141498216409,0.27221917035443877,0.44736188650131226
trian,2020-12-31,2021-02-28,2021-02-12,2.0794415416798357,0.15241892128686155,0.22643184819063072,1.0,0.09367578474343086,0.0,0.1111111111111111,0.11031660928885874,8.76798958015458,-0.14921047668975881,-0.07649112269227853,0.24735909613342769,-0.02949071034755868,1.556057176665014,-0.004937711430744715,0.10062032839648422,1.0,0.8813559322033898,0.441141498216409,0.28712053030299445,0.4945448338985443
tweedy-browne,2020-12-31,2021-02-28,2021-02-16,3.871201010907891,0.05426840811119164,0.10796825462917073,0.6549994981718228,0.11913171768487008,0.08333333333333333,0.06382978723404255,0.2212205873744429,11.356458342202071,-0.1079599602801341,-0.374057552459493,0.25043032510750146,-0.06169227339902783,-1.512072693338579,0.028383951296764673,0.1339419911239936,0.0,0.8135593220338984,0.441141498216409,0.5075481589041887,0.5170224905014038
valueact,2020-12-31,2021-02-28,2021-02-16,2.3978952727983707,0.145077277220098,0.2173543945228906,0.9956645504798363,0.06851826315692666,0.09090909090909091,0.16666666666666666,0.19289991005124263,7.609612593287325,0.037902852998945524,-0.1879131629307066,0.36460723394873823,-0.049621034945985465,-0.06464463689601058,0.038935929822883644,0.14449396965011257,0.0,0.3898305084745763,0.441141498216409,0.547774029836345,0.7295898795127869
viking,2020-12-31,2021-02-28,2021-02-16,4.564348191467836,0.024986423363894394,0.07240085814314974,0.3921207476187644,0.3020853735516418,0.2604166666666667,0.1744186046511628,0.2729766843459578,13.291067437698734,0.2112368212726773,0.22269310897462624,0.25168306695369574,-0.03166281609506383,-0.40461136238657436,-0.2497440516960442,-0.14418601186881524,1.0,0.22033898305084745,0.441141498216409,0.30554252638305285,0.24750757217407227
whale-rock,2020-12-31,2021-02-28,2021-02-16,3.9512437185814275,0.03151360367352156,0.07731394869782106,0.41828425452875023,0.39582351925816595,0.36538461538461536,0.2826086956521739,0.025063533241871258,11.398861953879639,0.9349854015610137,1.7114672422911017,0.349329383231534,-0.03845490936445506,1.0651178976742939,-0.37183167319768895,-0.26627363337046,1.0,0.01694915254237288,0.441141498216409,0.3199995185464358,0.28442853689193726
yacktman,2020-12-31,2021-02-28,2021-02-01,4.110873864173311,0.036071384925259235,0.059487424074238224,0.502022688378656,0.08410909009379819,0.04918032786885246,0.03333333333333333,0.18172870404450864,11.165618018671559,-0.09422424241121174,-0.004028088946540942,0.28269742572107853,-0.05272411642676322,1.6914642693825972,0.13853284110384334,0.24409088093107226,0.0,0.7966101694915254,0.441141498216409,0.18995330958100742,0.3525541126728058
abrams,2021-03-31,2021-05-31,2021-05-14,2.772588722239781,0.0940211647344147,0.20649241319466724,0.8374456062993686,0.10332684370459033,0.1875,0.23529411764705882,0.22521646963261355,10.641434879198533,0.11416867771129086,-0.20567366496224815,0.21821230599010114,-0.0964252269630409,-0.3866019893822127,-0.10292430190068655,-0.15526766996251057,1.0,0.3387096774193548,0.43875278396436523,0.6604202026016435,0.6776661276817322
adage,2021-03-31,2021-05-31,2021-05-17,6.85751406254539,0.008063567002139472,0.041791945158414154,0.21371679982991867,0.1998776024291874,0.3228180862250263,0.19600499375780275,0.06551385777962303,10.958930230683398,-0.07658251352399698,-0.05126705948292121,0.16740585888759577,-0.07746153258739308,-1.6691646947764982,0.013732281844125588,-0.03861108621769844,0.0,0.8548387096774194,0.43875278396436523,0.6022057839500942,0.31980857253074646
akre,2021-03-31,2021-05-31,2021-05-13,3.367295829986474,0.07643829418787632,0.14196620276858604,0.7661856031868975,0.056657744475493654,0.10344827586206896,0.07142857142857142,-0.004776282240323593,12.42751506199269,-0.23084622933913845,0.18645982448064657,0.1783680722903962,-0.10381476462944128,0.80555123834965,0.016113486682893342,-0.036229881378930684,0.0,1.0,0.43875278396436523,0.3192527338902178,0.4215034246444702
altimeter,2021-03-31,2021-05-31,2021-05-17,3.4657359027997265,0.30259966526932114,0.5282787356204713,0.880203744507174,0.341901820772613,0.25,0.1724137931034483,0.257637615605111,18.44325750085256,0.05665456334711455,-0.06939119612984834,0.3360862877487043,-0.05795533301989575,-0.5457449174816058,-0.45157920180355604,-0.5039225698653801,1.0,0.3870967741935484,0.43875278396436523,0.15096324809063896,0.20377123355865479
appaloosa,2021-03-31,2021-05-31,2021-05-17,4.127134385045092,0.04386360324023885,0.09215596929072582,0.569245001686652,0.188598592397899,0.3709677419354839,0.13333333333333333,0.04037841630036464,18.092686593334758,-0.0010577474639990592,-0.23803882427010137,0.162691334981637,-0.05119008087071664,-1.189693813621907,0.10964540653909699,0.05730203847727296,0.0,0.5967741935483871,0.43875278396436523,0.31538752597758773,0.24175409972667694
atreides,2021-03-31,2021-05-31,2021-05-17,3.8501476017100584,0.03898403032087438,0.09583155692632296,0.5105400149282203,0.45308904791988147,0.40425531914893614,0.2222222222222222,0.729496379193178,8.732535518538008,0.6868346505791123,,0.26764007340847973,-0.02130322052691036,,-0.30950131929693037,-0.3618446873587544,1.0,0.03225806451612903,0.43875278396436523,0.4783287327326837,0.29351380467414856
baupost,2021-03-31,2021-05-31,2021-05-14,4.07753744390572,0.05725499518136917,0.11877369037987424,0.6480435329642678,0.22830601327647992,0.4576271186440678,0.28888888888888886,0.14746257275547836,8.937210857918242,-0.12128538435682967,,0.18558640536807575,-0.12512498281106188,,-0.14820610288009853,-0.20054947094192255,1.0,0.9354838709677419,0.43875278396436523,0.4896838040809563,0.34293216466903687
berkshire-13f,2021-03-31,2021-05-31,2021-05-17,3.828641396489095,0.20011794664704757,0.40070082962572917,0.8671679426346866,0.06846870733290344,0.021739130434782608,0.0425531914893617,0.0018790050573884469,10.806860220119274,0.05612816906564272,-0.08320886434275732,0.22205501292190752,-0.10560193753501823,-0.8214684853317897,0.11647602874325513,0.06413266068143111,0.0,0.4032258064516129,0.43875278396436523,0.6727134594589811,0.8781079053878784
cantillon,2021-03-31,2021-05-31,2021-05-03,3.6635616461296463,0.031060827938980195,0.06156546555660277,0.4055452625819621,0.07571124283294206,0.07692307692307693,0.0,0.02958726376398931,11.368115657385422,-0.07069433957943816,0.1686659295167826,0.15827659239188754,-0.061638737068147376,1.3073771782855044,-0.020115693972471434,-0.07245906203429546,1.0,0.8064516129032258,0.43875278396436523,0.2641313952271349,0.23588669300079346
coatue,2021-03-31,2021-05-31,2021-05-14,4.189654742026425,0.037967271300285786,0.06655739946396717,0.5214754405642757,0.2618105345006765,0.30303030303030304,0.39473684210526316,-0.38225281400368094,14.332288979222438,0.2025960929515382,0.6400395962790087,0.2462939770564869,-0.05272716894348062,0.6743987173318012,-0.43456997111696133,-0.4869133391787854,1.0,0.24193548387096775,0.43875278396436523,0.3237692944113785,0.2924306094646454
corvex,2021-03-31,2021-05-31,2021-05-17,3.784189633918261,0.1233090924310485,0.29574055954822914,0.8210409206271947,0.30946151763586927,0.45454545454545453,0.29411764705882354,-0.04206754190554809,14.885351220069435,0.273098928720029,,0.25822480588401214,-0.048577990681165084,,-0.13577066580820973,-0.18811403387003375,1.0,0.1774193548387097,0.43875278396436523,0.4450970218924561,0.4708214998245239
d1,2021-03-31,2021-05-31,2021-05-17,3.8501476017100584,0.04386785759422276,0.10126025688289048,0.5469731875402303,0.3606684576745589,0.3191489361702128,0.38461538461538464,-0.44978353156233647,17.157902652248012,0.034103834843643155,,0.17030632760004094,-0.03357576088126546,,-0.3492906819713583,-0.40163405003318237,1.0,0.5,0.43875278396436523,0.18171664126712778,0.2014225572347641
darsana,2021-03-31,2021-05-31,2021-05-17,2.8903717578961645,0.07732620007672174,0.14145212256426823,0.7755784670859746,0.2718518444590713,0.3333333333333333,0.14285714285714285,0.010125431606973578,15.203475049991672,0.33610122313590657,0.5980529565129394,0.28883014483214764,-0.08642476621556505,1.0140154576033558,-0.2701790749949493,-0.32252244305677336,1.0,0.12903225806451613,0.43875278396436523,0.23795588149005983,0.2581881880760193
dragoneer,2021-03-31,2021-05-31,2021-05-17,3.871201010907891,0.0507793803646296,0.1075104074690495,0.6206930107888496,0.15519593365743678,0.3125,0.175,0.04472363159618905,10.75400077564087,-0.15622086101869798,0.1895527545948854,0.2694457936392009,-0.0911633296300488,-0.8666813882426901,-0.4802213237999694,-0.5325646918617934,1.0,0.9838709677419355,0.43875278396436523,0.47410915934835285,0.4766612648963928
duquesne,2021-03-31,2021-05-31,2021-05-17,4.0943445622221,0.041848210175157906,0.1292494407902022,0.5243845344433578,0.34076667348564604,0.43333333333333335,0.37037037037037035,0.04939623351733052,16.04415401073044,0.14740232968774375,0.24688446457708935,0.18106869518732918,-0.04902001548222634,0.4335424565469334,-0.15914749318006377,-0.2114908612418878,1.0,0.3225806451612903,0.43875278396436523,0.31428528651448423,0.27463817596435547
egerton,2021-03-31,2021-05-31,2021-05-17,3.5553480614894135,0.04705312290230006,0.08911787692537566,0.579207876452254,0.13307824321071604,0.11428571428571428,0.08823529411764706,0.0718187794637909,18.924044544660518,-0.0479874023531785,0.06294499123567232,0.1560642392804365,-0.06414149174306383,-0.13517775864512682,-0.1352973332463221,-0.1876407013081461,1.0,0.6612903225806451,0.43875278396436523,0.20274077488305606,0.08894581347703934
eminence,2021-03-31,2021-05-31,2021-05-17,4.219507705176107,0.021800632009761862,0.04434161424406104,0.34114545487405823,0.27978606261455863,0.23529411764705882,0.3157894736842105,-0.08240396508424189,7.875901215336277,0.3590056293872708,0.3355649482485473,0.196510078258422,-0.007763396255019761,1.7950738133726158,-0.06487984135543873,-0.11722320941726276,1.0,0.11290322580645161,0.43875278396436523,0.40473107411074594,0.49477678537368774
farallon,2021-03-31,2021-05-31,2021-05-17,5.424950017481403,0.019978552435668543,0.04880502083388399,0.33523453136699605,0.21352325844117337,0.5242290748898678,0.16279069767441862,0.1430915798808155,10.64617399941314,-0.15271297577383025,,0.14156126403680194,-0.0522667960828459,,-0.032525877309587524,-0.08486924537141155,1.0,0.967741935483871,0.43875278396436523,0.37821534624359776,0.2529159486293793
fisher,2021-03-31,2021-05-31,2021-04-27,6.824373670043086,0.015450916731584526,0.05404873696038084,0.3063075818274767,0.05892260281931605,0.09239130434782608,0.09534127843986999,0.0616090754276191,11.699562129377886,-0.05957282760642796,0.043558764048774345,0.14336769992841883,-0.06668561098748127,1.088787619611397,-0.061174194636351965,-0.11351756269817599,1.0,0.7096774193548387,0.43875278396436523,0.4241955894419896,0.3697790205478668
fundsmith,2021-03-31,2021-05-31,2021-05-14,3.7376696182833684,0.05385750654975035,0.09503503760742422,0.6330383344788313,0.023857922605288073,0.07142857142857142,0.0,0.04132025254455415,14.68077118675603,-0.06145669084376615,0.24874498876745865,0.14870118407369345,-0.04678038261753514,1.7800117479011086,-0.08698343383663706,-0.13932680189846108,1.0,0.7258064516129032,0.43875278396436523,0.2275501787382772,0.12359865009784698
gardner-russo,2021-03-31,2021-05-31,2021-05-12,4.499809670330265,0.0696112936717135,0.11610142160854106,0.7551314526043057,0.07009610035502167,0.022222222222222223,0.043478260869565216,-0.005613719511028057,11.100044840083294,-0.06860970387294973,-0.21185280108707194,0.17290885415662097,-0.06840368761723437,-0.5361543293456643,0.0023404167196494005,-0.050002951342174626,0.0,0.7903225806451613,0.43875278396436523,0.4871085868696638,0.6837233901023865
giverny,2021-03-31,2021-05-31,2021-05-17,3.970291913552122,0.05424222545671038,0.12058918743930075,0.6042930259063753,0.05449719195269498,0.018867924528301886,0.018867924528301886,0.1368816924171041,11.931167378782082,0.05516739407620713,0.05808341569731157,0.16194162658168948,-0.04828924056467132,0.7752565728097742,-0.041490275942001255,-0.09383364400382528,1.0,0.41935483870967744,0.43875278396436523,0.4210575368363233,0.6252917647361755
glenview,2021-03-31,2021-05-31,2021-05-17,4.143134726391533,0.04577301789862961,0.12092047139732247,0.5662474054900348,0.2418670789479952,0.31746031746031744,0.2037037037037037,0.3202728122962459,8.621167575652276,0.3207996840967016,0.13773094000841546,0.21877993426444284,-0.05483088023759641,0.8293403236701063,-0.03001625426916054,-0.08235962233098457,1.0,0.14516129032258066,0.43875278396436523,0.5550230066454263,0.506909191608429
gotham,2021-03-31,2021-05-31,2021-05-17,6.88653164253051,0.003726995034400949,0.020373262251054795,0.12099688256749047,0.22890569840867847,0.18181818181818182,0.18597560975609756,-0.29909298827192526,8.568193891901947,-0.10758271983686946,-0.0968545584250522,0.1533984938855839,-0.07032026118424228,-0.17374487479716924,0.04438581876752142,-0.007957549294302606,0.0,0.9193548387096774,0.43875278396436523,0.4207535409793427,0.275084912776947
greenhaven-road,2021-03-31,2021-05-31,2021-05-17,3.1780538303479458,0.09201995280062675,0.1612614802146764,0.8587546182849524,0.4455035175965162,0.20833333333333334,0.2692307692307692,-0.3421108519604401,4.352039849360854,3.195466065491862,,0.49154880349666324,-0.05052405764751189,,-0.4296093828579532,-0.48195275091977724,1.0,0.016129032258064516,0.43875278396436523,0.9790547976753274,0.4763280749320984
greenlight,2021-03-31,2021-05-31,2021-05-17,4.127134385045092,0.10828371194650199,0.2749866528566367,0.7388567884580447,0.24559335726143094,0.6129032258064516,0.3142857142857143,-0.13240286155248335,3.1732045046869874,0.4581857636231997,-0.1224581725434788,0.23396132304965173,-0.061987315660125386,-0.09626257364148208,0.09270377023631021,0.04036040217448618,0.0,0.06451612903225806,0.43875278396436523,0.8971924158397334,0.6292979717254639
harris,2021-03-31,2021-05-31,2021-05-17,4.919980925828125,0.020087831553972774,0.04783234352742954,0.34274195808622365,0.09907780754160933,0.11678832116788321,0.08333333333333333,0.12371975643086117,11.064734898857692,0.23168920791428,-0.05125200573776534,0.19309419178577122,-0.04286795941135513,0.694343149385988,-0.010744817298045987,-0.06308818535987001,1.0,0.1935483870967742,0.43875278396436523,0.4463493775460933,0.5355865955352783
hitchwood,2021-03-31,2021-05-31,2021-05-17,4.0943445622221,0.026454804226528145,0.06722240426259403,0.38433012309095055,0.2810761679946192,0.31666666666666665,0.29310344827586204,-0.11732323845304574,14.965341848073855,0.19795915279497872,0.5720474888622914,0.23301856821452266,-0.07180073456200409,0.42945097264584736,-0.4436882806558959,-0.49603164871771993,1.0,0.25806451612903225,0.43875278396436523,0.2888798481048532,0.246963232755661
hound,2021-03-31,2021-05-31,2021-05-17,5.5093883366279774,0.042852229710277856,0.1292666252147494,0.5399662294569897,0.38035845033422944,0.6275303643724697,0.25806451612903225,0.25514631035123936,10.161067219882776,-0.07181457400852659,,0.2324160450946099,-0.11205449116735378,,-0.17850086025514827,-0.2308442283169723,1.0,0.8225806451612904,0.43875278396436523,0.3746684640758524,0.2802044749259949
icahn,2021-03-31,2021-05-31,2021-05-14,2.9444389791664403,0.2732674970995781,0.49950646377309915,0.910547753927953,0.11415152066919132,0.05263157894736842,0.0,0.17298824416670153,3.282346666219395,0.03126226922445996,-0.5363240530300304,0.25137663647009695,-0.07644850886151888,-0.7431676360108188,0.1961661105871287,0.1438227425253047,0.0,0.5161290322580645,0.43875278396436523,0.7286094983677638,0.6483486890792847
lansdowne,2021-03-31,2021-05-31,2021-05-13,3.5263605246161616,0.06601869806259786,0.11833275921460558,0.7540310913071017,0.1973147442534584,0.23529411764705882,0.2777777777777778,-0.03221448716568006,8.402045936906203,0.5023476083372289,-0.23293885528439007,0.22573249974003137,-0.01659032738687627,0.32867882776329543,-0.11459811843564177,-0.1669414864974658,1.0,0.04838709677419355,0.43875278396436523,0.6552283005660985,0.6210090517997742
light-street,2021-03-31,2021-05-31,2021-05-17,3.828641396489095,0.031563160838443134,0.06041463563409417,0.4090527246246224,0.5195582565677874,0.45652173913043476,0.4318181818181818,-0.5846133135094487,10.82500034779482,0.06143801681143363,0.36448743085347723,0.2318587513544116,-0.08917739295419846,-0.4106397293471731,-0.42499634419406107,-0.4773397122558851,1.0,0.3709677419354839,0.43875278396436523,0.2404603333715762,0.24698638916015625
lone-pine,2021-03-31,2021-05-31,2021-05-18,3.6375861597263857,0.039747129052295986,0.06882644709269492,0.5196022815189728,0.20675212672064502,0.10526315789473684,0.17073170731707318,0.0006767721534293435,17.354330072588372,-0.06442563505711224,0.42791529375654236,0.2175796780805858,-0.0699673018738517,0.4230693847696939,-0.3410383917910212,-0.39338175985284524,1.0,0.7580645161290323,0.43875278396436523,0.15086326530922317,0.08987521380186081
markel-13f,2021-03-31,2021-05-31,2021-04-30,4.770684624465665,0.025525375210715358,0.059468353978376576,0.4331535326047466,0.04143581355060333,0.03389830508474576,0.008695652173913044,0.07356375576230204,12.18239635853353,0.04909272217840649,0.07006319796302496,0.1607172589801794,-0.05494078922024237,0.9012899206997703,0.026010972183099224,-0.026332395878724803,0.0,0.43548387096774194,0.43875278396436523,0.38027187082709546,0.45131799578666687
marshall-wace,2021-03-31,2021-05-31,2021-05-17,7.778211474512493,0.0035707514224824774,0.0225031453498428,0.1244569497525424,0.39509780718504306,0.4501675041876047,0.3415245737211635,0.09373630549414458,8.014304844760632,-0.057366163338577414,0.10597929095900238,0.14917958884641785,-0.062268825055959764,0.5817911572030441,-0.04008670023914453,-0.09243006830096856,1.0,0.6774193548387096,0.43875278396436523,0.3783041681531428,0.16097711026668549
matrix,2021-03-31,2021-05-31,2021-05-17,3.4011973816621555,0.05699006689009071,0.12047227274039433,0.6610313790017609,0.1299054176677733,0.23333333333333334,0.20689655172413793,-0.06545900755305721,12.55509725469819,-0.009459309113591718,-0.03893603717955296,0.23436207153552505,-0.055381120555905716,-1.3556788954587955,-0.37373455139396594,-0.42607791945579,1.0,0.6290322580645161,0.43875278396436523,0.5453243779104276,0.5965449810028076
maverick,2021-03-31,2021-05-31,2021-05-17,6.529418838262226,0.22903441149755427,0.47196088782536044,0.659112062118895,0.6272455864344515,0.3897810218978102,0.367624810892587,0.5350948069197263,9.8967916614704,0.014590323798124916,-0.08458944473925611,0.1607787427647616,-0.04808652218812304,-0.5775766808641049,-0.4408266073573415,-0.4931699754191656,1.0,0.5645161290322581,0.43875278396436523,0.4045836477262249,0.466693252325058
melvin,2021-03-31,2021-05-31,2021-05-17,4.0943445622221,0.027676101877844604,0.06290615587585484,0.39490293679873817,0.37729530583141546,0.35,0.3709677419354839,-0.34925316007850965,13.973537709854519,0.006066449146296671,0.07649592108507663,0.1849976742510122,-0.05263916605898156,-0.4218639173582265,-0.24786016387231094,-0.30020353193413496,1.0,0.5806451612903226,0.43875278396436523,0.2512627305838106,0.2508053183555603
pershing-square,2021-03-31,2021-05-31,2021-05-17,1.9459101490553132,0.15400245090485673,0.2174031746420192,1.0,0.12692308865806035,0.14285714285714285,0.14285714285714285,0.04476116599337875,6.3589906638972415,0.07178203162525926,0.422779795682351,0.1479649023727076,-0.021015690897723815,1.0501586618545078,0.008879838543670741,-0.043463529518153285,0.0,0.3548387096774194,0.43875278396436523,0.5107147840127966,0.6518311500549316
polen,2021-03-31,2021-05-31,2021-05-12,4.2626798770413155,0.048192434185342393,0.08273859508739122,0.5886412105301014,0.10785030878673463,0.08450704225352113,0.09722222222222222,0.033134831863042155,20.8457586492124,-0.0575603893901121,0.370794765794895,0.15894956480060035,-0.05041222266708423,2.6714251393585196,-0.12436389314268176,-0.17670726120450578,1.0,0.6935483870967742,0.43875278396436523,0.07409177386666266,0.12101845443248749
pzena,2021-03-31,2021-05-31,2021-05-07,5.135798437050262,0.019784111026791423,0.04535217804046256,0.3274344669742159,0.08768348591644126,0.10588235294117647,0.08433734939759036,0.14897534585286093,6.1519274658395995,0.37477284341562916,-0.22631103662827623,0.23026923921465256,-0.03855619904274277,0.26363856987708056,0.07994374654503104,0.02760037848320702,0.0,0.0967741935483871,0.43875278396436523,0.6733178667407431,0.5824295282363892
ruane-cunniff,2021-03-31,2021-05-31,2021-05-17,3.6109179126442243,0.04953855403657068,0.08498892241136942,0.5784304746616498,0.11826606284195207,0.16216216216216217,0.18421052631578946,0.12570125425418505,15.827591592504213,0.04314924312528301,0.1795301887468087,0.1743245025331212,-0.0813018695353489,0.5187658809815217,-0.06559595885588246,-0.11793932691770649,1.0,0.46774193548387094,0.43875278396436523,0.29681666603108986,0.1666540950536728
sands,2021-03-31,2021-05-31,2021-05-12,4.30406509320417,0.03427931236996439,0.10466174813418293,0.45508347128046434,0.09291392316372071,0.12162162162162163,0.07142857142857142,-0.03250598963606815,15.47525953579138,-0.01784769270838993,0.3523833700937534,0.17748053050273435,-0.03933494732946685,0.5911360038639215,-0.34905932231776077,-0.4014026903795848,1.0,0.6451612903225806,0.43875278396436523,0.3147289861207517,0.16782744228839874
semper-augustus,2021-03-31,2021-05-31,2021-05-14,3.4011973816621555,0.08510448386501322,0.19260802451663062,0.7429037261806365,0.05017041114324228,0.03333333333333333,0.03333333333333333,0.14724468282551278,8.43287930767692,0.19474295819804138,0.16352818797923563,0.15881836510458747,-0.027367705653555174,2.9309069518982183,0.1244010666908009,0.07205769862897687,0.0,0.27419354838709675,0.43875278396436523,0.444291054269101,0.5679145455360413
senator,2021-03-31,2021-05-31,2021-05-17,4.844187086458591,0.018761378912147263,0.04889636802619453,0.31857033055292017,0.4236479207496958,0.5748031496062992,0.4065934065934066,-0.084733428946295,11.589417980279258,-0.0672660725573781,-0.18554560018511612,0.16181940490565866,-0.03914590770443549,-2.1382567530437973,-0.26191672665549626,-0.3142600947173203,1.0,0.7741935483870968,0.43875278396436523,0.4544108775859114,0.31609758734703064
soroban,2021-03-31,2021-05-31,2021-05-17,4.74493212836325,0.06794821915875794,0.16588525283806344,0.7048095102713748,0.23768103751830705,0.8695652173913043,0.4,0.049544207499593526,18.130104581731697,-0.07905104803200974,-0.1170148262765438,0.16112111915352506,-0.04120329981579507,-0.5940188844858452,-0.05846872572206537,-0.1108120937838894,1.0,0.8709677419354839,0.43875278396436523,0.46198261738861857,0.26871153712272644
southeastern,2021-03-31,2021-05-31,2021-05-17,3.1780538303479458,0.07202134571010395,0.1773624600453105,0.6972918933902794,0.26085540932460116,0.16666666666666666,0.2,0.04315414548738349,6.238634302512611,0.31104293667969757,-0.446018831759714,0.15630522678034667,-0.01135029672603205,-1.0590778830689735,-0.02391468670082849,-0.07625805476265252,1.0,0.16129032258064516,0.43875278396436523,0.7460089447714844,0.7319371700286865
srs,2021-03-31,2021-05-31,2021-05-17,3.4657359027997265,0.11692023095183265,0.2104888956061819,0.8604915326684788,0.2312070454638886,0.21875,0.1935483870967742,0.04832344222806991,10.426405731320349,0.22410091309688823,0.3623794430763657,0.2319723991701067,-0.053310821914093975,0.5335352568935828,0.05529419717490527,0.0029508291130812435,0.0,0.20967741935483872,0.43875278396436523,0.46795245722864076,0.725196897983551
starboard,2021-03-31,2021-05-31,2021-05-14,3.6109179126442243,0.07031907269833529,0.12371975007352913,0.7465516012275203,0.11740421281794977,0.5405405405405406,0.05555555555555555,0.1752215183711973,4.507910624436259,-0.07295289810708128,,0.13027409420558134,-0.06843830448018795,,-0.03217540702564437,-0.0845187750874684,1.0,0.8387096774193549,0.43875278396436523,0.6779875133025047,0.33748430013656616
steadfast,2021-03-31,2021-05-31,2021-05-17,3.828641396489095,0.03312079450095086,0.06204827684919409,0.4583857313479994,0.2589824833743961,0.15217391304347827,0.22,-0.12926842881062636,14.1448977785855,-0.09082272558591398,-0.06943485450592413,0.16228088802156337,-0.05799359623966294,-1.1538279590516836,-0.2385330913052043,-0.29087645936702833,1.0,0.8870967741935484,0.43875278396436523,0.2958977947107635,0.2435021698474884
suvretta,2021-03-31,2021-05-31,2021-05-17,4.653960350157523,0.02267345733886909,0.04469241875969269,0.33815769146211755,0.4030368536106066,0.42857142857142855,0.4339622641509434,-0.039602548647602855,10.847753525018272,-0.10267463888563211,-0.10921154955066115,0.19232620893032332,-0.05580050053806651,-1.7228978593085,-0.19541843950953336,-0.24776180757135738,1.0,0.9032258064516129,0.43875278396436523,0.4072811844149411,0.3435571789741516
tci,2021-03-31,2021-05-31,2021-05-17,2.5649493574615367,0.12284871282636994,0.1836689426240924,0.9736729297133903,0.07983613537504619,0.15384615384615385,0.15384615384615385,0.12253589826653524,18.594331765953065,-0.06302033396985923,,0.16900681143635687,-0.060737870003071626,,0.0009745343295493175,-0.05136883373227471,0.0,0.7419354838709677,0.43875278396436523,0.22996057762327937,0.14094746112823486
third-avenue,2021-03-31,2021-05-31,2021-05-14,4.110873864173311,0.03324718515801587,0.0896399958738782,0.4574070498493701,0.10513904639550598,0.03278688524590164,0.078125,0.05913084545426919,3.2278346588940408,0.19266451724115669,-0.6114309712283569,0.16175548128060974,-0.05045657568360018,-2.569325015859121,0.0638753716319549,0.011532003570130879,0.0,0.2903225806451613,0.43875278396436523,0.8774975153067474,0.7596054673194885
third-point,2021-03-31,2021-05-31,2021-05-14,4.820281565605037,0.03632465586555551,0.11385055205578964,0.46654181391839616,0.3160626235158843,0.6774193548387096,0.4594594594594595,0.1341917924913816,12.053865145549334,-0.12630376500281554,-0.0695476897219035,0.14559185354243984,-0.058600203754600066,-0.4445665391087042,-0.1814123132741506,-0.23375568133597463,1.0,0.9516129032258065,0.43875278396436523,0.5162049782059254,0.3152503967285156
tiger-global,2021-03-31,2021-05-31,2021-05-17,4.787491742782046,0.03779523738850914,0.10020318194146878,0.514043525381524,0.15978221520062952,0.20833333333333334,0.020618556701030927,0.10771638838520926,14.493551941029386,0.03701687365530282,0.4970520804470556,0.24043597786044954,-0.07815109493675598,0.3521559230407379,-0.4395131257500558,-0.49185649381187985,1.0,0.4838709677419355,0.43875278396436523,0.30393134061777327,0.1991204023361206
tiger-management,2021-03-31,2021-05-31,2021-05-17,3.58351893845611,0.08723618583430617,0.17821165188813298,0.8408522596470616,0.12914373336745788,0.2777777777777778,0.35,0.13368676925154052,15.78109644283208,0.20407940329902413,0.7306218879212102,0.20755560615999902,-0.02732334987505547,3.591645687459065,-0.18487660481874668,-0.2372199728805707,1.0,0.22580645161290322,0.43875278396436523,0.25909128578692936,0.3582580089569092
trian,2021-03-31,2021-05-31,2021-05-14,2.1972245773362196,0.13528157562365292,0.1918382130442294,1.0,0.20503035188029617,0.1111111111111111,0.0,0.22437036541946975,7.164359101976634,0.018219464762959603,0.005881565213672224,0.15338204043404402,-0.02949071034755879,1.4159445936644974,,,,0.5483870967741935,0.43875278396436523,0.2842471549999881,0.419187992811203
tweedy-browne,2021-03-31,2021-05-31,2021-05-07,3.828641396489095,0.05363388475631618,0.11178350676854154,0.6538761474163381,0.07689742797437149,0.043478260869565216,0.08333333333333333,0.06566005281126247,12.26477564966185,-0.00483254731886823,-0.339100843140795,0.16045661323590604,-0.06169227339902783,-1.3863882293204892,0.02529968168288545,-0.027043686378938576,0.0,0.6129032258064516,0.43875278396436523,0.5686262714143031,0.5873344540596008
valueact,2021-03-31,2021-05-31,2021-05-17,2.5649493574615367,0.14286858642057504,0.20612115684355675,0.9941763345535266,0.0973780314610233,0.3076923076923077,0.18181818181818182,-0.006185898476598536,7.173654329935348,0.42325140618562124,-0.002262586581526227,0.23805909373466136,-0.049621034945985576,0.5343483722512928,-0.06550196725335047,-0.1178453353151745,1.0,0.08064516129032258,0.43875278396436523,0.6839341728995085,0.838591456413269
viking,2021-03-31,2021-05-31,2021-05-17,4.543294782270004,0.023143754550640088,0.05979639389586123,0.3708209177186379,0.27854328730831057,0.2978723404255319,0.3125,-0.07981017039561553,13.016279535954796,0.020813514300502323,0.13733467994135384,0.1617645690610482,-0.03166281609506383,0.013991953352154108,-0.2577096102617957,-0.3100529783236197,1.0,0.532258064516129,0.43875278396436523,0.3380912378255901,0.31482234597206116
whale-rock,2021-03-31,2021-05-31,2021-05-17,3.8918202981106265,0.030939246291661223,0.0542816404094692,0.4107960539786253,0.394006446233498,0.32653061224489793,0.36538461538461536,-0.21161600867516595,13.55833636896632,0.18576504416845746,1.180340467673577,0.2696366431214635,-0.08130939866081444,1.1072517140800642,-0.38531942650703327,-0.4376627945688573,1.0,0.3064516129032258,0.43875278396436523,0.19603006692825659,0.23287899792194366
yacktman,2021-03-31,2021-05-31,2021-05-04,4.189654742026425,0.030926126325415332,0.05191870947206217,0.44715621404258266,0.10494901478740515,0.10606060606060606,0.03278688524590164,0.16807525610781954,11.05720509967157,0.04415012008644437,0.1062047110388592,0.17890006622717713,-0.052724116426763334,1.6663839955833593,0.12389576886327058,0.07155240080144656,0.0,0.45161290322580644,0.43875278396436523,0.2656279262272266,0.3693832755088806
abrams,2021-06-30,2021-08-31,2021-08-13,2.772588722239781,0.08666520224534321,0.17956669076681364,0.8164735654430119,0.07097923936877593,0.0625,0.0625,0.012934229860891764,12.012896282761623,0.004777678285175002,-0.29602112840765127,0.2249963452105948,-0.03174611219243828,-0.5790231116904992,-0.0135348216906378,-0.1566903538811418,1.0,0.5303030303030303,0.44142259414225943,0.4296726056758497,0.5829662084579468
adage,2021-06-30,2021-08-31,2021-08-16,6.917705609835305,0.008752511047040471,0.044978569898248506,0.22513854317918233,0.1621032175375583,0.22277227722772278,0.17455310199789695,0.04185720502478706,11.047879173143125,-0.07932253567552455,-0.03134878454272405,0.14681308151046485,-0.042386477019062174,-1.512475994233424,0.0020128347654292666,-0.14114269742507474,0.0,0.7424242424242424,0.44142259414225943,0.6521075636395608,0.5180142521858215
akre,2021-06-30,2021-08-31,2021-08-13,3.2188758248682006,0.0765983134428489,0.13190511323815424,0.7683930861107587,0.07614530832899657,0.12,0.2413793103448276,0.09761793637501615,11.957399433162577,-0.14122060016449042,0.19004171141504256,0.17991741930043897,-0.0682313132102973,0.5885096512998277,-0.0018575892241217695,-0.14501312141462577,1.0,0.9545454545454546,0.44142259414225943,0.3605328430598254,0.30645304918289185
altimeter,2021-06-30,2021-08-31,2021-08-16,3.4965075614664802,0.23286690862346757,0.4538738650226997,0.8552075256488677,0.17685151076822836,0.2727272727272727,0.25,-0.050711697797264046,19.819421168629507,0.07153406364614051,-0.06347687479079722,0.3163177071522347,-0.05795533301989575,-0.4859495935792478,-0.37254219924395027,-0.5156977314344543,1.0,0.30303030303030304,0.44142259414225943,0.33719562744060433,0.5077843070030212
appaloosa,2021-06-30,2021-08-31,2021-08-16,3.9889840465642745,0.04717063063250189,0.09941931615614076,0.5744305802678427,0.12742128164598288,0.07407407407407407,0.1935483870967742,-0.36548018686850015,18.545276554897566,-0.1443077116556008,-0.19182416221699988,0.14183418026866917,-0.0314852433598114,-1.1690844809778331,0.13272570702383873,-0.010429825166665262,0.0,0.9696969696969697,0.44142259414225943,0.2808045326961482,0.22509442269802094
atreides,2021-06-30,2021-08-31,2021-08-16,3.713572066704308,0.0435781796658003,0.09827522380367044,0.54559545990964,0.3589899346601143,0.3170731707317073,0.40425531914893614,0.22470659153395608,10.65989026103781,0.25496370444650474,,0.24539690601530292,-0.02130322052691036,,-0.26027004066731774,-0.4034255728578217,1.0,0.15151515151515152,0.44142259414225943,0.40953584272871174,0.3009808659553528
baupost,2021-06-30,2021-08-31,2021-08-13,4.07753744390572,0.058426298185654174,0.11840671847443351,0.6803595306810555,0.13333514247364964,0.13559322033898305,0.13559322033898305,-0.01870092857858255,9.426350400265992,-0.09490678761974869,,0.19346948313532025,-0.045999883366437455,,-0.15828215152992922,-0.3014376837204332,1.0,0.7878787878787878,0.44142259414225943,0.42166954878582147,0.5961411595344543
berkshire-13f,2021-06-30,2021-08-31,2021-08-16,3.784189633918261,0.21073779055749264,0.41464975842954144,0.8750568026284534,0.02767199688665778,0.022727272727272728,0.06521739130434782,0.08021999705049329,10.607859794493145,-0.03811376072977435,-0.08157193793095141,0.19273705926144458,-0.04176374556345974,-0.9050758514068977,0.10611264900899392,-0.03704288318151008,0.0,0.6212121212121212,0.44142259414225943,0.6975418328796438,0.6928226947784424
cantillon,2021-06-30,2021-08-31,2021-07-27,3.6375861597263857,0.03163527300768845,0.06543626488981827,0.4116248175963165,0.04606499993535351,0.0,0.02564102564102564,0.07774370069298467,12.221064306719178,0.015050397776293356,0.19697609624507362,0.15638271222482505,-0.034289277067325985,1.5366361379756586,-0.03518640237102727,-0.17834193456153127,1.0,0.45454545454545453,0.44142259414225943,0.25370336092159723,0.20431356132030487
coatue,2021-06-30,2021-08-31,2021-08-13,4.330733340286331,0.03312828598557282,0.06749824636597775,0.4726697396455459,0.2510531311550195,0.27631578947368424,0.16666666666666666,0.3358236034206134,14.066342558343672,-0.04516686004640602,0.8695217190649116,0.2105296943302999,-0.05272716894348062,1.3577797299212233,-0.3887842704626895,-0.5319398026531935,1.0,0.6666666666666666,0.44142259414225943,0.2376399131916293,0.1268758773803711
corvex,2021-06-30,2021-08-31,2021-08-16,3.5263605246161616,0.12804630103616502,0.2988927117495959,0.8411236974887606,0.15128233042607808,0.29411764705882354,0.45454545454545453,0.10510246238888488,16.08938653145812,0.09355902226482737,,0.21636226734506456,-0.04017807456109268,,-0.02814487027049567,-0.17130040246099967,1.0,0.2727272727272727,0.44142259414225943,0.5244632425077426,0.3186832368373871
d1,2021-06-30,2021-08-31,2021-08-16,4.02535169073515,0.042362169060826634,0.08111669865625427,0.5463585118921965,0.3066152278940607,0.42857142857142855,0.3191489361702128,0.1240735433184202,15.416912769333772,0.007499318824524537,,0.1512415950200342,-0.024395308381816028,,-0.3230239714054367,-0.4661795035959407,1.0,0.5151515151515151,0.44142259414225943,0.26402321947752555,0.21512296795845032
darsana,2021-06-30,2021-08-31,2021-08-16,2.833213344056216,0.07488997753445988,0.1227876069788907,0.7985399559892471,0.22419719380521907,0.17647058823529413,0.2222222222222222,-0.06829190447158777,14.906658608500269,0.09476981097692827,0.7166124959674769,0.23243644614258352,-0.08642476621556505,1.1779849112939766,-0.3029478882688713,-0.4461034204593753,1.0,0.25757575757575757,0.44142259414225943,0.2565035491166302,0.26731568574905396
dragoneer,2021-06-30,2021-08-31,2021-08-16,4.143134726391533,0.043528327831528144,0.0958443950455554,0.5857849471730502,0.25649533574047656,0.42857142857142855,0.25,0.1050473767650878,10.869175514103892,-0.1252391531433259,0.19695221389707318,0.2705395552340839,-0.09116332963004892,-0.8358503973724288,-0.4080227095236675,-0.5511782417141715,1.0,0.9393939393939394,0.44142259414225943,0.43489426552252913,0.3135419189929962
duquesne,2021-06-30,2021-08-31,2021-08-16,3.8918202981106265,0.04983810310910067,0.11728093975873868,0.592929876090819,0.3019772986946736,0.32653061224489793,0.45,-0.10867522274657168,18.75450531209548,-0.013142181629130334,0.2678264772260103,0.15196778879770423,-0.01939590214949083,0.7025507830698504,-0.11042746568689574,-0.25358299787739974,1.0,0.5606060606060606,0.44142259414225943,0.20624509428284887,0.22034314274787903
egerton,2021-06-30,2021-08-31,2021-08-12,3.4339872044851463,0.052151254480182305,0.10987923942342022,0.6213826186734323,0.12483349281411193,0.12903225806451613,0.22857142857142856,0.05811285946862982,19.375309914962227,-0.08000628814881769,0.1173853265708883,0.13400002304924688,-0.036676338037683776,0.08343246593900841,-0.12403189380548293,-0.26718742599598694,1.0,0.7575757575757576,0.44142259414225943,0.23999567125412097,0.0924590602517128
elliott,2021-06-30,2021-08-31,2021-08-16,3.2188758248682006,0.15084190527964353,0.3039129903056248,0.908591295003109,0.12585712576871677,0.12,0.2413793103448276,0.03943210804192952,6.1638659083921326,0.24958775060273453,,0.26544548741666024,-0.06368154060847764,,0.3172144873234076,0.17405895513290365,0.0,0.16666666666666666,0.44142259414225943,0.7313412721282053,0.7487905621528625
eminence,2021-06-30,2021-08-31,2021-08-16,4.23410650459726,0.021994837840998017,0.04365870098183173,0.32889056835398917,0.2499848285576759,0.2318840579710145,0.22058823529411764,0.0011101428384307527,8.394249032827181,0.2625608190250117,0.2642301484503625,0.19945836242510406,-0.004345302703451237,1.6989401425364743,-0.008897666955988343,-0.15205319914649235,1.0,0.13636363636363635,0.44142259414225943,0.3417866653529297,0.45325416326522827
farallon,2021-06-30,2021-08-31,2021-08-13,5.655991810819852,0.0230954574890949,0.07556494058288982,0.3587428003053241,0.2129263751538465,0.5629370629370629,0.44933920704845814,0.0892228661241849,10.635106262789103,-0.08023842557093669,,0.13313972338334262,-0.026649637732385045,,-0.009931039305134781,-0.15308657149563878,1.0,0.7727272727272727,0.44142259414225943,0.5437384445237976,0.35964658856391907
fisher,2021-06-30,2021-08-31,2021-07-27,6.835184586147301,0.016008230873756718,0.0557747345367947,0.31558830476044497,0.040898247003097854,0.1010752688172043,0.09130434782608696,0.11505350255556406,11.835949675313515,-0.09761192766957497,0.07837039986236927,0.1164452820072246,-0.03536568398350981,1.297703469327146,-0.07148252986300038,-0.21463806205350439,1.0,0.803030303030303,0.44142259414225943,0.41292766656753555,0.20084838569164276
fundsmith,2021-06-30,2021-08-31,2021-08-13,3.7612001156935624,0.054768103868785986,0.09926774094590111,0.637951243141653,0.036965610341030075,0.023255813953488372,0.0,0.13775126422926065,14.619285149556928,0.02645705024631917,0.32642859979507555,0.1411095652944434,-0.03853594021226037,1.9226650782786439,-0.10982228267301189,-0.2529778148635159,1.0,0.42424242424242425,0.44142259414225943,0.24235462808874086,0.11716683208942413
gardner-russo,2021-06-30,2021-08-31,2021-08-12,4.477336814478207,0.06835030279748448,0.11122940471188543,0.7558082406752542,0.029772864716855252,0.022727272727272728,0.044444444444444446,0.07677771741058503,9.902190023757385,-0.10616898938551358,-0.27788045040713794,0.16551235736617026,-0.04571314480556732,-1.0486604948084703,0.032326886911070274,-0.11082864527943373,0.0,0.8333333333333334,0.44142259414225943,0.5724714034934997,0.5320570468902588
giverny,2021-06-30,2021-08-31,2021-08-13,4.04305126783455,0.05484897598775703,0.12436548532086099,0.6179208962576863,0.03328172000815177,0.07017543859649122,0.0,0.09505865594301738,12.234285992324395,0.02573703963080809,-0.042003871857585695,0.14502489616761402,-0.009260400553019021,0.269627803980002,-0.020451066823062525,-0.16360659901356653,1.0,0.4393939393939394,0.44142259414225943,0.45653092726212086,0.568114697933197
glenview,2021-06-30,2021-08-31,2021-08-16,4.1588830833596715,0.03941049189818095,0.11957694581032986,0.49135438543539955,0.19496236084510088,0.234375,0.2222222222222222,0.010350212934097198,8.456747446038792,0.3336669543007571,0.021335650552636976,0.21139647115791016,-0.013340233745470886,0.5828800748247968,-0.008794896373404887,-0.1519504285639089,1.0,0.07575757575757576,0.44142259414225943,0.599419202362812,0.6773491501808167
gotham,2021-06-30,2021-08-31,2021-08-16,6.889591308354466,0.003974723578296293,0.02199131990714004,0.13165047605771418,0.23383585030322773,0.18533604887983707,0.18283963227783454,0.051381764180988866,8.467017469078812,-0.018308627613810358,-0.060589035919049516,0.14196694851394168,-0.02744098754217228,0.058479233141958784,0.01587425653214594,-0.12728127565835806,0.0,0.5757575757575758,0.44142259414225943,0.4702693962305558,0.30728060007095337
greenhaven-road,2021-06-30,2021-08-31,2021-08-16,3.6109179126442243,0.099682680277486,0.17538192893068097,0.8786353444636189,0.17464168701396454,0.5135135135135135,0.25,0.08426320394753216,4.371341086002156,1.087698489875022,,0.465161733096637,-0.07188034376262153,,-0.37528007473229397,-0.518435606922798,1.0,0.015151515151515152,0.44142259414225943,0.9057624502391549,0.5934119820594788
greenlight,2021-06-30,2021-08-31,2021-08-16,4.2626798770413155,0.0932683309437761,0.24861788291296555,0.7028184643812986,0.17750686514629122,0.3380281690140845,0.24193548387096775,0.1034446280710756,3.293334580293345,0.3328825957841616,0.023154562239077747,0.24453100205389958,-0.061987315660125275,0.2792600270909326,0.08403078133785986,-0.05912475085264414,0.0,0.09090909090909091,0.44142259414225943,0.8453293839468833,0.7595428824424744
harris,2021-06-30,2021-08-31,2021-08-16,4.912654885736052,0.022415502103866572,0.07644607667108996,0.3566339667518575,0.0876758692929901,0.022058823529411766,0.029197080291970802,0.07060985589796062,11.291744337125648,0.2065428999990876,-0.06612140947859702,0.19606547082391132,-0.015501071092912322,0.8458305487950076,-0.03906593978332923,-0.18222147197383323,1.0,0.19696969696969696,0.44142259414225943,0.4176023867095521,0.6197271347045898
hitchwood,2021-06-30,2021-08-31,2021-08-16,4.1588830833596715,0.026806110992160546,0.07086630127549211,0.40499255371959436,0.2572654073253329,0.296875,0.25,0.053239449034767225,14.306410892844479,0.002178212628729359,0.586652474375055,0.20095358870177285,-0.07180073456200409,0.542837150824783,-0.40053576043464123,-0.5436912926251453,1.0,0.5454545454545454,0.44142259414225943,0.30253384657970017,0.26998114585876465
hound,2021-06-30,2021-08-31,2021-08-16,5.521460917862246,0.046640503159390875,0.14673525231911316,0.5442525369828842,0.1302269515335912,0.176,0.1659919028340081,-0.017288264752069626,10.553310120547913,-0.09810957725339031,,0.22489190573428297,-0.04316985557871489,,-0.13536510030569518,-0.2785206324961992,1.0,0.8181818181818182,0.44142259414225943,0.48638571915094664,0.6893910765647888
icahn,2021-06-30,2021-08-31,2021-08-13,2.833213344056216,0.30848927219647154,0.5379619963643083,0.9261449652084175,0.06459564379854732,0.0,0.10526315789473684,0.018431630949507685,3.116908781962609,0.03555531427731401,-0.6291507958760885,0.25931691008609864,-0.07644850886151888,-0.9767457411581002,0.3220411848837184,0.1788856526932144,0.0,0.3939393939393939,0.44142259414225943,0.7332804737250025,0.7621709108352661
impactive,2021-06-30,2021-08-31,2021-08-16,2.1972245773362196,0.13250698519643972,0.22351271238818018,1.0,0.1346438844233241,0.1111111111111111,0.0,0.39983802509340843,3.4426285404252037,0.31550817159064015,,0.22378230803104202,-0.056905122503746464,,0.043636741519268704,-0.0995187906712353,0.0,0.10606060606060606,0.44142259414225943,0.7178987507362967,0.4831749498844147
lansdowne,2021-06-30,2021-08-31,2021-08-13,3.4011973816621555,0.06771205231242118,0.12518568695784266,0.7474670620923056,0.19623105666190632,0.16666666666666666,0.2647058823529412,0.006529810510617853,7.8138083092374515,0.2429050153618174,-0.3840587009078424,0.24378784545935217,-0.03274639035603133,-0.05797076619418085,-0.1285174429338002,-0.2716729751243042,1.0,0.18181818181818182,0.44142259414225943,0.5286476175272198,0.5511050224304199
light-street,2021-06-30,2021-08-31,2021-08-16,4.189654742026425,0.025793571916432573,0.063930581226931,0.3630405068639269,0.4737111462370066,0.5303030303030303,0.32608695652173914,0.20985680520511713,10.683834255912322,-0.1121020420767121,0.18430615623718138,0.20508479024756843,-0.08917739295419824,-0.7514600306545856,-0.36331189612539405,-0.5064674283158981,1.0,0.8787878787878788,0.44142259414225943,0.3070815434477234,0.22693783044815063
lone-pine,2021-06-30,2021-08-31,2021-08-16,3.58351893845611,0.03979715071802725,0.07532455392241466,0.5105797433507403,0.2243793625495274,0.2777777777777778,0.3157894736842105,0.13988237427114295,16.226994675286594,-0.04155687652448903,0.6981823010869361,0.20268716405413742,-0.053666307448836936,1.3002152996553,-0.36778233812246164,-0.5109378703129657,1.0,0.6515151515151515,0.44142259414225943,0.2006663591905315,0.06159089505672455
markel-13f,2021-06-30,2021-08-31,2021-08-06,4.8283137373023015,0.025295969997550027,0.059029200099850174,0.429171694197196,0.0348724705586253,0.072,0.01694915254237288,0.08926417799784411,11.920995068758389,0.026846213215217463,0.05571138729597991,0.1476381070278902,-0.026959610662811717,0.8134931154157037,0.029251493710501925,-0.11390403848000208,0.0,0.4090909090909091,0.44142259414225943,0.3962354115391431,0.497406542301178
marshall-wace,2021-06-30,2021-08-31,2021-08-13,7.6953031349635665,0.004117486800761819,0.01984851570454722,0.1376559278848446,0.33520090203064146,0.33575978161965425,0.38860971524288107,-0.03903061249483093,8.145621603489023,-0.03222759868149888,0.14091628211994223,0.13649420520856745,-0.03306220474941146,0.6996481932221981,-0.038015704273288126,-0.18117123646379213,1.0,0.6060606060606061,0.44142259414225943,0.45905332275033023,0.26069241762161255
matrix,2021-06-30,2021-08-31,2021-08-16,3.1354942159291497,0.06216123901070303,0.11540363580114814,0.7030617106091228,0.11675854754357506,0.043478260869565216,0.26666666666666666,0.055461662294969606,11.81332493493921,-0.11033295549434549,-0.031452670128310656,0.2101675431731452,-0.053010152807993594,-1.309074359897512,-0.3200220646839693,-0.46317759687447335,1.0,0.8636363636363636,0.44142259414225943,0.48543125964165895,0.4566667675971985
maverick,2021-06-30,2021-08-31,2021-08-16,6.492239835020471,0.18645795687176403,0.42455713991287747,0.6019952112444522,0.17555785932664292,0.34545454545454546,0.36934306569343067,-0.0040946524863884224,9.042652425622093,-0.21117013952723326,-0.328223112209254,0.2027658792223947,-0.13677105669376566,-1.1482023904421796,-0.241201059533498,-0.384356591724002,1.0,1.0,0.44142259414225943,0.7788121393825783,0.5288335084915161
melvin,2021-06-30,2021-08-31,2021-08-16,4.127134385045092,0.02711547522352022,0.07272898681480017,0.3971857861841509,0.3375815523714091,0.3387096774193548,0.31666666666666665,0.004141813115065147,13.03227502896399,-0.0715874866805844,0.11255139715811013,0.16609277683705082,-0.04086699059115595,-0.28992577174586154,-0.17619431173897623,-0.31934984392948024,1.0,0.7272727272727273,0.44142259414225943,0.2948819193417785,0.20267550647258759
oaktree,2021-06-30,2021-08-31,2021-08-16,5.241747015059643,0.03800792242218199,0.0842622125413374,0.5461161340065488,0.17834937608156431,0.23809523809523808,0.1676300578034682,0.12386730379092488,3.115412607237972,0.3358193096044917,,0.17662632002015236,-0.03271904512103374,,0.2808757489702135,0.13772021677970953,0.0,0.06060606060606061,0.44142259414225943,0.8016501969199366,0.5257279276847839
pershing-square,2021-06-30,2021-08-31,2021-08-16,1.9459101490553132,0.14840502780530307,0.18365981984323868,1.0,0.04498771858416695,0.0,0.0,0.023513601565022642,6.013628192688107,0.0923199667925888,0.497291121798604,0.12499268609084802,-0.02059920877734933,1.2201703080984454,0.02843103881654961,-0.11472449337395439,0.0,0.2878787878787879,0.44142259414225943,0.4977227724117981,0.6461226344108582
polen,2021-06-30,2021-08-31,2021-08-12,4.394449154672439,0.04869644212545433,0.08647935725748158,0.5886328653438706,0.032141007391879195,0.14814814814814814,0.028169014084507043,0.16019061464130427,21.11005149430144,0.011783470439603205,0.4554324528431699,0.14098983064277978,-0.027138096095437048,2.7140268718386484,-0.17366162747153788,-0.3168171596620419,1.0,0.48484848484848486,0.44142259414225943,0.11894466502347144,0.18718485534191132
pzena,2021-06-30,2021-08-31,2021-08-06,5.10594547390058,0.020600925529392366,0.04245520893677565,0.3374340501174366,0.05234645113161551,0.05454545454545454,0.08235294117647059,0.04356782870059451,6.032383945519688,0.28942313170586365,-0.28587992133391743,0.25412174846348207,-0.05077459232188053,0.25508740089926196,0.0943943320736502,-0.04876120011685381,0.0,0.12121212121212122,0.44142259414225943,0.6157148262029154,0.7206696271896362
ruane-cunniff,2021-06-30,2021-08-31,2021-08-16,3.5553480614894135,0.05263509636338995,0.07700383145226694,0.6212060329927017,0.07843427539691061,0.0,0.05405405405405406,0.05897971544645089,15.191281241077444,0.013109988184072385,0.11722132054112078,0.14930265169736695,-0.016874294899752007,0.1827643328410063,-0.06995817241214991,-0.21311370460265391,1.0,0.4696969696969697,0.44142259414225943,0.295133537187229,0.09733559936285019
sachem-head,2021-06-30,2021-08-31,2021-08-13,3.2188758248682006,0.16901448773907868,0.25187355740741507,0.924068349363291,0.14980138811510324,0.28,0.21739130434782608,0.043661956678497114,9.848809045288602,0.4864694272257525,,0.2374190862939334,-0.02306962510053745,,-0.12941343165958277,-0.2725689638500868,1.0,0.030303030303030304,0.44142259414225943,0.6696434789609166,0.5924727320671082
sands,2021-06-30,2021-08-31,2021-08-16,4.343805421853684,0.033322310176374284,0.10751809349290771,0.4378930906253116,0.0708346657438812,0.07792207792207792,0.04054054054054054,0.1520013602260472,15.86207730001427,-0.02274810628732654,0.4983578617349842,0.1589722921761253,-0.03933494732946685,1.2203725483564667,-0.34491354356223547,-0.48806907575273945,1.0,0.5909090909090909,0.44142259414225943,0.2973354786615063,0.19976766407489777
semper-augustus,2021-06-30,2021-08-31,2021-08-16,3.58351893845611,0.08587924135900528,0.1898770735334637,0.7488854290807571,0.11879644527037925,0.19444444444444445,0.03333333333333333,0.12830713675018915,8.326400807337745,0.0432910026424721,0.0032304046336787406,0.17628325830859426,-0.05013323927330238,2.2563977405110265,0.1155597616744679,-0.027595770516036105,0.0,0.36363636363636365,0.44142259414225943,0.33775714588304967,0.6143531799316406
senator,2021-06-30,2021-08-31,2021-08-13,4.795790545596741,0.0197795375175451,0.05613474892409063,0.31741107116870565,0.3533291909812927,0.2975206611570248,0.33070866141732286,0.0793780765200591,12.581748125052588,-0.11587410994967473,-0.18966609173019167,0.14993702534320077,-0.03591850951834097,-2.1683403237092502,-0.19198061163665267,-0.3351361438271567,1.0,0.8939393939393939,0.44142259414225943,0.4496266249746603,0.2824184000492096
soroban,2021-06-30,2021-08-31,2021-08-16,3.871201010907891,0.08141271009377923,0.1723348665054412,0.8168576792939006,0.26814003785329044,0.3958333333333333,0.7478260869565218,-0.00489620585481195,21.36343352003679,-0.12466306211356465,-0.04226925015528005,0.13532405278609075,-0.016913110950108723,-0.3954429382352543,-0.036145235485178645,-0.17930076767568265,1.0,0.9242424242424242,0.44142259414225943,0.30538881724627825,0.4102483093738556
southeastern,2021-06-30,2021-08-31,2021-08-13,3.1780538303479458,0.06826040360521674,0.16847230560563028,0.6796539703615715,0.0753687636238799,0.041666666666666664,0.041666666666666664,0.061867130410898724,5.8831836319118365,0.10629892028869525,-0.5912350457965123,0.19034458174356506,-0.0696026382385575,-1.6052242821931693,0.05481926237561871,-0.0883362698148853,0.0,0.24242424242424243,0.44142259414225943,0.7444843566724161,0.7263678908348083
srs,2021-06-30,2021-08-31,2021-08-16,3.295836866004329,0.10950360878271774,0.22347328722566134,0.853189525632909,0.09965566495061218,0.18518518518518517,0.3125,0.011300310595322367,9.585716978761818,0.03947613981389669,0.44980483397726867,0.22665878027007993,-0.04466414057124035,0.7353785760084508,0.06382387476245201,-0.079331657428052,0.0,0.3787878787878788,0.44142259414225943,0.5829269504173776,0.7424771189689636
starboard,2021-06-30,2021-08-31,2021-08-13,4.127134385045092,0.0614266116135117,0.09246964768779704,0.6971801386911098,0.1184762475688893,0.5645161290322581,0.2702702702702703,0.08269857291643389,4.261886118136404,-0.07118526790935292,,0.1404956054481082,-0.027644023990700983,,-0.017512285938730526,-0.16066781812923453,1.0,0.7121212121212122,0.44142259414225943,0.6824483640062905,0.37018948793411255
steadfast,2021-06-30,2021-08-31,2021-08-16,3.9512437185814275,0.03177652563691138,0.06171879555162862,0.44275715362603135,0.1636651080402598,0.23076923076923078,0.13043478260869565,0.08235538926569402,15.702117604794795,-0.10629031882231907,-0.12582293787625798,0.149548900825944,-0.0296074537459462,-1.460950023795843,-0.18188722464684606,-0.32504275683735007,1.0,0.8484848484848485,0.44142259414225943,0.3589591477284838,0.17262132465839386
suvretta,2021-06-30,2021-08-31,2021-08-16,4.795790545596741,0.024025886026425906,0.055833710542132396,0.37917398932321383,0.31365790939023186,0.32231404958677684,0.21904761904761905,-0.01095150626504748,12.237717385656174,-0.11710668162462692,-0.05746000430659448,0.17206130270298023,-0.04569600243481364,-1.6338347705743714,-0.12843424135678919,-0.2715897735472932,1.0,0.9090909090909091,0.44142259414225943,0.41184832374314784,0.3932896554470062
tci,2021-06-30,2021-08-31,2021-08-16,2.5649493574615367,0.12317807508331473,0.18686664038128878,0.9676703070393676,0.03059147253796979,0.15384615384615385,0.15384615384615385,0.15194634237532034,18.6124033979317,0.04874945855780377,,0.1556109803258433,-0.036869734575297186,,-0.060628173481375586,-0.2037837056718796,1.0,0.3484848484848485,0.44142259414225943,0.3207955674216445,0.15009930729866028
third-avenue,2021-06-30,2021-08-31,2021-08-13,4.0943445622221,0.03452807317148992,0.0948329932593904,0.47190221749382705,0.053370433851802956,0.016666666666666666,0.03278688524590164,-0.0005820583333849467,3.1944164357604294,0.15957494353010238,-0.5818015802231508,0.17266676565929626,-0.025842916042081332,-2.234439713098685,0.06107057330111508,-0.08208495888938892,0.0,0.22727272727272727,0.44142259414225943,0.8443714813806653,0.7559664249420166
third-point,2021-06-30,2021-08-31,2021-08-16,4.836281906951478,0.03463980023991209,0.09783322970389924,0.4660282968647872,0.22621466457665462,0.2777777777777778,0.2661290322580645,0.1411793467333026,12.15217768738674,-0.03918471621719971,0.12323962010450418,0.158269178996254,-0.03184773255904294,0.2014343130564962,-0.17014490750077996,-0.31330043969128396,1.0,0.6363636363636364,0.44142259414225943,0.41340105450651793,0.19819672405719757
tiger-global,2021-06-30,2021-08-31,2021-08-16,4.948759890378168,0.031846218328556664,0.07659228318671508,0.4576714134381463,0.15296792280081173,0.18439716312056736,0.041666666666666664,0.21253747614998517,14.40328389248852,-0.17790616513620064,0.6100187562727937,0.1927284212199439,-0.07815109493675598,0.6663539243742092,-0.3664832346049747,-0.5096387667954787,1.0,0.9848484848484849,0.44142259414225943,0.27700175935923965,0.1367533802986145
tiger-management,2021-06-30,2021-08-31,2021-08-16,3.6109179126442243,0.07467558147754616,0.11350622333486125,0.8199799019780685,0.18054358268086235,0.24324324324324326,0.2222222222222222,0.11840115267652973,15.158603363774198,0.1932872934956288,0.6251206826034024,0.18765664170034627,-0.021830984570807566,3.1653240116142243,-0.20874143858736874,-0.35189697077787274,1.0,0.21212121212121213,0.44142259414225943,0.18631278542341725,0.2350360006093979
trian,2021-06-30,2021-08-31,2021-08-13,2.1972245773362196,0.1329006972743389,0.21290290376181845,1.0,0.08343057995064707,0.0,0.0,0.011458969725726352,6.7527204720386935,-0.07069701307498599,-0.16628840388644645,0.1678364371971034,-0.05218443595645306,0.6571434206568485,,,,0.696969696969697,0.44142259414225943,0.387154689178885,0.5270504355430603
tweedy-browne,2021-06-30,2021-08-31,2021-08-12,3.828641396489095,0.057105165101319556,0.1072256031025893,0.6720320100573506,0.056683749470619826,0.0,0.0,0.03537505762839678,12.635556138514389,0.05097803967792863,-0.38254353231521876,0.16015402609543458,-0.020501190875320874,-1.6142704657009275,0.04266336424024711,-0.1004921679502569,0.0,0.3333333333333333,0.44142259414225943,0.5564520414471892,0.5660714507102966
valueact,2021-06-30,2021-08-31,2021-08-16,2.4849066497880004,0.13868915264686005,0.19276734548087895,0.9905148826341197,0.263265657411083,0.16666666666666666,0.23076923076923078,-0.023964435252439336,6.748307586671371,0.4268127016658333,-0.0951984502832397,0.2530835581118437,-0.03780476779197084,0.3765288578095166,-0.03024239987887853,-0.17339793206938253,1.0,0.045454545454545456,0.44142259414225943,0.5335112268320639,0.7396866083145142
viking,2021-06-30,2021-08-31,2021-08-16,4.477336814478207,0.023336189115102213,0.04946189509244904,0.36736925728297604,0.27747833083820883,0.26136363636363635,0.30851063829787234,-0.017881260854197313,12.473078048845267,0.007741870943255624,0.12575229637898044,0.15496570272751006,-0.03166281609506383,-0.009008669967219522,-0.18897936191734757,-0.3321348941078516,1.0,0.5,0.44142259414225943,0.3398145912171566,0.3967941701412201
whale-rock,2021-06-30,2021-08-31,2021-08-16,4.127134385045092,0.02917575568342426,0.054262864651634234,0.4201717623496136,0.33269696279364336,0.45161290322580644,0.30612244897959184,0.2374994472398903,14.044668145281387,-0.05560213315652629,1.2261186838164333,0.2266992999338532,-0.08130939866081432,1.2489563884160781,-0.32306362788795095,-0.466219160078455,1.0,0.6818181818181818,0.44142259414225943,0.2527004629196122,0.1088414266705513
yacktman,2021-06-30,2021-08-31,2021-08-03,4.1588830833596715,0.03176983001100827,0.0643843731729547,0.44999350922902254,0.07555933816350358,0.015625,0.045454545454545456,0.07423888577363935,10.368981895891139,0.06977858779093027,-0.014547474757146572,0.1811068592427222,-0.018472508491793493,1.2938019583181988,0.1309350143940919,-0.012220517796412108,0.0,0.3181818181818182,0.44142259414225943,0.308154767639918,0.43993571400642395
abrams,2021-09-30,2021-11-30,2021-11-12,2.8903717578961645,0.08197561021141685,0.1625627044211565,0.8108764213929024,0.09371954610275701,0.16666666666666666,0.0625,0.018916773304820632,11.978884250053923,-0.05735857254295268,-0.409424425809017,0.14408914202424797,-0.07563663629540163,-1.1142587349813,0.025269162521474153,-0.09471059424227644,0.0,0.5671641791044776,0.4546351084812623,0.5053408367154661,0.42480728030204773
adage,2021-09-30,2021-11-30,2021-11-15,6.922643891475888,0.008877918146518806,0.04671904973864267,0.2220807548834626,0.15085253291312206,0.1330049261083744,0.12871287128712872,-0.005778687673972644,10.825870278531672,0.011339168355523677,-0.011368949409045537,0.12123501256426526,-0.04351674017461726,-0.6917221259995731,-0.031944295141624765,-0.15192405190537536,1.0,0.3582089552238806,0.4546351084812623,0.6110687444271853,0.6695102453231812
akre,2021-09-30,2021-11-30,2021-11-12,3.1354942159291497,0.07477416600201053,0.12544807635574623,0.7583086514874084,0.024008097296028375,0.0,0.08,-5.111767567198771e-05,11.5432470284782,-0.04344516341257304,0.10578128243050577,0.15152606151478432,-0.049017641584083615,0.5212392258189059,-0.0010115877566932718,-0.12099134452044387,1.0,0.5223880597014925,0.4546351084812623,0.39165774400249287,0.38578668236732483
altimeter,2021-09-30,2021-11-30,2021-11-15,3.4339872044851463,0.28438337532437535,0.5096894592052706,0.8828725103623083,0.10073372980691242,0.22580645161290322,0.2727272727272727,-0.06288219000919179,18.873913900313553,-0.10826876811007832,-0.16571372766493986,0.1800998005915232,-0.06611172160648737,-1.0753184780919847,-0.4907674994681237,-0.6107472562318743,1.0,0.6865671641791045,0.4546351084812623,0.44256444171695014,0.3420853614807129
appaloosa,2021-09-30,2021-11-30,2021-11-15,3.9318256327243257,0.04178202195430234,0.09331456884873265,0.5307163244347314,0.15064308013076655,0.058823529411764705,0.1111111111111111,-0.1404240794457357,16.505490255106803,-0.13744513775856826,-0.04102597040531686,0.1010156157427134,-0.05217118202784932,-0.6189419817054878,0.11272582699567181,-0.00725392976807879,0.0,0.8059701492537313,0.4546351084812623,0.2777674312739436,0.24257387220859528
atreides,2021-09-30,2021-11-30,2021-11-15,3.6109179126442243,0.05163093691938501,0.09904754438913495,0.6014839544827717,0.34305257437513115,0.21621621621621623,0.2926829268292683,-0.00204095987994634,9.903464054849392,0.02501106700717859,,0.18717901241603088,-0.07267561246520349,,-0.31457589790223034,-0.43455565466598095,1.0,0.3283582089552239,0.4546351084812623,0.3289663109292579,0.37869012355804443
baupost,2021-09-30,2021-11-30,2021-11-12,4.04305126783455,0.06237604809203764,0.14607439895708063,0.6766598100291874,0.16205944233698,0.12280701754385964,0.15254237288135594,-0.12427416640800376,9.366066718543147,-0.08739007427914067,,0.12261399347621983,-0.061300805468790465,,-0.13885111467512562,-0.25883087143887623,1.0,0.6417910447761194,0.4546351084812623,0.4573838382759395,0.5582980513572693
berkshire-13f,2021-09-30,2021-11-30,2021-11-15,3.7612001156935624,0.2221816430828279,0.4277757231034002,0.8846083249047648,0.025053368796685516,0.046511627906976744,0.06818181818181818,0.0014459545229154062,10.12949321683755,0.04596460225457277,-0.019441174539895578,0.12610100906477575,-0.03704055952565133,-0.7252041588309192,0.07568942622990268,-0.04429033053384791,0.0,0.19402985074626866,0.4546351084812623,0.7489064092299704,0.8096529245376587
cantillon,2021-09-30,2021-11-30,2021-10-26,3.6109179126442243,0.03224819726668115,0.06742938366237257,0.413913513192117,0.03516110030797237,0.0,0.02631578947368421,-0.012322333484265062,11.909861003831518,0.02519515772135661,0.18101601613636842,0.12355931721169228,-0.041770411233850724,1.6198246917546095,-0.05529036414843337,-0.17527012091218397,1.0,0.31343283582089554,0.4546351084812623,0.2863310263909199,0.2445000857114792
coatue,2021-09-30,2021-11-30,2021-11-12,4.343805421853684,0.03439934372450307,0.09470079261812286,0.45476488189889896,0.22318900469097003,0.22077922077922077,0.21052631578947367,-0.03741894675071569,12.237493360136051,-0.20001261691582606,0.9295098433144345,0.18141182118584467,-0.07494853772527099,1.1275513387055667,-0.40825967107133665,-0.5282394278350873,1.0,0.8955223880597015,0.4546351084812623,0.28321947989462204,0.33541181683540344
corvex,2021-09-30,2021-11-30,2021-11-15,3.4657359027997265,0.11984787457886265,0.29647950208291046,0.7697449086723862,0.1658231364550944,0.3125,0.35294117647058826,0.01976190364165521,14.338444131838612,-0.06917832660747567,-0.4072085285711949,0.18982690944748715,-0.08238604382200665,-1.2284369507015165,0.029261837226858697,-0.0907179195368919,0.0,0.5970149253731343,0.4546351084812623,0.5725705234859633,0.35713067650794983
d1,2021-09-30,2021-11-30,2021-11-15,4.189654742026425,0.03858762001342221,0.10523034817286046,0.48560869779635263,0.2858705306188709,0.3333333333333333,0.21428571428571427,0.15634183986357303,12.96357775970887,-0.060977882139431505,,0.13727722568890516,-0.04384343534185886,,-0.35794219512569825,-0.47792195188944886,1.0,0.582089552238806,0.4546351084812623,0.32880305389240344,0.4636322557926178
darsana,2021-09-30,2021-11-30,2021-11-15,2.70805020110221,0.08441467007948159,0.13797746604718833,0.8577088746136222,0.2478686152932208,0.13333333333333333,0.23529411764705882,-0.09638748250661529,12.542303051947753,-0.08669382523679273,0.5811501407671876,0.2192182795035901,-0.08642476621556494,0.6570979708302702,-0.2814641880347416,-0.4014439447984922,1.0,0.6268656716417911,0.4546351084812623,0.256590942744614,0.2888002097606659
dragoneer,2021-09-30,2021-11-30,2021-11-15,4.276666119016055,0.04559479480335913,0.1023151000932202,0.5811426585138487,0.24031221360374355,0.2777777777777778,0.1746031746031746,-0.02172925218241627,9.588146550589078,-0.350879127880689,0.1470514754485306,0.19197197467646093,-0.11001032572575309,-0.9671347676295412,-0.46249225264582783,-0.5824720094095784,1.0,1.0,0.4546351084812623,0.3775069380175285,0.5039083361625671
duquesne,2021-09-30,2021-11-30,2021-11-15,3.871201010907891,0.06648927926896403,0.1405954139025845,0.725291254170541,0.32983530677195316,0.2916666666666667,0.30612244897959184,-0.1257931505956446,16.351466558838162,-0.03600021610068055,0.36717389725025773,0.10884691082381671,-0.034361207089713686,1.277308057463762,-0.063741123804876,-0.1837208805686266,1.0,0.4925373134328358,0.4546351084812623,0.20263432541774154,0.16895730793476105
egerton,2021-09-30,2021-11-30,2021-11-08,3.5263605246161616,0.05095251903494137,0.10820355420200109,0.6103762381808525,0.2308265560822368,0.2647058823529412,0.1935483870967742,0.04504602511187546,15.838132750637069,-0.0781648792870922,0.09437337397208523,0.13516454511329606,-0.06120890310899241,0.11900023819997944,-0.06760943618693395,-0.18758919295068455,1.0,0.6119402985074627,0.4546351084812623,0.2699471181242777,0.11459390819072723
elliott,2021-09-30,2021-11-30,2021-11-15,3.295836866004329,0.13526729824989187,0.29487702305595853,0.8632952139446268,0.1323110545272197,0.25925925925925924,0.2,0.07309377991850202,5.846211167420688,0.18926946099495412,,0.13742869508363725,-0.025904771009963246,,0.43276927023105893,0.3127895134673083,0.0,0.05970149253731343,0.4546351084812623,0.783368191937783,0.7358479499816895
eminence,2021-09-30,2021-11-30,2021-11-15,4.127134385045092,0.02331824929090246,0.04913929205750314,0.34038389905384847,0.22143663850667294,0.22580645161290322,0.30434782608695654,-0.09991134367136524,7.682793137948572,0.08157437622651281,0.42521796816716806,0.10780227318689548,-0.013427986738728026,2.216957576907836,0.008794351671260345,-0.11118540509249025,0.0,0.13432835820895522,0.4546351084812623,0.3248016132667224,0.2938102185726166
farallon,2021-09-30,2021-11-30,2021-11-15,5.66988092298052,0.018421171046377145,0.03826585189050116,0.31317759454957783,0.21412307805812092,0.1413793103448276,0.12937062937062938,-0.10175512865407986,9.903915818883547,-0.09743248779562946,,0.12603260491450377,-0.04739426175199901,,0.011055523551320029,-0.10892423321243057,0.0,0.6716417910447762,0.4546351084812623,0.35224770431744,0.3515876233577728
fisher,2021-09-30,2021-11-30,2021-10-26,6.843749949006225,0.015684622784236976,0.05351194946278792,0.31072918224986296,0.05505891582205846,0.08528784648187633,0.07741935483870968,0.010794460195278034,11.601552149241163,-0.05040477359498455,0.051672822763471626,0.10527244671093981,-0.052153913837640564,1.2816116886125823,-0.06223262567874695,-0.18221238244249754,1.0,0.5522388059701493,0.4546351084812623,0.43342540415871905,0.2695055305957794
fundsmith,2021-09-30,2021-11-30,2021-11-12,3.7612001156935624,0.05339972529991364,0.09379857395937304,0.628975250949963,0.05778714698437326,0.046511627906976744,0.046511627906976744,0.002346326945681476,14.925804162623992,-0.04761583350203946,0.09646603146726218,0.14795077881906257,-0.07040305021203175,0.23954348470204098,-0.06119597041094728,-0.18117572717469788,1.0,0.5373134328358209,0.4546351084812623,0.3355780201820025,0.1494322419166565
gardner-russo,2021-09-30,2021-11-30,2021-11-15,4.465908118654584,0.06963483052229591,0.11542502348157836,0.7627777117190359,0.028975287124700655,0.011494252873563218,0.022727272727272728,-0.08707074360136013,9.8085914463454,-0.1367854880270613,-0.4210363990250589,0.14649374357346284,-0.0563621752616037,-1.471011059823599,0.11017948964870901,-0.00980026711504159,0.0,0.7910447761194029,0.4546351084812623,0.5675148292155991,0.6943608522415161
giverny,2021-09-30,2021-11-30,2021-11-12,4.060443010546419,0.05301000870029223,0.12039729010946602,0.6063925895197975,0.039616194781627145,0.06896551724137931,0.05263157894736842,0.03025882491653301,11.717245310474361,0.004302412236165398,-0.07038009863560635,0.12096927416833855,-0.0433721669568522,0.2310545689354618,-0.0006635990808641357,-0.12064335584461473,1.0,0.373134328358209,0.4546351084812623,0.4884984142315251,0.604819655418396
glenview,2021-09-30,2021-11-30,2021-11-15,4.060443010546419,0.039102614901254426,0.10592979705793149,0.5061816089946206,0.15243956279889292,0.10344827586206896,0.1875,-0.09430501341022132,7.7772254842671895,0.10309933787736325,-0.15689640195891652,0.17288785406212437,-0.08655995114037618,-0.42982279814821384,0.08829609887911867,-0.03168365788463193,0.0,0.08955223880597014,0.4546351084812623,0.6105766081734053,0.717055082321167
gotham,2021-09-30,2021-11-30,2021-11-15,6.912742820493176,0.005003747947249705,0.0261093005562522,0.16241096152629506,0.23528330562248922,0.18507462686567164,0.1659877800407332,0.04380193261855562,8.272128828593537,0.01958737592350851,-0.09029050339285105,0.11282544161088835,-0.05358173106531505,0.0719204486455061,0.011726055728973853,-0.10825370103477674,0.0,0.34328358208955223,0.4546351084812623,0.5224881408716789,0.42309606075286865
greenhaven-road,2021-09-30,2021-11-30,2021-11-12,3.871201010907891,0.09656681750218257,0.19015914097460265,0.8462980707490788,0.19967172892352592,0.3541666666666667,0.16216216216216217,0.03669558754331468,5.23736997560036,0.2170000085850693,,0.4101788300759068,-0.198296538358673,,-0.42268923486526,-0.5426689916290106,1.0,0.04477611940298507,0.4546351084812623,0.700287719885564,0.7788909673690796
greenlight,2021-09-30,2021-11-30,2021-11-15,4.060443010546419,0.09656648704758013,0.23967698046607563,0.738055914861031,0.12697010468673087,0.22413793103448276,0.36619718309859156,-0.06609935920119456,3.4243490424145864,0.03193458208068567,0.00029254470047856973,0.23569712941897167,-0.09353550413166922,-0.26436684835017477,0.11214966735714577,-0.007830089406604838,0.0,0.2537313432835821,0.4546351084812623,0.7924057724915138,0.9009343385696411
harris,2021-09-30,2021-11-30,2021-11-15,4.919980925828125,0.023073922811699784,0.07970134146359531,0.3628093563242931,0.05775149871842933,0.06569343065693431,0.058823529411764705,-0.0003780077758075997,10.955411852985375,0.07503211501222873,-0.09996984976354495,0.15098509456757767,-0.05290542657753927,0.28297977199960017,0.00857560526731277,-0.11140415149643783,0.0,0.14925373134328357,0.4546351084812623,0.5125146388805234,0.6569707989692688
hitchwood,2021-09-30,2021-11-30,2021-11-15,4.110873864173311,0.028757471638141237,0.07006095068808582,0.42175477705781556,0.23750339915376806,0.19672131147540983,0.234375,-0.03471305904789636,13.390892044944009,-0.22634410720712048,0.5537362389140811,0.21790443658592495,-0.1121412919326863,0.11864076333033377,-0.4059950103477412,-0.5259747671114918,1.0,0.9402985074626866,0.4546351084812623,0.25134897844331744,0.18839776515960693
hound,2021-09-30,2021-11-30,2021-11-15,5.327876168789581,0.05628320070525459,0.16785434505124877,0.6110725809544157,0.21433683825193672,0.13106796116504854,0.284,-0.09194038249221925,10.923384335573926,-0.15903852839633292,,0.16759986844725377,-0.09057426909021249,,-0.08004875123405152,-0.2000285079978021,1.0,0.835820895522388,0.4546351084812623,0.4405758437392408,0.5174688100814819
icahn,2021-09-30,2021-11-30,2021-11-15,2.833213344056216,0.3199001649998335,0.548083392061972,0.9427342935228943,0.07572873496750232,0.11764705882352941,0.11764705882352941,-0.07566687649997247,3.1561195922290644,-0.005748485092084532,-0.6550842858025459,0.2606910189287465,-0.08855859619403084,-1.517914601070608,0.3725161461046803,0.2525363893409297,0.0,0.3880597014925373,0.4546351084812623,0.750357517265021,0.6758169531822205
impactive,2021-09-30,2021-11-30,2021-11-15,2.1972245773362196,0.12016542786711792,0.15683679241656187,1.0,0.07923715055114022,0.0,0.0,0.05579588062111945,3.471879469655185,0.04030147683501206,,0.22066764324071922,-0.12390491760326328,,0.16218016280495284,0.04220040604120223,0.0,0.23880597014925373,0.4546351084812623,0.5646983273416092,0.45573389530181885
lansdowne,2021-09-30,2021-11-30,2021-11-12,3.295836866004329,0.06518292645613012,0.09257627832435696,0.7496038648119885,0.26541781590486413,0.2962962962962963,0.36666666666666664,-0.1293224843630046,7.061164881189597,-0.009185588320147098,-0.39499533014747973,0.14216971843297288,-0.07986802073024701,-0.322403452135101,-0.03595430264341205,-0.15593405940716265,1.0,0.417910447761194,0.4546351084812623,0.4515769776206918,0.3726441264152527
light-street,2021-09-30,2021-11-30,2021-11-15,3.9318256327243257,0.033549719428404345,0.0866698595547175,0.4459560234000246,0.4942449480156297,0.3137254901960784,0.4696969696969697,-0.1450662649077403,9.816938187526173,-0.295142581519923,0.3229841527646783,0.19403951502947128,-0.11593766423011476,-0.47544375965391267,,,,0.9850746268656716,0.4546351084812623,0.21563813552264166,0.20672732591629028
lone-pine,2021-09-30,2021-11-30,2021-11-15,3.6635616461296463,0.0387842929369657,0.06533572749088443,0.4878715239382508,0.19220049236946557,0.1794871794871795,0.1111111111111111,-0.06483798958379491,14.401881773329961,-0.12000895665393879,0.5500259838056129,0.18722256781777888,-0.08137340664242676,0.49378555066834817,-0.36824109527387006,-0.48822085203762067,1.0,0.7164179104477612,0.4546351084812623,0.2337251204972535,0.1270660161972046
markel-13f,2021-09-30,2021-11-30,2021-11-05,4.8283137373023015,0.025413608047849194,0.05895892331130243,0.42697622945814756,0.02769066695115463,0.024,0.024,0.001317766333565046,11.666299674612178,0.026560461711140626,0.010119113543276215,0.12682704049846458,-0.050029193995480226,0.6540639188284216,0.06950020996571017,-0.050479546798040426,0.0,0.29850746268656714,0.4546351084812623,0.43804466415683,0.5388498306274414
marshall-wace,2021-09-30,2021-11-30,2021-11-15,7.895808377083183,0.004333260717660506,0.026680656396831984,0.14677025000451505,0.3779043178862673,0.4233060312732688,0.29526842584167423,0.08556082257902695,8.536792223510181,-0.03383766619724779,0.06558095687873133,0.1236125672590264,-0.044920980355973916,0.16580002949007422,-0.0032810173804109777,-0.12326077414416158,1.0,0.4626865671641791,0.4546351084812623,0.49797532950663126,0.1511983573436737
matrix,2021-09-30,2021-11-30,2021-11-15,3.1354942159291497,0.06791705699137895,0.13893082629287626,0.7279732645682574,0.0959819775581997,0.08695652173913043,0.08695652173913043,-0.0410180500046351,11.285225778526726,-0.20735558765881565,-0.004188556555717482,0.16656341483417691,-0.06467009843002502,-1.0839347036651237,-0.3127533992118713,-0.4327331559756219,1.0,0.9104477611940298,0.4546351084812623,0.43745676611342565,0.5487691164016724
maverick,2021-09-30,2021-11-30,2021-11-15,6.429719478039138,0.11216900352436969,0.3216402940799501,0.5309181251575925,0.19219229022048234,0.33064516129032256,0.3712121212121212,-0.1583026628320271,10.661820962605114,-0.2857773482615095,-0.4500204947919271,0.2087772147094876,-0.21465037193995629,-1.8227475142131522,-0.1764949615751571,-0.2964747183389077,1.0,0.9701492537313433,0.4546351084812623,0.7335845167668814,0.522319495677948
melvin,2021-09-30,2021-11-30,2021-11-15,4.0943445622221,0.025420482677827264,0.04663321543585183,0.3797614017863011,0.4461580231756106,0.3,0.3225806451612903,0.06218639801095463,11.425946097110506,-0.11038679031920728,0.13538634755845547,0.141706558005511,-0.049796797348117816,0.05616615136971271,,,,0.7014925373134329,0.4546351084812623,0.20309832012530735,0.10991625487804413
oaktree,2021-09-30,2021-11-30,2021-11-15,5.44673737166631,0.0432593633074622,0.11211973588211212,0.561967146125562,0.16729690892187188,0.4267241379310345,0.2962962962962963,-0.11483716235419722,3.1924268518327925,0.14825384398887714,,0.14256096337503568,-0.038435160016983994,,0.36950361879423094,0.24952386203048035,0.0,0.07462686567164178,0.4546351084812623,0.8073014514577613,0.6486552357673645
paulson,2021-09-30,2021-11-30,2021-11-15,3.6109179126442243,0.11141809258861292,0.20517674121682672,0.758695784196575,0.11039470853637745,0.05405405405405406,0.10256410256410256,-0.17610004172234606,4.644109733319305,-0.12603975951394022,,0.13592990568252472,-0.09064564398906239,,-0.2208634251757428,-0.3408431819394934,1.0,0.746268656716418,0.4546351084812623,0.5449399175788223,0.6289013624191284
pershing-square,2021-09-30,2021-11-30,2021-11-15,1.791759469228055,0.17738642736577714,0.21942963138139043,1.0,0.16141894178257932,0.0,0.14285714285714285,-0.12371605670731584,6.0350230052452085,0.04288229323939441,0.37778643903002196,0.117056954612619,-0.03212039496386643,0.8605685005911339,0.11241460502748304,-0.007565151736267552,0.0,0.208955223880597,0.4546351084812623,0.3845988810067626,0.45005086064338684
polen,2021-09-30,2021-11-30,2021-11-10,4.51085950651685,0.04565293605136969,0.08242760920578462,0.5694851608666984,0.08997986396138002,0.14285714285714285,0.037037037037037035,0.042596638903015335,20.17193235481789,-0.0083530411119217,0.37313597287544253,0.15343058753448618,-0.06262919891082774,1.8212547108883974,-0.1905723742932931,-0.3105521310570437,1.0,0.40298507462686567,0.4546351084812623,0.17379303294128373,0.1774657815694809
pzena,2021-09-30,2021-11-30,2021-11-05,5.123963979403259,0.020752254115503545,0.04151916198831009,0.34640395485582004,0.10294907472133363,0.09523809523809523,0.07878787878787878,-0.017263004807032304,5.893357219871669,0.04898794709667853,-0.33359516141408047,0.17264959181780448,-0.05077459232188053,-0.5423213125009934,0.1704339050570668,0.05045414829331621,0.0,0.1791044776119403,0.4546351084812623,0.599390757872857,0.6932625770568848
ruane-cunniff,2021-09-30,2021-11-30,2021-11-15,3.4965075614664802,0.05664214164918478,0.08299220797148163,0.6456546205354996,0.062027637152699766,0.06060606060606061,0.11428571428571428,-0.013741588715209975,15.09331354747819,0.1026852357337083,0.308082890401964,0.09877656145490127,-0.0345552230992745,1.476087989583956,-0.12458593686294288,-0.24456569362669348,1.0,0.1044776119402985,0.4546351084812623,0.3104931837895193,0.16111475229263306
sachem-head,2021-09-30,2021-11-30,2021-11-12,3.1354942159291497,0.13334944279421457,0.218895282529169,0.9237757521432121,0.20359300054389173,0.34782608695652173,0.4,0.04905795203145245,9.027951702054994,0.08639969070178727,,0.2078719817000888,-0.07007044594081324,,-0.1127082534325295,-0.2326880101962801,1.0,0.11940298507462686,0.4546351084812623,0.5653786121344181,0.4539121091365814
sands,2021-09-30,2021-11-30,2021-11-03,4.2626798770413155,0.0361140538962278,0.10879985930561732,0.46654304322910284,0.10148760122090239,0.04225352112676056,0.11688311688311688,0.01660432826192714,15.170506756592248,-0.12043961670017664,0.4496011026525589,0.16600962867648375,-0.07571264816072265,0.865262229944695,-0.33837166429112514,-0.45835142105487575,1.0,0.7313432835820896,0.4546351084812623,0.28967667462809654,0.16464011371135712
semper-augustus,2021-09-30,2021-11-30,2021-11-15,3.6375861597263857,0.08590923779980773,0.19244787964171697,0.7366096240096163,0.04912493584902533,0.07894736842105263,0.027777777777777776,0.02698321434467836,8.516679807157907,-0.030862535618953635,-0.18123836431273121,0.1611961703736789,-0.0742568002369306,0.8444488815872351,0.24012463565969705,0.12014487889594644,0.0,0.44776119402985076,0.4546351084812623,0.4829567915672565,0.5986098051071167
senator,2021-09-30,2021-11-30,2021-11-12,4.7535901911063645,0.036749250202837654,0.15607804903422567,0.3740995967712958,0.41054196737400994,0.3103448275862069,0.33884297520661155,0.10437474595940623,9.443007799359584,-0.21082526817624925,-0.27832311249045955,0.12315454547762518,-0.07699459149392818,-2.366789917816767,-0.13883767314841933,-0.25881742991216994,1.0,0.9253731343283582,0.4546351084812623,0.5585514471879398,0.5124792456626892
soroban,2021-09-30,2021-11-30,2021-11-15,3.7376696182833684,0.0831202232153279,0.17291257716974345,0.8020818036741788,0.12560335363257114,0.19047619047619047,0.2916666666666667,0.006445389066497562,20.780996482408295,-0.13245303143682602,-0.06959736807401928,0.13501282706186285,-0.07286543153881231,-0.460119178025154,-0.03868019778111127,-0.15865995454486187,1.0,0.7761194029850746,0.4546351084812623,0.2998109004725501,0.31805330514907837
southeastern,2021-09-30,2021-11-30,2021-11-15,3.367295829986474,0.060689640950270345,0.15445090956842988,0.6347584902352,0.1927830682175713,0.2413793103448276,0.08333333333333333,0.057802821901776456,4.628487855531742,-0.0343016222703221,-0.5625226489206807,0.1526266158839248,-0.08447995542014697,-1.7688814381836555,-0.032257878737410026,-0.15223763550116062,1.0,0.47761194029850745,0.4546351084812623,0.7028892337739804,0.44251835346221924
srs,2021-09-30,2021-11-30,2021-11-15,3.295836866004329,0.13663131352024585,0.3019152673056515,0.8648271810938777,0.17098876923565232,0.18518518518518517,0.18518518518518517,0.10182526092947636,8.659269441599701,0.5726922712444031,1.6863873544215338,0.2597609444266425,-0.04466414057124035,1.548255558398719,-0.12208445082995699,-0.2420642075937076,1.0,0.014925373134328358,0.4546351084812623,0.8677816963379491,0.7641612887382507
starboard,2021-09-30,2021-11-30,2021-11-12,4.060443010546419,0.05581162567309265,0.0848261117289164,0.6499779238933092,0.1430417382158996,0.3448275862068966,0.3870967741935484,0.0700428554709845,4.259917851234522,-0.08769052894114332,,0.1136309276421358,-0.0620919196440366,,0.08096669274810658,-0.039013064015644014,0.0,0.6567164179104478,0.4546351084812623,0.6346702890982635,0.47818467020988464
steadfast,2021-09-30,2021-11-30,2021-11-15,3.7376696182833684,0.039008756701264795,0.08391883304058348,0.5032749983625008,0.2706559841260109,0.11904761904761904,0.28846153846153844,-0.13337292702373904,17.047952226023888,-0.17845973246443392,-0.22463483646293092,0.14399278058506157,-0.08374326270992549,-1.6703472649346776,-0.12388003237694852,-0.2438597891406991,1.0,0.8507462686567164,0.4546351084812623,0.2522058318323972,0.26257067918777466
suvretta,2021-09-30,2021-11-30,2021-11-15,4.653960350157523,0.027637257660674184,0.06209468854081671,0.4087045312285166,0.27839474582370216,0.23809523809523808,0.33884297520661155,-0.12368296728397109,10.330260315392797,-0.19677745288985213,-0.16452260179304024,0.14243134940253604,-0.06318098854816223,-1.8556462574269466,-0.08009861542930523,-0.20007837219305583,1.0,0.8656716417910447,0.4546351084812623,0.4520630204925316,0.37861913442611694
tci,2021-09-30,2021-11-30,2021-11-15,2.5649493574615367,0.11976743515966258,0.18896493933862765,0.9575258966646283,0.06982217274411118,0.07692307692307693,0.07692307692307693,0.037829346915146125,17.438785983919562,0.030300891455026235,,0.16776776407785216,-0.06961023281388001,,-0.049677269692603096,-0.1696570264563537,1.0,0.26865671641791045,0.4546351084812623,0.31405091979317423,0.18222932517528534
third-avenue,2021-09-30,2021-11-30,2021-11-12,4.07753744390572,0.03588500890059386,0.09376816821343209,0.4959464697142611,0.07110705964704989,0.05084745762711865,0.06666666666666667,-0.016896878720086057,3.194547921018066,0.05500705620181323,-0.5635564221502163,0.12931400981587127,-0.04302388064467122,-2.0175470222302443,0.1311567705159304,0.011177013752179804,0.0,0.16417910447761194,0.4546351084812623,0.7991704168724003,0.7601342797279358
third-point,2021-09-30,2021-11-30,2021-11-15,4.727387818712341,0.06791367263191758,0.2141915984683756,0.5686718334371033,0.18423768108835903,0.1592920353982301,0.24603174603174602,0.06985745900736134,10.308021496804422,-0.04055138103430547,0.13366994469968274,0.1824952698067441,-0.10293636446275478,0.690400590208599,-0.16856359321192538,-0.288543349975676,1.0,0.5074626865671642,0.4546351084812623,0.5275297081349946,0.5016122460365295
tiger-global,2021-09-30,2021-11-30,2021-11-15,5.081404364984463,0.031105564564808036,0.07111715874839111,0.4557202519440193,0.1137270342657668,0.15527950310559005,0.03546099290780142,-0.03224607897662589,13.765716447219114,-0.23423763960392666,0.7464078936081923,0.19674978834371074,-0.07815109493675587,0.7119613075419385,-0.44140072222743865,-0.5613804789911893,1.0,0.9552238805970149,0.4546351084812623,0.2932566516877281,0.21750430762767792
tiger-management,2021-09-30,2021-11-30,2021-11-15,3.6888794541139363,0.07912837000538112,0.12847847801125808,0.8219317980265676,0.148167472623159,0.4,0.35135135135135137,-0.05733161612768894,15.075593476657673,0.029617958695753843,0.675627793169396,0.15514176122496157,-0.043700756952488984,2.8588746802844143,-0.22617455613280235,-0.34615431289655296,1.0,0.2835820895522388,0.4546351084812623,0.25494880378926715,0.28600555658340454
trian,2021-09-30,2021-11-30,2021-11-12,2.1972245773362196,0.13301140431542444,0.22052049142522115,1.0,0.09237308997232707,0.1111111111111111,0.1111111111111111,-0.06153410476557066,6.22710166184592,-0.19933138038574216,-0.31750519949799944,0.11469712389086097,-0.08281804462299902,-0.18034990603391113,,,,0.8805970149253731,0.4546351084812623,0.45869267796755997,0.5774292349815369
tweedy-browne,2021-09-30,2021-11-30,2021-11-12,3.828641396489095,0.0597263110193044,0.12176679821693868,0.6604439479246672,0.1632478140784015,0.021739130434782608,0.021739130434782608,-0.17349811957575553,11.661724817499472,-0.010355037329548261,-0.4863807104559328,0.14676063605193762,-0.06080261004964238,-2.268205130972253,0.12012325891798453,0.00014350215423394088,0.0,0.43283582089552236,0.4546351084812623,0.5408987934977567,0.5003616213798523
valueact,2021-09-30,2021-11-30,2021-11-15,2.5649493574615367,0.1225904907959896,0.16962397773202448,0.9896617272877213,0.13896831073014349,0.15384615384615385,0.08333333333333333,0.03157158455056374,6.072485007662956,0.2656440607780606,0.005554121172521409,0.21880758909180217,-0.055001745934164736,0.5486182352919847,-0.01832101009214597,-0.13830076685589657,1.0,0.029850746268656716,0.4546351084812623,0.5922948925908845,0.7865614891052246
viking,2021-09-30,2021-11-30,2021-11-15,4.564348191467836,0.0263164524303786,0.09741028197833669,0.37936509222394893,0.37065353266303747,0.2708333333333333,0.20454545454545456,0.08877524111642578,10.387750744620364,-0.12851984253036206,0.10065534864530379,0.13882695195850447,-0.05597321063395588,-0.18641260917988423,-0.13297782794005547,-0.2529575847038061,1.0,0.7611940298507462,0.4546351084812623,0.329383239920683,0.3297533094882965
whale-rock,2021-09-30,2021-11-30,2021-11-15,4.23410650459726,0.030255464378672815,0.06175787968822914,0.4544728066972222,0.22280655374877312,0.2608695652173913,0.1774193548387097,-0.012203837554578902,13.100307027565789,-0.1555026010815071,1.4826331698919422,0.19598499735244013,-0.08130939866081432,1.3147064223001645,-0.39546591328214664,-0.5154456700458973,1.0,0.8208955223880597,0.4546351084812623,0.3018117197582079,0.20323620736598969
yacktman,2021-09-30,2021-11-30,2021-11-01,4.127134385045092,0.03381825452298706,0.06464689267302645,0.4701914292647117,0.04227551152254716,0.0,0.03125,0.00876996047199407,10.236573921752736,0.04218521014370069,-0.17799548648439656,0.13093817229854374,-0.04273860615773739,0.3354040947813546,0.1589652031132638,0.03898544634951318,0.0,0.22388059701492538,0.4546351084812623,0.43632212840199636,0.35514310002326965
abrams,2021-12-31,2022-02-28,2022-02-11,2.8903717578961645,0.07967784862578722,0.15315691020330174,0.8051321550097545,0.052799848055560816,0.05555555555555555,0.05555555555555555,-0.005863352901855897,11.082978073213019,-0.07058398066826924,-0.26651429331422566,0.1339383643268603,-0.090524812905594,-0.9036910625306861,0.05756790448488189,-0.029166698177167025,0.0,0.5970149253731343,0.4659832246039143,0.5044457345672794,0.6753206849098206
adage,2021-12-31,2022-02-28,2022-02-14,6.925595197110468,0.009802921751108034,0.05277392154837944,0.23635958766646056,0.15216203104207704,0.14047151277013753,0.13793103448275862,0.0898476963654979,10.476077281429566,0.029860822877024865,-0.006352231214648674,0.14342870540465627,-0.08661541593820854,-0.5020477979683003,-0.03669540841241545,-0.12343001107446436,1.0,0.2835820895522388,0.4659832246039143,0.6340320218510609,0.6589244604110718
akre,2021-12-31,2022-02-28,2022-02-11,3.091042453358316,0.0756199325841467,0.12739269507551867,0.7617936803826014,0.033325329758442046,0.0,0.043478260869565216,0.05961542037945165,11.750697660870495,-0.014182569829556124,-0.03794415541890783,0.18388913244195398,-0.13278267889051387,-0.25539630424597365,0.031171003007710932,-0.05556359965433798,0.0,0.417910447761194,0.4659832246039143,0.46843985765526885,0.6432005763053894
altimeter,2021-12-31,2022-02-28,2022-02-14,3.2188758248682006,0.3181258909377419,0.5476539635453821,0.9065714200405499,0.18856786728405006,0.28,0.41935483870967744,-0.17140923509383635,16.822218078436975,-0.2808058193334184,-0.3896340282611349,0.2564006073834729,-0.2943896658043561,-1.7639239923808374,-0.34358243418748424,-0.43031703684953315,1.0,0.8208955223880597,0.4659832246039143,0.38265008843546267,0.2689075171947479
appaloosa,2021-12-31,2022-02-28,2022-02-14,3.784189633918261,0.047412183383756974,0.10047361890730712,0.5804676311544222,0.2019792892247898,0.11363636363636363,0.23529411764705882,-0.0768993860334574,14.297627069992922,0.008560108667515554,0.07503372693345534,0.10195517712005973,-0.052171182027849206,0.10996783104472539,0.0033619629037417442,-0.08337263975830717,0.0,0.3283582089552239,0.4659832246039143,0.35659934996235654,0.4112982451915741
atreides,2021-12-31,2022-02-28,2022-02-14,3.5553480614894135,0.0479631040997792,0.10273999241745604,0.5757443335661641,0.4677260906140752,0.2857142857142857,0.32432432432432434,-0.21049937702377636,13.567375709361533,-0.21762797626656377,,0.17044396640461276,-0.177517127785632,,-0.21510850603606857,-0.3018431086981175,1.0,0.746268656716418,0.4659832246039143,0.14237022317841608,0.1995004564523697
baupost,2021-12-31,2022-02-28,2022-02-11,3.9889840465642745,0.06261704090514257,0.1497000625143363,0.6608540479341091,0.16186438582601415,0.14814814814814814,0.19298245614035087,-0.0721376001440834,8.414081198726963,-0.13197128054950671,,0.12978203052921422,-0.10783506233687734,,-0.0940120784628774,-0.1807466811249263,1.0,0.6716417910447762,0.4659832246039143,0.47469714270944335,0.7124188542366028
berkshire-13f,2021-12-31,2022-02-28,2022-02-14,3.784189633918261,0.25998220535914324,0.47598538575558,0.8953706511870257,0.05987583899704818,0.06818181818181818,0.046511627906976744,0.1202770725969868,9.57792801850454,0.18662762614784817,0.28933898717033846,0.11298607385201406,-0.03704055952565122,0.7637994280590593,-0.019633400122424524,-0.10636800278447343,1.0,0.04477611940298507,0.4659832246039143,0.7013134377033323,0.7496975660324097
cantillon,2021-12-31,2022-02-28,2022-01-27,3.6375861597263857,0.0320871108250003,0.06498163110697079,0.41749778666349074,0.05193938574320334,0.05263157894736842,0.02702702702702703,0.03175484144455464,11.465772467487584,0.004769895637114968,0.050391604713490135,0.17597853563637583,-0.13309447825467624,0.15370931784749756,-0.00490162619078903,-0.09163622885283794,1.0,0.3582089552238806,0.4659832246039143,0.42245002408500903,0.3887040317058563
coatue,2021-12-31,2022-02-28,2022-02-14,4.394449154672439,0.04912010636531619,0.16196871790521614,0.5183809034725034,0.3816585368992852,0.2222222222222222,0.18181818181818182,-0.08624245841901554,13.963710182180973,-0.44138876915735936,0.02282608688433785,0.26301347420397186,-0.3621371641906873,0.010453516802853452,-0.23102760813100964,-0.31776221079305855,1.0,0.9701492537313433,0.4659832246039143,0.144371687083901,0.4116285443305969
corvex,2021-12-31,2022-02-28,2022-02-14,3.367295829986474,0.16329890372047867,0.35985473601713946,0.8494090913276441,0.16154862003016401,0.13793103448275862,0.21875,-0.15441344352412212,15.215168821548753,-0.0363485626523027,-0.34912334887797564,0.17459628173569425,-0.08668454871922959,-1.6269541797343132,-0.0033065468400077097,-0.09004114950205662,1.0,0.47761194029850745,0.4659832246039143,0.5768896795437676,0.22746214270591736
d1,2021-12-31,2022-02-28,2022-02-14,3.8066624897703196,0.054395074416164854,0.13846283581543187,0.6185887310000734,0.38248425227772687,0.24444444444444444,0.48484848484848486,-0.0772889475014574,13.574225012966336,-0.1943703472762962,,0.17045781888821354,-0.19863972700048438,,-0.31031854402825093,-0.39705314669029984,1.0,0.7164179104477612,0.4659832246039143,0.2320529929207424,0.38452157378196716
darsana,2021-12-31,2022-02-28,2022-02-14,2.5649493574615367,0.11987350400108476,0.1898158294057107,0.9768402033209332,0.2389156124782874,0.07692307692307693,0.2,-0.33884771673623953,10.920631970432098,-0.27363130976878963,0.029509790323447582,0.21155127300362261,-0.27242497307434266,0.016575270026474034,-0.08590326528520448,-0.1726378679472534,1.0,0.8059701492537313,0.4659832246039143,0.19797376763188376,0.3714662194252014
dragoneer,2021-12-31,2022-02-28,2022-02-15,4.1588830833596715,0.05976522559950146,0.1669082474639755,0.6254191127463645,0.32934044105326366,0.25,0.3333333333333333,0.1373079821071704,8.785765712804142,-0.41449550466190177,-0.3837977662825731,0.25183170461662374,-0.31896383612012913,-0.8768504154660255,-0.33705643137505475,-0.42379103403710366,1.0,0.9402985074626866,0.4659832246039143,0.31287061794499105,0.5491581559181213
duquesne,2021-12-31,2022-02-28,2022-02-14,3.871201010907891,0.07758136763320697,0.1898261240250302,0.7263657578830516,0.2865019316373134,0.3125,0.3125,-0.11082821329949528,14.365275217545019,-0.05315971843477687,0.32118296746700514,0.18253838782092485,-0.12721019589306004,1.3361021637086439,-0.09034584272583712,-0.17708044538788603,1.0,0.5074626865671642,0.4659832246039143,0.31212188971193194,0.23430289328098297
egerton,2021-12-31,2022-02-28,2022-02-11,3.4657359027997265,0.05589374904011234,0.11688734256573123,0.6481427296789986,0.1704674149406311,0.125,0.17647058823529413,0.018969743762579965,15.450567953574245,-0.06570007463794711,-0.0310395312649141,0.16324109103132403,-0.12357493817247756,-0.5920888402517748,-0.04231715792420623,-0.12905176058625514,1.0,0.5522388059701493,0.4659832246039143,0.36982637934330426,0.3116568326950073
elliott,2021-12-31,2022-02-28,2022-02-14,3.258096538021482,0.0989922338142808,0.207079130080045,0.8495802093606302,0.27198283941577184,0.07692307692307693,0.1111111111111111,-0.32792354418039715,4.838059592130955,0.1927230700511468,,0.09550583227424064,-0.025904771009963246,,0.313315526123912,0.2265809234618631,0.0,0.029850746268656716,0.4659832246039143,0.5577494294369902,0.5337536334991455
eminence,2021-12-31,2022-02-28,2022-02-14,4.189654742026425,0.024088661845553173,0.06733901978697053,0.344190613987299,0.21721113816962656,0.25757575757575757,0.20967741935483872,0.04680934885277256,7.028311695966064,0.0175801994440227,0.35505312930998656,0.14441098951598924,-0.09312140827313686,1.348904031488787,0.04284277661941896,-0.04389182604262995,0.0,0.31343283582089554,0.4659832246039143,0.4399819260321679,0.3449952006340027
farallon,2021-12-31,2022-02-28,2022-02-14,5.659482215759621,0.02210163131734879,0.05031972416784634,0.36697468848816517,0.21131459157902932,0.13937282229965156,0.1482758620689655,-0.029537587972530366,9.686828841835274,-0.01679735928661394,,0.1503911431656783,-0.07603070828345038,,0.03302919213353015,-0.05370541052851876,0.0,0.44776119402985076,0.4659832246039143,0.4580487801523251,0.5048550963401794
fisher,2021-12-31,2022-02-28,2022-02-02,6.872128101338986,0.016868397927323277,0.06362385897931754,0.3158028006241928,0.08173956324759746,0.10880829015544041,0.08315565031982942,0.10359151035907031,11.397045822436919,-0.05379239228367038,-0.001445486614182534,0.13806980538339586,-0.10073738329553428,0.8583946052746363,-0.025496089999304708,-0.11223069266135362,1.0,0.5223880597014925,0.4659832246039143,0.4921159923623431,0.3257332742214203
fundsmith,2021-12-31,2022-02-28,2022-02-14,3.784189633918261,0.05077722048538386,0.10670237470439692,0.597297257531054,0.06865707125833875,0.022727272727272728,0.0,0.12491113204068326,14.749752767890621,-0.07672988503177285,-0.05468818976028378,0.18927308953498592,-0.15501379087000067,-0.23507403464800206,-0.011227754591012398,-0.09796235725306131,1.0,0.6119402985074627,0.4659832246039143,0.37673899233363534,0.3246996998786926
gardner-russo,2021-12-31,2022-02-28,2022-02-10,4.477336814478207,0.07411441774406541,0.11964122529913651,0.795759599612201,0.05276703247361958,0.03409090909090909,0.022988505747126436,0.032733713441260026,9.503857382899378,0.03114811864890217,-0.26310486385305165,0.149796609732679,-0.056362175261603475,-1.2862159081927684,0.014808052257650042,-0.07192655040439887,0.0,0.26865671641791045,0.4659832246039143,0.6649091844256576,0.7842767238616943
giverny,2021-12-31,2022-02-28,2022-02-11,4.1588830833596715,0.046079196700495005,0.08845953593178531,0.5778842091337024,0.11708779628488142,0.140625,0.05172413793103448,0.10087517500943458,10.510167229289985,-0.015249327157150841,-0.010748329665363543,0.13875187613855136,-0.07968340802795593,-0.2796969451470884,0.02433677147104639,-0.06239783119100252,0.0,0.43283582089552236,0.4659832246039143,0.5124155097184158,0.6002053618431091
glenview,2021-12-31,2022-02-28,2022-02-14,3.9889840465642745,0.04813888613157324,0.12991494063816333,0.5689325070709162,0.19086011393054292,0.16666666666666666,0.22413793103448276,-0.16376685554501974,7.154302140559678,0.11495047338276247,0.1253438543847477,0.18160710430472427,-0.08655995114037618,0.4971077376579072,-0.018905864286401314,-0.10564046694845022,1.0,0.1044776119402985,0.4659832246039143,0.570327948335151,0.6646208763122559
gotham,2021-12-31,2022-02-28,2022-02-14,7.026426808699636,0.010044094940441192,0.07639178999153191,0.21170498810435903,0.25560194428376337,0.2424511545293073,0.15124378109452735,0.2288503562317473,7.555013992499697,0.05924094945498913,-0.06312305453298961,0.14484780652194634,-0.0894531697151143,-0.29470006789363423,-0.00022833139631184274,-0.08696293405836075,1.0,0.208955223880597,0.4659832246039143,0.6645976692288886,0.5795183181762695
greenhaven-road,2021-12-31,2022-02-28,2022-02-15,3.8501476017100584,0.10435463795696708,0.19234503436422246,0.8739009868873066,0.19162280557620093,0.23404255319148937,0.25,-0.13119632781724097,3.557396473696896,-0.3565810334695919,,0.3513876964318605,-0.3742369927194582,,-0.253548403867214,-0.3402830065292629,1.0,0.9104477611940298,0.4659832246039143,0.43180405213490586,0.508522629737854
greenlight,2021-12-31,2022-02-28,2022-02-14,4.02535169073515,0.1344687516580655,0.32165105620254153,0.7671970815007477,0.21074409102659808,0.19642857142857142,0.22413793103448276,0.09656193096161826,3.3277868696757604,0.1396533359850462,0.15740534353904234,0.25155773699286926,-0.09353550413166922,-0.22841904862297216,0.20142844790218806,0.11469384524013916,0.0,0.05970149253731343,0.4659832246039143,0.8231128195681398,0.8068024516105652
harris,2021-12-31,2022-02-28,2022-02-14,4.955827057601261,0.023235088669350232,0.08102441783851307,0.3665790439752183,0.0682177437786472,0.07042253521126761,0.0364963503649635,0.023028424524859713,10.35282656309968,0.07328651207139077,-0.010041700534763942,0.13387606197615573,-0.05290542657753916,-0.34627098528078804,0.01389785821126703,-0.07283674445078188,0.0,0.1791044776119403,0.4659832246039143,0.6138713817728995,0.8081529140472412
hitchwood,2021-12-31,2022-02-28,2022-02-14,3.9512437185814275,0.031391304503413896,0.07493487303284721,0.4539087417151568,0.33638652751225717,0.25,0.36065573770491804,-0.2920305160314084,15.13721048698678,-0.4487897055185261,-0.20070083351088547,0.2846825532567183,-0.36781039629791645,-0.7002168338644976,-0.23432897257253588,-0.3210635752345848,1.0,1.0,0.4659832246039143,0.12330423083334113,0.299302875995636
hound,2021-12-31,2022-02-28,2022-02-14,4.663439094112067,0.07418411181319343,0.20363856668941016,0.676086393901607,0.2290890071775169,0.09433962264150944,0.5339805825242718,-0.07110578253074416,8.642405830176694,-0.21820959619473534,-0.41111128292888427,0.1567001076415072,-0.17536294335451352,-3.8340074199509457,-0.030481560162703605,-0.11721616282475252,1.0,0.7611940298507462,0.4659832246039143,0.7752559081029126,0.6530306339263916
icahn,2021-12-31,2022-02-28,2022-02-14,2.772588722239781,0.34620007565525984,0.5718904866292341,0.9544137702285866,0.04599132497894509,0.0,0.058823529411764705,-0.010376017439886531,2.2389211863133456,-0.04111112473266314,-0.49517355033995747,0.20703418352342742,-0.08855859619403084,-0.9100058829950989,0.2416934855564815,0.1549588828944326,0.0,0.4925373134328358,0.4659832246039143,0.7081873528823499,0.6323732137680054
impactive,2021-12-31,2022-02-28,2022-02-14,2.302585092994046,0.11769381768820943,0.1465467587744777,1.0,0.04157819853493294,0.1,0.0,0.24079323612861547,4.046190192516178,0.04982573115688037,,0.18548983498905933,-0.12390491760326328,,0.055215454520872884,-0.031519148141176026,0.0,0.23880597014925373,0.4659832246039143,0.6039669210678241,0.4932016134262085
lansdowne,2021-12-31,2022-02-28,2022-02-14,3.1780538303479458,0.07937506271021315,0.10692021003665503,0.8526240755591197,0.26019073790348546,0.2916666666666667,0.37037037037037035,-0.20111605408875985,6.699663560360959,-0.06902974856421129,-0.2455063674439122,0.11889531769930888,-0.07986802073024724,-0.6213066679715441,0.02621539455998552,-0.06051920810206339,0.0,0.582089552238806,0.4659832246039143,0.4583669580035978,0.4797768294811249
light-street,2021-12-31,2022-02-28,2022-02-14,3.828641396489095,0.03560575532161239,0.07753788888477164,0.4658279852400994,0.3819512438378526,0.21739130434782608,0.29411764705882354,-0.17542299138032405,9.41140115062199,-0.44870192049965935,-0.3537899969337881,0.25398461149070173,-0.3386061796796227,-0.9160906728628252,,,,0.9850746268656716,0.4659832246039143,0.15731780865335768,0.28327828645706177
lone-pine,2021-12-31,2022-02-28,2022-02-14,3.367295829986474,0.05350317277683333,0.08432841376139644,0.6492324028135554,0.35653970880684127,0.1724137931034483,0.38461538461538464,-0.19541682872685812,16.528859165766686,-0.3079229583570197,-0.020498697924010156,0.24864883307003685,-0.3148025824821902,-0.3161657387114409,-0.2170735435006133,-0.3038081461626622,1.0,0.8805970149253731,0.4659832246039143,0.11798667168101978,0.26194876432418823
markel-13f,2021-12-31,2022-02-28,2022-02-04,4.770684624465665,0.02530101631314652,0.06054920534036312,0.420523911354151,0.034361769061196146,0.025423728813559324,0.08,0.09417357458419388,11.248132578042142,0.061742105508800396,0.09520685039354193,0.13926855368032137,-0.06390158996867423,0.5916683317451082,0.034330171004672276,-0.052404431657376634,0.0,0.19402985074626866,0.4659832246039143,0.5156980227124085,0.5241016745567322
marshall-wace,2021-12-31,2022-02-28,2022-02-14,8.035926369891792,0.005109786939176264,0.028787441715727433,0.16884559321385684,0.3624145239579176,0.39546925566343044,0.304542069992554,0.04478577194514941,8.423853132858723,-0.018164563916628476,0.027055961710618637,0.15443746941865558,-0.09672379774339701,0.2267240105596844,-0.016497075497811542,-0.10323167815986045,1.0,0.4626865671641791,0.4659832246039143,0.5304614589999984,0.31666162610054016
matrix,2021-12-31,2022-02-28,2022-02-15,3.091042453358316,0.067850617044355,0.13413092593509976,0.7367273136131958,0.1283127556437864,0.13636363636363635,0.17391304347826086,0.022131670938916766,9.983290742986787,-0.3355416384282409,-0.3822565469616296,0.19664711626513456,-0.24660109363296245,-1.438806912673474,-0.1641163364552536,-0.2508509391173025,1.0,0.8955223880597015,0.4659832246039143,0.3868530382106033,0.4961533844470978
maverick,2021-12-31,2022-02-28,2022-02-14,5.717027701406222,0.12453863328899747,0.33651346278834093,0.5898859413814315,0.17237464112218814,0.18421052631578946,0.6,-0.09116097271619385,10.71545844261781,-0.2850302615354048,-0.46046015808157437,0.27673779829275497,-0.3198130995390207,-1.4284704089725822,-0.1945765954955349,-0.2813111981575838,1.0,0.835820895522388,0.4659832246039143,0.6410627979527549,0.614485502243042
melvin,2021-12-31,2022-02-28,2022-02-14,3.8918202981106265,0.030341248620929597,0.07311569665340548,0.42035419936746954,0.29930309271401623,0.24489795918367346,0.38333333333333336,0.07312774810779692,9.0185351490633,-0.15205545329386266,-0.04346174639645384,0.15597814341277294,-0.14461904367441392,-0.4174440672839865,,,,0.7014925373134329,0.4659832246039143,0.3834647851548048,0.41421112418174744
oaktree,2021-12-31,2022-02-28,2022-02-14,5.82600010738045,0.036901670439884696,0.09352541186733039,0.5296510537332005,0.23199764477145624,0.49852507374631266,0.2672413793103448,0.23299228461005542,2.8899728391074335,0.2813707963086394,,0.14473031143902135,-0.03843516001698388,,0.1539900611764198,0.0672554585143709,0.0,0.014925373134328358,0.4659832246039143,0.8385956157649574,0.6157450079917908
paulson,2021-12-31,2022-02-28,2022-02-14,3.58351893845611,0.10574857324943669,0.2199647953223226,0.7308066212420055,0.12558727332641528,0.1111111111111111,0.13513513513513514,-0.07825017785884987,5.048357870440743,-0.10747035631475953,,0.15663630458901173,-0.14111585599346066,,-0.1455093833830784,-0.2322439860451273,1.0,0.6417910447761194,0.4659832246039143,0.5555759494491725,0.6583011150360107
pershing-square,2021-12-31,2022-02-28,2022-02-14,1.791759469228055,0.1794637951115998,0.2501157267911894,1.0,0.04734196008083802,0.0,0.0,0.11140986632210026,6.271018201978581,0.05529976587085701,0.23048615612075996,0.18808170464300905,-0.10928512005664115,0.5065228074593693,0.07654060724619437,-0.010193995415854548,0.0,0.22388059701492538,0.4659832246039143,0.5132135876445721,0.577341616153717
polen,2021-12-31,2022-02-28,2022-02-11,4.5217885770490405,0.04461627766359987,0.08252078087008977,0.5618329865291625,0.06217637768253115,0.05434782608695652,0.04395604395604396,0.08847389600549965,18.918218634648476,-0.05977813949979162,0.11968395616074534,0.20222969635030189,-0.1695831946353311,0.44854366341465557,-0.0957359122190157,-0.1824705148810646,1.0,0.5373134328358209,0.4659832246039143,0.29168615348177807,0.320592999458313
pzena,2021-12-31,2022-02-28,2022-02-04,5.159055299214529,0.021462901053344467,0.04714647765835628,0.357924686761541,0.05446375157726013,0.07471264367816093,0.041666666666666664,0.04883931571563814,5.277684615527571,0.08084909683205423,-0.12368170531294231,0.13272134790030793,-0.05077459232188064,-0.5585459327761961,0.08680339160873482,6.87889466859164e-05,0.0,0.13432835820895522,0.4659832246039143,0.7010720618419695,0.6817320585250854
ruane-cunniff,2021-12-31,2022-02-28,2022-02-14,3.5263605246161616,0.05707947658586601,0.08022656627990347,0.6567371398142324,0.054928183808402586,0.029411764705882353,0.0,0.050946177344781365,14.260563349607537,-0.00014249044884423467,0.21136327624763673,0.15249255338750609,-0.11927208081527951,0.5030220190239765,-0.08180898031092784,-0.16854358297297675,1.0,0.373134328358209,0.4659832246039143,0.35085571654430725,0.17133711278438568
sachem-head,2021-12-31,2022-02-28,2022-02-11,2.995732273553991,0.15455925641729326,0.2426080734935283,0.9543204104954052,0.22844953840072235,0.25,0.34782608695652173,0.04697352286275566,6.924951750226279,0.005515030659736839,,0.19733534787086218,-0.10798498836140225,,-0.15791389215745627,-0.24464849481950518,1.0,0.34328358208955223,0.4659832246039143,0.5373882693924034,0.5094773173332214
sands,2021-12-31,2022-02-28,2022-02-11,4.2626798770413155,0.03156592547023087,0.07539123028204538,0.4361397723881327,0.082410556053782,0.09859154929577464,0.09859154929577464,-0.10689216970070944,14.13478477477037,-0.29124559071673245,-0.07767912008338984,0.23308552080406353,-0.28504774232102537,-0.26342028689402547,-0.1697354029967758,-0.2564700056588247,1.0,0.8507462686567164,0.4659832246039143,0.2650485460714933,0.2969537377357483
semper-augustus,2021-12-31,2022-02-28,2022-02-14,3.4965075614664802,0.08989368280720059,0.19730996268517018,0.7511107089817669,0.05667421734636591,0.0,0.13157894736842105,0.03505165242011117,7.787058992374796,0.12924400598918045,0.13147121126397265,0.15523050736480612,-0.07425680023693071,1.3968859480499962,0.06973151925889917,-0.017003083403149735,0.0,0.08955223880597014,0.4659832246039143,0.5580842374235904,0.8117244243621826
senator,2021-12-31,2022-02-28,2022-02-11,4.499809670330265,0.031367756537500645,0.10924517728690941,0.42849073924265857,0.34974667689496364,0.18888888888888888,0.3706896551724138,-0.12196416598597291,9.006238207435475,-0.30595493617632186,-0.4588777535078322,0.14843707430869674,-0.24591997815114808,-2.763446886456668,-0.03378925557993308,-0.12052385824198199,1.0,0.8656716417910447,0.4659832246039143,0.4338634192544502,0.41104716062545776
soroban,2021-12-31,2022-02-28,2022-02-14,3.912023005428146,0.07365218488767299,0.17127822593877282,0.7227107850143479,0.17354244115614392,0.32,0.19047619047619047,0.18593640535355974,18.51597049514476,-0.08930893412226172,-0.16588102189706633,0.16587412159822984,-0.11324016242865997,-1.4454140937671338,-0.03086399185120671,-0.11759859451325562,1.0,0.6268656716417911,0.4659832246039143,0.49400449422889403,0.32616356015205383
southeastern,2021-12-31,2022-02-28,2022-02-15,3.5553480614894135,0.055508562940425256,0.13574919277423858,0.6157947733390616,0.13633349656854454,0.22857142857142856,0.06896551724137931,0.12288655148064248,4.124290782522303,-0.10951381073291583,-0.3602202684709608,0.12597506353915494,-0.08683366760428135,-1.3996907527779998,-0.017416224892268475,-0.10415082755431739,1.0,0.6567164179104478,0.4659832246039143,0.6761350677459352,0.5061477422714233
srs,2021-12-31,2022-02-28,2022-02-14,3.1780538303479458,0.23215533968821125,0.452270682798787,0.8771145836365619,0.21942853057610479,0.125,0.2222222222222222,0.17239310960990883,6.614476781736179,0.0739505627986881,0.8060918057397115,0.31304611811895705,-0.19748454268556048,1.1989248514231174,0.0737902740294437,-0.01294432863260521,0.0,0.16417910447761194,0.4659832246039143,0.6626490147182965,0.591508150100708
starboard,2021-12-31,2022-02-28,2022-02-14,4.90527477843843,0.05240097607096056,0.08715719942545322,0.6419444377445407,0.2565537041083281,0.7111111111111111,0.3275862068965517,0.2788744210494777,4.746787303747113,-0.001042572996929031,,0.14167369245269823,-0.062091919644036486,,-0.023611547908099773,-0.11034615057014868,1.0,0.3880597014925373,0.4659832246039143,0.716588945395282,0.5880667567253113
steadfast,2021-12-31,2022-02-28,2022-02-14,3.6888794541139363,0.04096532646592474,0.07631012935037236,0.5264662005499937,0.1639486672932401,0.1,0.14285714285714285,2.0,14.83558902648717,-0.24276456465215318,-0.4088126322293173,0.1652727176704466,-0.21929668048590456,-2.9437514013760544,-0.0518106717857742,-0.1385452744478231,1.0,0.7761194029850746,0.4659832246039143,0.6411525869284167,0.14542298018932343
suvretta,2021-12-31,2022-02-28,2022-02-14,4.543294782270004,0.028933827165709837,0.06981134159820565,0.4320715988316486,0.287904355040541,0.20212765957446807,0.2857142857142857,-0.1313320424092356,11.647061707846643,-0.21113207615567037,-0.32746933444549403,0.17060706336379336,-0.1887622883599076,-2.6022173732268357,0.02974815552859491,-0.056986447133454,0.0,0.7313432835820896,0.4659832246039143,0.44829318101651466,0.3885299563407898
tci,2021-12-31,2022-02-28,2022-02-14,2.5649493574615367,0.11410121546803892,0.1922493766183158,0.9395505989779696,0.04847791401483803,0.0,0.0,0.0649457436987706,17.777595202505147,0.09089228665323922,0.38172477296650964,0.17425532554280374,-0.07622653777207777,2.1972321170433156,-0.09618020589345036,-0.18291480855549927,1.0,0.11940298507462686,0.4659832246039143,0.24954178571533914,0.2200690358877182
third-avenue,2021-12-31,2022-02-28,2022-02-11,4.07753744390572,0.03571589490363656,0.0751041835155312,0.5146764294741051,0.09744727137035547,0.0847457627118644,0.0847457627118644,0.023121856032514418,3.448660441298885,0.0798794335631794,-0.4161082193263792,0.1520734611723814,-0.045936019798593075,-2.1895051022431624,0.15389302155367302,0.0671584188916241,0.0,0.14925373134328357,0.4659832246039143,0.7877646875990882,0.5638802647590637
third-point,2021-12-31,2022-02-28,2022-02-14,4.5217885770490405,0.039193695135700354,0.0941386203823958,0.5240844781101375,0.3946462975215367,0.30434782608695654,0.4336283185840708,-0.24582148587770566,11.636626054669392,-0.06858583800739773,-0.10975378062340369,0.23301745098486573,-0.24850927264237588,-0.04197628160738743,-0.12347830385799852,-0.21021290652004743,1.0,0.5671641791044776,0.4659832246039143,0.2722419860063417,0.3021685779094696
tiger-global,2021-12-31,2022-02-28,2022-02-14,5.1298987149230735,0.031834231478801656,0.0819548256601208,0.4743869278674245,0.1709025848693111,0.10059171597633136,0.055900621118012424,-0.12504369870733975,12.58083575178026,-0.418685788630869,0.02189363540737166,0.24894383734150868,-0.320509521239692,0.19437267606671657,-0.287489830639618,-0.37422443330166694,1.0,0.9552238805970149,0.4659832246039143,0.2039921261067554,0.3416304290294647
tiger-management,2021-12-31,2022-02-28,2022-02-14,3.6375861597263857,0.08592334145241105,0.15164135810296728,0.8277128772508242,0.1890938553768825,0.3684210526315789,0.4,-0.059443500584358044,14.39217442302815,-0.1380127296487086,0.3513802450044201,0.1674112066782627,-0.16017128428086858,1.7254985815952617,-0.17539762830813,-0.2621322309701789,1.0,0.6865671641791045,0.4659832246039143,0.2831342993282627,0.2465851604938507
trian,2021-12-31,2022-02-28,2022-02-11,2.1972245773362196,0.169601567080465,0.27108459901255305,1.0,0.2667017735042173,0.1111111111111111,0.1111111111111111,-0.07543692615938777,5.873311288180183,-0.004937711430744715,-0.17569792987255006,0.13421221449008222,-0.08281804462299902,-0.24209287389579454,,,,0.40298507462686567,0.4659832246039143,0.4168899999052505,0.6270288825035095
tweedy-browne,2021-12-31,2022-02-28,2022-02-10,3.7376696182833684,0.06254660047379311,0.12667807113111687,0.6846276406400797,0.04516567785176007,0.0,0.08695652173913043,0.05166201928583069,11.128886840089823,0.028383951296764673,-0.2968378350060272,0.1376668379407389,-0.06080261004964227,-1.4201916198613815,0.004036104039329261,-0.08269849862271965,0.0,0.29850746268656714,0.4659832246039143,0.6264591196468684,0.7095621824264526
valueact,2021-12-31,2022-02-28,2022-02-14,2.4849066497880004,0.13748360205367843,0.19728863140426203,0.9952815908301376,0.08080957169382941,0.16666666666666666,0.23076923076923078,0.02687016080132792,6.459265145008743,0.038935929822883644,0.035963565228070205,0.2098730031171772,-0.10922875210765881,-0.18391495493659046,0.08349935562535264,-0.0032352470366962646,0.0,0.2537313432835821,0.4659832246039143,0.6273280934480665,0.7840819954872131
viking,2021-12-31,2022-02-28,2022-02-14,4.672828834461906,0.023741149216366428,0.07517304801849635,0.36989852498701314,0.2680005050695873,0.2523364485981308,0.16666666666666666,-0.04417837435930866,10.169087171430588,-0.2497440516960442,-0.20805043033231368,0.1599923652395406,-0.2192761957994921,-0.7088830640118968,0.0032468604807473905,-0.08348774218130152,0.0,0.7910447761194029,0.4659832246039143,0.3174055224560344,0.41342833638191223
whale-rock,2021-12-31,2022-02-28,2022-02-14,3.8918202981106265,0.044408751935871224,0.09221880218792046,0.5761577689431587,0.3090611235129683,0.16326530612244897,0.4057971014492754,-0.2527107557735984,13.8263751411398,-0.37183167319768895,0.38865801316622806,0.2650240548193099,-0.29808162609285327,0.8989795457768834,-0.20520195748030196,-0.29193656014235086,1.0,0.9253731343283582,0.4659832246039143,0.14320802836362442,0.3024345934391022
yacktman,2021-12-31,2022-02-28,2022-02-02,4.1588830833596715,0.03452821082095123,0.0689710300749501,0.4774077181544477,0.0605203333255917,0.046875,0.016129032258064516,0.07624085271376252,9.93245614543199,0.13853284110384334,0.05325806816186485,0.1231667524383965,-0.04273860615773739,1.0384564462817356,0.03750134708661962,-0.04923325557542929,0.0,0.07462686567164178,0.4659832246039143,0.47362105846333874,0.5273812413215637
abrams,2022-03-31,2022-05-31,2022-05-13,2.8903717578961645,0.08194944648719536,0.16469178190101963,0.8016756197213836,0.07429247055130928,0.0,0.0,-0.06199400880708596,8.437063429173616,-0.10292430190068655,-0.26025631223178863,0.12131467935210126,-0.16597417776897294,-1.1012863345347519,0.06759790192623409,0.09342609863642173,0.0,0.5522388059701493,0.47971781305114636,0.43442051539300974,0.6861230731010437
adage,2022-03-31,2022-05-31,2022-05-16,6.984716320118266,0.009588190799811208,0.05369949007027991,0.23398664369674654,0.15027115061608642,0.17777777777777778,0.12770137524557956,-0.05339389507063152,10.001164163012598,0.013732281844125588,-0.04239581314056684,0.17372652167904287,-0.1680009323142413,-0.6210933084495711,0.05760240277074109,0.08343059948092874,0.0,0.23880597014925373,0.47971781305114636,0.5930689395742506,0.6684035658836365
akre,2022-03-31,2022-05-31,2022-05-13,3.044522437723423,0.08579897663074997,0.14484677390493975,0.818329026953918,0.0735784446241492,0.0,0.045454545454545456,-0.17644018035719006,11.23067682550881,0.016113486682893342,-0.12395815416844141,0.17377253401314272,-0.15230636623694338,-0.5046244380141448,-0.03570895425931436,-0.009880757549126722,1.0,0.22388059701492538,0.47971781305114636,0.4054887850611755,0.45618337392807007
altimeter,2022-03-31,2022-05-31,2022-05-17,2.995732273553991,0.2904662923405566,0.5032856831537542,0.9377005605233547,0.6664212613382369,0.1,0.28,-0.2969360702180608,11.862605684366859,-0.45157920180355604,-0.7906167577147317,0.36013569753758645,-0.5944110010724157,-2.377842867318767,0.11522521403056678,0.14105341074075442,0.0,0.9850746268656716,0.47971781305114636,0.042023020860115994,0.18565942347049713
appaloosa,2022-03-31,2022-05-31,2022-05-16,3.5263605246161616,0.0639399189109615,0.13299752424832106,0.7049889977707431,0.25375181427523996,0.058823529411764705,0.2727272727272727,-0.4419721675838245,16.53970666324135,0.10964540653909699,0.3402305430315843,0.1266171439484008,-0.06357562286549057,0.9134743164741396,-0.028729907356488737,-0.0029017106463010978,1.0,0.1044776119402985,0.47971781305114636,0.2978593487851921,0.21419060230255127
atreides,2022-03-31,2022-05-31,2022-05-16,3.58351893845611,0.05246134997243602,0.10359902091408196,0.6128448546497851,0.4532091941722717,0.2777777777777778,0.2571428571428571,-0.11950770891991337,12.077281721674623,-0.30950131929693037,,0.2271664919439134,-0.3961135906827805,,0.05773370989351009,0.08356190660369774,0.0,0.8059701492537313,0.47971781305114636,0.10434109953933672,0.2828788459300995
baupost,2022-03-31,2022-05-31,2022-05-13,4.007333185232471,0.06594573106273374,0.15034966801831853,0.697342910117391,0.08649537640046767,0.05454545454545454,0.037037037037037035,-0.08511431838075918,7.391942448982444,-0.14820610288009853,,0.15978823891176042,-0.22086406488748822,,-0.07951882119697044,-0.0536906244867828,1.0,0.6268656716417911,0.47971781305114636,0.42727865500030815,0.6413217186927795
berkshire-13f,2022-03-31,2022-05-31,2022-05-16,3.8918202981106265,0.21564960635974315,0.4278988657730442,0.8720324087195328,0.12989640318152362,0.16326530612244897,0.06818181818181818,0.09395097846584521,9.770648906222384,0.11647602874325513,0.2505321478978312,0.14483767649703733,-0.10763002598482585,0.6308706517811029,0.008276906091532438,0.03410510280172008,0.0,0.08955223880597014,0.47971781305114636,0.6338477042626611,0.6479466557502747
cantillon,2022-03-31,2022-05-31,2022-05-03,3.6109179126442243,0.03237420471952919,0.0627693514259712,0.418235049590151,0.04725651687343857,0.0,0.02631578947368421,-0.07782507231222623,11.045641246142024,-0.020115693972471434,-0.005414634846217847,0.19167668800552734,-0.19219566450804337,-0.09150799289049373,-0.00936491310305684,0.0164632836071308,1.0,0.3283582089552239,0.47971781305114636,0.38262633145215236,0.45298969745635986
coatue,2022-03-31,2022-05-31,2022-05-16,4.060443010546419,0.05614297808761705,0.12044669890951261,0.6356391388718475,0.3273557329318192,0.20689655172413793,0.43209876543209874,-0.5005157386648227,12.937584206267218,-0.43456997111696133,-0.3780148613527355,0.30600073912547576,-0.5332177568764833,-0.6088921586485186,0.015263694510877144,0.04109189122106478,0.0,0.9253731343283582,0.47971781305114636,0.09540740701181073,0.3695777654647827
corvex,2022-03-31,2022-05-31,2022-05-16,3.332204510175204,0.10369125291370614,0.20238950025560987,0.8673417370045706,0.3805455333143968,0.21428571428571427,0.2413793103448276,-0.34604953330365357,14.738449290547063,-0.13577066580820973,-0.45689472765950245,0.184932396066301,-0.21419708352273747,-2.3934697366481994,0.04333281676657759,0.06916101347676523,0.0,0.6119402985074627,0.47971781305114636,0.28454334707598156,0.200742706656456
d1,2022-03-31,2022-05-31,2022-05-16,3.2188758248682006,0.07958402377248816,0.17540494727192332,0.7426610795493017,0.30070712847595726,0.04,0.4666666666666667,-0.6675094938094706,14.613807449345897,-0.3492906819713583,-0.38497536631811535,0.2423895961631668,-0.45412288553707003,-0.8071667684121463,-0.08648739899702122,-0.06065920228683359,1.0,0.8507462686567164,0.47971781305114636,0.09653530696451258,0.2948873043060303
darsana,2022-03-31,2022-05-31,2022-05-16,2.3978952727983707,0.12319049185443594,0.19766719832466853,0.989745798481325,0.25853053927648295,0.2727272727272727,0.38461538461538464,-0.0928050050977406,6.736517802426146,-0.2701790749949493,-0.13500128735233075,0.223293576268932,-0.4104916062466516,-0.046293596841324454,-0.047134632689714046,-0.021306435979526406,1.0,0.7910447761194029,0.47971781305114636,0.21042830043402877,0.565993070602417
dragoneer,2022-03-31,2022-05-31,2022-05-16,3.9512437185814275,0.05773703778025283,0.15129045005981356,0.6381620790886192,0.16816581719194357,0.09615384615384616,0.265625,-0.10563064159964611,6.663785605913137,-0.4802213237999694,-0.7534667959673268,0.33197885705775737,-0.5813412416197816,-1.4692518634377816,0.0193148407504173,0.04514303746060494,0.0,1.0,0.47971781305114636,0.1795360122628175,0.44467270374298096
duquesne,2022-03-31,2022-05-31,2022-05-16,3.8918202981106265,0.08100047365979696,0.15700313230385404,0.7588455027107793,0.3941455515138349,0.3469387755102041,0.3333333333333333,-0.22814262985226583,13.820446107695506,-0.15914749318006377,-0.056073094803405665,0.24069018847155146,-0.2778002632735094,0.06307995034721343,0.15073465648882658,0.1765628531990142,0.0,0.6417910447761194,0.47971781305114636,0.2083532542990047,0.28395429253578186
egerton,2022-03-31,2022-05-31,2022-05-09,3.367295829986474,0.061202559624683565,0.11676665874697142,0.6869821340000842,0.1875853756779321,0.20689655172413793,0.28125,-0.12225081497818481,15.620171837890425,-0.1352973332463221,-0.20423880131286137,0.18087889787957706,-0.2417724740551095,-1.6689145049602954,0.02020470830406294,0.04603290501425058,0.0,0.5970149253731343,0.47971781305114636,0.36044707174659874,0.22902703285217285
elliott,2022-03-31,2022-05-31,2022-05-16,3.2188758248682006,0.12981888710194095,0.26087637433390065,0.8798001264543621,0.3116671442053085,0.16,0.19230769230769232,-0.10950410836474476,4.5228265678599815,0.31116255628941875,,0.12204210357456431,-0.03659529930671712,,0.030280594281960917,0.056108790992148556,0.0,0.029850746268656716,0.47971781305114636,0.59289478913667,0.5360320806503296
eminence,2022-03-31,2022-05-31,2022-05-16,4.189654742026425,0.024188537648101163,0.06364058874059259,0.3374886213572317,0.18128158389946802,0.18181818181818182,0.18181818181818182,-0.20624268314648508,6.606884719925126,-0.06487984135543873,0.11097631766520566,0.16075257702319917,-0.2048732405417929,0.16201505550069967,0.04956877682379693,0.07539697353398457,0.0,0.47761194029850745,0.47971781305114636,0.4221883918705611,0.3133281469345093
farallon,2022-03-31,2022-05-31,2022-05-16,5.723585101952381,0.020959911165980696,0.04449712271777211,0.3500087563437325,0.14611458907223485,0.16339869281045752,0.10801393728222997,-0.011459651027165497,9.147957217335529,-0.032525877309587524,,0.15837926188051635,-0.144804169497599,,0.01708843554550724,0.04291663225569488,0.0,0.3880597014925373,0.47971781305114636,0.48468576034203464,0.4886203110218048
fisher,2022-03-31,2022-05-31,2022-05-05,6.858565034791365,0.017246645908593587,0.06588002845975204,0.3133640676975077,0.08641053018940814,0.0861344537815126,0.09844559585492228,-0.052161651045938784,10.98690592164454,-0.061174194636351965,-0.09045991489999311,0.1717988279419859,-0.1891266865191602,0.05005360109133477,0.06323377439154203,0.08906197110172967,0.0,0.4626865671641791,0.47971781305114636,0.483427387456595,0.4372493028640747
fundsmith,2022-03-31,2022-05-31,2022-05-16,3.784189633918261,0.04812049382653178,0.10607559851154044,0.5689577091281048,0.10107429417272318,0.045454545454545456,0.045454545454545456,-0.3417706678971452,13.943647680639534,-0.08698343383663706,-0.13756744531959403,0.1978116502435386,-0.22855691274923562,-0.4832487289000436,0.013079665548116962,0.0389078622583046,0.0,0.5373134328358209,0.47971781305114636,0.30738447758953114,0.32491496205329895
gardner-russo,2022-03-31,2022-05-31,2022-05-12,4.430816798843313,0.07719637728882944,0.14244753823000575,0.8085612659121102,0.04013759329963784,0.0,0.045454545454545456,-0.07567257560797945,9.574299171486361,0.0023404167196494005,-0.27633392589535744,0.12978152587733502,-0.06332883691670177,-1.9062264147834123,0.002719143834513285,0.028547340544700924,0.0,0.26865671641791045,0.47971781305114636,0.6652878493694048,0.7602617740631104
giverny,2022-03-31,2022-05-31,2022-05-12,4.143134726391533,0.0458677012268772,0.08723712323702162,0.5846717903703348,0.07021013377293162,0.015873015873015872,0.03125,-0.05654022975368182,10.006140541516958,-0.041490275942001255,-0.12817433703585157,0.15086804582456187,-0.16555359011865523,-2.0282487347757976,-0.032292260144923285,-0.006464063434735647,1.0,0.417910447761194,0.47971781305114636,0.5731031971715673,0.5330149531364441
glenview,2022-03-31,2022-05-31,2022-05-16,4.060443010546419,0.04334054398895415,0.11184396320029917,0.548736317815524,0.2009873431025263,0.13793103448275862,0.07407407407407407,0.0624762884709473,7.6422976751526575,-0.03001625426916054,0.19753403133364578,0.18105374137382502,-0.11735754184196501,0.34193877928442135,-0.029296011520784256,-0.0034678148105966164,1.0,0.3582089552238806,0.47971781305114636,0.4931180028541625,0.38145145773887634
gotham,2022-03-31,2022-05-31,2022-05-16,7.014814351275545,0.010442734993719697,0.0750081038882874,0.21703683453299777,0.2177658681303526,0.14645103324348607,0.15630550621669628,0.04109898667980906,7.193421469375043,0.04438581876752142,-0.02435184862173223,0.15754613789500455,-0.12946186060798692,0.07297620096025852,-0.004439898749678883,0.021388297960508756,1.0,0.1791044776119403,0.47971781305114636,0.5750888506002128,0.42359459400177
greenhaven-road,2022-03-31,2022-05-31,2022-05-16,4.02535169073515,0.12736697177242814,0.2002742857142857,0.908924081632653,0.18672554791119533,0.26785714285714285,0.1276595744680851,-0.3712448568143084,3.527663673469388,-0.4296093828579532,,0.38214821403125415,-0.5485261361178013,,-0.12419493522585538,-0.09836673851566774,1.0,0.9104477611940298,0.47971781305114636,0.25037724841497233,0.3915225863456726
greenlight,2022-03-31,2022-05-31,2022-05-16,3.9512437185814275,0.08294545191559799,0.21397177635855424,0.6972430195445762,0.1642225064007662,0.1346153846153846,0.19642857142857142,-0.04272734859102391,3.862996072530781,0.09270377023631021,0.4058225299834658,0.23932997042682336,-0.14760191733645134,0.22008004402426615,0.198219534692984,0.22404773140317163,0.0,0.11940298507462686,0.47971781305114636,0.7310295356839789,0.7462732791900635
harris,2022-03-31,2022-05-31,2022-05-16,4.948759890378168,0.04683641379704066,0.18071135906747235,0.44444785981728796,0.2374175376211568,0.05673758865248227,0.06338028169014084,0.16685261739177432,9.083996963846266,-0.010744817298045987,0.028052265746952187,0.14603253909625108,-0.13686155269848332,-0.9211107370384772,-0.005550851576260448,0.02027734513392719,1.0,0.31343283582089554,0.47971781305114636,0.5749140898132292,0.6818689703941345
himalaya,2022-03-31,2022-05-31,2022-05-16,1.791759469228055,0.24270783484662847,0.37568688794737815,1.0,0.054233850070296574,0.0,0.0,-0.1132060023336496,15.55711230310613,-0.05288466082416091,,0.19140681368935208,-0.20700697977185478,,-0.07652802576604706,-0.05069982905585942,1.0,0.43283582089552236,0.47971781305114636,0.2704647376240021,0.13365745544433594
hitchwood,2022-03-31,2022-05-31,2022-05-16,2.8903717578961645,0.08885081073043664,0.16587852300218026,0.8455448589250495,0.6309304512589473,0.3888888888888889,0.7884615384615384,-0.8597548699468589,20.187850309118243,-0.4436882806558959,-0.5015015868027914,0.32540334720776565,-0.5419478579432385,-1.4511828428716176,0.013454760748079417,0.03928295745826706,0.0,0.9701492537313433,0.47971781305114636,0.03789197260488902,0.21184296905994415
hound,2022-03-31,2022-05-31,2022-05-13,3.295836866004329,0.09250926222272879,0.22297412626579588,0.7673564035983227,0.2661391844077958,0.2962962962962963,0.8207547169811321,-0.09837825353014346,9.232429425977834,-0.17850086025514827,-0.4476806401086035,0.1580191468913156,-0.24887627445599247,-4.347906595002183,-0.007597659486731231,0.018230537223456408,1.0,0.6567164179104478,0.47971781305114636,0.7454044519715233,0.6002694964408875
icahn,2022-03-31,2022-05-31,2022-05-13,2.772588722239781,0.39021819615238595,0.6104483643750391,0.9604393575113014,0.1269231916207776,0.125,0.125,-0.01913870776888154,2.6296193789475915,0.1961661105871287,-0.3028267854653274,0.18680812153972515,-0.08855859619403084,-0.8735136613932765,-0.4211970114116564,-0.39536881470146873,1.0,0.04477611940298507,0.47971781305114636,0.6964889480624843,0.7004337310791016
impactive,2022-03-31,2022-05-31,2022-05-16,2.302585092994046,0.11257499730998637,0.15311446252224364,1.0,0.10703545177019869,0.0,0.0,0.33997625147442895,3.0956351961962585,-0.00019219192640045069,,0.1561445382097674,-0.09516574274457879,,-0.05661677042203307,-0.03078857371184543,1.0,0.29850746268656714,0.47971781305114636,0.4905067436688103,0.39427873492240906
lansdowne,2022-03-31,2022-05-31,2022-05-16,3.2188758248682006,0.10085037443564009,0.1690332633233307,0.8991442815936649,0.3026377899061411,0.32,0.2916666666666667,-0.31633970047705356,6.08060565538047,-0.11459811843564177,-0.29106342517383194,0.1340071387887757,-0.16786882930170777,-1.2391076332866109,0.04262381982248828,0.06845201653267592,0.0,0.5671641791044776,0.47971781305114636,0.42709165494214213,0.5269385576248169
light-street,2022-03-31,2022-05-31,2022-05-16,3.6375861597263857,0.04656363651837136,0.1287913158846189,0.5228437494875413,0.45390804452145606,0.23684210526315788,0.3695652173913043,-0.2674055125765086,8.429006607105626,-0.42499634419406107,-0.6051636091894014,0.29003615699687996,-0.5130960697314816,-1.4407992290103009,,,,0.8955223880597015,0.47971781305114636,0.10565311558775152,0.45369017124176025
lone-pine,2022-03-31,2022-05-31,2022-05-16,3.367295829986474,0.0509322929519715,0.09169761587853335,0.6165239537942289,0.2813765660528086,0.27586206896551724,0.27586206896551724,-0.3734797413219244,17.5932586417685,-0.3410383917910212,-0.36384526620479085,0.2645643128834413,-0.48662599357439673,-0.9042849284782805,-0.03586376285227752,-0.010035566142089884,1.0,0.8208955223880597,0.47971781305114636,0.0914490769814127,0.28901025652885437
markel-13f,2022-03-31,2022-05-31,2022-04-29,4.820281565605037,0.027281108357988023,0.07018701194000408,0.4372158715955217,0.0696392975932556,0.08870967741935484,0.0423728813559322,-0.03470038547628266,11.40712810001034,0.026010972183099224,0.036428591938626464,0.154701091014005,-0.11369477344491574,-0.21798935096456046,-0.019294057901429316,0.0065341388087583226,1.0,0.19402985074626866,0.47971781305114636,0.5315475977561609,0.6371941566467285
marshall-wace,2022-03-31,2022-05-31,2022-05-16,7.836369760545124,0.0037097902656171257,0.019100550891408788,0.13172909114619893,0.4050995150647462,0.2702489134729356,0.4022653721682848,-0.03684059898440637,6.940989576684078,-0.04008670023914453,-0.06169877133020246,0.17640652596713374,-0.1735928733371177,-0.8085891368062664,-0.019286043290285798,0.006542153419901842,1.0,0.40298507462686567,0.47971781305114636,0.5030562824816107,0.4613805115222931
matrix,2022-03-31,2022-05-31,2022-05-16,3.2188758248682006,0.06383086169834706,0.10421376387049412,0.7274372135307701,0.20245765932466075,0.28,0.18181818181818182,-0.07531449112448581,9.511425520580893,-0.37373455139396594,-0.5857209664399535,0.2751348947843161,-0.45768460890840956,-1.7487464966834563,0.15582499213114265,0.18165318884133028,0.0,0.8656716417910447,0.47971781305114636,0.2109648119752216,0.483877956867218
maverick,2022-03-31,2022-05-31,2022-05-16,5.41610040220442,0.08908482125161443,0.27335272431885316,0.5632477787579526,0.17169974144784128,0.48444444444444446,0.618421052631579,-0.39346970117578206,10.519586363846377,-0.4408266073573415,-0.716323847476571,0.3250634211091162,-0.5097064159501784,-2.236569031309485,0.12494378322623505,0.1507719799364227,0.0,0.9552238805970149,0.47971781305114636,0.5220331435487311,0.48580896854400635
melvin,2022-03-31,2022-05-31,2022-05-16,3.7612001156935624,0.02966257107263483,0.05775491950093171,0.40458813145836664,0.32821589339039736,0.23255813953488372,0.32653061224489793,-0.4932688121125213,10.602241278952848,-0.24786016387231094,-0.34976447927284715,0.1959727744766757,-0.33762122815300477,-1.65603746389888,,,,0.7313432835820896,0.47971781305114636,0.20996647474319066,0.3721694052219391
oaktree,2022-03-31,2022-05-31,2022-05-16,5.863631175598097,0.037473429923767364,0.10163525399999661,0.5274319614043017,0.15561166437949525,0.35511363636363635,0.3303834808259587,0.1287731240237843,3.1541139181362063,0.3333079821970977,,0.15748041542648142,-0.043909549386489166,,-0.04536013253701937,-0.01953193582683173,1.0,0.014925373134328358,0.47971781305114636,0.837149520491736,0.7164840698242188
paulson,2022-03-31,2022-05-31,2022-05-16,3.4965075614664802,0.08956743729600508,0.18184451890167141,0.7404580340685429,0.18308440291784078,0.09090909090909091,0.16666666666666666,0.0014727139321300774,5.0058237141170885,-0.2599867705634211,,0.22365012772068066,-0.2889246028603165,,-0.021158772386257484,0.004669424323930156,1.0,0.7611940298507462,0.47971781305114636,0.360652644423762,0.6523073315620422
pershing-square,2022-03-31,2022-05-31,2022-05-16,2.0794415416798357,0.14545556941107116,0.19859968894807212,1.0,0.14024527617477067,0.25,0.0,-0.017831220389141245,7.037686610467411,0.008879838543670741,0.088162360192237,0.19033978968023885,-0.19229963237123338,0.2001794140051579,0.14969634656259437,0.175524543272782,0.0,0.2537313432835821,0.47971781305114636,0.40148684274865337,0.6231048107147217
polen,2022-03-31,2022-05-31,2022-05-12,4.51085950651685,0.04824650812468889,0.09168631590197499,0.5957799488476284,0.09184667177776595,0.06593406593406594,0.07608695652173914,-0.14932773167300195,18.264244652190005,-0.12436389314268176,-0.07954104092756215,0.2281368161520699,-0.2858163099472595,-0.2744884767080787,0.0497011210457151,0.07552931775590274,0.0,0.582089552238806,0.47971781305114636,0.24677108363408257,0.34851133823394775
pzena,2022-03-31,2022-05-31,2022-05-06,5.170483995038151,0.02130932727893996,0.04557220537698164,0.3557937997374469,0.07805608116954765,0.10227272727272728,0.09195402298850575,-0.00292672307512767,5.304371029600571,0.07994374654503104,0.02505581885259478,0.14053078736094368,-0.05952389485329346,-1.0217572328767748,-0.0919663336302986,-0.06613813692011096,1.0,0.13432835820895522,0.47971781305114636,0.7319580235162064,0.7227036356925964
ruane-cunniff,2022-03-31,2022-05-31,2022-05-13,3.5263605246161616,0.059625617356554264,0.09143734477237483,0.678126457721353,0.08989985058847016,0.029411764705882353,0.029411764705882353,-0.14258075497053294,13.377575537544597,-0.06559595885588246,0.02707347684677186,0.18839588462261467,-0.23254111766321073,-0.5450558505412411,-0.03517226963134536,-0.009344072921157716,1.0,0.5074626865671642,0.47971781305114636,0.32548054755159417,0.3021314740180969
sachem-head,2022-03-31,2022-05-31,2022-05-13,2.8903717578961645,0.14807518512375534,0.21573039904287308,0.9374599473743604,0.13695203523770372,0.3888888888888889,0.45,-0.0817295483586368,6.963034139262373,-0.07923654487509676,,0.15427520653407711,-0.14108809309570347,,-0.26605174774579876,-0.24022355103561113,1.0,0.5223880597014925,0.47971781305114636,0.5657955622828711,0.6286192536354065
sands,2022-03-31,2022-05-31,2022-05-13,4.219507705176107,0.03235545926744085,0.06488444351174993,0.46290261126537946,0.1266282873189607,0.029411764705882353,0.07042253521126761,-0.21430666538144835,12.337859847332155,-0.34905932231776077,-0.4067016627561779,0.2875353920331571,-0.47669393557665674,-1.13711475130902,0.08212774964251314,0.10795594635270078,0.0,0.835820895522388,0.47971781305114636,0.15710464247154388,0.2618553638458252
semper-augustus,2022-03-31,2022-05-31,2022-05-16,3.4657359027997265,0.08416629963131991,0.18905824216049133,0.7625371131085533,0.11533055142831172,0.0625,0.09090909090909091,0.20487437310029594,7.720327307113515,0.1244010666908009,0.28701193105053546,0.15909278120550444,-0.05105605968167193,1.3213745730131377,-0.11603560494962484,-0.0902074082394372,1.0,0.05970149253731343,0.47971781305114636,0.5653562720409272,0.6744046807289124
senator,2022-03-31,2022-05-31,2022-05-13,4.276666119016055,0.03142183335985692,0.06973899768463687,0.46003022249560677,0.4813632896567547,0.25,0.4,-0.47244641603027826,10.850904008542164,-0.26191672665549626,-0.49544035525685787,0.16475520482339492,-0.3285704634978891,-3.147397105007985,-0.022904371518484627,0.0029238251917030112,1.0,0.7761194029850746,0.47971781305114636,0.22377083328279962,0.2949179708957672
soroban,2022-03-31,2022-05-31,2022-05-16,3.713572066704308,0.07366209053312833,0.15354440583793938,0.726383577378345,0.24020516419564086,0.024390243902439025,0.2,-0.06264340697101352,16.356111272504315,-0.05846872572206537,-0.17763109989163717,0.19149649346748535,-0.1589125856513004,-1.5891827897678406,-0.08360024049854685,-0.05777204378835921,1.0,0.44776119402985076,0.47971781305114636,0.35715001166115434,0.4261458218097687
southeastern,2022-03-31,2022-05-31,2022-05-16,3.6109179126442243,0.0523684122805441,0.12451292337179513,0.6014445005721372,0.08576026263611247,0.08108108108108109,0.02857142857142857,-0.05182552134224756,4.253667987925908,-0.02391468670082849,-0.04924076167374575,0.14332749285951818,-0.11639853002581779,-0.5579500529815717,-0.19368354063569343,-0.1678553439255058,1.0,0.34328358208955223,0.47971781305114636,0.6076398439938234,0.7260834574699402
srs,2022-03-31,2022-05-31,2022-05-16,3.4011973816621555,0.3031817937494651,0.536157966068213,0.8671750214530537,0.1665412178974195,0.26666666666666666,0.08333333333333333,0.06864140763688655,5.774382374677099,0.05529419717490527,0.5587145958544532,0.4362927369654854,-0.31979037365329344,1.1387342973335273,0.047351848624573464,0.0731800453347611,0.0,0.16417910447761194,0.47971781305114636,0.649639520609077,0.4846409261226654
starboard,2022-03-31,2022-05-31,2022-05-13,5.1298987149230735,0.04772800485292448,0.09156550143502033,0.602595169129527,0.221827136203243,0.5325443786982249,0.4148148148148148,0.044419988249706756,4.098997905646004,-0.03217540702564437,,0.15332541595119697,-0.11932884857542425,,-0.09060376520914926,-0.06477556849896161,1.0,0.373134328358209,0.47971781305114636,0.6966062267787853,0.5626108050346375
steadfast,2022-03-31,2022-05-31,2022-05-16,3.6888794541139363,0.047871250977512374,0.08595173039531225,0.614317268997109,0.4061647586558884,0.575,0.575,2.0,12.166066595356952,-0.2385330913052043,-0.48494775455793626,0.16669255128371271,-0.32972291963564704,-3.4172605623549916,0.005415960224694559,0.031244156934882198,0.0,0.7164179104477612,0.47971781305114636,0.5336819730943239,0.398458331823349
suvretta,2022-03-31,2022-05-31,2022-05-16,4.465908118654584,0.025020690635620294,0.05610646344626105,0.36767962239517704,0.3770751071603041,0.1839080459770115,0.24468085106382978,-0.4549710622311272,10.921974825326917,-0.19541843950953336,-0.39689181344427205,0.18198668525382863,-0.28279561900596484,-2.9205759676592393,0.012622884841687134,0.03845108155187477,0.0,0.7014925373134329,0.47971781305114636,0.29707818370649697,0.3163212835788727
tci,2022-03-31,2022-05-31,2022-05-16,2.3978952727983707,0.1173324057555436,0.17971513773176748,0.9687322389309305,0.1532179454812741,0.0,0.15384615384615385,-0.18751838232676277,18.58145437165153,0.0009745343295493175,0.17178441732627436,0.2084033292244693,-0.17501701683720672,1.0424900553668643,0.04535182116782825,0.0711800178780159,0.0,0.2835820895522388,0.47971781305114636,0.18105462575126072,0.20412084460258484
third-avenue,2022-03-31,2022-05-31,2022-05-13,4.060443010546419,0.03651383209346881,0.07284197044737685,0.5112753680452895,0.09356085514790047,0.017241379310344827,0.03389830508474576,-0.03545917410434621,3.124533854716634,0.0638753716319549,-0.31109118528641583,0.1531532685783715,-0.06532652659990357,-2.0208658021870476,-0.0278905391306433,-0.0020623424204556616,1.0,0.14925373134328357,0.47971781305114636,0.7104945080180598,0.42896777391433716
third-point,2022-03-31,2022-05-31,2022-05-16,4.31748811353631,0.056154322365978136,0.13265011143420502,0.6181895660931804,0.39601666693801973,0.13333333333333333,0.29347826086956524,-0.6231264351765566,8.470415041814997,-0.1814123132741506,-0.29418571154053386,0.24177553511778832,-0.35959624931259915,-0.5903941329049709,-0.08093254330566904,-0.0551043465954814,1.0,0.6716417910447762,0.47971781305114636,0.17128115921739184,0.36722373962402344
tiger-global,2022-03-31,2022-05-31,2022-05-16,4.477336814478207,0.04779163244532894,0.10594655717764617,0.6170600813705701,0.25050612635894265,0.03409090909090909,0.4970414201183432,-0.5448005018303441,11.982629301700458,-0.4395131257500558,-0.41287880380892483,0.29270091882512855,-0.5366026691432626,-0.60164117785701,0.026781358462479244,0.05260955517266688,0.0,0.9402985074626866,0.47971781305114636,0.10154136882545947,0.4425897002220154
tiger-management,2022-03-31,2022-05-31,2022-05-16,3.4657359027997265,0.10236534036227542,0.2024967906881412,0.8361497966536856,0.23288471652753395,0.21875,0.34210526315789475,-0.3083200726681082,14.715390673038543,-0.18487660481874668,0.13641674247266344,0.20086309928895668,-0.29435780928198774,0.7657384579431205,-0.10812632053963578,-0.08229812382944814,1.0,0.6865671641791045,0.47971781305114636,0.2179710841140507,0.2926894426345825
tweedy-browne,2022-03-31,2022-05-31,2022-05-13,3.784189633918261,0.06470730960321978,0.1474516515422276,0.6703508663118464,0.08422845523692168,0.045454545454545456,0.0,-0.018032915010424765,11.429085698263242,0.02529968168288545,-0.18564062369545975,0.15425859982745035,-0.0800989180468592,-1.3776713322068288,-0.009906053914126127,0.015922142796061512,1.0,0.208955223880597,0.47971781305114636,0.5885612947491666,0.7243045568466187
valueact,2022-03-31,2022-05-31,2022-05-16,2.5649493574615367,0.13566707903511507,0.1818167437367835,0.9954782719218596,0.06038015906068017,0.07692307692307693,0.0,-0.19882141464569072,6.359878081709959,-0.06550196725335047,0.10884435715133234,0.18915365106661272,-0.18772759642323622,-0.25115837003905167,-0.008937205917109902,0.016890990793077737,1.0,0.4925373134328358,0.47971781305114636,0.45158936574333425,0.603522002696991
viking,2022-03-31,2022-05-31,2022-05-16,4.51085950651685,0.025755100134475614,0.06962672375588264,0.40013517640488494,0.3187298537916049,0.17582417582417584,0.29906542056074764,-0.33235435554892195,11.560682667527415,-0.2577096102617957,-0.31667951443084,0.18261017727860862,-0.3428362812750716,-0.9453818495415931,0.10757799179644247,0.1334061885066301,0.0,0.746268656716418,0.47971781305114636,0.1794440660213113,0.3732162415981293
whale-rock,2022-03-31,2022-05-31,2022-05-16,3.8918202981106265,0.039180048180169784,0.10639057143151086,0.49125352596437305,0.5066414724640274,0.3877551020408163,0.3877551020408163,-0.382965647334941,13.498272049695753,-0.38531942650703327,-0.21590114720681314,0.3318402711079385,-0.5057819796077263,-0.09124471487026888,0.18246413522651161,0.20829233193669924,0.0,0.8805970149253731,0.47971781305114636,0.07645826101977042,0.24055315554141998
yacktman,2022-03-31,2022-05-31,2022-05-02,4.1588830833596715,0.036902378659803114,0.0937664467197221,0.4897438501203126,0.07319665046916213,0.015625,0.015625,-0.0013218237418120607,10.132290118663557,0.12389576886327058,0.05062209040865839,0.13285668113724816,-0.05726153520437838,0.1719913586052157,-0.06582194650905182,-0.03999374979886418,1.0,0.07462686567164178,0.47971781305114636,0.5358414007174148,0.5393674373626709
abrams,2022-06-30,2022-08-31,2022-08-12,2.8903717578961645,0.08607948412109706,0.1736610752253492,0.8177243708284594,0.05248559743647885,0.0,0.0,-0.14113292668708732,8.227943516479735,-0.0135348216906378,-0.06543584121450247,0.18507551962978355,-0.23051021651808856,-0.5678319349829947,0.15110945076863322,0.30130087465022354,0.0,0.3582089552238806,0.4920767306088407,0.3883453924697918,0.558159351348877
adage,2022-06-30,2022-08-31,2022-08-15,6.980075940561763,0.008689408825624748,0.049838647564469915,0.21413572492836677,0.15846812583796654,0.10418604651162791,0.10833333333333334,-0.18819601617156873,9.313983977077363,0.0020128347654292666,-0.03349400851460621,0.21599644025906417,-0.23234807162878035,-0.08179295514153423,0.06591784181201188,0.2161092656936022,0.0,0.2835820895522388,0.4920767306088407,0.43237085972260714,0.3970738649368286
akre,2022-06-30,2022-08-31,2022-08-11,3.044522437723423,0.08974344893340139,0.14823346509302981,0.8365075199192212,0.0481893110140027,0.047619047619047616,0.047619047619047616,-0.1464358740530278,11.705438503348754,-0.0018575892241217695,-0.17056093700128674,0.22104072326886937,-0.2076001353331679,-0.6419108479466851,-0.01807273421802924,0.13211868966356108,1.0,0.29850746268656714,0.4920767306088407,0.3779956433121142,0.4181976318359375
altimeter,2022-06-30,2022-08-31,2022-08-15,2.70805020110221,0.3244194893218276,0.5401286428533081,0.9910468594900662,0.670295810834221,0.06666666666666667,0.3,-0.5795843383042323,14.577857940000937,-0.37254219924395027,-0.6477045901106643,0.44448093915151565,-0.6577286793260118,-1.6730032063346165,-0.10840707191348395,0.04178435196810636,1.0,0.9402985074626866,0.4920767306088407,0.016763165436089973,0.11769095063209534
appaloosa,2022-06-30,2022-08-31,2022-08-15,3.4011973816621555,0.07116592820307018,0.1373179357958847,0.7611774646543401,0.2730134900120422,0.26666666666666666,0.35294117647058826,-0.4502985265444921,15.431863009123768,0.13272570702383873,0.23620678255797228,0.22044514470625312,-0.16366790781328833,0.8615038424567467,0.05005396440954474,0.20024538829113506,0.0,0.05970149253731343,0.4920767306088407,0.3425306372446056,0.39927202463150024
atreides,2022-06-30,2022-08-31,2022-08-15,3.6635616461296463,0.05088655999246352,0.12980848003786707,0.5554633336588224,0.41383908084899323,0.23076923076923078,0.16666666666666666,-0.14938788550991414,12.093837664820207,-0.26027004066731774,,0.27921633066895396,-0.4557147527314356,,0.04770432594211707,0.1978957498237074,0.0,0.8059701492537313,0.4920767306088407,0.10215760493689041,0.3804548680782318
baupost,2022-06-30,2022-08-31,2022-08-12,3.9512437185814275,0.0645627480370201,0.1580461782747734,0.6805306698181541,0.1452502773730009,0.057692307692307696,0.10909090909090909,-0.31797193484029673,6.645948385232102,-0.15828215152992922,-0.47190019583644105,0.1836736960321583,-0.2950219427066407,-2.6641273893168242,-0.029810251197117693,0.12038117268447263,1.0,0.6716417910447762,0.4920767306088407,0.40122367540694254,0.48235130310058594
berkshire-13f,2022-06-30,2022-08-31,2022-08-15,3.8501476017100584,0.1997548208970622,0.40761356186429293,0.8750821758456677,0.0492506332121142,0.0,0.04081632653061224,-0.1917082295043283,9.801436904976875,0.10611264900899392,0.20569116689420447,0.21819602374487262,-0.19804992619747175,0.8639231309685788,-0.056180828218994824,0.0940105956625955,1.0,0.1044776119402985,0.4920767306088407,0.5043649133245922,0.5151929259300232
cantillon,2022-06-30,2022-08-31,2022-08-03,3.6635616461296463,0.030995665239891015,0.06006390523061308,0.4092662584388961,0.05074737937033702,0.05128205128205128,0.0,-0.15618448645877317,10.983555087377214,-0.03518640237102727,-0.09399957913133156,0.23035958264674192,-0.2545551772309951,-0.6985981645168825,0.009413913454345862,0.15960533733593618,0.0,0.43283582089552236,0.4920767306088407,0.37111054024236834,0.43971681594848633
coatue,2022-06-30,2022-08-31,2022-08-15,4.394449154672439,0.04492085333177676,0.11483308190315021,0.5685571812260193,0.2716783118657614,0.30864197530864196,0.034482758620689655,-0.503444547267,11.50064876490217,-0.3887842704626895,-0.3244536351557866,0.3484458482059275,-0.5846564877652852,-0.976812853870413,-0.0013704908548531347,0.14882093302673718,1.0,0.9701492537313433,0.4920767306088407,0.10511514941557917,0.29993388056755066
corvex,2022-06-30,2022-08-31,2022-08-15,3.4965075614664802,0.0769407830327096,0.1559922075410978,0.7724440430200943,0.3650742274254244,0.21212121212121213,0.07142857142857142,0.08799633344756777,10.090209895787119,-0.02814487027049567,-0.3505110598954447,0.24862960255808425,-0.2905370366451573,-1.623496991929401,-0.02582435216483528,0.12436707171675504,1.0,0.40298507462686567,0.4920767306088407,0.22884495276689024,0.36273694038391113
d1,2022-06-30,2022-08-31,2022-08-15,3.1780538303479458,0.0842405455825565,0.15699488887351454,0.8060361617174446,0.21519330359736977,0.16666666666666666,0.2,-0.6991664458442746,14.79892673925673,-0.3230239714054367,-0.33927923019126327,0.2999824254650692,-0.5308571280927528,-0.8917666137177193,-0.07041439896715157,0.07977702491443875,1.0,0.8507462686567164,0.4920767306088407,0.08982944456649279,0.24811607599258423
darsana,2022-06-30,2022-08-31,2022-08-15,2.4849066497880004,0.09466719093311607,0.12772289705582968,0.9252518104175351,0.18516373983260137,0.16666666666666666,0.09090909090909091,-0.059808634040449865,6.006740257460062,-0.3029478882688713,-0.1741070139602532,0.26502783857788614,-0.4940928551106507,-0.4667175828990948,0.06208458009101875,0.21227600397260907,0.0,0.8208955223880597,0.4920767306088407,0.12589588296635112,0.5571669936180115
dragoneer,2022-06-30,2022-08-31,2022-08-15,3.6635616461296463,0.05992564555756603,0.11337791238394355,0.7045482813742046,0.2870240209987934,0.0,0.25,-0.6962934535549854,6.159428116024964,-0.4080227095236675,-0.5829704507418375,0.34703228995944096,-0.6173506473965289,-1.278892422550362,-0.18406149432621394,-0.033870070444623625,1.0,1.0,0.4920767306088407,0.05731468006212405,0.3444148004055023
duquesne,2022-06-30,2022-08-31,2022-08-15,3.7376696182833684,0.08268922912450087,0.1802821512761561,0.7551824743168126,0.3065824055994616,0.21428571428571427,0.32653061224489793,-0.465163148182529,10.924410669072495,-0.11042746568689574,0.012546105957203957,0.31043954506328175,-0.35784143790388345,-0.03252967809648717,0.17025236332938778,0.3204437872109781,0.0,0.5671641791044776,0.4920767306088407,0.24496016284467947,0.5351242423057556
egerton,2022-06-30,2022-08-31,2022-08-09,3.258096538021482,0.06184289910677391,0.12048038973594888,0.6909239285035861,0.21186293951560886,0.11538461538461539,0.20689655172413793,-0.24772665824644713,14.258863707581389,-0.12403189380548293,-0.198912978707594,0.22430075936674396,-0.30710024084383913,-1.5014409437490484,0.05409653988100899,0.2042879637625993,0.0,0.582089552238806,0.4920767306088407,0.25841679669065665,0.32074546813964844
elliott,2022-06-30,2022-08-31,2022-08-15,3.258096538021482,0.141306503011103,0.2703522382610796,0.8875268757330578,0.15194522223643392,0.23076923076923078,0.2,-0.1691310853905489,4.9204231288618,0.3172144873234076,,0.22042787570063146,-0.1416433796553116,,0.10859839166364174,0.25878981554523206,0.0,0.029850746268656716,0.4920767306088407,0.6188047664137655,0.5078166723251343
eminence,2022-06-30,2022-08-31,2022-08-15,4.1588830833596715,0.025904472887807138,0.08360381564307182,0.3416732404181323,0.15396351871570357,0.09375,0.12121212121212122,-0.214744900629363,6.3712647566731935,-0.008897666955988343,0.12392250171995528,0.2047394518706823,-0.2770904140940964,0.10981026115123552,0.06982121950809805,0.22001264338968837,0.0,0.3283582089552239,0.4920767306088407,0.37265641958371093,0.560727059841156
farallon,2022-06-30,2022-08-31,2022-08-15,5.68697535633982,0.020249102061992468,0.046939471597989745,0.3328317274653143,0.1745619905107222,0.061016949152542375,0.09477124183006536,-0.08942932517331788,8.457848850613516,-0.009931039305134781,,0.18083301820994746,-0.1873713299572778,,-0.003192084549180546,0.14699933933240977,1.0,0.34328358208955223,0.4920767306088407,0.3916361833478905,0.5010015964508057
fisher,2022-06-30,2022-08-31,2022-08-09,6.831953565565855,0.01646739574356912,0.06354053603818431,0.3032014922372773,0.0659880966323394,0.0970873786407767,0.1207983193277311,-0.18192298636448945,10.163375202206964,-0.07148252986300038,-0.0832200376138651,0.21604113670939895,-0.2586811899046363,-0.14390788690834996,0.07868893621342116,0.22888036009501148,0.0,0.5373134328358209,0.4920767306088407,0.4629871656607259,0.5689234733581543
fundsmith,2022-06-30,2022-08-31,2022-08-15,3.7612001156935624,0.053186643138526654,0.11355297278076505,0.625078235020583,0.11142744369221436,0.0,0.022727272727272728,-0.2505989830467812,12.759670797181602,-0.10982228267301189,-0.1576295510068459,0.21942897990558927,-0.2799001873082443,-0.7296492554144072,-0.022986687982168796,0.12720473589942152,1.0,0.5522388059701493,0.4920767306088407,0.2631178293740653,0.3683077394962311
gardner-russo,2022-06-30,2022-08-31,2022-08-04,4.442651256490317,0.07356666204009762,0.12586310498709474,0.7916890291207521,0.04478393736403852,0.047058823529411764,0.03571428571428571,-0.15040197957326437,9.686577461397436,0.032326886911070274,-0.3073684994562508,0.177484223035526,-0.13801040886491656,-1.8983398113251913,0.040965832706887306,0.19115725658847763,0.0,0.22388059701492538,0.4920767306088407,0.560674029218245,0.5268025398254395
giverny,2022-06-30,2022-08-31,2022-08-12,4.143134726391533,0.045217758915397095,0.08233480263287937,0.5765241511994887,0.04931709448522281,0.031746031746031744,0.031746031746031744,-0.15461367024541653,9.869644139603224,-0.020451066823062525,-0.122083761836282,0.20391982347878945,-0.2348981570136871,-1.8176199768246202,-0.014972699094737085,0.13521872478685323,1.0,0.3880597014925373,0.4920767306088407,0.4948349217788679,0.4685002863407135
glenview,2022-06-30,2022-08-31,2022-08-11,3.970291913552122,0.05312438070368188,0.13909536164051664,0.6136223288024721,0.20513661854441712,0.11320754716981132,0.1896551724137931,-0.22060516870167945,7.125798705698258,-0.008794896373404887,0.14048183053468993,0.23625807056703105,-0.22259468753393863,0.16993008797052317,-0.005420428720570858,0.14477099516101946,1.0,0.31343283582089554,0.4920767306088407,0.4258124528686181,0.5655561685562134
gotham,2022-06-30,2022-08-31,2022-08-15,7.00669522683704,0.011257094711892502,0.08010213668007612,0.2156053926882342,0.21948689103766816,0.1621376811594203,0.16891284815813118,-0.03672130902789412,6.8740497354242445,0.01587425653214594,-0.06550285576062376,0.19236983824275863,-0.20375821849851972,-0.17327982985211116,0.008844886016419362,0.15903630989800968,0.0,0.26865671641791045,0.4920767306088407,0.49637241629685475,0.5963039398193359
greenhaven-road,2022-06-30,2022-08-31,2022-08-15,3.8066624897703196,0.16197677426068469,0.2783412264990605,0.9372575735932401,0.28179341607945385,0.13333333333333333,0.30357142857142855,-0.5203181546636464,4.158630654784797,-0.37528007473229397,,0.3810278400224817,-0.5790867155353363,,0.00166326174493181,0.15185468562652213,0.0,0.9552238805970149,0.4920767306088407,0.1456508760675529,0.4633693993091583
greenlight,2022-06-30,2022-08-31,2022-08-15,3.8501476017100584,0.10171636735145143,0.25931184303931715,0.736339455312095,0.1630964704130906,0.0851063829787234,0.17307692307692307,-0.2018463299434857,3.76029735695664,0.08403078133785986,0.20489980219951393,0.3425298468844281,-0.2445797581764757,0.08054668078807556,0.34755475917326084,0.49774618305485113,0.0,0.13432835820895522,0.4920767306088407,0.6159402247043312,0.537331223487854
harris,2022-06-30,2022-08-31,2022-08-15,4.9344739331306915,0.05390189871723543,0.20144762194713342,0.45628329553070257,0.09692843381581806,0.02877697841726619,0.0425531914893617,-0.18857598880607862,8.911800218319977,-0.03906593978332923,-0.06134750222291213,0.2334645129182559,-0.26158791735431286,-1.105628270582791,0.11077980681677166,0.260971230698362,0.0,0.47761194029850745,0.4920767306088407,0.5465775562644061,0.532017171382904
himalaya,2022-06-30,2022-08-31,2022-08-16,1.791759469228055,0.22817535642566295,0.33859351933982956,1.0,0.13198438407591528,0.16666666666666666,0.16666666666666666,-0.2389305543719423,15.939511596852855,-0.06386541780212732,,0.27633234897086106,-0.3262677285560036,,0.0421084528906622,0.19229987677225252,0.0,0.5074626865671642,0.4920767306088407,0.22574338396084281,0.15452885627746582
hitchwood,2022-06-30,2022-08-31,2022-08-15,2.70805020110221,0.11990645332516417,0.1939754515731361,0.9578869216002731,0.2373835039175184,0.26666666666666666,0.3888888888888889,-0.5847965257522072,19.797869531642377,-0.40053576043464123,-0.45571384707166057,0.35868529264363797,-0.5815690229193623,-1.94504060193539,0.040297458259709235,0.19048888214129955,0.0,0.9850746268656716,0.4920767306088407,0.09923472757154721,0.16341860592365265
hound,2022-06-30,2022-08-31,2022-08-15,3.1780538303479458,0.1114457783131619,0.21047913639767113,0.8184566036909313,0.2583466754628031,0.125,0.2222222222222222,-0.2231161313858747,9.015706211664343,-0.13536510030569518,-0.4245929768232436,0.2154521138586945,-0.30611067311899276,-3.7621281020294677,0.029544889637244,0.17973631351883432,0.0,0.6567164179104478,0.4920767306088407,0.4181021471371679,0.41745367646217346
icahn,2022-06-30,2022-08-31,2022-08-15,2.772588722239781,0.42944207409311563,0.6405671658707458,0.959874054553347,0.078309118387062,0.0625,0.0625,-0.047244479099309865,1.834628113049621,0.3220411848837184,-0.14620966730759105,0.21978610419618397,-0.08855859619403084,-0.40794189249302987,-0.5432984018695517,-0.39310697798796135,1.0,0.014925373134328358,0.4920767306088407,0.6288050057277071,0.6842738389968872
impactive,2022-06-30,2022-08-31,2022-08-15,2.1972245773362196,0.1247849471042365,0.16823311156832957,1.0,0.0930868055607833,0.0,0.1,-0.028414384388886653,3.157177978608679,0.043636741519268704,,0.19504176411580998,-0.14915324098045524,,0.020854118948692518,0.17104554283028284,0.0,0.19402985074626866,0.4920767306088407,0.424077087071008,0.5822241902351379
kingdon,2022-06-30,2022-08-31,2022-08-15,4.02535169073515,0.029701491226370724,0.052968881682117365,0.44091306713321027,0.4614249143238732,0.26785714285714285,0.3787878787878788,-0.44962059880068633,7.494252658978653,-0.13314866931259958,,0.2687949455017542,-0.3603339685346627,,-0.052183250035003306,0.09800817384658701,1.0,0.6417910447761194,0.4920767306088407,0.15538636136054484,0.3786138594150543
lansdowne,2022-06-30,2022-08-31,2022-08-12,3.1354942159291497,0.1364378051223879,0.24209905610470733,0.9485985461388602,0.2598393387460931,0.08695652173913043,0.16,-0.5146857224031521,4.9902083735968885,-0.1285174429338002,-0.4493543431370142,0.2935593537986236,-0.34123339992321833,-2.6029203111081243,0.24701119698649351,0.39720262086808383,0.0,0.6119402985074627,0.4920767306088407,0.3152164680866884,0.41707679629325867
light-street,2022-06-30,2022-08-31,2022-08-15,3.4339872044851463,0.11386079328048537,0.2943555205691128,0.7226026997871658,0.3175534211811314,0.06451612903225806,0.23684210526315788,-0.6242284963224264,5.650311962447885,-0.36331189612539405,-0.44327862165624554,0.3089324643698059,-0.5469749724605169,-1.58139591230155,,,,0.8955223880597015,0.4920767306088407,0.13636792445042525,0.42343178391456604
lone-pine,2022-06-30,2022-08-31,2022-08-15,3.367295829986474,0.05452922701432806,0.08988831729882261,0.6333789953864389,0.31658552047094646,0.27586206896551724,0.27586206896551724,-0.4598906612395076,17.419630528597263,-0.36778233812246164,-0.37730889644803983,0.2570346613098208,-0.5391822505556809,-1.25811673433951,-0.024239493228599945,0.12595193065299037,1.0,0.9253731343283582,0.4920767306088407,0.06611988759027589,0.22974778711795807
markel-13f,2022-06-30,2022-08-31,2022-08-05,4.875197323201151,0.024948907438587523,0.0651301924769674,0.40910587484143485,0.05710345764638103,0.06870229007633588,0.016129032258064516,-0.18247180086222334,10.702987479625817,0.029251493710501925,0.01077215663473291,0.21707402175848567,-0.20185276810717356,0.09419631624661712,0.006153225340744167,0.1563446492223345,0.0,0.23880597014925373,0.4920767306088407,0.4339348491456136,0.5854480862617493
marshall-wace,2022-06-30,2022-08-31,2022-08-15,7.872073979866873,0.0033646669374119502,0.016532142280161234,0.11423106454373312,0.3615660088561822,0.29851315287838354,0.2730146187277756,-0.09401261281630585,6.4023120726003535,-0.038015704273288126,-0.07482434103386115,0.21485722168725166,-0.24531909794362305,-0.876599685539948,-0.03200199177379079,0.11818943210779953,1.0,0.4626865671641791,0.4920767306088407,0.44371992209367417,0.4669848680496216
matrix,2022-06-30,2022-08-31,2022-08-15,2.995732273553991,0.0880809327226641,0.13316885906514828,0.8807424821125168,0.2961358536773965,0.05,0.24,-0.6355758782937498,7.773212707790219,-0.3200220646839693,-0.4614781011077835,0.321763850952798,-0.5140153317706395,-1.880933898885079,0.18642038730498653,0.33661181118657685,0.0,0.835820895522388,0.4920767306088407,0.09675962932880365,0.3466479778289795
maverick,2022-06-30,2022-08-31,2022-08-15,5.3471075307174685,0.08926125935057334,0.2697957683572141,0.5969684709765545,0.15929748439676084,0.2714285714285714,0.32,-0.33504683003831126,9.904467078988796,-0.241201059533498,-0.5451021938670264,0.39561396385564834,-0.4703552280214459,-1.9836394959866843,0.0685813343186242,0.21877275820021452,0.0,0.7761194029850746,0.4920767306088407,0.4707661738447704,0.37897852063179016
oaktree,2022-06-30,2022-08-31,2022-08-15,5.940171252720432,0.03976984846656251,0.10146210761517113,0.5346646087752667,0.1480368151528766,0.23421052631578948,0.17329545454545456,-0.11503539591177045,2.862997091272567,0.2808757489702135,,0.225107054347278,-0.13591940944462333,,0.020374028122481624,0.17056545200407194,0.0,0.04477611940298507,0.4920767306088407,0.6898158353742552,0.6045838594436646
paulson,2022-06-30,2022-08-31,2022-08-15,3.4657359027997265,0.09997604549480853,0.2438286110213854,0.7864171990620308,0.2166087479421167,0.15625,0.18181818181818182,-0.4711258378007091,4.04454219752094,-0.2594848649231606,,0.24397686648623404,-0.42651717875804274,,-0.041644767592073736,0.10854665628951658,1.0,0.7910447761194029,0.4920767306088407,0.2555568105546695,0.5125196576118469
pershing-square,2022-06-30,2022-08-31,2022-08-15,1.9459101490553132,0.16986631829195303,0.23891857021659335,1.0,0.12369843789018098,0.0,0.125,-0.331140949035885,6.182666822290955,0.02843103881654961,-0.019302723627660723,0.24269601018107864,-0.27502229515067167,-0.24372974969223174,0.06562544021383526,0.21581686409542558,0.0,0.2537313432835821,0.4920767306088407,0.27376873428639514,0.5745779871940613
polen,2022-06-30,2022-08-31,2022-08-10,4.430816798843313,0.05242494377217724,0.10517055965026946,0.6311099342631276,0.06565145069239364,0.07142857142857142,0.14285714285714285,-0.30139821783640286,17.73747076070568,-0.17366162747153788,-0.11140506192956529,0.2551656672182004,-0.3550252560131595,-0.5681194010597649,0.07712149409411295,0.22731291797570327,0.0,0.7014925373134329,0.4920767306088407,0.2541259157526553,0.33181655406951904
pzena,2022-06-30,2022-08-31,2022-08-05,5.117993812416755,0.021053219996631636,0.041618417732353384,0.34723892478128865,0.08103362467577102,0.029940119760479042,0.07954545454545454,-0.16947321704506008,5.4099013128457765,0.0943943320736502,-0.03147675345318729,0.1954079391981085,-0.1341465650312874,-1.4086778720246171,0.010043804482442437,0.16023522836403276,0.0,0.11940298507462686,0.4920767306088407,0.643551764233165,0.6110432147979736
ruane-cunniff,2022-06-30,2022-08-31,2022-08-15,3.4339872044851463,0.06161772339667537,0.08977813322534399,0.6974967917860341,0.0837918827670352,0.0,0.08823529411764706,-0.27980640766188386,12.388570771134896,-0.06995817241214991,-0.011326057232644349,0.22599325982061794,-0.29712709562538664,-0.6261464683947391,-0.027318615313643768,0.12287280856794655,1.0,0.5223880597014925,0.4920767306088407,0.27582701030706996,0.3026573956012726
sachem-head,2022-06-30,2022-08-31,2022-08-12,2.995732273553991,0.1336148280320809,0.22443299456507174,0.8919501204465875,0.1409111438791565,0.25,0.16666666666666666,-0.1651219372326911,6.067464243219289,-0.12941343165958277,,0.22451250618498644,-0.2761686854824784,,-0.22407813207744948,-0.07388670819585916,1.0,0.6268656716417911,0.4920767306088407,0.40010400601436696,0.4534400403499603
sands,2022-06-30,2022-08-31,2022-08-12,4.23410650459726,0.032552788174721396,0.08245296349619059,0.46075740964916867,0.10506947396884181,0.08695652173913043,0.07352941176470588,-0.4091546340016277,11.874123354358451,-0.34491354356223547,-0.3585203065033277,0.30590035988698566,-0.5333795775662236,-1.3577507541595346,0.05065262278360047,0.2008440466651908,0.0,0.8805970149253731,0.4920767306088407,0.15536505453780314,0.27356207370758057
semper-augustus,2022-06-30,2022-08-31,2022-08-15,3.4657359027997265,0.07629941440224945,0.18298608642063097,0.7195240465524189,0.0757843752148214,0.0,0.0,-0.15320550497578286,8.069790111166418,0.1155597616744679,0.04868410816002794,0.22477509716162875,-0.17197574398154503,0.39108497786352225,-0.02236969184460036,0.12782173203698996,1.0,0.08955223880597014,0.4920767306088407,0.45122358076055724,0.6175341010093689
senator,2022-06-30,2022-08-31,2022-08-15,3.9889840465642745,0.036261027643170074,0.07538601726671644,0.5033975818579938,0.5303828706843738,0.3333333333333333,0.5,-0.8367171500357299,5.563620641893512,-0.19198061163665267,-0.45801133631574575,0.2215059047878068,-0.3565120617901505,-3.2642145006901955,0.0042228704530754835,0.1544142943346658,0.0,0.746268656716418,0.4920767306088407,0.23593250674441318,0.3108178973197937
soroban,2022-06-30,2022-08-31,2022-08-15,3.7612001156935624,0.06927941534762427,0.13417868012943457,0.7126107936517969,0.11432296429156463,0.06976744186046512,0.024390243902439025,-0.05854375182978418,14.58873187534668,-0.036145235485178645,-0.22401719299950362,0.24362700220230263,-0.25606324454229934,-1.778643848820299,-0.055779489404431656,0.09441193447715866,1.0,0.44776119402985076,0.4920767306088407,0.37994349784623477,0.4082801938056946
southeastern,2022-06-30,2022-08-31,2022-08-12,3.6109179126442243,0.054864343551265314,0.14261975586374492,0.596858442219554,0.18684459790530783,0.10810810810810811,0.10810810810810811,-0.17654211786465193,5.2355685427529455,0.05481926237561871,-0.04012540943054416,0.18926541713548306,-0.15738233152785408,-0.6140674292674552,-0.11651270095968108,0.03367872292190924,1.0,0.1791044776119403,0.4920767306088407,0.49821700964385945,0.5933557152748108
srs,2022-06-30,2022-08-31,2022-08-15,3.091042453358316,0.3101211232931419,0.5318454242459676,0.9444672901450187,0.1836815687260639,0.045454545454545456,0.3,-0.5742414692281502,6.791109900812165,0.06382387476245201,0.6851759215333137,0.5075139297731021,-0.4358376458660643,1.016239460076864,0.18052911360147259,0.3307205374830629,0.0,0.14925373134328357,0.4920767306088407,0.47553660366444184,0.3866710364818573
starboard,2022-06-30,2022-08-31,2022-08-12,5.204006687076795,0.05362228810158323,0.10601463595863855,0.6552944639746624,0.187284114730083,0.14835164835164835,0.08284023668639054,-0.3163684147508744,4.299238982549434,-0.017512285938730526,,0.18344573407268544,-0.180599952811058,,-0.061846847284611345,0.08834457659697897,1.0,0.373134328358209,0.4920767306088407,0.446150022828406,0.321299284696579
steadfast,2022-06-30,2022-08-31,2022-08-15,3.6375861597263857,0.054917743495027975,0.0939314698827595,0.6777506164692965,0.2930551924031567,0.34210526315789475,0.375,-0.09044979830313032,10.561659199957827,-0.18188722464684606,-0.37847991350747234,0.20851989578781,-0.3629992735051478,-2.628887206079577,0.005115576868067351,0.15530700074965767,0.0,0.7164179104477612,0.4920767306088407,0.32156463564425164,0.5075493454933167
suvretta,2022-06-30,2022-08-31,2022-08-15,4.48863636973214,0.02362270269761314,0.049213036321137306,0.36434454296938423,0.31368472252727075,0.25842696629213485,0.2413793103448276,-0.21901249731702105,7.968064762560979,-0.12843424135678919,-0.31263723242624264,0.20807496676340656,-0.3147710777740321,-2.0525714294397,-0.09784439496313657,0.052347028918453754,1.0,0.5970149253731343,0.4920767306088407,0.3088809570678215,0.5165318250656128
tci,2022-06-30,2022-08-31,2022-08-15,2.5649493574615367,0.12129366091267005,0.17137403677931642,0.9917601443201747,0.05894733593855417,0.23076923076923078,0.09090909090909091,-0.15332685543899272,18.941809260810352,-0.060628173481375586,0.11113433947888057,0.21988431280456844,-0.21733650686649975,1.1582791822362135,0.03552728638559083,0.18571871026718115,0.0,0.4925373134328358,0.4920767306088407,0.2540044661190191,0.29897332191467285
third-avenue,2022-06-30,2022-08-31,2022-08-12,4.02535169073515,0.035041710758168344,0.07905768015592599,0.47878890362314325,0.11146542438448026,0.03571428571428571,0.06896551724137931,-0.26727927933193396,3.085552816368669,0.06107057330111508,-0.24664109555536087,0.20813630679896916,-0.16481347888541042,-1.7580207076002028,0.13326331617106166,0.283454740052652,0.0,0.16417910447761194,0.4920767306088407,0.5690694994691244,0.40437597036361694
third-point,2022-06-30,2022-08-31,2022-08-15,4.060443010546419,0.07787496325342108,0.15449033423530725,0.7485485730949193,0.38257247333716304,0.06896551724137931,0.28,-0.5980374513126722,6.497259757129791,-0.17014490750077996,-0.3122401431215966,0.25572777238952804,-0.4214709316771844,-0.8414313252014712,-0.1564978886878103,-0.006306464806219991,1.0,0.6865671641791045,0.4920767306088407,0.11274405970517806,0.4570193886756897
tiger-global,2022-06-30,2022-08-31,2022-08-15,4.290459441148391,0.06704146060564979,0.1643563997832904,0.674451573265841,0.2655128890410092,0.0547945205479452,0.2159090909090909,-0.8036369748325418,13.0085255211452,-0.3664832346049747,-0.328252313274079,0.2691238256685377,-0.5481699613723683,-0.6487747813738786,-0.06579049999956484,0.08440092388202548,1.0,0.9104477611940298,0.4920767306088407,0.07106402114045506,0.3904455900192261
tiger-management,2022-06-30,2022-08-31,2022-08-15,2.4849066497880004,0.1639836022600154,0.2530578281136091,0.9890279015309391,0.49440795362437273,0.4166666666666667,0.78125,-1.0044761948197665,17.148506248205067,-0.20874143858736874,-0.04111434413819254,0.26357924063689714,-0.39435950806487163,-0.324461864580482,-0.04583543893760807,0.10435598494398225,1.0,0.7611940298507462,0.4920767306088407,0.11611860321568011,0.3364579379558563
tweedy-browne,2022-06-30,2022-08-31,2022-08-12,3.8066624897703196,0.06550380591682893,0.14430494234328092,0.6859428167684923,0.0779219014293353,0.06666666666666667,0.045454545454545456,-0.23567452567243338,11.545733664474776,0.04266336424024711,-0.1338550606183908,0.1847257116142886,-0.14069061462755406,-1.0488057095049863,0.005872248513456441,0.15606367239504676,0.0,0.208955223880597,0.4920767306088407,0.5072850795715323,0.483347624540329
valueact,2022-06-30,2022-08-31,2022-08-15,2.772588722239781,0.13805052352046318,0.20768721902862572,0.978168357880139,0.08749236008525674,0.1875,0.0,-0.14717215320359342,6.243503345002608,-0.03024239987887853,0.058403391381894765,0.25782331838311806,-0.2729206067016896,-0.25212714377346074,0.07579002865291395,0.22598145253450427,0.0,0.417910447761194,0.4920767306088407,0.410189276759614,0.5630463361740112
viking,2022-06-30,2022-08-31,2022-08-15,4.406719247264253,0.023264648770379287,0.05643311224988033,0.3540097476144965,0.28566903368369156,0.18292682926829268,0.26373626373626374,-0.12343684524795161,10.517542069777479,-0.18897936191734757,-0.19187715187242094,0.21633337174173092,-0.3814600013680953,-0.7837376853552341,0.08650037879456526,0.23669180267615558,0.0,0.7313432835820896,0.4920767306088407,0.18755662831910694,0.5665654540061951
whale-rock,2022-06-30,2022-08-31,2022-08-15,3.5263605246161616,0.05051711307173982,0.10982424462012723,0.603454225791315,0.4537426972132178,0.29411764705882354,0.5102040816326531,-0.8737867630400401,11.993832821530182,-0.32306362788795095,-0.11130154640812723,0.3612671428874252,-0.5453983017508789,-0.2746427293819182,0.12708912354488536,0.2772805474264757,0.0,0.8656716417910447,0.4920767306088407,0.0822630082865551,0.2935746908187866
yacktman,2022-06-30,2022-08-31,2022-08-04,4.174387269895637,0.03725204147875688,0.09407452600264313,0.4984582461861784,0.05758302842581309,0.06153846153846154,0.046875,-0.15065327050026558,9.790673164893846,0.1309350143940919,0.004615102059349008,0.16828301703438933,-0.1362432998753852,0.03653379632162208,-0.022922672776833908,0.1272687511047564,1.0,0.07462686567164178,0.4920767306088407,0.4919909610188596,0.45184892416000366
abrams,2022-09-30,2022-11-30,2022-11-10,2.8903717578961645,0.0836896270200142,0.1454285977881056,0.839662161382953,0.08558364349851166,0.0,0.0,-0.07011610113351784,8.18267041850703,0.025269162521474153,-0.027024227214337004,0.24438450127642353,-0.23674079057693087,-0.393406302270055,0.09818324782049215,0.2287532792146139,0.0,0.2878787878787879,0.4996041171813143,0.35178228123686245,0.7512567639350891
adage,2022-09-30,2022-11-30,2022-11-14,6.952728644624869,0.008590523519088736,0.05246197282081272,0.21175332079878983,0.15921805523446508,0.09082217973231357,0.11534883720930232,-0.07878169029179273,9.499049566985828,-0.031944295141624765,-0.0547114514579492,0.2315830878983626,-0.26534351555272073,-0.38596362397940376,0.10055819147512654,0.2311282228692483,0.0,0.42424242424242425,0.4996041171813143,0.4244383134765706,0.5089127421379089
akre,2022-09-30,2022-11-30,2022-11-14,2.995732273553991,0.08799428973624096,0.14793071013781017,0.8224299139700832,0.04009142767250995,0.05,0.09523809523809523,-0.09711844552519792,12.18409882918173,-0.0010115877566932718,-0.09227551154348179,0.2737696990015786,-0.2794009272807739,-0.34764581416501233,0.04094720941195826,0.17151724080608002,0.0,0.3787878787878788,0.4996041171813143,0.33571922815641253,0.48359182476997375
altimeter,2022-09-30,2022-11-30,2022-11-14,2.772588722239781,0.4060808917161753,0.6179317556564666,0.989465997046801,0.11835745028842792,0.125,0.06666666666666667,0.06608674477263925,14.596448035139005,-0.4907674994681237,-0.7495833413640848,0.4117183438474453,-0.6279276389407844,-1.7675353365029953,0.38055320581982127,0.511123237213943,0.0,1.0,0.4996041171813143,0.07804768722574092,0.18190710246562958
appaloosa,2022-09-30,2022-11-30,2022-11-14,3.091042453358316,0.09272213021589001,0.16080902100461722,0.8608879592049733,0.15674361953269733,0.0,0.26666666666666666,-0.15771282171105186,16.693832236479444,0.11272582699567181,0.31504005533021595,0.24939988972766752,-0.16782850694396279,1.232558477991712,0.13796877809000824,0.26853880948413,0.0,0.15151515151515152,0.4996041171813143,0.33960946057849023,0.30178460478782654
atreides,2022-09-30,2022-11-30,2022-11-14,3.6109179126442243,0.04826282993132077,0.11250084665997728,0.5700255348947902,0.33071964873441373,0.1891891891891892,0.23076923076923078,0.111439829547965,10.88351550248298,-0.31457589790223034,,0.2881562368395594,-0.4519934296566387,,0.17439652979792086,0.30496656119204263,0.0,0.8484848484848485,0.4996041171813143,0.15474844566714677,0.614090621471405
baupost,2022-09-30,2022-11-30,2022-11-14,3.8066624897703196,0.06418699212979209,0.13627694150584183,0.7032668976123531,0.15298589602449297,0.08888888888888889,0.21153846153846154,-0.15539754148847612,6.133037142901527,-0.13885111467512562,-0.4333429253783178,0.26950945508402707,-0.3908530005395373,-2.5360930749410424,-0.06682493156383432,0.06374509983028745,1.0,0.7272727272727273,0.4996041171813143,0.33436607472912744,0.46097251772880554
berkshire-13f,2022-09-30,2022-11-30,2022-11-14,3.8918202981106265,0.20656074728511395,0.4176395888855747,0.8719271856647884,0.04007884029518194,0.061224489795918366,0.02127659574468085,-0.01353239881772568,10.429826451255915,0.07568942622990268,0.07833111817460137,0.2707716108274107,-0.21454113210908377,0.20601629241354316,-0.03418137980774362,0.09638865158637815,1.0,0.24242424242424243,0.4996041171813143,0.5540808426193173,0.709001362323761
cantillon,2022-09-30,2022-11-30,2022-11-03,3.6635616461296463,0.030674237055315686,0.058521802994194363,0.40575801452871785,0.032889584881334644,0.0,0.0,-0.08162788409147154,10.765337848798048,-0.05529036414843337,-0.04877126672129489,0.2621035817056938,-0.31407512344741373,-0.30715882306148423,0.03680994350558167,0.16737997489970344,0.0,0.5,0.4996041171813143,0.2937040053468375,0.5351916551589966
coatue,2022-09-30,2022-11-30,2022-11-14,4.430816798843313,0.04254917711619338,0.10921040287501149,0.5606310730112847,0.25556887629817515,0.19047619047619047,0.16049382716049382,0.04140199467849718,11.15305056628029,-0.40825967107133665,-0.37073154672667463,0.35726105248774,-0.5066840599759472,-0.8609394015320012,0.1338524655620436,0.2644224969561654,0.0,0.9393939393939394,0.4996041171813143,0.1499488268577497,0.45152565836906433
corvex,2022-09-30,2022-11-30,2022-11-14,3.4657359027997265,0.08069821282948976,0.17185280410581083,0.788944331536298,0.17718060856079876,0.09375,0.12121212121212122,0.06703436431562161,10.362730527679421,0.029261837226858697,-0.3109394438167983,0.27459815041331803,-0.2703148687071799,-1.3355510198635272,-0.028812788341132586,0.10175724305298918,1.0,0.2727272727272727,0.4996041171813143,0.34680925983408645,0.5248622894287109
d1,2022-09-30,2022-11-30,2022-11-14,3.4965075614664802,0.058003124108683586,0.11552145177060641,0.6662485305319064,0.28298043561260144,0.3333333333333333,0.08333333333333333,0.2611057576917815,14.966710183482322,-0.35794219512569825,-0.41946138374598174,0.29942784385283183,-0.49392267553142066,-1.115015765427677,0.0006991681454961429,0.1312691995396179,0.0,0.8787878787878788,0.4996041171813143,0.1153325748090691,0.3664613366127014
darsana,2022-09-30,2022-11-30,2022-11-14,2.4849066497880004,0.10301014985242964,0.16567975017857958,0.9306618203255669,0.07650188627808496,0.0,0.0,0.04761964468974274,6.8081205313378295,-0.2814641880347416,-0.2157831856562463,0.2940962167335564,-0.4484112699197278,-0.3870922760829302,0.168730589340086,0.29930062073420777,0.0,0.8181818181818182,0.4996041171813143,0.1597818735784498,0.549578070640564
dragoneer,2022-09-30,2022-11-30,2022-11-14,3.5553480614894135,0.07033668320628068,0.1252045641409516,0.7371465860210953,0.154935090852365,0.02857142857142857,0.1282051282051282,-0.02733992791227405,6.70895184779744,-0.46249225264582783,-0.6051330498132598,0.33707213191287577,-0.5476309607617666,-1.1496890668525277,0.059010926142327225,0.189580957536449,0.0,0.9848484848484849,0.4996041171813143,0.09969666312123432,0.5039058327674866
duquesne,2022-09-30,2022-11-30,2022-11-14,4.143134726391533,0.06402761839645547,0.1861118946279342,0.6282369377851897,0.35737429022685485,0.42857142857142855,0.14285714285714285,0.2362564666243539,9.498109697844637,-0.063741123804876,0.12567409868463458,0.33778865565391275,-0.35784143790388356,0.588307028962316,0.06466241526844357,0.19523244666256534,0.0,0.5454545454545454,0.4996041171813143,0.32411368524642464,0.6737359166145325
egerton,2022-09-30,2022-11-30,2022-11-10,3.1354942159291497,0.06036610160493076,0.11651011334873825,0.6746644212833207,0.10126099812387201,0.043478260869565216,0.15384615384615385,-0.13998899077001847,14.56515057995944,-0.06760943618693395,-0.1485022866612238,0.2663408410777013,-0.32775644089613465,-1.0590551378261646,0.008236073105875236,0.138806104499997,0.0,0.5606060606060606,0.4996041171813143,0.2824923221370585,0.361928254365921
elliott,2022-09-30,2022-11-30,2022-11-14,3.367295829986474,0.12205564987129125,0.23005603353647502,0.8696707341476181,0.347081649394707,0.27586206896551724,0.19230769230769232,0.396446200100615,4.243567676432555,0.43276927023105893,,0.26789622888556286,-0.1416433796553116,,0.06879352934822666,0.19936356074234843,0.0,0.015151515151515152,0.4996041171813143,0.4804558172314822,0.5404806733131409
eminence,2022-09-30,2022-11-30,2022-11-14,4.07753744390572,0.028163791011780622,0.08287356564982529,0.3768244609441589,0.17784740083759076,0.13559322033898305,0.203125,-0.07288140200176114,6.684977033517155,0.008794351671260345,0.17728272919942012,0.2456989020700201,-0.2793594316261576,0.6415185378515782,-0.013556559784511243,0.11701347160961052,1.0,0.3333333333333333,0.4996041171813143,0.35553086592011357,0.6206748485565186
farallon,2022-09-30,2022-11-30,2022-11-14,5.69035945432406,0.018078216602198525,0.03883143655416539,0.30106782590912234,0.15678244484325754,0.06756756756756757,0.06440677966101695,0.007178449583871407,8.449443196707534,0.011055523551320029,,0.23343351447414787,-0.25953514318527593,,-0.0072048365864680886,0.12336519480765368,1.0,0.3181818181818182,0.4996041171813143,0.36045655737814536,0.5205760598182678
fisher,2022-09-30,2022-11-30,2022-11-08,6.842683282238422,0.014971540628919169,0.06130262463862909,0.28782103274305526,0.15140235199505958,0.10885805763073639,0.09924487594390508,-0.05749641318091417,10.490602240541826,-0.06223262567874695,-0.07834723419097511,0.25449580485034434,-0.3053300409482742,-0.18506340976831195,0.10309010476239167,0.23366013615651343,0.0,0.5303030303030303,0.4996041171813143,0.3707197529220695,0.5420101881027222
fundsmith,2022-09-30,2022-11-30,2022-11-14,3.828641396489095,0.048949158379032166,0.10264397643940126,0.6011836026685885,0.07797810936330918,0.08695652173913043,0.023255813953488372,-0.07307990278390399,13.576705686706998,-0.06119597041094728,-0.08641537933087323,0.2594462896660048,-0.3287583049177487,-0.23000298343078285,-0.03882903707365175,0.09174099432047002,1.0,0.5151515151515151,0.4996041171813143,0.2688193303202564,0.4156155586242676
gardner-russo,2022-09-30,2022-11-30,2022-11-10,4.418840607796598,0.07468650556052424,0.13327678974375107,0.7975320054059221,0.050439347755770636,0.012048192771084338,0.03529411764705882,-0.07869467467832687,9.596671752363276,0.11017948964870901,-0.21164431542391487,0.20824905337560473,-0.19813555814095263,-1.4483571503678478,-0.00865662373589729,0.12191340765822448,1.0,0.19696969696969696,0.4996041171813143,0.47695873495460106,0.6774976849555969
giverny,2022-09-30,2022-11-30,2022-11-14,4.143134726391533,0.044191644340584195,0.08369992136559715,0.5839515379087583,0.08972690271984896,0.015873015873015872,0.015873015873015872,-0.02757320788085411,9.476511612628373,-0.0006635990808641357,-0.1417729450850786,0.23415085277897485,-0.2642676650482241,-1.9669293114061441,-0.0319009384839128,0.09866909291020896,1.0,0.36363636363636365,0.4996041171813143,0.44188018995985723,0.5095601677894592
glenview,2022-09-30,2022-11-30,2022-11-14,3.970291913552122,0.05472628069146124,0.13647496406051524,0.6205089588832011,0.15813572240627616,0.18867924528301888,0.18867924528301888,0.0027254770109052585,7.949753177506826,0.08829609887911867,0.07169613040861178,0.257725975175775,-0.23911865356900008,-0.032761623647133045,-0.05981472173042442,0.07075530966369735,1.0,0.21212121212121213,0.4996041171813143,0.472009749420526,0.7489550113677979
gotham,2022-09-30,2022-11-30,2022-11-14,7.052721049232323,0.010581746417020928,0.07085638850322183,0.22710575210266742,0.2109944925167082,0.17128027681660898,0.1322463768115942,0.06995944799217162,6.86686051177985,0.011726055728973853,-0.08949989766011501,0.22422000071583792,-0.2498192257583729,-0.7666257281973191,0.028016567619041366,0.15858659901316313,0.0,0.30303030303030304,0.4996041171813143,0.4976535968047554,0.5077129602432251
greenhaven-road,2022-09-30,2022-11-30,2022-11-15,3.7376696182833684,0.1314511195542125,0.23983388025434832,0.9360823626987848,0.16369875184555815,0.21428571428571427,0.26666666666666666,-0.08977321696308191,4.058562619451156,-0.42268923486526,,0.3280975901419269,-0.5595341190616057,,0.21242547200535555,0.3429955033994773,0.0,0.9545454545454546,0.4996041171813143,0.2292955922216525,0.6269349455833435
greenlight,2022-09-30,2022-11-30,2022-11-14,3.7376696182833684,0.11136353939948994,0.25601634951478314,0.7846046317960107,0.18923047370885804,0.047619047619047616,0.14893617021276595,0.09347629512319723,4.822745710093531,0.11214966735714577,0.18477043344141464,0.3535862442406709,-0.24457975817647604,0.11813173621438627,0.25014169155550225,0.380711722949624,0.0,0.18181818181818182,0.4996041171813143,0.540935634204103,0.5182593464851379
harris,2022-09-30,2022-11-30,2022-11-14,4.948759890378168,0.06321687908908896,0.22567567341139252,0.4647556349403162,0.0921531190219449,0.03546099290780142,0.02158273381294964,-0.051805977698735066,9.192464729261475,0.00857560526731277,-0.06348178059026022,0.3313166793548842,-0.3269276674960456,-1.3151562723230954,0.09147714760677039,0.22204717900089216,0.0,0.3484848484848485,0.4996041171813143,0.5597695743989807,0.7348122596740723
himalaya,2022-09-30,2022-11-30,2022-11-14,1.791759469228055,0.2259979688721141,0.3297716385860588,1.0,0.021766673958736882,0.0,0.0,-0.07198960646168899,16.279321752376756,-0.107716974228149,,0.3031070630294446,-0.36938315790162,,0.04632298297836401,0.17689301437248578,0.0,0.6060606060606061,0.4996041171813143,0.20025237040728266,0.38979578018188477
hitchwood,2022-09-30,2022-11-30,2022-11-14,2.8903717578961645,0.1088201845278911,0.21617440342019678,0.8046195946002146,0.2887297588569464,0.2777777777777778,0.13333333333333333,-0.04638229317379123,19.132599166576558,-0.4059950103477412,-0.5099392078204088,0.34846665397209237,-0.4946894526587853,-1.811917673684836,,,,0.9242424242424242,0.4996041171813143,0.1215981429917394,0.36241862177848816
hound,2022-09-30,2022-11-30,2022-11-14,2.772588722239781,0.10516748103328379,0.18208845847896374,0.8867111041077738,0.27303544838970273,0.0,0.3333333333333333,-0.8502659520833153,8.869934103236366,-0.08004875123405152,-0.42350000909819274,0.24798943809053248,-0.3184049095537571,-4.05552283359997,-0.032295988177506965,0.0982740432166148,1.0,0.5757575757575758,0.4996041171813143,0.33897100319139706,0.33744016289711
icahn,2022-09-30,2022-11-30,2022-11-14,2.833213344056216,0.47031470898656635,0.6751945344462751,0.9620753343352485,0.07028876932231842,0.11764705882352941,0.0625,0.017571770015397076,1.9436804770601093,0.3725161461046803,-0.046932293393383895,0.20193503690882061,-0.07678311085059186,-0.2030276726450612,-0.5986878778128518,-0.46811784641873005,1.0,0.030303030303030304,0.4996041171813143,0.5432532145727405,0.7061488032341003
impactive,2022-09-30,2022-11-30,2022-11-14,2.1972245773362196,0.12703203805087956,0.17353735016894525,1.0,0.061034882653573375,0.0,0.0,-0.14363849466078754,4.266895958817086,0.16218016280495284,,0.26997324779370496,-0.2481692665950711,,-0.07044141216730651,0.060128619226815255,1.0,0.09090909090909091,0.4996041171813143,0.3330829227663733,0.3836555778980255
kingdon,2022-09-30,2022-11-30,2022-11-14,3.8501476017100584,0.03778345132520052,0.08013028912544044,0.49921355898617226,0.49523417584126816,0.3191489361702128,0.42857142857142855,-0.14923686112628914,6.863091146655768,-0.11615891634287041,,0.29698421079658965,-0.34528999804335514,,-0.07947947860280902,0.051090552791312756,1.0,0.6363636363636364,0.4996041171813143,0.20294803533910188,0.45014649629592896
lansdowne,2022-09-30,2022-11-30,2022-11-10,2.833213344056216,0.15266039588088087,0.25062194408098615,0.9839069278975277,0.24081261061439896,0.058823529411764705,0.30434782608695654,-0.42234178322616056,5.167363215343296,-0.03595430264341205,-0.3263196723569777,0.3749016738910204,-0.372979568690898,-1.8309095628513372,0.14319186816216095,0.2737618995562827,0.0,0.45454545454545453,0.4996041171813143,0.29226499465729394,0.3042078912258148
lone-pine,2022-09-30,2022-11-30,2022-11-14,3.4011973816621555,0.048764563912545494,0.07199997813673324,0.5770188229533391,0.22804621220727928,0.23333333333333334,0.20689655172413793,0.000354869852497382,15.484220658412278,-0.36824109527387006,-0.42480512327702236,0.2850164535754226,-0.4951128838796697,-1.330928687435523,0.05804824679121162,0.1886182781853334,0.0,0.8939393939393939,0.4996041171813143,0.10943801733807057,0.34233352541923523
markel-13f,2022-09-30,2022-11-30,2022-11-04,4.875197323201151,0.025235284116844215,0.0668352281742737,0.413461599489297,0.03471778407799375,0.007633587786259542,0.007633587786259542,-0.031925477621020514,10.82556407957225,0.06950020996571017,0.07668793602755047,0.24683057560896576,-0.2179515401167159,0.8676042252285359,-0.038295526818872355,0.09227450457524941,1.0,0.25757575757575757,0.4996041171813143,0.38125895251199476,0.6133888959884644
marshall-wace,2022-09-30,2022-11-30,2022-11-14,7.8168199657645525,0.003091230223440517,0.01729824810673478,0.1096210551538844,0.3505728837427514,0.2461724415793715,0.2866946244757911,-0.09506983561747158,6.369360888967975,-0.0032810173804109777,-0.008643412804043016,0.23763093680371103,-0.2559839564019485,0.10135484510080113,-0.020388485854126323,0.11018154553999544,1.0,0.3939393939393939,0.4996041171813143,0.37001967851923173,0.4199419319629669
matrix,2022-09-30,2022-11-30,2022-11-14,3.258096538021482,0.0836664714343866,0.16119542201757117,0.8261667096760371,0.23560131652095695,0.3076923076923077,0.1,0.16951287368718304,9.521752953538593,-0.3127533992118713,-0.3926853336142221,0.3538059880878033,-0.48353228410936233,-1.4259923094406948,0.19609354562915532,0.3266635770232771,0.0,0.8333333333333334,0.4996041171813143,0.19905321640586016,0.45578733086586
maverick,2022-09-30,2022-11-30,2022-11-14,5.8377304471659395,0.1069519970024658,0.30559102764265794,0.5916936655626449,0.17155651752657908,0.5364431486880467,0.24285714285714285,0.10404878378851526,10.455731136119558,-0.1764949615751571,-0.5513012789657676,0.4037619920694156,-0.4542083275067025,-1.7853640853958181,0.013367552592652376,0.14393758398677414,0.0,0.7575757575757576,0.4996041171813143,0.5432434552427939,0.566180408000946
oaktree,2022-09-30,2022-11-30,2022-11-14,5.934894195619588,0.043016396737908774,0.12500274594432514,0.533797309223678,0.13164901469002876,0.12962962962962962,0.13421052631578947,0.05080956498789568,2.994974412328282,0.36950361879423094,,0.26127380380889603,-0.15023145533966042,,0.0009928181619442145,0.13156284955606598,0.0,0.045454545454545456,0.4996041171813143,0.6558197412483098,0.7785956263542175
paulson,2022-09-30,2022-11-30,2022-11-14,3.332204510175204,0.12122225521890691,0.2763369104319967,0.8056318626019349,0.17605203435365469,0.10714285714285714,0.21875,-0.394917488651144,4.118167225519712,-0.2208634251757428,,0.2759609835530666,-0.4275140720677081,,-0.15335454168243,-0.02278451028830825,1.0,0.7878787878787878,0.4996041171813143,0.28826118550602503,0.43898627161979675
pershing-square,2022-09-30,2022-11-30,2022-11-14,1.791759469228055,0.18175199945844353,0.2473631926693322,1.0,0.1360759978413999,0.0,0.14285714285714285,0.05407347716089418,6.975832688527233,0.11241460502748304,0.1916585381092868,0.2869374059618118,-0.27502229515067167,0.8277161256371443,-0.014693186521664334,0.11587684487245743,1.0,0.16666666666666666,0.4996041171813143,0.24497997500600247,0.5911915898323059
polen,2022-09-30,2022-11-30,2022-11-04,4.442651256490317,0.05205008525567746,0.11767542900481398,0.5966222984624007,0.0850683366154934,0.03529411764705882,0.023809523809523808,-0.059007125387312155,18.476093996533397,-0.1905723742932931,-0.17542075913637453,0.2686872640145086,-0.382738437583801,-0.9264825959925541,0.1772444311758954,0.30781446257001716,0.0,0.7727272727272727,0.4996041171813143,0.23296665089865698,0.5239546895027161
pzena,2022-09-30,2022-11-30,2022-11-04,5.159055299214529,0.021274967913751094,0.04230771828264378,0.3540712405520698,0.06441183092944314,0.06321839080459771,0.023952095808383235,-0.10319717059886799,5.25860920667181,0.1704339050570668,-0.01093569416863338,0.2698917570782695,-0.20495435877604462,-1.4993237693611947,-0.05488299947117532,0.07568703192294644,1.0,0.07575757575757576,0.4996041171813143,0.6157924403717385,0.6562086343765259
ruane-cunniff,2022-09-30,2022-11-30,2022-11-14,3.4339872044851463,0.062211933087978594,0.09903185705286277,0.7038443936402647,0.13404529474422222,0.06451612903225806,0.06451612903225806,-0.13104919077352556,12.51392753625987,-0.12458593686294288,-0.06957791392280721,0.25273117039802623,-0.3452551922709154,-0.8285422070990552,5.978244090557028e-05,0.13062981383502734,0.0,0.6818181818181818,0.4996041171813143,0.24235114871750452,0.3428545296192169
sachem-head,2022-09-30,2022-11-30,2022-11-14,3.044522437723423,0.1303838470437211,0.2117735185274903,0.8905471227700117,0.16493364087266138,0.19047619047619047,0.15,-0.2130820351767663,6.06884146818668,-0.1127082534325295,,0.30318354950857856,-0.387969681995315,,-0.134654558205562,-0.004084526811440221,1.0,0.6212121212121212,0.4996041171813143,0.2735211603118618,0.39011502265930176
sands,2022-09-30,2022-11-30,2022-11-09,4.204692619390966,0.0320736958773152,0.0716385113728759,0.4547110061930501,0.10377691658022392,0.014925373134328358,0.043478260869565216,-0.08069711954870834,12.100794026680404,-0.33837166429112514,-0.3883125758020244,0.33243906495780423,-0.49591329287117003,-1.3754284141963313,0.148218552637018,0.27878858403113976,0.0,0.8636363636363636,0.4996041171813143,0.16086345445712485,0.23358657956123352
semper-augustus,2022-09-30,2022-11-30,2022-11-14,3.5263605246161616,0.0779843222763276,0.18411867892571981,0.7155214130171788,0.07478346880238107,0.058823529411764705,0.0,-0.020570895032579344,7.667221146866683,0.24012463565969705,0.2262280614495077,0.25230515181568897,-0.20457589207573967,0.929873217038529,-0.10372715233088999,0.02684287906323178,1.0,0.06060606060606061,0.4996041171813143,0.45590916538086834,0.8066116571426392
senator,2022-09-30,2022-11-30,2022-11-10,3.8918202981106265,0.03531702502543386,0.0881992850475317,0.48070419091575906,0.44575827133271917,0.30612244897959184,0.37037037037037035,-0.23883974656754625,8.660489377965902,-0.13883767314841933,-0.39887277473418303,0.2694573502739133,-0.33836825304115337,-2.693058617605607,0.017527025195917395,0.14809705659003916,0.0,0.7121212121212122,0.4996041171813143,0.2721019300855062,0.43845248222351074
soroban,2022-09-30,2022-11-30,2022-11-14,3.6888794541139363,0.0770444485096021,0.16621418277967256,0.7392405567603388,0.11646081029681699,0.025,0.09302325581395349,-0.20971757277300881,14.796450348080768,-0.03868019778111127,-0.2519478728008908,0.2739719080601841,-0.2998876745351313,-2.371280890387366,-0.021155870315050257,0.10941416107907151,1.0,0.4696969696969697,0.4996041171813143,0.40111214814752866,0.3300699293613434
southeastern,2022-09-30,2022-11-30,2022-11-14,3.6635616461296463,0.04523846029023141,0.10747223482641384,0.5454455949651277,0.10961916102052305,0.07692307692307693,0.02702702702702703,-0.17737726798821263,5.159930824391352,-0.032257878737410026,-0.24371419637517988,0.24838247321819537,-0.2503534038333235,-1.8134395735888524,-0.05549281662653145,0.07507721476759031,1.0,0.4393939393939394,0.4996041171813143,0.4596217442905886,0.41022616624832153
srs,2022-09-30,2022-11-30,2022-11-14,3.044522437723423,0.3170341095222718,0.5380848165535697,0.9693671569623236,0.09024170798310327,0.09523809523809523,0.13636363636363635,-0.002324262531554479,7.01874964479998,-0.12208445082995699,0.8934413256247146,0.5657207503342702,-0.4050825359386022,1.297763400811351,-0.003969075788121834,0.12660095560599993,1.0,0.6515151515151515,0.4996041171813143,0.6667956899351091,0.6260697245597839
starboard,2022-09-30,2022-11-30,2022-11-14,5.170483995038151,0.06559317302648195,0.12871867030164452,0.7153317650162695,0.1816093142839399,0.028409090909090908,0.06043956043956044,-0.18930434625858555,4.516515697827807,0.08096669274810658,,0.23673066527802636,-0.23512111736151153,,-0.030351282237404395,0.10021874915671737,1.0,0.22727272727272727,0.4996041171813143,0.39190096716878753,0.4618890881538391
steadfast,2022-09-30,2022-11-30,2022-11-14,3.5263605246161616,0.05337123669469716,0.1045466343027018,0.6459176183145765,0.2296101437141902,0.14705882352941177,0.23684210526315788,-0.19167175255367278,10.638096265639197,-0.12388003237694852,-0.36833983937927045,0.25116402218355477,-0.3430056366772609,-2.4717204157454304,0.04591195092713429,0.17648198232125606,0.0,0.6666666666666666,0.4996041171813143,0.296348125393329,0.3133613169193268
suvretta,2022-09-30,2022-11-30,2022-11-14,4.276666119016055,0.025535470848689165,0.05125178698882645,0.37164188217558913,0.2893226303830786,0.16666666666666666,0.3258426966292135,-0.10198904649871635,10.732097161661695,-0.08009861542930523,-0.28126756940386455,0.23229072703352913,-0.28869246842183405,-1.7763992046644186,-0.12034783479151123,0.010222196602610539,1.0,0.5909090909090909,0.4996041171813143,0.2966863520088863,0.6251630187034607
tci,2022-09-30,2022-11-30,2022-11-14,2.302585092994046,0.12709283306941113,0.17641066470534283,1.0,0.025301167110647782,0.0,0.23076923076923078,-0.10061272233510185,18.883959812317883,-0.049677269692603096,0.05731210584017565,0.24570534194816318,-0.2865295787094537,0.6746132853626668,0.09082093029804139,0.22139096169216316,0.0,0.48484848484848486,0.4996041171813143,0.2182880336253531,0.40577250719070435
third-avenue,2022-09-30,2022-11-30,2022-11-14,3.970291913552122,0.03578083580740124,0.08956251610783544,0.4664120890903475,0.06204823165242224,0.0,0.05357142857142857,-0.10009676163175431,3.36360524343243,0.1311567705159304,-0.1900155022433962,0.2751602525929313,-0.21479736434768348,-1.6133530855700318,0.10049024728830913,0.2310602786824309,0.0,0.12121212121212122,0.4996041171813143,0.5520007383544187,0.4932675063610077
third-point,2022-09-30,2022-11-30,2022-11-14,4.110873864173311,0.07953785444920551,0.14659861432087648,0.7405214933477682,0.3028138148528363,0.18032786885245902,0.13793103448275862,0.27007420812102656,7.03961979193674,-0.16856359321192538,-0.2644568806615074,0.25032908305945345,-0.3234028608766911,-0.6922780509176102,-0.14330410931673357,-0.01273407792261179,1.0,0.7424242424242424,0.4996041171813143,0.22743539546391556,0.6115354299545288
tiger-global,2022-09-30,2022-11-30,2022-11-14,4.1588830833596715,0.05996376562752317,0.13788139277672595,0.6464347771166538,0.24934792577321208,0.09375,0.2054794520547945,-0.09070347033455674,14.946722699011644,-0.44140072222743865,-0.48344595317982036,0.28633978386757875,-0.5483883439462486,-1.011980710043686,0.23573944385207046,0.36630947524619223,0.0,0.9696969696969697,0.4996041171813143,0.07950855855629223,0.48104047775268555
tiger-management,2022-09-30,2022-11-30,2022-11-14,3.044522437723423,0.10001389844321149,0.18073370345553746,0.8401335311572701,0.2781701954176524,0.47619047619047616,0.08333333333333333,0.20772772676791948,16.366684215564277,-0.22617455613280235,-0.1377799944671567,0.2799363910160087,-0.4139560620722881,-0.5956413528365,0.030746401005567053,0.16131643239968882,0.0,0.803030303030303,0.4996041171813143,0.19654433134526453,0.500052273273468
tweedy-browne,2022-09-30,2022-11-30,2022-11-15,3.828641396489095,0.06804575841743957,0.15440564759573103,0.7060115307720547,0.0585479030458419,0.021739130434782608,0.0,-0.07373658582720581,10.79816879226211,0.12012325891798453,-0.09404451639779327,0.1968693239695656,-0.18518510933513443,-0.8890769265255265,-0.04647109546453777,0.08409893592958399,1.0,0.13636363636363635,0.4996041171813143,0.46506889605153645,0.7491157650947571
valueact,2022-09-30,2022-11-30,2022-11-14,2.4849066497880004,0.14192919573265866,0.23221430662632966,0.9986027414527829,0.089306497095333,0.0,0.25,-0.06121747789435788,6.603134860609609,-0.01832101009214597,-0.01733265450601995,0.2845113455817631,-0.3084445677038795,-0.6263968432598515,0.14171727842245524,0.272287309816577,0.0,0.4090909090909091,0.4996041171813143,0.3743478792924301,0.7169683575630188
viking,2022-09-30,2022-11-30,2022-11-14,4.477336814478207,0.023609275234872197,0.04901018754902522,0.3772627435781901,0.26835105619180655,0.22727272727272727,0.17073170731707318,-0.009388027696846137,12.062231880633268,-0.13297782794005547,-0.09752584438722989,0.2623748016434467,-0.330205848904063,-0.18677650840888252,0.05474796701457929,0.18531799840870106,0.0,0.696969696969697,0.4996041171813143,0.22072809189736106,0.5855395793914795
whale-rock,2022-09-30,2022-11-30,2022-11-14,3.6888794541139363,0.03909676087765015,0.07319177091127202,0.5282468074533324,0.3252337299802315,0.3,0.17647058823529413,0.05507183679908721,13.276370516985411,-0.39546591328214664,-0.21402763494213795,0.36255795317150885,-0.48647565009855265,-0.2437543846542408,0.42039772425029237,0.5509677556444141,0.0,0.9090909090909091,0.4996041171813143,0.11851981163073251,0.28327271342277527
yacktman,2022-09-30,2022-11-30,2022-11-07,4.204692619390966,0.03209590869835257,0.0802376180471478,0.44864564863204603,0.11103917096007154,0.05970149253731343,0.03076923076923077,-0.04940105599458079,9.501228265831212,0.1589652031132638,0.08034742487204488,0.21400888982004831,-0.18439710974643952,0.4176329718453349,-0.0676747498286265,0.06289528156549527,1.0,0.10606060606060606,0.4996041171813143,0.38998849766721333,0.5827253460884094
abrams,2022-12-31,2023-02-28,2023-02-10,2.772588722239781,0.0958780328782186,0.17165519988005704,0.8963010153130591,0.2323445459513831,0.0625,0.16666666666666666,-0.2126052291286884,9.54547912354238,0.05756790448488189,-0.001209303117539584,0.30329690711190166,-0.18211746724944122,-0.6591978781372356,0.03287653065517465,0.32621250119909817,0.0,0.16666666666666666,0.5048982667671439,0.4177544503174332,0.5084279775619507
adage,2022-12-31,2023-02-28,2023-02-14,6.880384082186005,0.007513935992816212,0.04642704773235961,0.19127001072993569,0.18211020747987305,0.10071942446043165,0.16347992351816443,0.03616346704253903,9.136693307859913,-0.03669540841241545,-0.07575967009776019,0.2456266944281793,-0.22367330197984148,-0.2415951142677607,0.12800671707622246,0.421342687620146,0.0,0.5909090909090909,0.5048982667671439,0.5185950792587151,0.3981562852859497
akre,2022-12-31,2023-02-28,2023-02-13,2.9444389791664403,0.10678780992853458,0.18455891589027504,0.9154801201330747,0.15719770972408387,0.10526315789473684,0.15,-0.024255741707806422,11.53382875056072,0.031171003007710932,-0.18127142931169873,0.27518134679366746,-0.2005000473276184,-0.7384785118468443,0.041312567548838275,0.3346485380927618,0.0,0.25757575757575757,0.5048982667671439,0.4120185060752081,0.5712383985519409
altimeter,2022-12-31,2023-02-28,2023-02-14,2.3978952727983707,0.3953121202061185,0.6039942823835595,0.999484746497741,0.060493703751906325,0.09090909090909091,0.375,-0.24707268808761101,15.768930980397096,-0.34358243418748424,-0.6773121140563785,0.4401174140735633,-0.4675819638868518,-1.4585854706106856,0.33770785797861197,0.6310438285225355,0.0,1.0,0.5048982667671439,0.2864457472833309,0.32261067628860474
appaloosa,2022-12-31,2023-02-28,2023-02-14,3.1780538303479458,0.0825124822317684,0.15339579956652533,0.8077473712158267,0.11856847411451987,0.125,0.045454545454545456,-0.009191222521803155,14.026772565494802,0.0033619629037417442,0.05887865602744702,0.2873563762609425,-0.1695487774419241,0.1598031325721047,0.3392241441180071,0.6325601146619306,0.0,0.36363636363636365,0.5048982667671439,0.4496416009274411,0.6089603900909424
atreides,2022-12-31,2023-02-28,2023-02-14,3.5263605246161616,0.04592660216101443,0.09288602931525185,0.5722848430154127,0.2557791771511665,0.11764705882352941,0.1891891891891892,-0.06323438782862034,9.075649119742218,-0.21510850603606857,,0.35405681219516555,-0.38259243256949294,,0.2619534099382898,0.5552893804822133,0.0,0.8787878787878788,0.5048982667671439,0.3217107307065556,0.6932815909385681
baupost,2022-12-31,2023-02-28,2023-02-13,3.4965075614664802,0.06781889249741929,0.1505377799661448,0.7146650257175714,0.12765732646257155,0.12121212121212122,0.35555555555555557,0.05667622101800263,7.413333244174955,-0.0940120784628774,-0.4264882505670178,0.31905490657299,-0.3295728572809081,-2.795125401077626,-0.18548643209854854,0.107849538445375,1.0,0.696969696969697,0.5048982667671439,0.59937754249864,0.5846155881881714
berkshire-13f,2022-12-31,2023-02-28,2023-02-14,3.8918202981106265,0.19125348183461555,0.388970162010494,0.8898490146820002,0.06140612433699022,0.02040816326530612,0.02040816326530612,0.009783177577127766,10.904689442054899,-0.019633400122424524,0.11862561296462515,0.28860926618288074,-0.214288577304257,0.41953240971834005,-0.1409056439619472,0.1524303265819763,1.0,0.5,0.5048982667671439,0.564973651141548,0.7233768105506897
cantillon,2022-12-31,2023-02-28,2023-02-06,3.6635616461296463,0.031236301420275128,0.058913876518415786,0.41756243284480554,0.053306180576148776,0.02564102564102564,0.02564102564102564,0.0670972965424328,10.178156200631907,-0.00490162619078903,-0.07325199222052525,0.2626646005642102,-0.23542318855301747,-0.39540700380114313,0.024550766156495596,0.3178867367004191,0.0,0.42424242424242425,0.5048982667671439,0.4135515401302917,0.4533584415912628
coatue,2022-12-31,2023-02-28,2023-02-14,4.276666119016055,0.04802379286928807,0.12881574993659464,0.5811196558195141,0.3603091352134654,0.16666666666666666,0.2857142857142857,0.03451504176302045,12.137715423586375,-0.23102760813100964,-0.48290119624330174,0.40008195211837394,-0.3819181742012965,-1.5251802042571465,0.3048226119117187,0.5981585824556422,0.0,0.9090909090909091,0.5048982667671439,0.3302928806504913,0.6864016652107239
corvex,2022-12-31,2023-02-28,2023-02-14,3.332204510175204,0.11024842237683717,0.20452788578551354,0.8945424498457113,0.23368323087934662,0.14285714285714285,0.25,-0.07031710597848928,7.984146901715402,-0.0033065468400077097,-0.2109138340949264,0.2863296522885468,-0.2305338338080234,-1.1647641887145186,-0.019661611531569312,0.2736743590123542,1.0,0.4090909090909091,0.5048982667671439,0.45220866958085815,0.5951117873191833
d1,2022-12-31,2023-02-28,2023-02-14,3.4011973816621555,0.07048029707168436,0.14721003374669625,0.7230308156742897,0.25293831055217775,0.2,0.2727272727272727,-0.11651469334676268,15.32046183009043,-0.31031854402825093,-0.5224236137935673,0.34318567091976276,-0.4018034754591441,-1.6349190950191852,0.07393422306409464,0.36727019360801816,0.0,0.9696969696969697,0.5048982667671439,0.3080231214087406,0.4869518280029297
darsana,2022-12-31,2023-02-28,2023-02-14,2.3978952727983707,0.12016527791407765,0.22772370646486398,0.9657547397026488,0.14534029266713655,0.0,0.08333333333333333,-0.26119228073356293,8.023417989750708,-0.08590326528520448,-0.18167128287829826,0.3113713135951248,-0.3036123295948966,-0.2438650040553954,0.1354881244381269,0.42882409498205043,0.0,0.6666666666666666,0.5048982667671439,0.30389030826306446,0.31915152072906494
dragoneer,2022-12-31,2023-02-28,2023-02-14,3.4339872044851463,0.07618900489790019,0.13898895857054422,0.780139382502343,0.11992197105384361,0.03225806451612903,0.14285714285714285,-0.16329743502926863,6.126652276816003,-0.33705643137505475,-0.6828439915463382,0.36809275094213195,-0.4550685349268464,-1.5894266307019174,-0.01668280449514542,0.2766531660487781,1.0,0.9848484848484849,0.5048982667671439,0.2649919966703749,0.38920727372169495
duquesne,2022-12-31,2023-02-28,2023-02-14,4.04305126783455,0.06751045546428487,0.1485031826647214,0.690585445201114,0.3843924537137705,0.2807017543859649,0.3492063492063492,0.14343911433387468,7.913976783348758,-0.09034584272583712,-0.053247568852478944,0.3283281626448418,-0.2801961849459932,-0.3851226337831834,0.264831965093059,0.5581679356369825,0.0,0.6818181818181818,0.5048982667671439,0.4320898750052237,0.6886357069015503
egerton,2022-12-31,2023-02-28,2023-02-07,3.044522437723423,0.06558833619858359,0.1305079335108583,0.6987076798079034,0.1929662357803933,0.14285714285714285,0.21739130434782608,-0.10273830869233436,12.359264124127616,-0.04231715792420623,-0.2134587273566686,0.2678982915760606,-0.24125590642463157,-1.3604512764248895,0.03196527292048529,0.3253012434644088,0.0,0.6060606060606061,0.5048982667671439,0.42917606993942387,0.49440649151802063
elliott,2022-12-31,2023-02-28,2023-02-14,3.784189633918261,0.11236033009503298,0.20929199473464072,0.8510854697834863,0.17901223097837904,0.38636363636363635,0.06896551724137931,0.18466066770611622,4.010311780805817,0.313315526123912,,0.27200449851884956,-0.1416433796553116,,-0.05074933153827052,0.242586639005653,1.0,0.015151515151515152,0.5048982667671439,0.5592076105619209,0.5640620589256287
eminence,2022-12-31,2023-02-28,2023-02-14,4.1588830833596715,0.02518674248458695,0.08151792769379056,0.3465010296217418,0.16082336156645227,0.171875,0.1016949152542373,0.1407030058088825,6.877967711162045,0.04284277661941896,0.2908226168135537,0.2600625880574828,-0.20769798279046126,0.7148212867796508,0.007412315877075137,0.30074828642099866,0.0,0.19696969696969696,0.5048982667671439,0.5101004754694347,0.5235010385513306
farallon,2022-12-31,2023-02-28,2023-02-14,5.442417710521793,0.021829465187281395,0.04836289965647335,0.34257480080965225,0.21656846724535284,0.06060606060606061,0.2668918918918919,-0.08066860874558301,8.76435117992908,0.03302919213353015,-0.08417624241750765,0.24012418010412379,-0.2181016223360216,-0.08086380759311812,-0.10594313458347906,0.18739283596044445,1.0,0.24242424242424243,0.5048982667671439,0.4097380078215041,0.4657379388809204
fisher,2022-12-31,2023-02-28,2023-02-03,6.931471805599453,0.01274675083197963,0.05258968476287348,0.2573892804285967,0.09179161413051773,0.1484375,0.06937033084311633,0.1033343036771994,9.554322744886019,-0.025496089999304708,-0.1018119112312113,0.27511071310343826,-0.24153939542963343,-0.09464953347696096,0.1305502960823764,0.4238862666262999,0.0,0.5303030303030303,0.5048982667671439,0.5506152112787854,0.3562345504760742
fundsmith,2022-12-31,2023-02-28,2023-02-14,3.6375861597263857,0.05336366328495438,0.09890483271321142,0.6512074279954658,0.08778020179366797,0.0,0.17391304347826086,0.03858537229367176,12.706887241940027,-0.011227754591012398,-0.09794522813207363,0.23820446243002802,-0.22597662392772688,0.013243530700214104,-0.06709324908581182,0.2262427214581117,1.0,0.4393939393939394,0.5048982667671439,0.3895550968216368,0.35594192147254944
gardner-russo,2022-12-31,2023-02-28,2023-02-13,4.418840607796598,0.0743192816584406,0.1345002739766733,0.7937100968192949,0.04086668270919713,0.012048192771084338,0.012048192771084338,0.0919005562755899,8.973047824747297,0.014808052257650042,-0.19373108276983492,0.20565754837975356,-0.18584842563895543,-0.920167214459547,-0.052737576601592284,0.24059839394233123,1.0,0.3181818181818182,0.5048982667671439,0.4970139380145625,0.6189422011375427
giverny,2022-12-31,2023-02-28,2023-02-10,4.189654742026425,0.0467291930318622,0.0881055525883726,0.6070089806737483,0.07166416726188096,0.07575757575757576,0.031746031746031744,0.09136032504413269,9.374274894665005,0.02433677147104639,-0.04752902165746836,0.24447297951673627,-0.20281290011894704,-0.8196822523574664,-0.04621779925822167,0.24711817128570185,1.0,0.30303030303030304,0.5048982667671439,0.5134230706577272,0.5715259313583374
glenview,2022-12-31,2023-02-28,2023-02-14,3.9318256327243257,0.05597220401189132,0.14611665244259237,0.6050249403423582,0.15992610676817554,0.17647058823529413,0.20754716981132076,0.05624485482149133,6.895865141368815,-0.018905864286401314,0.19766222369688313,0.24504430510986122,-0.2391186535690002,0.17645044105618835,-0.06708666466082933,0.2262493058830942,1.0,0.48484848484848486,0.5048982667671439,0.5573528094604454,0.6818901896476746
gotham,2022-12-31,2023-02-28,2023-02-14,7.0909098220799835,0.010684722587621725,0.0706842551630594,0.22156130131712654,0.1880326380046431,0.16402997502081598,0.1314878892733564,0.0622335553106419,6.574126883670861,-0.00022833139631184274,-0.07322269947971793,0.2283323803692553,-0.20705069284011512,-0.22736024824514886,0.046304299775194124,0.33964027031911764,0.0,0.3939393939393939,0.5048982667671439,0.5676524938545346,0.40001150965690613
greenhaven-road,2022-12-31,2023-02-28,2023-02-14,3.4965075614664802,0.131802726257256,0.2278218000671089,0.9409183594455772,0.10019704467975676,0.030303030303030304,0.23809523809523808,-0.0710659347925544,3.5670701804196887,-0.253548403867214,,0.3922553851801589,-0.41930890411734656,,0.16312607037596932,0.45646204091989284,0.0,0.9393939393939394,0.5048982667671439,0.4550758151362035,0.7068782448768616
greenlight,2022-12-31,2023-02-28,2023-02-14,3.7376696182833684,0.11911585022404142,0.2836779622114042,0.7973691036721058,0.18091571595633293,0.11904761904761904,0.11904761904761904,0.02253995043871182,3.7698642716282595,0.20142844790218806,0.5491892870432684,0.3721793842348635,-0.18427440759815528,0.6398416166154776,0.07858321130273882,0.37191918184666234,0.0,0.045454545454545456,0.5048982667671439,0.7028587993741502,0.6109022498130798
harris,2022-12-31,2023-02-28,2023-02-14,4.962844630259907,0.020936649452530428,0.06589017245928284,0.3404967632671122,0.26455953552337474,0.04195804195804196,0.028368794326241134,-0.19501752576208276,10.580189682520807,0.01389785821126703,0.07766269958440081,0.42483533058140444,-0.2983049342990982,-0.5465109816208633,-0.004953924524496001,0.2883820460194275,1.0,0.3333333333333333,0.5048982667671439,0.4069169511680517,0.5242571234703064
himalaya,2022-12-31,2023-02-28,2023-02-14,1.791759469228055,0.20795186542333507,0.2976296908962509,1.0,0.07083454891219376,0.0,0.0,0.1001525816138715,16.51706631894592,-0.18005207961829117,,0.34001276021785737,-0.3021528464234514,,0.05746259108939322,0.35079856163331674,0.0,0.8333333333333334,0.5048982667671439,0.2988633592866902,0.24824577569961548
hitchwood,2022-12-31,2023-02-28,2023-02-14,2.9444389791664403,0.09873225507563865,0.21937199045749448,0.8056990941662192,0.17085048246489487,0.15789473684210525,0.1111111111111111,-0.3444065974646525,16.08115824654994,-0.23432897257253588,-0.5368756582451565,0.37777356534198736,-0.4254864614995665,-1.8905823604371053,,,,0.9242424242424242,0.5048982667671439,0.3181005103239002,0.3055095374584198
hound,2022-12-31,2023-02-28,2023-02-14,2.5649493574615367,0.11108026247083752,0.17211094551471895,0.9661099263138716,0.4372942238201998,0.07692307692307693,0.25,-0.44307875830612886,9.386514160744685,-0.030481560162703605,-0.37555681493039084,0.26157507661265494,-0.23878869516922208,-3.318260989421743,-0.07177194224767972,0.2215640282962438,1.0,0.5454545454545454,0.5048982667671439,0.30844800969384806,0.3324371576309204
icahn,2022-12-31,2023-02-28,2023-02-14,2.772588722239781,0.5028004677747204,0.6984663406917035,0.9727004395752702,0.04148610989238899,0.0,0.058823529411764705,0.024536628122116707,1.4925911883793412,0.2416934855564815,0.06411940631711,0.20488766895446323,-0.07678311085059175,-0.23701328954441286,-0.7015068733150049,-0.40817090277108137,1.0,0.030303030303030304,0.5048982667671439,0.42039722378696875,0.5975555777549744
impactive,2022-12-31,2023-02-28,2023-02-14,2.1972245773362196,0.14127748627370676,0.18077317261371195,1.0,0.11849914359524893,0.2222222222222222,0.2222222222222222,0.12998906996702164,4.1025256462138735,0.055215454520872884,,0.26501501110824227,-0.2333387889466384,,-0.2229758753513253,0.07036009519259824,1.0,0.18181818181818182,0.5048982667671439,0.4108693641808103,0.4427248537540436
kingdon,2022-12-31,2023-02-28,2023-02-14,3.6635616461296463,0.0390529449735755,0.0661263114123349,0.5029879777216252,0.5548831740064646,0.3333333333333333,0.44680851063829785,0.17605963692735926,5.169038874773647,-0.08052003512652137,,0.3008318943414636,-0.26186851526752786,,-0.008204059843914202,0.2851319107000093,1.0,0.6363636363636364,0.5048982667671439,0.30032026500299147,0.4709490239620209
lansdowne,2022-12-31,2023-02-28,2023-02-10,2.70805020110221,0.1879286851871144,0.27516290057471543,0.9936241731908562,0.24707144355285826,0.06666666666666667,0.17647058823529413,0.03802372518736341,6.165162204068825,0.02621539455998552,-0.11157736187335149,0.40683875382802304,-0.3307035941258766,-0.9990528599208685,0.05546974628723084,0.34880571683115436,0.0,0.2878787878787879,0.5048982667671439,0.33335849392176686,0.46706515550613403
lone-pine,2022-12-31,2023-02-28,2023-02-14,3.4011973816621555,0.05293694802918024,0.08298869295348787,0.6367882076701677,0.20743393678504984,0.23333333333333334,0.23333333333333334,-0.012878897089772856,14.498160495920835,-0.2170735435006133,-0.510804614463068,0.2971049700093161,-0.3399182176050396,-1.6965279768692427,0.11628167059995209,0.4096176411438756,0.0,0.8939393939393939,0.5048982667671439,0.3155998207735116,0.5278211832046509
markel-13f,2022-12-31,2023-02-28,2023-02-03,4.897839799950911,0.024342978860869925,0.0700079958347839,0.3921919218562674,0.10281763632385166,0.05970149253731343,0.03816793893129771,0.09609829260116776,10.023052924896666,0.034330171004672276,0.08957975081784098,0.2543546352787131,-0.19593515375800952,1.18109654571542,-0.04256522459921375,0.25077074594470977,1.0,0.22727272727272727,0.5048982667671439,0.40961224576551186,0.58946293592453
marshall-wace,2022-12-31,2023-02-28,2023-02-14,7.72356247227797,0.0034120761089793746,0.016356948403860132,0.10839945310157421,0.36911647224687716,0.2693498452012384,0.33440773569701854,-0.02558571915311081,6.43746722096446,-0.016497075497811542,-0.07288388138540225,0.23615659378965398,-0.19759569795991994,-0.6109195707184617,0.03725380066799888,0.3305897712119224,0.0,0.45454545454545453,0.5048982667671439,0.5210810587532909,0.5112853646278381
matrix,2022-12-31,2023-02-28,2023-02-13,2.833213344056216,0.10775599192506623,0.19030659889189214,0.9266697389071078,0.23497379510907246,0.058823529411764705,0.38461538461538464,0.0020297221024687673,9.164107958138507,-0.1641163364552536,-0.44005799329959977,0.3923001024462446,-0.34930270070343106,-1.9580554683875455,0.33293535775786526,0.6262713283017888,0.0,0.7878787878787878,0.5048982667671439,0.41052474606461015,0.5131018757820129
maverick,2022-12-31,2023-02-28,2023-02-14,5.926926025970411,0.08873013830845443,0.27292158018672324,0.556668533924595,0.16809642793378676,0.3253333333333333,0.26239067055393583,-0.07617151924288468,9.966951698426191,-0.1945765954955349,-0.5707741963659072,0.40094475930830875,-0.27410270819439075,-1.9186090859727603,0.16561173717859956,0.4589477077225231,0.0,0.8484848484848485,0.5048982667671439,0.7250748483650711,0.7101751565933228
oaktree,2022-12-31,2023-02-28,2023-02-14,5.8377304471659395,0.05284773006311417,0.1661393978303277,0.5636179840508451,0.1707637325213135,0.11370262390670553,0.19576719576719576,0.04337440793650754,2.731095821031689,0.1539900611764198,,0.2518282397619428,-0.15023145533966054,,-0.03116961900136661,0.2621663515425569,1.0,0.06060606060606061,0.5048982667671439,0.6611493532744489,0.7608739137649536
paulson,2022-12-31,2023-02-28,2023-02-14,3.091042453358316,0.10552894643604706,0.16579728212249278,0.8831392658864082,0.227642469533339,0.045454545454545456,0.25,-0.20680564456227213,2.8901261067733275,-0.1455093833830784,,0.31380484246717727,-0.4222042715914982,,-0.36189735521495725,-0.06856138467103373,1.0,0.7575757575757576,0.5048982667671439,0.28298908323273003,0.35631290078163147
pershing-square,2022-12-31,2023-02-28,2023-02-13,1.791759469228055,0.1742693436943667,0.23532265480436848,1.0,0.05761957342154855,0.0,0.0,0.10897960814899132,6.777959644833951,0.07654060724619437,0.23420175931166598,0.27880101634919563,-0.18720770539186282,0.8484715768172021,0.007109957483975471,0.300445928027899,0.0,0.12121212121212122,0.5048982667671439,0.3421189514302316,0.458060085773468
polen,2022-12-31,2023-02-28,2023-02-13,4.532599493153256,0.04753225000350186,0.08612887668759744,0.5884304571402047,0.11420322699209906,0.10752688172043011,0.023529411764705882,-0.04223234670309761,15.578268679250659,-0.0957359122190157,-0.18742396109291617,0.29994862013713874,-0.2789196970962823,-0.8296725079547769,0.15342158312080234,0.44675755366472586,0.0,0.7121212121212122,0.5048982667671439,0.3994978340967962,0.488193541765213
pzena,2022-12-31,2023-02-28,2023-02-03,5.19295685089021,0.02110600738686224,0.048936475899956235,0.3531656050384058,0.08388984139316291,0.14444444444444443,0.11494252873563218,0.11563292504673228,5.420812262021259,0.08680339160873482,0.17799403316064255,0.29548232570494104,-0.2049543587760445,-0.8163678135288149,-0.14157855171138767,0.15175741883253585,1.0,0.09090909090909091,0.5048982667671439,0.6701167094824981,0.6126355528831482
ruane-cunniff,2022-12-31,2023-02-28,2023-02-13,3.4657359027997265,0.06618840517152891,0.10977723442867743,0.7287644404374615,0.05780831599882419,0.0625,0.03225806451612903,-0.05045136299149977,12.549762019932723,-0.08180898031092784,-0.03117737411660576,0.2692829671270836,-0.25441982351907155,-0.6206270212264816,0.00431656659912405,0.29765253714304757,0.0,0.6515151515151515,0.5048982667671439,0.43724861699344736,0.5901941061019897
sachem-head,2022-12-31,2023-02-28,2023-02-10,2.8903717578961645,0.16664583907510674,0.2640423728312341,0.9304497780975923,0.312072654248412,0.2777777777777778,0.38095238095238093,-0.04722846171461548,6.182162455774638,-0.15791389215745627,,0.34383152484312773,-0.3264174073833499,,-0.16418988478524082,0.1291460857586827,1.0,0.7727272727272727,0.5048982667671439,0.38426005106122885,0.5982121229171753
sands,2022-12-31,2023-02-28,2023-02-13,4.204692619390966,0.03243010420265308,0.08127767785489041,0.4585980013844311,0.1368575205313074,0.04477611940298507,0.04477611940298507,-0.006648151738362476,11.141312717771745,-0.1697354029967758,-0.39806004063543643,0.3688566617230878,-0.35937039061051024,-1.3690058450307743,0.16340916993032623,0.45674514047424974,0.0,0.803030303030303,0.5048982667671439,0.35784420675444784,0.3427518606185913
semper-augustus,2022-12-31,2023-02-28,2023-02-14,3.4965075614664802,0.08418032356675036,0.19261135976205893,0.7306419942648206,0.06131732563866532,0.0,0.029411764705882353,0.10506551751671545,7.902869244615407,0.06973151925889917,0.19901911781317727,0.26776889667615,-0.20457589207573967,0.7123897904897681,-0.10260897102598923,0.1907269995179343,1.0,0.15151515151515152,0.5048982667671439,0.5068396772624019,0.5335275530815125
senator,2022-12-31,2023-02-28,2023-02-14,3.7376696182833684,0.06730749749719071,0.20159816649498968,0.6136572307941227,0.5272051008799232,0.3333333333333333,0.42857142857142855,0.01032990176597881,7.716379929403123,-0.03378925557993308,-0.43438651342556844,0.26794586468828735,-0.2129095708740053,-2.9252752475538997,0.10963947342461544,0.40297544396853896,0.0,0.5757575757575758,0.5048982667671439,0.5181736179613001,0.6482977271080017
soroban,2022-12-31,2023-02-28,2023-02-14,2.9444389791664403,0.10526550767763296,0.2162377853347486,0.8301142985100742,0.14602779648182984,0.0,0.525,-0.10405103789778103,13.710367057577182,-0.03086399185120671,-0.314201077825974,0.27432741054322457,-0.2549082782944724,-2.77911985460583,-0.015518991501905999,0.2778169790420175,1.0,0.5606060606060606,0.5048982667671439,0.6286141672820016,0.5279548168182373
southeastern,2022-12-31,2023-02-28,2023-02-14,3.6888794541139363,0.043365699993889215,0.07524563738830194,0.55140226260658,0.10009339037860454,0.025,0.0,-0.330634538231271,5.4602252685930495,-0.017416224892268475,-0.0900105155367652,0.2905779821179678,-0.2400676974359368,-1.21111879993142,-0.13905392286168264,0.15428204768224088,1.0,0.4696969696969697,0.5048982667671439,0.4356502528589225,0.3571683168411255
srs,2022-12-31,2023-02-28,2023-02-13,3.044522437723423,0.33432488350138506,0.5463227172709388,0.9723862058434652,0.10615812905101385,0.14285714285714285,0.14285714285714285,0.08393019218141706,7.304502519736453,0.0737902740294437,0.7080707527499277,0.6016302608383469,-0.4050825359386021,0.9866426998362976,-0.3066781984777168,-0.013342227933793277,1.0,0.13636363636363635,0.5048982667671439,0.6327379362034564,0.46347442269325256
starboard,2022-12-31,2023-02-28,2023-02-14,4.990432586778736,0.06956177440466445,0.14675787714780855,0.735591773445917,0.20008861216753604,0.04081632653061224,0.19886363636363635,0.13714873828392626,5.571509097562691,-0.023611547908099773,,0.23778315529296606,-0.20678622360858845,,-0.05479899638204391,0.2385369741618796,1.0,0.5151515151515151,0.5048982667671439,0.5135757528714651,0.6540421843528748
steadfast,2022-12-31,2023-02-28,2023-02-14,3.4339872044851463,0.05518850725632499,0.1062244729346449,0.644851169933149,0.3718308372459317,0.22580645161290322,0.29411764705882354,-0.2225902223485079,11.269291174767659,-0.0518106717857742,-0.4200251078039384,0.2533887091016651,-0.2180955064447998,-2.628045171581925,0.12244479431337957,0.4157807648573031,0.0,0.6212121212121212,0.5048982667671439,0.3906442862797583,0.30232420563697815
suvretta,2022-12-31,2023-02-28,2023-02-14,4.48863636973214,0.025910047157465022,0.05716575155069407,0.3927880936940624,0.4336045903604755,0.4606741573033708,0.3333333333333333,0.0025536220322921466,7.210012532003416,0.02974815552859491,-0.25826780686311485,0.24615118424126453,-0.1922555594409351,-1.209753420685115,0.11415664496294431,0.40749261550686783,0.0,0.2727272727272727,0.5048982667671439,0.408041485576537,0.4576849043369293
tci,2022-12-31,2023-02-28,2023-02-14,2.302585092994046,0.13781189086008977,0.17843714466358257,1.0,0.0724794816587343,0.1,0.1,0.046256813940642516,18.725392712322904,-0.09618020589345036,-0.09206148874986131,0.2694407174604681,-0.2558874966215152,-0.18817947839506677,0.17103738706642496,0.4643733576103485,0.0,0.7272727272727273,0.5048982667671439,0.3052932926748941,0.42454713582992554
third-avenue,2022-12-31,2023-02-28,2023-02-10,4.007333185232471,0.04007333063057927,0.11607061572532816,0.49406395381541846,0.17153335263383884,0.10909090909090909,0.07547169811320754,0.12319184322578725,3.16014384622044,0.15389302155367302,-0.007083823735604733,0.2769227590900811,-0.21479736434768337,-0.7334949519156553,-0.04072256911394212,0.2526134014299814,1.0,0.07575757575757576,0.5048982667671439,0.5249940915565515,0.6678605675697327
third-point,2022-12-31,2023-02-28,2023-02-14,3.784189633918261,0.08988046938447186,0.16095042338853355,0.8033190140197061,0.27952345141291635,0.13636363636363635,0.3770491803278688,0.0752868730274816,9.35477196694558,-0.12347830385799852,-0.3527184597004175,0.22234685800325402,-0.23832310588143513,-0.928145907144679,-0.09451100462479631,0.1988249659191272,1.0,0.7424242424242424,0.5048982667671439,0.3741363284336532,0.693844735622406
tiger-global,2022-12-31,2023-02-28,2023-02-14,4.007333185232471,0.08108818580703966,0.1544551334679069,0.7557383733996315,0.2862205495891669,0.14545454545454545,0.265625,-0.28848736971059274,17.393207228913298,-0.287489830639618,-0.5768380309091181,0.321161084065558,-0.40476908136704004,-1.3513682585465996,0.3496291795245546,0.6429651500684781,0.0,0.9545454545454546,0.5048982667671439,0.22735799652251557,0.45640867948532104
tiger-management,2022-12-31,2023-02-28,2023-02-14,3.367295829986474,0.06452706179845304,0.11111114411944432,0.7284217030428577,0.5131149239510109,0.4482758620689655,0.23809523809523808,-0.05498532597213135,13.445144896023656,-0.17539762830813,-0.2213774776830588,0.3116410487885201,-0.3033853892987233,-1.331114386853056,,,,0.8181818181818182,0.5048982667671439,0.2684952950875515,0.5014461278915405
tweedy-browne,2022-12-31,2023-02-28,2023-02-09,3.8066624897703196,0.07764325511606607,0.17045699598896527,0.76313383587078,0.1175981458920703,0.044444444444444446,0.06521739130434782,-0.1903433134841776,10.975629755882238,0.004036104039329261,-0.07003589145676004,0.20504050223613599,-0.18518510933513455,-0.7399719244635767,-0.07618292261240192,0.2171530479315216,1.0,0.3484848484848485,0.5048982667671439,0.4783569872113571,0.5578340291976929
valueact,2022-12-31,2023-02-28,2023-02-14,2.1972245773362196,0.17426371505236246,0.27888504913421985,1.0,0.16407909557872058,0.1111111111111111,0.3333333333333333,-0.10603518724589112,6.921813270136806,0.08349935562535264,0.22492952127331445,0.3003257130190971,-0.20500424915312432,0.10327695005464058,0.10646951657389592,0.39980548711781944,0.0,0.10606060606060606,0.5048982667671439,0.4994467473856428,0.49699997901916504
viking,2022-12-31,2023-02-28,2023-02-14,4.330733340286331,0.02738995040890769,0.060167000925359156,0.41623194043353084,0.2904767704372504,0.18421052631578946,0.29545454545454547,-0.0808749781627327,11.227583027906263,0.0032468604807473905,-0.14650442590536988,0.27040790514126556,-0.2148766445244744,-0.5204165771614583,0.03424094279070333,0.32757691333462685,0.0,0.3787878787878788,0.5048982667671439,0.3852593173350418,0.6087998151779175
whale-rock,2022-12-31,2023-02-28,2023-02-14,3.6635616461296463,0.047084091687349006,0.08915796515572315,0.5966031727321,0.4394664665669086,0.3333333333333333,0.35,-0.17889818384543066,11.164482173852251,-0.20520195748030196,-0.19341571065262073,0.3822403163126909,-0.3947861468912218,-0.2141524400515606,0.5276871122834226,0.8210230828273462,0.0,0.8636363636363636,0.5048982667671439,0.23190173343948353,0.47750118374824524
yacktman,2022-12-31,2023-02-28,2023-01-26,4.219507705176107,0.030625566127999687,0.0839473459616109,0.4271697235697714,0.09548236827963896,0.029411764705882353,0.014925373134328358,0.0897423842872298,9.030359585130041,0.03750134708661962,0.12850298061096332,0.21855581219152065,-0.18439710974643952,0.5755342369535977,-0.1223307855234595,0.17100518502046402,1.0,0.21212121212121213,0.5048982667671439,0.4418111825350138,0.5393747687339783
abrams,2023-03-31,2023-05-31,2023-05-12,2.772588722239781,0.10316497647527634,0.1702310812757857,0.9193248707074404,0.07080555839051983,0.0,0.0,0.12000639598790296,11.482305422780595,0.06759790192623409,0.03533469847074999,0.2895058967519929,-0.11543671997834615,-0.2593186704932818,0.029097933875903537,0.31141301243682984,0.0,0.15151515151515152,0.5057471264367817,0.4990413506116267,0.6272100210189819
adage,2023-03-31,2023-05-31,2023-05-15,6.816735880594968,0.009024442167072884,0.053524564397728916,0.21423254948977713,0.18232927545904354,0.13910186199342825,0.19218910585817062,0.06441967538497684,10.056361909494907,0.05760240277074109,0.020699561042161918,0.23066786117613958,-0.13301199833529143,1.2366109854869656,0.0291470120026337,0.31146209056356,0.0,0.19696969696969696,0.5057471264367817,0.4828146561994995,0.5317384004592896
akre,2023-03-31,2023-05-31,2023-05-12,2.8903717578961645,0.10953726138768843,0.18790971587096827,0.9243949351312079,0.03302715458579619,0.0,0.05263157894736842,0.02669754705799598,12.22815452870651,-0.03570895425931436,-0.2461523136664189,0.26898094322180754,-0.1865567881783955,-1.3145847815045484,-0.006418506801741719,0.2758965717591846,1.0,0.7121212121212122,0.5057471264367817,0.4964201459274764,0.3993903398513794
altimeter,2023-03-31,2023-05-31,2023-05-16,2.3978952727983707,0.30945424248385706,0.5208075649289557,0.9995692898633503,0.09731822144634561,0.09090909090909091,0.09090909090909091,0.22040438732458245,16.067777749503797,0.11522521403056678,-0.5552479354519473,0.3584544375898358,-0.21605960448387374,-0.6884169615323056,-0.03303761017587231,0.249277468385054,1.0,0.10606060606060606,0.5057471264367817,0.3220321159641332,0.208500936627388
appaloosa,2023-03-31,2023-05-31,2023-05-15,3.332204510175204,0.06964822931658968,0.11858264117588475,0.7549861128454699,0.23346286159279694,0.17857142857142858,0.041666666666666664,0.3167650480347669,17.573606395579883,-0.028729907356488737,0.11762796212390109,0.2798292170899875,-0.10183063861051056,0.47796694206454965,0.2389028706340266,0.5212179491949529,0.0,0.6515151515151515,0.5057471264367817,0.404011071642028,0.5581939816474915
atreides,2023-03-31,2023-05-31,2023-05-15,3.4011973816621555,0.059136206759832104,0.13464276021209276,0.6526807899098779,0.3548284852571725,0.3,0.38235294117647056,0.10443901274113646,9.40176153133619,0.05773370989351009,0.06902524980451175,0.33154332307148626,-0.19014423687748505,0.40758857450921737,0.10207846810065907,0.3843935466615854,0.0,0.18181818181818182,0.5057471264367817,0.4510514964234675,0.6618086099624634
baupost,2023-03-31,2023-05-31,2023-05-12,3.4011973816621555,0.07891254001319699,0.1655506699229444,0.7806862054731322,0.1592610667184624,0.1,0.18181818181818182,-0.04732757444248303,6.76455022293145,-0.07951882119697044,-0.40358620926153826,0.2964785881190023,-0.18460546014037105,-2.238723639821151,-0.19234824964661612,0.08996682891431018,1.0,0.8333333333333334,0.5057471264367817,0.5722596569220266,0.6110023856163025
berkshire-13f,2023-03-31,2023-05-31,2023-05-15,3.871201010907891,0.2445579654177199,0.46438585778104485,0.9014811673977176,0.08456767350559935,0.0625,0.08163265306122448,0.08369068492085749,11.496786553126148,0.008276906091532438,0.24731399742251609,0.2770086631140155,-0.13063222280043307,1.0559877629086505,-0.10912304879271958,0.17319202976820672,1.0,0.4393939393939394,0.5057471264367817,0.5978187161068134,0.5891861915588379
cantillon,2023-03-31,2023-05-31,2023-05-04,3.6109179126442243,0.031812387648847744,0.05736674343000997,0.4102823939348311,0.08138210175232807,0.02702702702702703,0.07692307692307693,0.03919460125619845,10.048449311453682,-0.00936491310305684,-0.10905929298329048,0.24113264241240154,-0.1622727646804636,-0.7383731425839078,-0.038054925502710335,0.24426015305821597,1.0,0.5454545454545454,0.5057471264367817,0.47063135466438744,0.38288649916648865
coatue,2023-03-31,2023-05-31,2023-05-15,4.30406509320417,0.05220486082078224,0.11359231108257424,0.6409297534244369,0.3380373743985473,0.3108108108108108,0.2916666666666667,0.5230721892968496,16.436561421974574,0.015263694510877144,-0.5252052761341823,0.37849280951160713,-0.2291197229927363,-1.3020843587760895,0.19226484170812352,0.4745799202690498,0.0,0.3787878787878788,0.5057471264367817,0.38089828543368015,0.37717509269714355
corvex,2023-03-31,2023-05-31,2023-05-15,3.4339872044851463,0.10054819187734389,0.185801123063654,0.827054601762014,0.23758278060571247,0.1935483870967742,0.10714285714285714,0.10063121389620354,7.269356919018632,0.04333281676657759,0.0865055654477303,0.26259654362612267,-0.10967524662837769,0.007807676596813691,-0.005556098258329589,0.2767589803025967,1.0,0.2727272727272727,0.5057471264367817,0.5067104763230119,0.6046195030212402
d1,2023-03-31,2023-05-31,2023-05-15,3.5553480614894135,0.04208526111885052,0.08446758986842534,0.5307864096666343,0.49945400990365396,0.4857142857142857,0.4,0.08582075128457048,14.741971594681766,-0.08648739899702122,-0.5739067266886226,0.29379445761612755,-0.1691185609283199,-1.9016214495771362,0.07414468619252712,0.3564597647534534,0.0,0.8787878787878788,0.5057471264367817,0.33313190180968133,0.4546288549900055
darsana,2023-03-31,2023-05-31,2023-05-15,2.4849066497880004,0.1132444867899754,0.17861615148015736,0.9700724158824728,0.27062661542051736,0.16666666666666666,0.09090909090909091,-0.009371185412419885,12.846385189487146,-0.047134632689714046,-0.2241879157766842,0.28435293885981217,-0.12855100432213507,-0.3339905528752754,0.24987654836825512,0.5321916269291814,0.0,0.7575757575757576,0.5057471264367817,0.31807123233936585,0.4522028863430023
dragoneer,2023-03-31,2023-05-31,2023-05-15,3.4011973816621555,0.06966132967893586,0.12405366540349931,0.7484292381781905,0.1521796660599134,0.06666666666666667,0.0967741935483871,0.2684496021517011,7.007626884480197,0.0193148407504173,-0.7757457125432257,0.329158022306816,-0.20729508622870463,-1.6434268913413448,-0.18340326108258043,0.09891181747834589,1.0,0.3484848484848485,0.5057471264367817,0.33540812746808774,0.4029492139816284
duquesne,2023-03-31,2023-05-31,2023-05-15,3.871201010907891,0.06422244992287753,0.13102548769813413,0.7077979703437935,0.42091361132802985,0.3958333333333333,0.49122807017543857,0.13854406708720823,12.896638327743545,0.15073465648882658,0.07253046301668992,0.281644481797575,-0.091746347428449,0.38001942527836263,0.3754304309307519,0.6577455094916782,0.0,0.06060606060606061,0.5057471264367817,0.48783022416478755,0.7012506127357483
egerton,2023-03-31,2023-05-31,2023-05-09,3.2188758248682006,0.06814796181169423,0.1460546940894304,0.685349168677229,0.2280297427088932,0.24,0.09523809523809523,-0.22661376178751952,12.5720435585802,0.02020470830406294,-0.21777355224750947,0.23879189504718326,-0.13012401862682466,-1.5457803737233637,0.031908581201103126,0.31422365976202943,0.0,0.3333333333333333,0.5057471264367817,0.48303722763547946,0.4728984832763672
elliott,2023-03-31,2023-05-31,2023-05-15,3.6888794541139363,0.12987308544383927,0.24660021016848668,0.8661960863573887,0.1425230166849959,0.05,0.13636363636363635,-0.04577771981971896,4.320195484232475,0.030280594281960917,,0.2699777563610137,-0.08161781246671684,,0.17803586708825914,0.46035094564918544,0.0,0.30303030303030304,0.5057471264367817,0.6004106704957003,0.683091938495636
eminence,2023-03-31,2023-05-31,2023-05-15,4.174387269895637,0.023650789031677288,0.0680550074586033,0.33217111901040597,0.2541398096780514,0.2153846153846154,0.203125,0.09558318678525966,7.80523649458155,0.04956877682379693,0.30784485134731626,0.2397992981778156,-0.08358732551884673,1.1733041825206922,0.06489236982917423,0.34720744839010054,0.0,0.22727272727272727,0.5057471264367817,0.5066023982041334,0.5750616788864136
farallon,2023-03-31,2023-05-31,2023-05-15,5.225746673713202,0.022059395474004078,0.04413916768558047,0.34414392400911276,0.1834355185201315,0.08602150537634409,0.26406926406926406,0.1382690377352591,9.687029150694604,0.01708843554550724,-0.1713898071697952,0.22256552390663265,-0.153742002420875,-0.6161405793932286,-0.09487632523542183,0.18743875332550447,1.0,0.36363636363636365,0.5057471264367817,0.49526730772926236,0.5248304009437561
fisher,2023-03-31,2023-05-31,2023-05-01,6.930494765951626,0.01231833153600017,0.05227663981568241,0.26019808903693065,0.077933646364166,0.06549364613880743,0.06640625,0.11000912195454371,9.955537550645772,0.06323377439154203,-0.06720182649624423,0.2553091773697722,-0.14998617589824004,0.000473050866097339,0.05575215963422847,0.3380672381951548,0.0,0.16666666666666666,0.5057471264367817,0.5793298934217868,0.41549813747406006
fundsmith,2023-03-31,2023-05-31,2023-05-15,3.6888794541139363,0.054095455537986926,0.11235123018489104,0.6383336442952747,0.07394292257595725,0.075,0.02631578947368421,0.056759049061380414,14.446221847390175,0.013079665548116962,-0.16772425937712238,0.23419155925041135,-0.15132014172246322,-0.6177056896705518,-0.12390811632372703,0.15840696223719927,1.0,0.4090909090909091,0.5057471264367817,0.4613786696495274,0.4529471695423126
gardner-russo,2023-03-31,2023-05-31,2023-05-11,4.430816798843313,0.07509129711730197,0.1245789669266314,0.806350278107572,0.042037920937986084,0.023809523809523808,0.012048192771084338,0.06185733850519823,9.332195030771464,0.002719143834513285,-0.05983127062362559,0.211434120735233,-0.13080871884325407,-0.3390050917370965,-0.06115792336928219,0.2211571551916441,1.0,0.4696969696969697,0.5057471264367817,0.5289778748856602,0.6681265234947205
giverny,2023-03-31,2023-05-31,2023-05-12,4.0943445622221,0.04605604132702944,0.08276367134453087,0.5882212196122252,0.08766349119483063,0.016666666666666666,0.10606060606060606,0.02585612114331859,10.02203552311728,-0.032292260144923285,-0.05421158446084773,0.22532654071225916,-0.12097730894980219,-0.935270580850157,-0.020955986667735294,0.261359091893191,1.0,0.6818181818181818,0.5057471264367817,0.5655144713284004,0.586573600769043
glenview,2023-03-31,2023-05-31,2023-05-15,3.970291913552122,0.0493293353855301,0.11628516639370963,0.5793152594782207,0.16644823666243125,0.2830188679245283,0.2549019607843137,-0.025651196540447008,7.610754247709716,-0.029296011520784256,0.20994282250511814,0.23584409027753908,-0.10275432330853995,0.22086154989698295,-0.009396192497449496,0.2729188860634768,1.0,0.6666666666666666,0.5057471264367817,0.6466537779116566,0.7132819890975952
gotham,2023-03-31,2023-05-31,2023-05-15,7.1770187659099,0.010607029725238427,0.06534462320294919,0.22337247487172812,0.20697636314882784,0.17188693659281895,0.0974188176519567,0.14919072025174465,6.294433341209869,-0.004439898749678883,-0.049526312436778075,0.2160372187469164,-0.1271282421375276,-0.27886932216246135,0.005369826654982368,0.28768490521590867,0.0,0.48484848484848486,0.5057471264367817,0.6035742619077561,0.5672584176063538
greenhaven-road,2023-03-31,2023-05-31,2023-05-15,3.6109179126442243,0.1412216890104892,0.24828494285438774,0.9203261822873857,0.18664221191839414,0.16216216216216217,0.06060606060606061,2.0,4.1571228825817235,-0.12419493522585538,0.7621193198046312,0.3433462705264873,-0.25381958202607047,0.8652322832236028,0.11978169722470572,0.402096775785632,0.0,0.9545454545454546,0.5057471264367817,0.7278495798868521,0.5164198279380798
greenlight,2023-03-31,2023-05-31,2023-05-15,3.6635616461296463,0.13057965315127837,0.3163663506315923,0.7759631758218725,0.13465545323809025,0.20512820512820512,0.2619047619047619,0.2419385640150269,3.6729413053278237,0.198219534692984,1.0192737117002773,0.35960032352288906,-0.12158399111165552,1.703100196282778,0.03437080019639166,0.31668587875731796,0.0,0.015151515151515152,0.5057471264367817,0.8545695476006027,0.6810033917427063
harris,2023-03-31,2023-05-31,2023-05-15,5.003946305945459,0.023017627125505164,0.07430473033840895,0.364860800844199,0.09628109859151501,0.10067114093959731,0.06293706293706294,0.04783503082507203,11.836994745827749,-0.005550851576260448,0.19801065652797395,0.4121887436077366,-0.16413947438903698,-0.29512425064515774,0.010152841254005063,0.29246791981493137,0.0,0.5,0.5057471264367817,0.6690534888870349,0.5199546217918396
himalaya,2023-03-31,2023-05-31,2023-05-16,1.9459101490553132,0.17208402011107926,0.253577207865444,1.0,0.1036214887454936,0.14285714285714285,0.0,0.056529618348957165,16.610357965968714,-0.07652802576604706,,0.32789562476435397,-0.14597478205545955,,0.10370106599153839,0.3860161445524647,0.0,0.8181818181818182,0.5057471264367817,0.41337924113272123,0.27310052514076233
hitchwood,2023-03-31,2023-05-31,2023-05-12,2.9444389791664403,0.07121344576977964,0.1241763204718711,0.7688528069039444,0.46670129936445637,0.5263157894736842,0.5263157894736842,-0.6175354373863093,15.035988877945794,0.013454760748079417,-0.5447901436812042,0.31626939609950117,-0.23886239977501933,-1.420601626133077,,,,0.3939393939393939,0.5057471264367817,0.28342642826077474,0.24242231249809265
hound,2023-03-31,2023-05-31,2023-05-15,2.6390573296152584,0.08908666809343767,0.1441900196891022,0.87190297245715,0.3144623253741823,0.21428571428571427,0.15384615384615385,0.16094747970504555,11.473558327959935,-0.007597659486731231,-0.3295295883028476,0.24689833148869386,-0.12189663526779793,-2.518707732428048,-0.0662627135001835,0.2160523650607428,1.0,0.5151515151515151,0.5057471264367817,0.46632808965679984,0.38811588287353516
icahn,2023-03-31,2023-05-31,2023-05-15,2.833213344056216,0.5115283309100519,0.7042817610643097,0.975813974435636,0.029003703388573165,0.058823529411764705,0.0,0.012420343079750661,1.4611119931286471,-0.4211970114116564,-0.3841277570735724,0.46439215231446507,-0.44492202180636,-0.7110786311700764,-0.29666948472070837,-0.014354406159782052,1.0,1.0,0.5057471264367817,0.27229818432824954,0.3330674171447754
impactive,2023-03-31,2023-05-31,2023-05-15,2.1972245773362196,0.12063390862899183,0.17473356759800565,1.0,0.11707268318850172,0.0,0.0,0.12068249747445321,4.2296733105672475,-0.05661677042203307,,0.27326269432035655,-0.16986144737572373,,-0.16245010480379043,0.11986497375713587,1.0,0.7727272727272727,0.5057471264367817,0.4164872244145434,0.4291236102581024
kingdon,2023-03-31,2023-05-31,2023-05-15,3.8066624897703196,0.03262706259215055,0.0601122644931097,0.45012792869550533,0.4030573585789671,0.3333333333333333,0.23076923076923078,0.10126331854826791,6.603797937971725,-0.06833579311933836,,0.28041329045977037,-0.11599368068955163,,0.12804732184774897,0.4103624004086753,0.0,0.803030303030303,0.5057471264367817,0.4297028177923406,0.4366503059864044
lansdowne,2023-03-31,2023-05-31,2023-05-15,3.044522437723423,0.14891778636274033,0.2572008346794466,0.9614830576435188,0.2464214172433178,0.3333333333333333,0.06666666666666667,0.29431574081326833,6.000141356634594,0.04262381982248828,0.328462231964141,0.39575492408616714,-0.16466744109022013,0.14427361873507166,0.14390184661385957,0.4262169251747859,0.0,0.2878787878787879,0.5057471264367817,0.6031483037649974,0.409796804189682
lone-pine,2023-03-31,2023-05-31,2023-05-15,3.367295829986474,0.04821466207706375,0.08158437089665545,0.5898621810184116,0.14450385178099123,0.06896551724137931,0.1,0.03066058106108407,14.87321537164735,-0.03586376285227752,-0.5761388841789159,0.2588076701861985,-0.12376239859581817,-1.7383990764596406,0.03250708899324578,0.3148221675541721,0.0,0.7272727272727273,0.5057471264367817,0.37900064808163836,0.29457059502601624
markel-13f,2023-03-31,2023-05-31,2023-04-28,4.875197323201151,0.023652074803481447,0.06598945669681541,0.3861321610139654,0.058861967024918194,0.022900763358778626,0.04477611940298507,0.052455086351533085,10.729151997721997,-0.019294057901429316,0.059533467845673704,0.23670174202033717,-0.11629675233836245,-0.03792068155187437,0.002455160294537684,0.284770238855464,0.0,0.5909090909090909,0.5057471264367817,0.570117892508251,0.6521095633506775
marshall-wace,2023-03-31,2023-05-31,2023-05-15,7.634820677745543,0.004945854829131042,0.027074459186758094,0.1498174362269866,0.407363784531381,0.319478008699855,0.3772666961521451,0.0452466435859017,8.057909116904472,-0.019286043290285798,-0.1371945953588154,0.21072982870509396,-0.10377388393506781,-1.2540795413682018,0.05256803616532463,0.33488311472625093,0.0,0.5757575757575758,0.5057471264367817,0.6109384671634202,0.5954804420471191
matrix,2023-03-31,2023-05-31,2023-05-15,2.833213344056216,0.12410555138988383,0.20428925113653412,0.9502752681982539,0.16550096939791847,0.058823529411764705,0.058823529411764705,0.34038445454671246,10.627117250920842,0.15582499213114265,-0.43156430171011856,0.3414076408217601,-0.13758715213475925,-1.2222880759795078,0.23718761662845456,0.5195026951893809,0.0,0.045454545454545456,0.5057471264367817,0.40001492798850985,0.3336786925792694
maverick,2023-03-31,2023-05-31,2023-05-15,6.102558594613569,0.10704170132222174,0.30547864858191204,0.5836793933101742,0.23485252008709823,0.42953020134228187,0.32,-0.054498231741743355,11.33899324766942,0.12494378322623505,-0.5539384665776617,0.3151371303424212,-0.1294846071207053,-1.5075917935616434,0.1532288417712892,0.4355439203322155,0.0,0.09090909090909091,0.5057471264367817,0.6952092593778458,0.49188321828842163
oaktree,2023-03-31,2023-05-31,2023-05-15,5.700443573390687,0.05782752483192182,0.18491689812793657,0.5707663934245452,0.12327759797556037,0.18394648829431437,0.2886297376093295,-0.030352250905244738,2.729476428231851,-0.04536013253701937,,0.24351078639261628,-0.09138565262789355,,,,,0.7424242424242424,0.5057471264367817,0.769124774614113,0.7902045845985413
paulson,2023-03-31,2023-05-31,2023-05-15,2.995732273553991,0.10589802327742995,0.17804935025806812,0.8713889987470202,0.1590503657701252,0.1,0.18181818181818182,0.07942388897688135,3.1623651262012062,-0.021158772386257484,,0.2616055786899458,-0.13852396831554414,,-0.21256012892684195,0.06975494963408434,1.0,0.6060606060606061,0.5057471264367817,0.5278719798429007,0.49283072352409363
pershing-square,2023-03-31,2023-05-31,2023-05-15,2.0794415416798357,0.1459994111276022,0.19643914872216525,1.0,0.10433176890822271,0.25,0.0,0.15107219372864886,8.877811065909068,0.14969634656259437,0.30098466991675304,0.2730546287002462,-0.07727332260541675,1.8574254587617582,-0.047060430902215955,0.23525464765871035,1.0,0.07575757575757576,0.5057471264367817,0.38919251187886295,0.5480063557624817
polen,2023-03-31,2023-05-31,2023-05-11,4.543294782270004,0.052997791179511054,0.12222159237096808,0.6135609874340888,0.08229783400039914,0.0851063829787234,0.07526881720430108,0.10120734652437909,17.20227271192281,0.0497011210457151,-0.1763011113417944,0.2820075125061783,-0.15785462841122233,-0.5783356773092578,-0.06161264609780989,0.2207024324631164,1.0,0.21212121212121213,0.5057471264367817,0.5067378296985088,0.48660123348236084
pzena,2023-03-31,2023-05-31,2023-05-12,5.093750200806762,0.022095395250273084,0.049853714976458345,0.3746398957864957,0.09885816160457506,0.08588957055214724,0.17222222222222222,0.025073007458891107,5.851543857256235,-0.0919663336302986,0.3415726933261623,0.28978879145865977,-0.13176429428118575,0.11345329514738081,-0.0043366577049746,0.2779784208559517,1.0,0.9090909090909091,0.5057471264367817,0.6980768696787067,0.6406696438789368
ruane-cunniff,2023-03-31,2023-05-31,2023-05-15,3.4339872044851463,0.06246737775154985,0.10325956883986123,0.7054773286025324,0.06846472824584438,0.06451612903225806,0.09375,-0.04492582281738796,13.635382968436032,-0.03517226963134536,-0.10448750243112509,0.24235842183405312,-0.14475433605590526,-0.8549586324125559,0.000527909126541215,0.2828429876874675,0.0,0.696969696969697,0.5057471264367817,0.5063891767722949,0.4154372215270996
sachem-head,2023-03-31,2023-05-31,2023-05-15,2.833213344056216,0.18858208785583505,0.30970512427393,0.9509164550019112,0.21199644323508193,0.23529411764705882,0.2777777777777778,-0.1252483692445164,7.389338403349225,-0.26605174774579876,,0.34858138247698994,-0.23306512440520977,,-0.05985853126156346,0.22245654729936284,1.0,0.9848484848484849,0.5057471264367817,0.5114026157056293,0.3938874900341034
sands,2023-03-31,2023-05-31,2023-05-12,4.189654742026425,0.030699634660034572,0.06689872670121022,0.44884702006357347,0.09187549604261236,0.030303030303030304,0.04477611940298507,0.13688600715654875,11.532605206446156,0.08212774964251314,-0.4586190837939306,0.3080371992575572,-0.14454664902719483,-1.4698641151770078,-0.0008268010739130305,0.28148827748701327,1.0,0.13636363636363635,0.5057471264367817,0.45681623894747503,0.2664390504360199
semper-augustus,2023-03-31,2023-05-31,2023-05-15,3.5263605246161616,0.08259358542471174,0.18433863549040164,0.7411990101148005,0.055336893793481834,0.029411764705882353,0.0,0.0614642856507229,8.164849513041622,-0.11603560494962484,0.1945957011771185,0.25439122917475315,-0.09145049194573462,0.16457013863860803,0.03992843684449732,0.3222435154054236,0.0,0.9393939393939394,0.5057471264367817,0.6364729095580562,0.7473985552787781
senator,2023-03-31,2023-05-31,2023-05-12,3.8066624897703196,0.03584796749895373,0.07234723503712628,0.4816055964947071,0.6751924244916379,0.5333333333333333,0.5,0.49898865145243354,11.547991049060535,-0.022904371518484627,-0.45757285016537186,0.24150200779146636,-0.12735772580240656,-3.007304441348073,0.1748069424855535,0.4571220210464798,0.0,0.6212121212121212,0.5057471264367817,0.4234336142565275,0.37328991293907166
soroban,2023-03-31,2023-05-31,2023-05-15,2.833213344056216,0.1435342281727918,0.22811882321590263,0.9315197810350201,0.208437986927136,0.11764705882352941,0.21052631578947367,-0.13296576842304425,15.473795716540684,-0.08360024049854685,-0.26049070163627164,0.2488357260315647,-0.1398382564790397,-2.7984006622265456,0.009567317561359978,0.2918823961222863,0.0,0.8636363636363636,0.5057471264367817,0.5583596872834684,0.24577222764492035
southeastern,2023-03-31,2023-05-31,2023-05-15,3.7612001156935624,0.03920377285670323,0.0745180562120198,0.5226709751333087,0.15002846697374295,0.16279069767441862,0.1,0.03599640968893729,6.054903954395931,-0.19368354063569343,-0.055149684791000686,0.27599457119144943,-0.1666303696919761,-0.8980333611039797,-0.03623353688950212,0.24608154167142418,1.0,0.9696969696969697,0.5057471264367817,0.5567712442189946,0.6388410925865173
srs,2023-03-31,2023-05-31,2023-05-15,3.044522437723423,0.2981289352783213,0.5150434141554571,0.9557938842879776,0.14279713301626262,0.23809523809523808,0.23809523809523808,0.23149254593793678,7.479651565214341,0.047351848624573464,0.39193511323124736,0.5176682009241166,-0.15633329262051932,0.48405004184730904,-0.12386933950551718,0.15844573905540912,1.0,0.24242424242424243,0.5057471264367817,0.7435347635794556,0.488703191280365
starboard,2023-03-31,2023-05-31,2023-05-12,4.634728988229636,0.0773534634260879,0.15751604349972467,0.7952334916686373,0.16980615071105087,0.038834951456310676,0.32653061224489793,-0.049826163880206206,6.722658912592485,-0.09060376520914926,-0.230163159069107,0.2212076072165686,-0.12162384459009801,-2.9196997469867623,0.06561020588643934,0.34792528444736565,0.0,0.8939393939393939,0.5057471264367817,0.7484678385835987,0.7446938753128052
steadfast,2023-03-31,2023-05-31,2023-05-15,3.784189633918261,0.03822403932003034,0.09670753333159464,0.49095721969208184,0.359542997602354,0.4090909090909091,0.16129032258064516,0.13369189236806053,10.903543255662976,0.005415960224694559,-0.41476354233311163,0.23085295056234326,-0.11478607400889818,-2.5705344940183426,0.1170363774636235,0.3993514560245498,0.0,0.45454545454545453,0.5057471264367817,0.503720479144176,0.44600698351860046
suvretta,2023-03-31,2023-05-31,2023-05-15,4.5217885770490405,0.025794526160830007,0.05297044322638079,0.38289471360060373,0.3508816223020186,0.25,0.2247191011235955,-0.13867753215985182,8.380309532355522,0.012622884841687134,-0.3564063616877558,0.21716159428710058,-0.11018044483091616,-1.5531943736746656,0.13067137370035953,0.41298645226128583,0.0,0.42424242424242425,0.5057471264367817,0.42000627924328865,0.3736192286014557
tci,2023-03-31,2023-05-31,2023-05-15,2.1972245773362196,0.12718932890362597,0.15103337392550845,1.0,0.15239679243217452,0.1111111111111111,0.2,-0.024545082066687172,16.743002842322188,0.04535182116782825,-0.00036951170537924405,0.2583140880772596,-0.16951989698385572,0.4524199292433285,0.035771083814182314,0.3180861623751086,0.0,0.25757575757575757,0.5057471264367817,0.3001733613262637,0.5143555998802185
third-avenue,2023-03-31,2023-05-31,2023-05-12,3.9889840465642745,0.038322034611500765,0.10500568292207568,0.4890774706445473,0.14766951500139536,0.018518518518518517,0.03636363636363636,0.01767941688458777,3.1988807769099683,-0.0278905391306433,0.24845024832884938,0.2755718141968557,-0.13318154998760623,0.4000748714769378,0.19289977353934956,0.47521485210027586,0.0,0.6363636363636364,0.5057471264367817,0.5674312810050502,0.5047261714935303
third-point,2023-03-31,2023-05-31,2023-05-15,3.828641396489095,0.08139181863492136,0.1567637282382639,0.7688551028754157,0.2753214512188773,0.30434782608695654,0.2727272727272727,0.02384880032071509,11.69095521327276,-0.08093254330566904,-0.4502914146817559,0.19527473542655277,-0.08461585930107063,-1.485490241930733,0.02641870504000088,0.3087337836009272,0.0,0.8484848484848485,0.5057471264367817,0.4838246377340195,0.6332027316093445
tiger-global,2023-03-31,2023-05-31,2023-05-15,4.02535169073515,0.07735048504147317,0.15554499652833395,0.7254058780513386,0.18655704531135875,0.16071428571428573,0.14545454545454545,0.29774483623058223,20.36040501906573,0.026781358462479244,-0.6126050483996538,0.27464387096926113,-0.21281295227177122,-1.0791015978779024,0.19517087569569247,0.47748595425661877,0.0,0.3181818181818182,0.5057471264367817,0.3103788198603198,0.33968594670295715
tiger-management,2023-03-31,2023-05-31,2023-05-15,3.4011973816621555,0.07393385049782482,0.126970457928843,0.7816541372573987,0.19017012084234441,0.16666666666666666,0.13793103448275862,0.05068951674787337,16.018180173318445,-0.10812632053963578,-0.250723083960275,0.2871508295785571,-0.14285238311162507,-1.4526327670324668,,,,0.9242424242424242,0.5057471264367817,0.48457360870617033,0.4283931255340576
tweedy-browne,2023-03-31,2023-05-31,2023-05-15,3.784189633918261,0.07939909110450497,0.1723641768130854,0.7625757068467571,0.07775791385936681,0.022727272727272728,0.044444444444444446,-0.022189251250579654,11.22157873103756,-0.009906053914126127,0.018819652127866127,0.18970066728403367,-0.10252047895628669,-0.09257962076280825,-0.08429920946766814,0.19801586909325816,1.0,0.5606060606060606,0.5057471264367817,0.5399550820556339,0.6973399519920349
valueact,2023-03-31,2023-05-31,2023-05-15,2.1972245773362196,0.14322187300628283,0.21437723339796302,1.0,0.18280272723913693,0.1111111111111111,0.1111111111111111,0.14572912015585107,10.12454729657033,-0.008937205917109902,0.2710947238462072,0.2966365707595676,-0.151709679686848,-0.008077225850824215,0.10125641122005724,0.38357148978098354,0.0,0.5303030303030303,0.5057471264367817,0.4939329062432643,0.4588675796985626
viking,2023-03-31,2023-05-31,2023-05-15,4.394449154672439,0.028949839559373327,0.06941370757074664,0.42919857334696143,0.2583448358816579,0.24691358024691357,0.19736842105263158,0.06453664712700312,11.372416768107191,0.10757799179644247,-0.25872776698623534,0.22871296730108437,-0.11120339053460415,-1.140540767005182,-0.028954411872769537,0.25336066668815677,1.0,0.12121212121212122,0.5057471264367817,0.4713948523885796,0.5257208347320557
whale-rock,2023-03-31,2023-05-31,2023-05-15,3.713572066704308,0.04007164405833622,0.08061573130685318,0.5214969396156329,0.44505508428129603,0.34146341463414637,0.3076923076923077,0.42292196814017596,13.732332931428337,0.18246413522651161,-0.29706086614897376,0.34119553484658505,-0.18486799653906427,0.013883080746295243,0.1662927914286827,0.448607869989609,0.0,0.030303030303030304,0.5057471264367817,0.2631304892658534,0.27161917090415955
yacktman,2023-03-31,2023-05-31,2023-05-08,4.219507705176107,0.031339153534140136,0.08326070318864058,0.43568715063729696,0.060495343711460925,0.014705882352941176,0.014705882352941176,0.007710092382174589,9.393423182388519,-0.06582194650905182,0.12722588164136012,0.21799752180421664,-0.10462629752410058,-0.010726235817260272,-0.015959606486518008,0.2663554720744083,1.0,0.7878787878787878,0.5057471264367817,0.5751715247369811,0.7086693048477173
abrams,2023-06-30,2023-08-31,2023-08-14,2.833213344056216,0.10450214047805356,0.20559618331894497,0.8881332802065363,0.08461177876569326,0.058823529411764705,0.0,0.09521604374085486,9.32695692098587,0.15110945076863322,0.15380856132637932,0.27614128009186206,-0.06868957390901498,0.13269220350998998,-0.038045116749684194,0.22610573962898128,1.0,0.09375,0.5020576131687243,0.5568962398672657,0.6017699241638184
adage,2023-06-30,2023-08-31,2023-08-14,6.759255270663693,0.011276433207610707,0.060065127979158306,0.2452475841389689,0.16628301140715163,0.12529002320185614,0.1741511500547645,0.030955355957479187,10.777120764827034,0.06591784181201188,-0.004586576834652412,0.18662035990874384,-0.07451515853027568,1.203740471297208,0.03702011311745734,0.3011709694961228,0.0,0.265625,0.5020576131687243,0.4978314162166451,0.5137057900428772
akre,2023-06-30,2023-08-31,2023-08-11,2.8903717578961645,0.10829027061622926,0.19242707000770168,0.9256123070486224,0.023344773333016655,0.0,0.0,0.055285394097630516,12.478313389516916,-0.01807273421802924,-0.16005308357782252,0.22905539586433463,-0.05141275975225945,-0.7890960977535926,0.03619502926470208,0.30034588564336756,0.0,0.65625,0.5020576131687243,0.5370260533331904,0.5750791430473328
altimeter,2023-06-30,2023-08-31,2023-08-14,2.3978952727983707,0.28713397541858854,0.48927817390732015,0.9997149227214326,0.07188107182811743,0.09090909090909091,0.09090909090909091,0.19398582972759124,15.647968070551743,-0.10840707191348395,-0.6027130617909853,0.2644046817938933,-0.13353326347929528,-0.8175051233357681,-0.03272048048694376,0.23143037589172172,1.0,0.921875,0.5020576131687243,0.39521519554559087,0.3181441128253937
appaloosa,2023-06-30,2023-08-31,2023-08-14,3.6635616461296463,0.04834457774138614,0.08006392417426875,0.6249928156064003,0.5242995516208403,0.48717948717948717,0.2857142857142857,1.0689279835376446,17.32741422281511,0.05005396440954474,0.09712997468174533,0.2295876466624987,-0.0973733085241607,0.3074172526360069,0.07871193855658654,0.342862794935252,0.0,0.34375,0.5020576131687243,0.3822545143001906,0.41945523023605347
atreides,2023-06-30,2023-08-31,2023-08-14,3.4339872044851463,0.05223809886967261,0.10574312768432637,0.6176832841663502,0.4052176264075752,0.22580645161290322,0.2,0.1566750946387522,8.060934412035568,0.04770432594211707,-0.17757427024592098,0.3008708687744248,-0.08600494643149115,-0.27254442090906983,-0.004353003359144847,0.25979785301952063,1.0,0.359375,0.5020576131687243,0.3855763621418484,0.46197742223739624
baupost,2023-06-30,2023-08-31,2023-08-11,3.367295829986474,0.07452920606141554,0.14242828736523688,0.7696805578683318,0.16925860156140016,0.1724137931034483,0.2,-0.04066553551278179,7.423154456544098,-0.029810251197117693,-0.3437201941030076,0.26953743559729854,-0.04994014111903289,-2.165530869519944,-0.14551282656603168,0.1186380298126338,1.0,0.765625,0.5020576131687243,0.6129755968513055,0.650511622428894
berkshire-13f,2023-06-30,2023-08-31,2023-08-14,3.871201010907891,0.28476440714353557,0.5100352647159945,0.9125753062075067,0.05452254664492295,0.0625,0.0625,0.06860020522927554,11.195237248140923,-0.056180828218994824,0.05009131068241274,0.23418735976094007,-0.08256608269144416,-0.026904823991424902,-0.022461821982026203,0.24168903439663927,1.0,0.84375,0.5020576131687243,0.6385957923794615,0.6783514618873596
cantillon,2023-06-30,2023-08-31,2023-08-09,3.6375861597263857,0.03226123373897583,0.06352874979751687,0.41607316153660506,0.052377333070460774,0.05263157894736842,0.02702702702702703,0.15273313210891665,10.31476810906047,0.009413913454345862,-0.029136315172932192,0.2033714747833746,-0.044868186949769906,0.024648502599323,0.004344900238983651,0.26849575661764913,0.0,0.484375,0.5020576131687243,0.4918660306645605,0.527788519859314
coatue,2023-06-30,2023-08-31,2023-08-14,4.51085950651685,0.0503223547012968,0.09625502135594495,0.6297184043911499,0.2336725066679698,0.25274725274725274,0.08108108108108109,0.30537860623679297,17.563904870927896,-0.0013704908548531347,-0.6190274305194028,0.3242900332424436,-0.1396193200634449,-1.9227692050254208,0.14643231692997988,0.41058317330864535,0.0,0.59375,0.5020576131687243,0.42639232549716916,0.4022475779056549
corvex,2023-06-30,2023-08-31,2023-08-14,3.4339872044851463,0.08143172518621648,0.15611110268303668,0.7614064090845449,0.3482990885023477,0.25806451612903225,0.25806451612903225,0.08223226883998103,7.379426378930977,-0.02582435216483528,0.015760146083087512,0.23631430354599553,-0.06617819922816481,-0.401846813931118,-0.06620654508778731,0.19794431129087817,1.0,0.734375,0.5020576131687243,0.5198840862897617,0.709759533405304
d1,2023-06-30,2023-08-31,2023-08-14,3.6375861597263857,0.04161755312989989,0.07279177657084582,0.5354064491555787,0.3606442519834233,0.2894736842105263,0.22857142857142856,-0.022218179517654306,12.616823164756903,-0.07041439896715157,-0.5390344551591857,0.24849254648319138,-0.11097495770168353,-1.805118369147649,0.06547740785795014,0.3296282642366156,0.0,0.890625,0.5020576131687243,0.3767032517384167,0.43301811814308167
darsana,2023-06-30,2023-08-31,2023-08-14,2.1972245773362196,0.15064182002943324,0.18762334251129828,1.0,0.32259673450577986,0.2222222222222222,0.4166666666666667,0.042485234081961226,12.967621184697716,0.06208458009101875,-0.35346249091436194,0.2277457528680985,-0.049925340020844144,-0.8444104713306178,0.17550941462588637,0.43966027100455185,0.0,0.296875,0.5020576131687243,0.34610412655945194,0.4433991312980652
dragoneer,2023-06-30,2023-08-31,2023-08-14,3.258096538021482,0.06481496141406771,0.11596670898488971,0.7205583442822803,0.15274774376508016,0.15384615384615385,0.26666666666666666,0.13686162294414372,6.762652425796292,-0.18406149432621394,-0.7872966727446689,0.3596141004106926,-0.16602294947948926,-1.7134469651577608,-0.15137637352277783,0.11277448285588763,1.0,0.96875,0.5020576131687243,0.41982310325249483,0.5330966114997864
duquesne,2023-06-30,2023-08-31,2023-08-14,3.970291913552122,0.07203353685734738,0.13981052051546436,0.7501899386769414,0.26913910709463984,0.39622641509433965,0.3333333333333333,0.2196316851414869,12.91860605883507,0.17025236332938778,-0.012864592752033277,0.1992030357277857,-0.0886015575717175,0.2646795284222193,0.25069004290153246,0.5148408992801979,0.0,0.078125,0.5020576131687243,0.491025836411075,0.6682366132736206
egerton,2023-06-30,2023-08-31,2023-08-10,3.1354942159291497,0.06395726770746481,0.14326694337359475,0.6671883352952132,0.3232180740457281,0.13043478260869565,0.2,0.045865267802581766,13.86153783808283,0.05409653988100899,-0.20742340044736837,0.19881030570302732,-0.05475019121740099,-1.5533557898223271,-0.025313232701301286,0.2388376236773642,1.0,0.3125,0.5020576131687243,0.4835953435207498,0.6388259530067444
elliott,2023-06-30,2023-08-31,2023-08-14,3.784189633918261,0.10297346461379861,0.2215278869754189,0.7946058683231254,0.13348225579255524,0.18181818181818182,0.1,0.025726926766877403,4.0402083334362064,0.10859839166364174,1.0227581190099402,0.21551307762407565,-0.08161781246671695,2.2751464479607364,0.0016290777859438443,0.2657799341646093,0.0,0.15625,0.5020576131687243,0.7144580490488059,0.6468018293380737
eminence,2023-06-30,2023-08-31,2023-08-14,4.127134385045092,0.022793210386920698,0.056454286756602336,0.329672211056269,0.14643320070668386,0.12903225806451613,0.16923076923076924,-0.06293677006512083,7.484517985927973,0.06982121950809805,0.336657927650669,0.21664436173878546,-0.0527896614582819,1.408852470079642,-0.018224528035857557,0.24592632834280792,1.0,0.234375,0.5020576131687243,0.5089834053310713,0.5440696477890015
farallon,2023-06-30,2023-08-31,2023-08-14,5.093750200806762,0.02448417120573349,0.059131887067149,0.3779895941943476,0.2249233615580295,0.10429447852760736,0.21505376344086022,-0.07534188180769116,9.264407596386253,-0.003192084549180546,-0.09670489947359306,0.21068196053648677,-0.03449751111426547,-0.30381361736095314,-0.02867730850188338,0.2354735478767821,1.0,0.609375,0.5020576131687243,0.5233384833722488,0.5925968885421753
fisher,2023-06-30,2023-08-31,2023-08-08,7.060476365999801,0.013424958978161376,0.05655477472138609,0.2769433916671981,0.07118100974800912,0.16738197424892703,0.05180840664711633,0.09165044052993815,10.50210849648196,0.07868893621342116,-0.1213253965527954,0.21091080796031772,-0.06002304924383539,-0.5072851666034404,0.05458890609702055,0.31873976247568603,0.0,0.1875,0.5020576131687243,0.6425447504388857,0.4495382308959961
fundsmith,2023-06-30,2023-08-31,2023-08-14,3.6635616461296463,0.05717911092700438,0.1287759003680568,0.6557324282753338,0.07806352959734342,0.02564102564102564,0.05,0.028035562086611232,14.291012921184143,-0.022986687982168796,-0.16828656685348964,0.20031048444182145,-0.03906150352835036,-0.620071906293245,-0.0992032409017001,0.16494761547696538,1.0,0.703125,0.5020576131687243,0.5239551746779499,0.6229674220085144
gardner-russo,2023-06-30,2023-08-31,2023-08-11,4.418840607796598,0.07476371794822495,0.12941539944393385,0.8009874125233756,0.04628833839591173,0.012048192771084338,0.023809523809523808,0.049011464863858115,9.529807679298157,0.040965832706887306,-0.014690727973201478,0.17330154676974582,-0.03775186155913346,-0.19881856358472882,-0.06257279091141318,0.2015780654672523,1.0,0.390625,0.5020576131687243,0.5650100794245426,0.6340929269790649
giverny,2023-06-30,2023-08-31,2023-08-07,4.07753744390572,0.046117085951391926,0.08435674977233067,0.5933076889588229,0.05463740579175813,0.0,0.016666666666666666,0.1353565843650087,10.047112709383384,-0.014972699094737085,-0.02343474240675547,0.19839143774774531,-0.0446988538988925,-0.8907911342777582,-0.05873583898714718,0.2054150173915183,1.0,0.640625,0.5020576131687243,0.5877080785081233,0.674161970615387
glenview,2023-06-30,2023-08-31,2023-08-14,3.828641396489095,0.06929294984518225,0.155685017425333,0.6737221672019116,0.19333253979594622,0.13043478260869565,0.24528301886792453,-0.08832971568449714,7.395796963826063,-0.005420428720570858,0.304391801491046,0.20148287015916785,-0.04473019862691163,0.5610346758037168,0.06393214323544688,0.32808299961411236,0.0,0.625,0.5020576131687243,0.6114020225713903,0.8095815777778625
gotham,2023-06-30,2023-08-31,2023-08-14,7.165493475060845,0.011011697522893889,0.07199222567347197,0.2267988368136611,0.1765949861353031,0.11591962905718702,0.12605042016806722,0.10848208488397443,6.462588779269437,0.008844886016419362,0.015980978875830498,0.18522213879647198,-0.05423043820277251,0.6540267929927712,-0.002099109446183134,0.26205174693248234,1.0,0.5,0.5020576131687243,0.593221413777063,0.5390109419822693
greenhaven-road,2023-06-30,2023-08-31,2023-08-14,3.5263605246161616,0.1242846851727851,0.20366293166249397,0.9369346960238873,0.12481679690562497,0.11764705882352941,0.1891891891891892,0.12487266605894112,4.535155612790271,0.00166326174493181,0.031141500578069026,0.3300540207884742,-0.07236190164404588,0.26998064371459213,0.14082148292898045,0.4049723393076459,0.0,0.578125,0.5020576131687243,0.571087745364886,0.6027182340621948
greenlight,2023-06-30,2023-08-31,2023-08-14,3.713572066704308,0.21772207784221057,0.4421415655687904,0.8162328577137364,0.18758231323798946,0.1951219512195122,0.15384615384615385,0.1477462112605017,4.349404109101237,0.34755475917326084,1.031748605825889,0.2712319954270781,-0.0210235331933728,1.8548076391209438,,,,0.015625,0.5020576131687243,0.7879054793944706,0.6943137645721436
harris,2023-06-30,2023-08-31,2023-08-14,4.955827057601261,0.02228293507133161,0.06049446207046948,0.3624363152133191,0.13520805723715767,0.06338028169014084,0.10738255033557047,0.03089523121459647,10.962550290788514,0.11077980681677166,0.2736264907630633,0.36843758086372574,-0.12540162346246142,0.0893717559291724,-0.01156356100618744,0.25258729537247804,1.0,0.140625,0.5020576131687243,0.602564246494704,0.4941039979457855
himalaya,2023-06-30,2023-08-31,2023-08-14,1.791759469228055,0.1976389641407021,0.28956878506237965,1.0,0.2019742068356789,0.0,0.14285714285714285,-0.12958126391575583,16.627713304864773,0.0421084528906622,,0.26383179979352384,-0.11262093031002585,,0.06770017289092506,0.33185102926959054,0.0,0.375,0.5020576131687243,0.3631217139126862,0.1459810882806778
hound,2023-06-30,2023-08-31,2023-08-14,2.772588722239781,0.08923073610855685,0.1863009234924695,0.8252551027904893,0.2277246672758544,0.25,0.14285714285714285,0.10373004471017552,9.54825897445273,0.029544889637244,-0.2619743212213559,0.19781524041774104,-0.05210699248280026,-2.0780357329985493,-0.04336041595223891,0.22079044042642657,1.0,0.421875,0.5020576131687243,0.583606577962521,0.43676409125328064
icahn,2023-06-30,2023-08-31,2023-08-14,2.70805020110221,0.4192027535867069,0.6271241226658699,0.9763624742241676,0.08558985918739848,0.0,0.11764705882352941,-0.35244122168507874,1.737533325570472,-0.5432984018695517,-0.3332479932501846,0.6478733838491595,-0.44492202180636,-0.9410362761103196,-0.39388994833399116,-0.1297390919553257,1.0,1.0,0.5020576131687243,0.4355285866648901,0.27815738320350647
impactive,2023-06-30,2023-08-31,2023-08-14,2.0794415416798357,0.1381360449760421,0.2081921714251338,1.0,0.11423955952843912,0.0,0.1111111111111111,-0.04295961055216589,3.682576716453272,0.020854118948692518,0.4243019940748923,0.2522129585149458,-0.08150036301204688,0.6560114224284276,-0.17450835322476196,0.08964250315390351,1.0,0.4375,0.5020576131687243,0.5452850152606442,0.6205539703369141
kingdon,2023-06-30,2023-08-31,2023-08-14,4.007333185232471,0.028362202331712324,0.06732663855948698,0.4134553643555212,0.440485645043896,0.43636363636363634,0.3111111111111111,0.2953946471743572,6.494436591091261,-0.052183250035003306,,0.20300999992665042,-0.08031738044780079,,0.12753490987413746,0.39168576625280294,0.0,0.8125,0.5020576131687243,0.4741456693821519,0.48805275559425354
lansdowne,2023-06-30,2023-08-31,2023-08-14,2.9444389791664403,0.13610811669586845,0.2165464950942077,0.9594060671409049,0.2314575883539154,0.15789473684210525,0.23809523809523808,0.33119732791366524,8.077837664852487,0.24701119698649351,0.2897970934816139,0.30104754466591943,-0.05245956587241152,0.10515660380060371,0.034527397899294765,0.29867825427796024,0.0,0.03125,0.5020576131687243,0.5772560586145432,0.6354960799217224
lone-pine,2023-06-30,2023-08-31,2023-08-14,3.367295829986474,0.04446170308755019,0.07809801397869238,0.542713390147733,0.13198890182234568,0.06896551724137931,0.06896551724137931,0.009981205775489983,14.225016313186648,-0.024239493228599945,-0.600434612965829,0.20424832335429863,-0.057380730285612525,-1.9530976240350972,0.009616664172010236,0.2737675205506757,0.0,0.71875,0.5020576131687243,0.4131713387336111,0.2992164194583893
markel-13f,2023-06-30,2023-08-31,2023-08-04,4.875197323201151,0.02413417483902409,0.06868099419394347,0.39117558362243776,0.04756838287779641,0.030534351145038167,0.030534351145038167,0.0663039537708951,10.920372917966413,0.006153225340744167,0.07943188418339509,0.18987483296030822,-0.054123131518069134,0.1543926666740784,-0.01723501048818818,0.2469158458904773,1.0,0.515625,0.5020576131687243,0.5686394262814307,0.5770843029022217
marshall-wace,2023-06-30,2023-08-31,2023-08-14,7.571473648851271,0.008296171512863644,0.045360077943653355,0.21720938002367565,0.3829681699414438,0.31050463439752835,0.35282745287578543,0.13149199124772637,8.72388394691673,-0.03200199177379079,-0.12238012592162464,0.17386022649905214,-0.05764054144006092,-1.20468838005704,0.043410319368828276,0.30756117574749375,0.0,0.78125,0.5020576131687243,0.6483664507776237,0.5627714991569519
matrix,2023-06-30,2023-08-31,2023-08-14,2.9444389791664403,0.10044968785408445,0.15549445507680815,0.9136917483084315,0.13874891381356125,0.15789473684210525,0.058823529411764705,0.1561960609959358,11.818270216965251,0.18642038730498653,-0.4351093491407959,0.2929184970241763,-0.10380376799460711,-1.0901258851105868,0.1079630565300202,0.3721139129086857,0.0,0.046875,0.5020576131687243,0.3992144335586901,0.466767281293869
maverick,2023-06-30,2023-08-31,2023-08-14,5.966146739123692,0.1000542577111251,0.29514588792441177,0.5625605576576997,0.23632361186746875,0.33076923076923076,0.4161073825503356,0.18668158675682298,10.830171521055627,0.0685813343186242,-0.4708205530069679,0.2541602613770304,-0.1294846071207053,-1.118444488699271,0.045456315542464876,0.30960717192113035,0.0,0.25,0.5020576131687243,0.6679757589906005,0.513193666934967
oaktree,2023-06-30,2023-08-31,2023-08-14,5.4638318050256105,0.05461144323904441,0.1754576758784678,0.5611020462048568,0.21040708662892116,0.13135593220338984,0.31438127090301005,-0.19268190845481067,2.9667865762798917,0.020374028122481624,0.9070735751718779,0.19023770930876796,-0.04585028424294135,2.4614340150804335,,,,0.453125,0.5020576131687243,0.745197795041502,0.6401351094245911
paulson,2023-06-30,2023-08-31,2023-08-14,3.044522437723423,0.11296161798723678,0.20648404999953615,0.886906097598633,0.16147280216261095,0.19047619047619047,0.15,-0.16058493153294462,3.061088097242636,-0.041644767592073736,,0.2643160455799508,-0.16424882931707485,,0.0024659096200776442,0.2666167659987431,0.0,0.796875,0.5020576131687243,0.5254331044124805,0.2915402948856354
pershing-square,2023-06-30,2023-08-31,2023-08-14,2.0794415416798357,0.14252275905459974,0.1885753653866343,1.0,0.16225695348193314,0.125,0.125,0.057088736863050736,9.09622623920387,0.06562544021383526,0.21995418635458602,0.226939284575393,-0.0739676559361333,1.56221913918263,-0.05987708787766857,0.2042737685009969,1.0,0.28125,0.5020576131687243,0.35610291241292097,0.4638124108314514
polen,2023-06-30,2023-08-31,2023-08-11,4.605170185988092,0.05526537070057334,0.13653580517655453,0.6230096538271165,0.07451953474889617,0.08,0.02127659574468085,0.061421223096407636,16.710562105761426,0.07712149409411295,-0.18542282143296884,0.22856064051447214,-0.06327339464637649,-0.42279446099468265,-0.06623816158718424,0.19791269479148124,1.0,0.203125,0.5020576131687243,0.5289017462491953,0.5956190228462219
pzena,2023-06-30,2023-08-31,2023-08-04,5.081404364984463,0.021085206200984908,0.04913170591000565,0.3622855889822225,0.07735936319419323,0.062111801242236024,0.0736196319018405,0.011451999107027506,5.930855151437384,0.010043804482442437,0.47630588625282316,0.2724138064569914,-0.09944581375602868,0.514910460152526,-0.08014214116677562,0.18400871521188986,1.0,0.46875,0.5020576131687243,0.6626248242574477,0.6342542171478271
ruane-cunniff,2023-06-30,2023-08-31,2023-08-14,3.5263605246161616,0.06883994204330864,0.10604433538103984,0.7613788254642856,0.08886670657308293,0.11764705882352941,0.03225806451612903,0.03514643789902718,13.312183716897286,-0.027318615313643768,-0.12383055232055312,0.20848605533443995,-0.05072597191091932,-1.0216756503775994,0.02026140098451984,0.2844122573631853,0.0,0.75,0.5020576131687243,0.5334567742515038,0.48633694648742676
sachem-head,2023-06-30,2023-08-31,2023-08-14,2.70805020110221,0.21479853028805515,0.37740480769882756,0.9373640359973257,0.19271617036596367,0.2,0.29411764705882354,-0.022803079393040743,6.196056599188436,-0.22407813207744948,-0.08643920977190833,0.322391617326954,-0.1489015179226587,-1.0278692872818795,-0.0016407804774155599,0.2625100759012499,1.0,0.984375,0.5020576131687243,0.6189509826431081,0.6143401861190796
sands,2023-06-30,2023-08-31,2023-08-15,4.189654742026425,0.030898967711277328,0.06069595983990036,0.445049868595988,0.12153964294695141,0.045454545454545456,0.045454545454545456,0.05918885426983665,12.95407900572495,0.05065262278360047,-0.5064199074685815,0.2618732746060546,-0.06923226211124056,-1.6803206762432172,-0.015767521016440966,0.2483833353622245,1.0,0.328125,0.5020576131687243,0.4518338929945518,0.24834661185741425
semper-augustus,2023-06-30,2023-08-31,2023-08-14,3.4965075614664802,0.08971274803408785,0.1890645878845561,0.7673802236922357,0.07905017902168632,0.0,0.029411764705882353,0.07981732386557522,8.114835844870912,-0.02236969184460036,0.195111790161215,0.20687170666235685,-0.09145049194573474,-0.03632707940757976,-0.011181886205255231,0.25296897017341025,1.0,0.671875,0.5020576131687243,0.5991964785839184,0.6423153877258301
senator,2023-06-30,2023-08-31,2023-08-11,3.970291913552122,0.04151423997280819,0.1440953359908304,0.45092143766806797,0.4192003104219778,0.3584905660377358,0.24444444444444444,0.1916109494538197,10.88815097099144,0.0042228704530754835,-0.3784684031163043,0.20519593460899133,-0.06615266056513613,-2.276127872092234,0.03824507460075882,0.3023959309794243,0.0,0.5625,0.5020576131687243,0.5508910823560955,0.5958529710769653
soroban,2023-06-30,2023-08-31,2023-08-14,2.6390573296152584,0.16076613028894715,0.24211004007910922,0.9569438108093814,0.08189084764477006,0.0,0.17647058823529413,0.016310843969183454,16.513495945448653,-0.055779489404431656,-0.22798135455071308,0.21477510578065162,-0.06449381930523723,-2.8412280497598084,-0.024373506150689894,0.23977735022797558,1.0,0.828125,0.5020576131687243,0.6226427976332211,0.565031111240387
southeastern,2023-06-30,2023-08-31,2023-08-14,3.7612001156935624,0.03966819263490962,0.07600154667639705,0.5243800511688214,0.1581854165311588,0.09302325581395349,0.09302325581395349,-0.04245219235013677,5.923880813323636,-0.11651270095968108,0.042842154719770875,0.2760468385935957,-0.09671712421555878,-0.72908642661913,-0.11207426645862498,0.1520765899200405,1.0,0.9375,0.5020576131687243,0.5709498872576683,0.680051863193512
srs,2023-06-30,2023-08-31,2023-08-14,3.091042453358316,0.2650678083895022,0.48405531392792966,0.9188433914654655,0.1549974514190734,0.2727272727272727,0.23809523809523808,0.2223585361854639,7.499165540183671,0.18052911360147259,0.3665963449290271,0.4960064478879107,-0.15633329262051932,0.628054640360235,-0.37220370689290655,-0.10805285051424109,1.0,0.0625,0.5020576131687243,0.6899457914316014,0.5795376300811768
starboard,2023-06-30,2023-08-31,2023-08-11,3.871201010907891,0.08064485426064961,0.16296119650884117,0.8158945782314829,0.19836342218696623,0.14583333333333334,0.6019417475728155,-0.06976962556486765,5.888932269326054,-0.061846847284611345,-0.16071844116374148,0.19008644439741176,-0.07271729629654544,-2.236143624990013,0.024901367081729797,0.2890522234603953,0.0,0.859375,0.5020576131687243,0.7329307523856452,0.7784460783004761
steadfast,2023-06-30,2023-08-31,2023-08-14,3.912023005428146,0.03135176056100156,0.07469903815017515,0.4182110549820807,0.2289610592463447,0.26,0.1590909090909091,0.12216983766453417,10.73201274503158,0.005115576868067351,-0.35614009386161793,0.2068196244718937,-0.04950372860334695,-2.1539731270538565,-0.0053957294511423615,0.2587551269275231,1.0,0.546875,0.5020576131687243,0.5519189116063806,0.4312405288219452
suvretta,2023-06-30,2023-08-31,2023-08-14,4.605170185988092,0.02508595981668669,0.05008045096242796,0.4072296128064902,0.35323424889375366,0.2,0.13043478260869565,-0.1026838337167403,7.427112898379765,-0.09784439496313657,-0.3806108861536641,0.2018276258715982,-0.0822696132091244,-1.9233077005663155,0.2399599760613617,0.5041108324400272,0.0,0.90625,0.5020576131687243,0.4592953406276745,0.4553145170211792
tci,2023-06-30,2023-08-31,2023-08-14,2.302585092994046,0.1191581706408181,0.14709914973976287,1.0,0.2204166438395807,0.2,0.1111111111111111,0.14224997009253612,16.293241809069453,0.03552728638559083,-0.00902083209707466,0.23105031411726618,-0.07495061900356081,0.6659318883984937,0.04664571572013365,0.31079657209879913,0.0,0.40625,0.5020576131687243,0.3195952422685389,0.488859623670578
third-avenue,2023-06-30,2023-08-31,2023-08-14,4.060443010546419,0.03813551725038633,0.1005068247001351,0.4908160309905623,0.1365779943689418,0.08620689655172414,0.018518518518518517,0.034937427033440174,3.4773824702130174,0.13326331617106166,0.4437414401422775,0.27635540015304444,-0.08480092473020462,1.0026085397961995,0.05163048580858187,0.31578134218724735,0.0,0.109375,0.5020576131687243,0.5867723040485538,0.6012234687805176
third-point,2023-06-30,2023-08-31,2023-08-14,3.8066624897703196,0.059015920136341264,0.13672152188230785,0.6407027630166819,0.348860813369695,0.26666666666666666,0.2826086956521739,0.1104039423557734,13.683150252536118,-0.1564978886878103,-0.42936918797420653,0.13427396839001118,-0.05532351837020966,-1.6181077498940695,-0.008661146602855052,0.2554897097758104,1.0,0.953125,0.5020576131687243,0.47306333451469706,0.6924528479576111
tiger-global,2023-06-30,2023-08-31,2023-08-14,3.713572066704308,0.09221724775848443,0.2054009702388504,0.7507142372841762,0.28930467094290113,0.04878048780487805,0.30357142857142855,0.08474586800352363,19.351681786182837,-0.06579049999956484,-0.6972692849953612,0.29212256972146866,-0.08254290900432215,-1.9531130476806589,0.18558377021642603,0.4497346265950915,0.0,0.875,0.5020576131687243,0.4346526414641414,0.5088397860527039
tweedy-browne,2023-06-30,2023-08-31,2023-08-14,3.828641396489095,0.08363710928562806,0.1823704042737905,0.7660952113013163,0.06763084725899826,0.043478260869565216,0.0,0.036528970589335484,11.307250600201344,0.005872248513456441,0.12519713542067407,0.16141343101516045,-0.05376999639656033,0.5146801576806365,-0.06875795502575613,0.19539290135290935,1.0,0.53125,0.5020576131687243,0.547313583902152,0.7471603155136108
valueact,2023-06-30,2023-08-31,2023-08-14,2.1972245773362196,0.1467295376995722,0.22845791004451374,1.0,0.024798627217140323,0.0,0.0,0.04620364862468365,9.92414267671331,0.07579002865291395,0.4695367905352124,0.23871734675113618,-0.05661343061028812,0.6993474553632059,0.09128798044052028,0.35543883681918576,0.0,0.21875,0.5020576131687243,0.5742317903957552,0.494698703289032
viking,2023-06-30,2023-08-31,2023-08-14,4.454347296253507,0.024084542155287117,0.06941960926520056,0.3726328263908652,0.2814926018912758,0.2441860465116279,0.19753086419753085,0.13660734140583672,11.45980441083255,0.08650037879456526,-0.20555731700192226,0.21547064646037478,-0.05002203378530301,-0.8875755023134609,-0.05651206308079801,0.20763879329786747,1.0,0.171875,0.5020576131687243,0.4940317653355939,0.6419729590415955
whale-rock,2023-06-30,2023-08-31,2023-08-14,3.713572066704308,0.039576452095313214,0.0859225275737793,0.5152331148552027,0.27008302963437336,0.21951219512195122,0.21951219512195122,0.24488565837832577,13.227589444134686,0.12708912354488536,-0.44131127442052065,0.2972306332268938,-0.06132579953348771,-0.4759955046011035,0.09778310076390845,0.3619339571425739,0.0,0.125,0.5020576131687243,0.37482631709598363,0.507542073726654
yacktman,2023-06-30,2023-08-31,2023-08-08,4.204692619390966,0.03157713901094977,0.08058445360289145,0.4376063959891838,0.04577284454213115,0.014925373134328358,0.029411764705882353,0.04202778761697366,9.542587818800754,-0.022922672776833908,0.247636869847139,0.20395902210450048,-0.061252726075755826,0.8045933327501434,-0.07348794584255067,0.1906629105361148,1.0,0.6875,0.5020576131687243,0.5547957861237526,0.5473572015762329
abrams,2023-09-30,2023-11-30,2023-11-13,2.70805020110221,0.12285280729373316,0.23333208981327133,0.9470440692244092,0.12024744304775603,0.0,0.11764705882352941,-0.13892422888829528,10.416041037947583,0.09818324782049215,0.08364892230009435,0.26342464757371337,-0.12252840861477354,0.3254804222360589,0.1361672310312954,0.4902674407325951,0.0,0.28125,0.4990151017728168,0.4892854077926993,0.40299519896507263
adage,2023-09-30,2023-11-30,2023-11-14,6.755768921984255,0.010838103622714982,0.05538745673215796,0.24820187752724254,0.1491805549006331,0.14435389988358557,0.14733178654292342,-0.041915782851859686,11.140956919495503,0.10055819147512654,0.0735630324556158,0.17688085088374847,-0.0653194687846348,1.692008159681777,-0.007820903574691729,0.34627930612660796,1.0,0.25,0.4990151017728168,0.47648614006032464,0.5663743615150452
akre,2023-09-30,2023-11-30,2023-11-13,2.833213344056216,0.11707578693823892,0.21266858436011996,0.961563569656256,0.0598353503602298,0.0,0.05555555555555555,-0.09659428161796173,12.783790094635668,0.04094720941195826,-0.0009880024890261685,0.2165051933327951,-0.07437530423807237,-0.39947516930209714,-0.013858798063245414,0.34024141163805427,1.0,0.4375,0.4990151017728168,0.5379582943046577,0.5637749433517456
altimeter,2023-09-30,2023-11-30,2023-11-14,2.3978952727983707,0.2554368492032236,0.4465882235287771,0.999770659938361,0.07930105932713838,0.2727272727272727,0.2727272727272727,-0.048148756728557625,16.813984691289406,0.38055320581982127,-0.5742859926233354,0.3075566646126177,-0.133135824579375,-0.4367933381088762,-0.11338538486550148,0.2407148248357982,1.0,0.03125,0.4990151017728168,0.37722605392364517,0.40425077080726624
appaloosa,2023-09-30,2023-11-30,2023-11-14,3.4657359027997265,0.06374534531960216,0.11555670785081762,0.7226234484786569,0.16061015263036282,0.03125,0.20512820512820512,-0.06184650295787303,19.822736313157645,0.13796877809000824,0.1588604344535819,0.2279499652907849,-0.07675007038542492,0.491693644790128,0.026904630947380437,0.3810048406486801,0.0,0.203125,0.4990151017728168,0.4492922839084846,0.6193416714668274
atreides,2023-09-30,2023-11-30,2023-11-14,3.295836866004329,0.0731289393212903,0.12236558057828933,0.7859211823220021,0.39829629528226773,0.3333333333333333,0.41935483870967744,-0.13539010631918524,11.806295579307902,0.17439652979792086,-0.30423752975716245,0.31508571076328523,-0.1886233116318723,-0.24454609343356076,0.2575701597428876,0.6116703694441873,0.0,0.125,0.4990151017728168,0.31490171091526603,0.40188390016555786
baupost,2023-09-30,2023-11-30,2023-11-13,3.4657359027997265,0.07128921980220228,0.15060818286585761,0.7486745174994376,0.3251918245461287,0.25,0.1724137931034483,-0.07405781880000306,6.6122228425440905,-0.06682493156383432,-0.3281569969025233,0.2402683821466731,-0.15554535374330725,-1.8790479933272823,-0.006603194486062447,0.34749701521523724,1.0,0.859375,0.4990151017728168,0.4909826364866534,0.6911596655845642
berkshire-13f,2023-09-30,2023-11-30,2023-11-14,3.8066624897703196,0.2769611456759729,0.5003972418336204,0.9192953990853205,0.03259512914166751,0.13333333333333333,0.1875,-0.10573503153636933,11.762520218477661,-0.03418137980774362,0.11458101009088523,0.20219076696908037,-0.12189110345737297,0.39901231504327694,-0.059727134266977566,0.2943730754343221,1.0,0.75,0.4990151017728168,0.640292293091861,0.6099622249603271
cantillon,2023-09-30,2023-11-30,2023-11-06,3.6635616461296463,0.03139809271480939,0.05867137766924692,0.4115113031513663,0.03938254018803922,0.02564102564102564,0.0,-0.05933831940279175,10.249001255596381,0.03680994350558167,-0.01610643827678812,0.19509926659727536,-0.089031687256107,-0.2125378592048348,-0.07199236161380257,0.2821078480874971,1.0,0.453125,0.4990151017728168,0.48603903756860606,0.5964665412902832
coatue,2023-09-30,2023-11-30,2023-11-14,4.454347296253507,0.04638903281348014,0.10021785866837911,0.5927526883938579,0.1991245372167646,0.11627906976744186,0.16483516483516483,-0.035070531772042945,16.679193637840086,0.1338524655620436,-0.619495025543763,0.33619008301766595,-0.13650622260940581,-1.4922657525075986,0.21609066752940737,0.570190877230707,0.0,0.21875,0.4990151017728168,0.3780735094738595,0.30400291085243225
corvex,2023-09-30,2023-11-30,2023-11-14,3.5263605246161616,0.06895150724653488,0.13398130021613344,0.6981493682074974,0.3324435396428729,0.3235294117647059,0.25806451612903225,-0.025091790893187596,8.583503343372984,-0.028812788341132586,-0.06066155456605812,0.23232928267791347,-0.16064624540316896,-0.402731752109617,0.03975998074649362,0.3938601904477933,0.0,0.6875,0.4990151017728168,0.4510987773599312,0.7169575095176697
d1,2023-09-30,2023-11-30,2023-11-14,3.6109179126442243,0.0513523650072447,0.1236142437920638,0.6072639423064662,0.39717828161673063,0.32432432432432434,0.34210526315789475,0.28955415177745025,13.51551606572646,0.0006991681454961429,-0.5436000706786279,0.2601184380050982,-0.1457605007687791,-1.6304940398190906,0.2425428391543621,0.5966430488556618,0.0,0.546875,0.4990151017728168,0.3718026161820454,0.5410237312316895
darsana,2023-09-30,2023-11-30,2023-11-14,2.302585092994046,0.11778106417300971,0.15455199051238794,1.0,0.2055617487690602,0.2,0.1111111111111111,0.27437063154494595,12.486595954426802,0.168730589340086,-0.3401260891054273,0.22297180654046725,-0.0629651079470116,-0.6601456519897014,0.07678303699205596,0.43088324669335565,0.0,0.140625,0.4990151017728168,0.33939698664939494,0.4029720425605774
dragoneer,2023-09-30,2023-11-30,2023-11-14,3.367295829986474,0.06183368997291996,0.1027645649878605,0.723681933866549,0.2587331494767545,0.20689655172413793,0.11538461538461539,-0.10860948078088484,5.885438879411013,0.059010926142327225,-0.7997806670937577,0.39555992606746926,-0.28311501856798704,-1.4544242677781887,0.05010052869559589,0.4042007383968956,0.0,0.359375,0.4990151017728168,0.25125272844676433,0.2677208483219147
duquesne,2023-09-30,2023-11-30,2023-11-14,3.713572066704308,0.07285605260256915,0.13652057279743254,0.7318237859918102,0.22955156806336585,0.3170731707317073,0.4716981132075472,-0.03099358280209673,14.04543712619542,0.06466241526844357,-0.05932951771994721,0.19163877757204814,-0.08624431810095656,0.2819657819979885,0.5385868821136712,0.892687091814971,0.0,0.34375,0.4990151017728168,0.48479952975862767,0.7362523674964905
egerton,2023-09-30,2023-11-30,2023-11-13,3.091042453358316,0.06869175848605856,0.14261266412002718,0.7282667554976552,0.18366442681879092,0.18181818181818182,0.21739130434782608,-0.11842520995652701,15.052200292474424,0.008236073105875236,-0.15987754935194956,0.15613384577885664,-0.075718826448123,-1.6168530537534107,-0.0024128591167993374,0.35168735058450035,1.0,0.515625,0.4990151017728168,0.5493518449179869,0.5263453722000122
elliott,2023-09-30,2023-11-30,2023-11-14,3.7612001156935624,0.10833839751182228,0.2095092069765726,0.7971213349340932,0.1467630975977664,0.06976744186046512,0.09090909090909091,-0.0028698227877301274,3.7500186410824288,0.06879352934822666,1.0256360209069664,0.16621614194766654,-0.08161781246671695,2.803586217993396,-0.1704408434498793,0.18365936625142038,1.0,0.328125,0.4990151017728168,0.6581490585472373,0.7111577391624451
eminence,2023-09-30,2023-11-30,2023-11-14,4.0943445622221,0.023527838669933906,0.0568241468019164,0.3296610411590484,0.20002322520903915,0.1,0.12903225806451613,-0.09705320998334485,7.160147216884285,-0.013556559784511243,0.07834377144968352,0.21555468034225103,-0.12456257299551532,0.6331411295721443,0.08152469173280152,0.4356249014341012,0.0,0.625,0.4990151017728168,0.4329471224652281,0.5369626879692078
farallon,2023-09-30,2023-11-30,2023-11-14,5.062595033026967,0.03368778895867213,0.11721241273934312,0.43889504300873505,0.27089270369504437,0.21518987341772153,0.2392638036809816,0.09915337646804356,10.244584157157822,-0.0072048365864680886,-0.08989854236173267,0.20328950304197316,-0.1406991216525565,-0.49975881900532265,0.003194845842635241,0.3572950555439349,0.0,0.59375,0.4990151017728168,0.5261409752026559,0.7097325325012207
fisher,2023-09-30,2023-11-30,2023-11-13,7.062191632286556,0.013319688957659573,0.05208043125903134,0.27313434594627,0.0651571903970335,0.11311053984575835,0.11158798283261803,-0.026094471946059627,10.728870011268244,0.10309010476239167,-0.033341949855035496,0.19677839574160771,-0.08621465228883907,-0.07966585712829198,-0.0044555467052225795,0.3496446629960771,1.0,0.234375,0.4990151017728168,0.6148339436806769,0.5879948735237122
fundsmith,2023-09-30,2023-11-30,2023-11-14,3.6635616461296463,0.05641094700210071,0.12408042247082286,0.6548304785268226,0.07740548396364055,0.05128205128205128,0.05128205128205128,-0.0796375409510436,14.500604404435297,-0.03882903707365175,-0.1693394065279443,0.1707259892967864,-0.11174246126374188,-1.0522628359362183,-0.11200240953311355,0.24209780016818613,1.0,0.78125,0.4990151017728168,0.5053350998483374,0.5646169185638428
gardner-russo,2023-09-30,2023-11-30,2023-11-14,4.406719247264253,0.08058010676981438,0.14381848761307148,0.816625982284973,0.05924920979663417,0.012195121951219513,0.024096385542168676,-0.0986276927509648,10.45722180975629,-0.00865662373589729,-0.006335839610415506,0.14789736353699748,-0.07186742070324736,-0.8331284955263637,-0.10841754551559768,0.245682664185702,1.0,0.609375,0.4990151017728168,0.5997068780121088,0.6886221766471863
giverny,2023-09-30,2023-11-30,2023-11-13,4.04305126783455,0.04596672261499067,0.09062326218549265,0.5938024130765003,0.053597393951116956,0.017543859649122806,0.05084745762711865,-0.031864993682585226,10.78505535697322,-0.0319009384839128,-0.0320028080247057,0.1899755732617544,-0.1095491725914689,-0.8521967862336584,-0.04084613835037537,0.3132540713509243,1.0,0.71875,0.4990151017728168,0.5603725775086223,0.6424658894538879
glenview,2023-09-30,2023-11-30,2023-11-14,3.8501476017100584,0.05426191946688955,0.12306067451119093,0.5994388267779156,0.1825697283041936,0.2127659574468085,0.1956521739130435,-0.012726454984710246,8.210668269974683,-0.05981472173042442,0.15950553367313314,0.19079573882201162,-0.12350175787783657,0.45889165305152135,0.015719786113313372,0.36981999581461306,0.0,0.84375,0.4990151017728168,0.5305017258200978,0.7223061323165894
gotham,2023-09-30,2023-11-30,2023-11-14,7.180069874302796,0.011694210347774575,0.0804843077536563,0.22480536022331282,0.1614839237479222,0.10891089108910891,0.09582689335394126,0.05144465310227456,6.288539672715378,0.028016567619041366,0.0682454837955418,0.16716177135132562,-0.08243424612341888,0.8627464933845891,-0.005797795003927686,0.348302414697372,1.0,0.46875,0.4990151017728168,0.5790623760619027,0.5997018814086914
greenhaven-road,2023-09-30,2023-11-30,2023-11-14,3.258096538021482,0.1331832481093316,0.23450047068624494,0.9439800261811354,0.07227288140764698,0.038461538461538464,0.2647058823529412,0.005789369286482027,4.374656681100373,0.21242547200535555,-0.3446995852087302,0.3716337270608159,-0.17832795047787653,-0.09002324796423038,0.4664105209183432,0.8205107306196429,0.0,0.078125,0.4990151017728168,0.45487396888000015,0.4734586477279663
greenlight,2023-09-30,2023-11-30,2023-11-14,3.6635616461296463,0.12691285372660743,0.2909880158343633,0.7964054349936017,0.221561579824202,0.05128205128205128,0.0975609756097561,-0.19164811825464545,3.281594528073755,0.25014169155550225,0.5145019140612486,0.3003609719226706,-0.18164373108321785,0.919565300732728,,,,0.046875,0.4990151017728168,0.6187743570448382,0.6409347653388977
harris,2023-09-30,2023-11-30,2023-11-14,4.890349128221754,0.02196446249291227,0.059930034207309905,0.3592743146702996,0.11483938307465602,0.06015037593984962,0.11971830985915492,-0.03535488614451286,10.593518206156286,0.09147714760677039,0.195698400913974,0.3111400422630297,-0.09474264992530268,0.06421630648024632,-0.011409386892826945,0.34269082280847274,1.0,0.296875,0.4990151017728168,0.6017588654389718,0.5828101634979248
himalaya,2023-09-30,2023-11-30,2023-11-14,1.791759469228055,0.19746671120909873,0.27199629471315345,1.0,0.029775996820866846,0.0,0.0,0.015867195673935647,17.786006498536896,0.04632298297836401,,0.24808646046396918,-0.1008594607046438,,0.05982271495764041,0.4139229246589401,0.0,0.40625,0.4990151017728168,0.4091234326695062,0.3317357301712036
hound,2023-09-30,2023-11-30,2023-11-14,2.8903717578961645,0.1006382897279244,0.17750593465209408,0.8573877263539085,0.24888926282330315,0.2222222222222222,0.125,0.02340618911680635,8.582702578157905,-0.032295988177506965,-0.28578129340869524,0.22798683113405988,-0.16033505433570616,-2.2609345511562307,0.2523628389470272,0.6064630486483269,0.0,0.734375,0.4990151017728168,0.5132016103595686,0.4944061040878296
icahn,2023-09-30,2023-11-30,2023-11-14,2.6390573296152584,0.37451944023308903,0.5744174351626166,0.9821251173904209,0.09836611235183912,0.0,0.06666666666666667,-0.2482204594203321,1.854673452857373,-0.5986878778128518,-0.416516707942157,0.6453784322774845,-0.5176558778841507,-0.9379704269468733,-0.49716091716501043,-0.14306070746371077,1.0,1.0,0.4990151017728168,0.3889966547738886,0.1851414144039154
impactive,2023-09-30,2023-11-30,2023-11-13,2.0794415416798357,0.13822543663803838,0.20412501587808646,1.0,0.06169451892152611,0.0,0.0,-0.05230026092621812,3.655795466671119,-0.07044141216730651,0.18255173506680494,0.2325628430835162,-0.13611458890377726,0.25109392423911636,-0.17132737655742789,0.1827728331438718,1.0,0.890625,0.4990151017728168,0.5005134904286804,0.6294500827789307
kingdon,2023-09-30,2023-11-30,2023-11-14,4.007333185232471,0.027729148321970345,0.058994754856126264,0.40074796601922447,0.4553355055370941,0.36363636363636365,0.36363636363636365,-0.04576488914867842,9.114923301357491,-0.07947947860280902,,0.19010333627716164,-0.11309245450302274,,0.16543303316978603,0.5195332428710857,0.0,0.90625,0.4990151017728168,0.4288492475725982,0.6517557501792908
lansdowne,2023-09-30,2023-11-30,2023-11-14,3.58351893845611,0.12227658214658242,0.19211947789681227,0.9184739476132507,0.23667301630806203,0.4722222222222222,0.0,0.1919344079055908,8.564600632636218,0.14319186816216095,0.0908276007449012,0.2820316300694108,-0.13206726962157933,-0.11687816286400118,0.07031477020912569,0.42441497991042537,0.0,0.171875,0.4990151017728168,0.5052721087956058,0.7208787202835083
lone-pine,2023-09-30,2023-11-30,2023-11-14,3.258096538021482,0.04672039166454875,0.08043556656381383,0.56787370415561,0.23953494202214776,0.15384615384615385,0.2413793103448276,-0.05053835467233974,16.895852239369695,0.05804824679121162,-0.5583684521314747,0.21592414241525562,-0.11724806422076339,-1.7391202996308077,0.26535674018412475,0.6194569498854244,0.0,0.375,0.4990151017728168,0.3457930355630422,0.3713836669921875
markel-13f,2023-09-30,2023-11-30,2023-11-03,4.890349128221754,0.024539628016884352,0.07147343311124056,0.39001439551875405,0.04155864126680897,0.045112781954887216,0.030534351145038167,-0.013801760623294912,10.972661768207164,-0.038295526818872355,0.0805414619345724,0.17088504170951394,-0.08441878647300949,-0.3568376653862759,-0.004329876414020828,0.34977033328727886,1.0,0.765625,0.4990151017728168,0.6010473949546882,0.6045618057250977
marshall-wace,2023-09-30,2023-11-30,2023-11-14,7.486613313139955,0.012611975231439634,0.08315490121448925,0.24504116126465766,0.3732031034731528,0.2757847533632287,0.33470648815653964,0.005415116391781434,8.622678811959396,-0.020388485854126323,-0.060033666902531674,0.17550346464961672,-0.0850238091432165,-0.863507438777049,0.000612019726713986,0.35471222942801367,0.0,0.65625,0.4990151017728168,0.6490305024322252,0.6113406419754028
matrix,2023-09-30,2023-11-30,2023-11-14,2.9444389791664403,0.1008362191055408,0.1650750300151224,0.9095777450512446,0.052733404350837954,0.0,0.0,-0.031886442528074564,10.630935157722684,0.19609354562915532,-0.46030535055803634,0.3019124351729287,-0.13972297961879965,-0.9034255969734278,0.09358731260194064,0.4476875223032403,0.0,0.09375,0.4990151017728168,0.374962951758153,0.5386574864387512
maverick,2023-09-30,2023-11-30,2023-11-14,5.697093486505405,0.10796317597144084,0.3062066350881486,0.5925836643463126,0.20859274796055172,0.4597315436241611,0.5871794871794872,-0.09141612207369551,11.712162691721751,0.013367552592652376,-0.4686914975545128,0.25093794794605967,-0.07863101120115923,-0.7793419357504244,0.19043018378478488,0.5445303934860846,0.0,0.5,0.4990151017728168,0.6868306285823939,0.5732495784759521
oaktree,2023-09-30,2023-11-30,2023-11-13,5.293304824724492,0.07243203094165522,0.22225976877087428,0.601957784417673,0.15948736233066596,0.18090452261306533,0.3093220338983051,-0.11518354647352058,2.7429704607832375,0.0009928181619442145,0.7356295203339396,0.14690009172852586,-0.04810942573268939,2.19744904672708,,,,0.53125,0.4990151017728168,0.7641014376671689,0.653872013092041
paulson,2023-09-30,2023-11-30,2023-11-14,2.8903717578961645,0.13129287942252943,0.21769939907355093,0.9248362890871387,0.22169254540733485,0.05555555555555555,0.19047619047619047,0.08712587464979347,4.050462227984804,-0.15335454168243,-0.5215731754129376,0.2772269185599701,-0.2693404212000634,-1.0299864877989915,0.23865969916842794,0.5927599088697276,0.0,0.984375,0.4990151017728168,0.3258007419776269,0.42059195041656494
pershing-square,2023-09-30,2023-11-30,2023-11-14,2.0794415416798357,0.13339883626612578,0.1664597140348548,1.0,0.18369122803114846,0.125,0.125,-0.030278541745635944,10.17967451493394,-0.014693186521664334,0.18873801369522986,0.19781412527889625,-0.10205019482142819,1.337298637213624,-0.07510116664150612,0.27899904305979356,1.0,0.640625,0.4990151017728168,0.34249239421522326,0.5449946522712708
polen,2023-09-30,2023-11-30,2023-11-13,4.59511985013459,0.05193686186074134,0.12501997500267092,0.609495696569297,0.05282473093616247,0.0707070707070707,0.08,-0.05890050037035722,16.614709973424752,0.1772444311758954,-0.1246059473197588,0.22954119228180103,-0.08572983705872539,-0.2941493325012144,-0.09969682423792858,0.2544033854633711,1.0,0.109375,0.4990151017728168,0.5154210340246419,0.6750980615615845
pzena,2023-09-30,2023-11-30,2023-11-09,5.075173815233827,0.021543361579724512,0.05086526516174855,0.359139635814895,0.12894552397011716,0.08125,0.08695652173913043,-0.0073193716734208285,5.71972415084404,-0.05488299947117532,0.2248813382966351,0.2231762077098459,-0.11197197636181466,-0.24058216326479648,-0.1272903522684208,0.22680985743287888,1.0,0.8125,0.4990151017728168,0.6302078840017054,0.6434600949287415
ruane-cunniff,2023-09-30,2023-11-30,2023-11-14,3.58351893845611,0.06765066037293939,0.10513156948231726,0.7456113721558614,0.12891867913372324,0.1388888888888889,0.08823529411764706,-0.05082198244982693,13.566640693043993,5.978244090557028e-05,-0.0890688016504067,0.1736033593031448,-0.09193498105025755,-0.4998650995994096,0.013592234754670862,0.36769244445597055,0.0,0.5625,0.4990151017728168,0.4639584225661309,0.41945791244506836
sachem-head,2023-09-30,2023-11-30,2023-11-14,2.4849066497880004,0.24663077828024824,0.37886222292186245,0.9732407351017673,0.2237394750864895,0.3333333333333333,0.4666666666666667,-0.10669268398721232,6.522583001848496,-0.134654558205562,-0.22366055521378356,0.2565097156145924,-0.16410244682073127,-1.5783129578848096,0.03121256281557727,0.38531277251687696,0.0,0.953125,0.4990151017728168,0.585174807169328,0.6238937377929688
sands,2023-09-30,2023-11-30,2023-11-14,4.31748811353631,0.03129239842255311,0.06120048263328111,0.45580946645727577,0.06880976885363077,0.13333333333333333,0.015151515151515152,-0.09182242357510184,13.289697189495726,0.148218552637018,-0.4629011814155996,0.2861867776278638,-0.15047650034524318,-1.2503115788280208,-0.006485607467271226,0.34761460223402846,1.0,0.15625,0.4990151017728168,0.4116205323006473,0.377721905708313
semper-augustus,2023-09-30,2023-11-30,2023-11-14,3.4965075614664802,0.09778437942547173,0.19440952150440477,0.8010131638523688,0.06236078891970542,0.0,0.0,-0.013831823595812216,8.214346253109172,-0.10372715233088999,0.15945443770944395,0.18202575236079346,-0.09145049194573462,-0.4629025557897342,-0.08418426910535293,0.26991594059594676,1.0,0.921875,0.4990151017728168,0.6253900291820519,0.8183538317680359
senator,2023-09-30,2023-11-30,2023-11-14,3.9889840465642745,0.0319733879142299,0.0754329660550023,0.4504124358996048,0.3727839531490079,0.24074074074074073,0.22641509433962265,-0.21927420663845704,12.598285330494896,0.017527025195917395,-0.3601515845166896,0.18954234902179565,-0.0740958226500702,-2.2282628971546488,0.09587086467605016,0.44997107437734984,0.0,0.484375,0.4990151017728168,0.4759774188143128,0.3896951675415039
soroban,2023-09-30,2023-11-30,2023-11-14,2.70805020110221,0.1468902836275145,0.24878994107351016,0.9362998950308734,0.0683965134447514,0.13333333333333333,0.07142857142857142,-0.09134610920679445,16.148721311587746,-0.021155870315050257,-0.2008772338589375,0.16117374562365444,-0.0705925487036333,-3.0980206036358506,-0.07926925758774783,0.27483095211355185,1.0,0.671875,0.4990151017728168,0.6682546234833414,0.46941691637039185
southeastern,2023-09-30,2023-11-30,2023-11-14,3.784189633918261,0.039811971585084156,0.07841236505692292,0.5126163129981927,0.14208691190461875,0.11363636363636363,0.09302325581395349,-0.04881343026337735,5.16830457519632,-0.05549281662653145,-0.13610912046665133,0.2534907506683787,-0.1527114471240476,-1.243197330492597,-0.017267768994647437,0.33683244070665225,1.0,0.828125,0.4990151017728168,0.5411264042958019,0.4757023751735687
srs,2023-09-30,2023-11-30,2023-11-14,2.9444389791664403,0.24069643797100454,0.45198567332799755,0.9431560212301127,0.08676482267942232,0.0,0.13636363636363635,-0.2282822367746367,7.595064892374603,-0.003969075788121834,0.3119599987746648,0.4179199659704275,-0.18487090461014644,0.8710177277151128,-0.24597948458905883,0.10812072511224084,1.0,0.578125,0.4990151017728168,0.6274482665513779,0.4339762032032013
starboard,2023-09-30,2023-11-30,2023-11-14,3.2188758248682006,0.09335239470548996,0.19008259676284014,0.8700171334711752,0.23565616918602306,0.08,0.5208333333333334,-0.170449872104531,5.6739287328199195,-0.030351282237404395,-0.014412250239564245,0.22312725067340627,-0.07509521133879526,-0.6751915581080205,-0.053748218587026886,0.3003519911142728,1.0,0.703125,0.4990151017728168,0.6348692792844616,0.6649004817008972
steadfast,2023-09-30,2023-11-30,2023-11-14,3.8501476017100584,0.029890874615267064,0.05903311287968596,0.41758988188670965,0.2848964557115462,0.2127659574468085,0.26,-0.008378784640993816,11.408245832090952,0.04591195092713429,-0.2910006915486139,0.19437997841094362,-0.07971512265856684,-1.6105115606760148,0.06136662364704065,0.41546683334834034,0.0,0.421875,0.4990151017728168,0.4738093910615677,0.5808780789375305
suvretta,2023-09-30,2023-11-30,2023-11-14,4.465908118654584,0.030655980248445375,0.060065749247135564,0.47074331018179966,0.2460233903959056,0.12643678160919541,0.24,-0.01059008639495991,9.212299702738342,-0.12034783479151123,-0.3935616856104993,0.212500376760526,-0.15779597114010224,-1.9774374046885164,0.1714862475430165,0.5255864572443162,0.0,0.9375,0.4990151017728168,0.4827944184372221,0.5276616215705872
tci,2023-09-30,2023-11-30,2023-11-14,2.1972245773362196,0.13460575258782012,0.16704088992828448,1.0,0.11981013465148238,0.0,0.1,-0.2000180296007525,13.064549738576964,0.09082093029804139,0.05489591125371551,0.21312369159012068,-0.07960511731576225,0.45800287897210434,-0.06181398680684813,0.29228622289445155,1.0,0.3125,0.4990151017728168,0.3731877078215555,0.4969428479671478
third-avenue,2023-09-30,2023-11-30,2023-11-15,4.07753744390572,0.04029626706806388,0.10849335068964218,0.4979175925065048,0.08281847924792607,0.05084745762711865,0.034482758620689655,-0.015868465803199283,3.4920266126156854,0.10049024728830913,0.3821989517128653,0.23083561589621907,-0.0920774788109221,1.195578901816325,-0.055167175412007774,0.2989330342892919,1.0,0.265625,0.4990151017728168,0.5877168734043209,0.6514430046081543
third-point,2023-09-30,2023-11-30,2023-11-14,3.6888794541139363,0.06798447055736893,0.14011947427493984,0.710066610361935,0.23391589976673488,0.2,0.28888888888888886,-0.04181008781379473,16.186278988918765,-0.14330410931673357,-0.3957298899437329,0.1384358843291445,-0.10937597147681122,-1.5665126191508636,0.06245169940673201,0.4165519091080317,0.0,0.96875,0.4990151017728168,0.4579904172367367,0.6705493330955505
tiger-global,2023-09-30,2023-11-30,2023-11-14,3.871201010907891,0.08251742213951803,0.19691068209776208,0.718395250840194,0.12979506700190258,0.1875,0.04878048780487805,0.12517815154159137,20.028987854677162,0.23573944385207046,-0.6370660686803967,0.24200794042089788,-0.10481881254819958,-1.3077042154192724,0.1853955203860606,0.5394957300873603,0.0,0.0625,0.4990151017728168,0.3731266463279435,0.5171511769294739
tweedy-browne,2023-09-30,2023-11-30,2023-11-13,3.8501476017100584,0.08767000616424346,0.18966728756915782,0.7789992802062919,0.06909143739322954,0.06382978723404255,0.043478260869565216,-0.01916056974227498,11.971111377186352,-0.04647109546453777,0.10091968700244203,0.1487959102456673,-0.08270980412597595,0.2654327678150172,-0.1689898774832822,0.18511033221801748,1.0,0.796875,0.4990151017728168,0.5523670404618104,0.7889822125434875
valueact,2023-09-30,2023-11-30,2023-11-14,2.4849066497880004,0.13446332267324815,0.19154882679367355,0.9853837366442605,0.13144660614359105,0.3333333333333333,0.1111111111111111,-0.3679498745231973,9.726555130290635,0.14171727842245524,0.4185391006710429,0.26973469835134395,-0.0949025434612143,0.7201750857123866,0.10745283231425212,0.4615530420155518,0.0,0.1875,0.4990151017728168,0.5644178965027915,0.5532558560371399
viking,2023-09-30,2023-11-30,2023-11-14,4.382026634673881,0.028030870728819556,0.06507012142530437,0.42527686631977213,0.2655521597152116,0.1875,0.2441860465116279,0.008797189072463052,12.22558966297097,0.05474796701457929,-0.25119804532878,0.19837449825891132,-0.11325207886386035,-1.0673681393906387,-0.05274620976515687,0.3013539999361428,1.0,0.390625,0.4990151017728168,0.4497314844959266,0.5562276244163513
whale-rock,2023-09-30,2023-11-30,2023-11-14,3.6888794541139363,0.04148556912319983,0.08751185558834947,0.5343758227007661,0.24567222928032761,0.275,0.2926829268292683,-0.15818675490712597,13.19767472260873,0.42039772425029237,-0.42243068180056165,0.28954405886725104,-0.10094405769674397,0.08827835550761805,0.25551921093748925,0.6096194206387889,0.0,0.015625,0.4990151017728168,0.3115421995500208,0.433134526014328
yacktman,2023-09-30,2023-11-30,2023-11-01,4.248495242049359,0.03369844728710234,0.09608547049261734,0.4593249515343401,0.06059765215309043,0.07142857142857142,0.029850746268656716,-0.03855344752745835,9.320584481632546,-0.0676747498286265,0.18394041040257403,0.1545764039075651,-0.06259568804665117,0.28285578155622626,-0.1167401310591849,0.23736007864211478,1.0,0.875,0.4990151017728168,0.5894779430261404,0.6711675524711609
abrams,2023-12-31,2024-02-29,2024-02-09,2.70805020110221,0.12385306276010818,0.24469263406185957,0.9525682528773477,0.04958208529634944,0.0,0.0,0.06127492687494933,9.623857172961001,0.03287653065517465,0.02672163932846855,0.23519877438159875,-0.12252840861477365,0.8225064472396862,-0.02346068639138102,0.15922992220791726,1.0,0.46153846153846156,0.497164461247637,0.4505096339856891,0.43732813000679016
adage,2023-12-31,2024-02-29,2024-02-14,6.7357800142423265,0.011191995139827323,0.056080192613278984,0.2521911871442174,0.16924661430649257,0.14489311163895488,0.16181606519208383,0.09102830799654801,11.210029309855997,0.12800671707622246,0.10878574744323716,0.1365299310840998,-0.06531946878463468,1.2509256489951617,0.029729148067058397,0.21241975666635668,0.0,0.24615384615384617,0.497164461247637,0.5044110642435695,0.5370474457740784
akre,2023-12-31,2024-02-29,2024-02-09,2.8903717578961645,0.11241268529777254,0.1816580503853309,0.9576997689817591,0.06902315191310526,0.05555555555555555,0.0,0.08721496642387838,12.082490469496612,0.041312567548838275,0.06982877098679635,0.18285957030271674,-0.07437530423807237,-0.210512465652105,0.029979772826425194,0.21267038142572348,0.0,0.4153846153846154,0.497164461247637,0.5136428108048121,0.6086110472679138
altimeter,2023-12-31,2024-02-29,2024-02-14,2.3978952727983707,0.22848822613699424,0.4105344745178818,0.9998692010340284,0.07278280643613666,0.09090909090909091,0.09090909090909091,0.13387821899741195,17.736111054287615,0.33770785797861197,-0.5394982958328624,0.2879309325532919,-0.13313582457937512,-0.13271381669151813,-0.11738909939764064,0.06530150920165764,1.0,0.06153846153846154,0.497164461247637,0.28887203309244136,0.3295072615146637
appaloosa,2023-12-31,2024-02-29,2024-02-14,3.6635616461296463,0.06331740470808316,0.11574596362266765,0.7084621220599614,0.10167433257670044,0.2564102564102564,0.09375,0.11042151483076816,20.13967666705693,0.3392241441180071,0.3613814715209324,0.17850119159393893,-0.07675007038542503,1.4103414042112392,0.048743475855709706,0.231434084455008,0.0,0.046153846153846156,0.497164461247637,0.44296330924160876,0.6424177885055542
atreides,2023-12-31,2024-02-29,2024-02-14,3.4657359027997265,0.05488090207667048,0.10981458916220321,0.6388294610900938,0.4034136811699912,0.4375,0.3333333333333333,-0.0333283836879818,9.314569130860441,0.2619534099382898,-0.34169338907043867,0.2868698615221001,-0.1886233116318723,0.08161583742614723,-0.05291836916153092,0.12977223943776736,1.0,0.12307692307692308,0.497164461247637,0.27398811932894873,0.4909524619579315
baupost,2023-12-31,2024-02-29,2024-02-13,3.1354942159291497,0.08455659117003189,0.17201104374948337,0.8355175759759409,0.38111502760695914,0.08695652173913043,0.34375,-0.1285757986823085,6.66807225328825,-0.18548643209854854,-0.42220331131046407,0.18469619608423868,-0.15554535374330747,-1.9162751635703474,-0.02518568178880401,0.15750492681049427,1.0,0.9230769230769231,0.497164461247637,0.44415175484243724,0.5735294222831726
berkshire-13f,2023-12-31,2024-02-29,2024-02-14,3.713572066704308,0.2803896922558939,0.5019243242597347,0.9291819756308504,0.028152990007979883,0.0,0.08888888888888889,0.10333123904557659,11.18166469585288,-0.1409056439619472,0.02491580100915658,0.16245670323383724,-0.12189110345737297,-0.28305358258071256,0.09146245186832283,0.2741530604676211,0.0,0.8769230769230769,0.497164461247637,0.6321921495452927,0.6775552034378052
cantillon,2023-12-31,2024-02-29,2024-02-07,3.6109179126442243,0.03300058619577895,0.06908168259889338,0.4286255864796714,0.08648046762271355,0.0,0.05128205128205128,0.10454003804584067,10.305150813497423,0.024550766156495596,0.023356590016473278,0.17481144229709086,-0.08903168725610677,0.13169508540777491,-0.03469369594277302,0.14799691265652526,1.0,0.49230769230769234,0.497164461247637,0.4572000378049064,0.46124136447906494
coatue,2023-12-31,2024-02-29,2024-02-14,4.605170185988092,0.04188309625160946,0.0897659542900973,0.5671142159080611,0.17959648699289277,0.29,0.1744186046511628,0.19042839695114688,15.821084247540217,0.3048226119117187,-0.5816800024764381,0.2612738867915866,-0.13650622260940581,-0.9171685841037416,0.030495248018060306,0.2131858566173586,0.0,0.09230769230769231,0.497164461247637,0.3252177073883099,0.41924166679382324
corvex,2023-12-31,2024-02-29,2024-02-14,3.4339872044851463,0.08367338097043553,0.162151400215119,0.7475397537082755,0.1662472933800757,0.0967741935483871,0.17647058823529413,0.055585151382685674,9.636839069426818,-0.019661611531569312,-0.06663538214816941,0.22003014837439827,-0.16064624540316885,0.24177262172217662,-0.10070251912918805,0.08198808947011023,1.0,0.6153846153846154,0.497164461247637,0.42834530828628464,0.5336868762969971
d1,2023-12-31,2024-02-29,2024-02-14,3.332204510175204,0.055132668438326204,0.11922971476596177,0.6329206588270704,0.1867070291245514,0.10714285714285714,0.32432432432432434,-0.19890186645212335,13.597124827904825,0.07393422306409464,-0.5546646458943387,0.21646350052463198,-0.14576050076877922,-1.1252594851753357,0.16300383062184073,0.345694439221139,0.0,0.35384615384615387,0.497164461247637,0.3471449399814106,0.3055189549922943
darsana,2023-12-31,2024-02-29,2024-02-14,2.3978952727983707,0.10551344006654799,0.13616141782668068,0.9832421343679717,0.1059403605124033,0.09090909090909091,0.0,0.3178948321296519,11.419354097528553,0.1354881244381269,-0.3223735150328415,0.19899309873734,-0.06296510794701171,-0.5064375069984873,0.0030992358892522054,0.1857898444885505,0.0,0.2153846153846154,0.497164461247637,0.344097050159463,0.3925693929195404
dragoneer,2023-12-31,2024-02-29,2024-02-14,3.332204510175204,0.06827254505638983,0.10700122203516645,0.7731389362158987,0.09586976740674114,0.03571428571428571,0.06896551724137931,0.05850246344404506,6.3845286892374595,-0.01668280449514542,-0.7974810850955427,0.40012549835318595,-0.28311501856798704,-0.7088001730238443,0.06540220609923311,0.2480928146985314,0.0,0.6,0.497164461247637,0.22883191337161857,0.202528715133667
duquesne,2023-12-31,2024-02-29,2024-02-14,3.912023005428146,0.06420549767667447,0.1313511585627255,0.6851174160524832,0.2580657876778554,0.4,0.2682926829268293,0.10950983657764393,12.434184201326746,0.264831965093059,0.043594630232308806,0.17689497057011383,-0.08624431810095645,0.7338183887623344,0.2543798579756391,0.43707046657493737,0.0,0.1076923076923077,0.497164461247637,0.4366575493281784,0.7609185576438904
egerton,2023-12-31,2024-02-29,2024-02-12,3.091042453358316,0.06042743988681249,0.1034535844491414,0.6975397161514735,0.21172542415508233,0.09090909090909091,0.09090909090909091,0.06903377611292183,16.615115938132746,0.03196527292048529,-0.10556422690925679,0.13292338980649443,-0.07571882644812311,-1.3653821791481322,0.03302317995932466,0.21571378855862294,0.0,0.47692307692307695,0.497164461247637,0.44466480186612967,0.2761405408382416
elliott,2023-12-31,2024-02-29,2024-02-14,3.713572066704308,0.09876530700823459,0.19576652117407636,0.764689483584029,0.13552312826641055,0.0975609756097561,0.13953488372093023,0.08604105961280087,4.459333935858853,-0.05074933153827052,0.6729133533890281,0.15790142418314007,-0.08161781246671684,1.573632933778991,-0.06869568389833877,0.11399492470095951,1.0,0.6923076923076923,0.497164461247637,0.6819550661062777,0.6846477389335632
eminence,2023-12-31,2024-02-29,2024-02-14,4.007333185232471,0.025799323987144362,0.05785706476560174,0.3553565096264921,0.20175341469741048,0.12727272727272726,0.2,0.014199719783032888,7.171490733688358,0.007412315877075137,0.09095787085591,0.21225098377970747,-0.1245625729955151,1.4577647080191602,-0.021064739216127115,0.16162586938317117,1.0,0.5076923076923077,0.497164461247637,0.3821522086336828,0.5403169989585876
engaged,2023-12-31,2024-02-29,2024-02-14,2.1972245773362196,0.12150658756502317,0.1577919873819795,1.0,0.2556475748276077,0.3333333333333333,0.14285714285714285,0.21882587334704925,2.857604065790458,-0.18726319151520415,,0.29628738620793826,-0.20486791269620586,,-0.22446846118818345,-0.041777852588885174,1.0,0.9384615384615385,0.497164461247637,0.4389211896417531,0.5991865396499634
farallon,2023-12-31,2024-02-29,2024-02-14,5.003946305945459,0.026315154199066774,0.04797877413552877,0.39718363738530477,0.2716522694828418,0.174496644295302,0.22151898734177214,-0.12812815638944017,9.403562388130688,-0.10594313458347906,-0.08248282129262377,0.18971083788956092,-0.14069912165255638,-0.24063601828021233,0.002721589367321059,0.18541219796661934,0.0,0.8307692307692308,0.497164461247637,0.44432663101435554,0.4892253875732422
fisher,2023-12-31,2024-02-29,2024-02-06,7.057036981697891,0.013902605778454483,0.052013468082575925,0.2873067121684443,0.047131412001271245,0.10594315245478036,0.11053984575835475,0.1414220102592896,10.919054871066301,0.1305502960823764,0.02367875845233397,0.15420249747291775,-0.08621465228883907,-0.018484571548852986,-0.021108660706110755,0.16158194789318753,1.0,0.23076923076923078,0.497164461247637,0.6224603270311537,0.6022859215736389
fundsmith,2023-12-31,2024-02-29,2024-02-14,3.6888794541139363,0.05631051154292693,0.12504139047408172,0.6528562928423453,0.03602079497143362,0.025,0.0,0.08193857746673529,14.493261140733416,-0.06709324908581182,-0.16783540793210086,0.16059381156919594,-0.11174246126374188,-1.3898056375445698,-0.041617091655662325,0.14107351694363596,1.0,0.7538461538461538,0.497164461247637,0.5307218742807984,0.5827093720436096
gardner-russo,2023-12-31,2024-02-29,2024-02-13,4.406719247264253,0.07595786966505289,0.13365020948877887,0.794206654635805,0.04227427489091595,0.012195121951219513,0.012195121951219513,0.0675470128873581,10.67299396723018,-0.052737576601592284,0.0029254961765390886,0.12430949200090155,-0.07186742070324748,-1.1992233447933394,0.043302855618711916,0.2259934642180102,0.0,0.7076923076923077,0.497164461247637,0.6350647166824381,0.7460101246833801
giverny,2023-12-31,2024-02-29,2024-02-09,4.060443010546419,0.04252174080412161,0.08111126225606498,0.5499838861873503,0.07623145026188116,0.05172413793103448,0.03508771929824561,0.1446425632961738,10.14491910971521,-0.04621779925822167,-0.030941073341861358,0.18602602115156563,-0.1095491725914689,-0.2869591449925091,-0.06629033387768526,0.11640027472161302,1.0,0.676923076923077,0.497164461247637,0.4998613693063059,0.4919074475765228
glenview,2023-12-31,2024-02-29,2024-02-14,3.713572066704308,0.0673968193244424,0.14950319800282633,0.6795553770529924,0.17449042041945484,0.14634146341463414,0.2553191489361702,0.15484929675546727,8.124011179900329,-0.06708666466082933,0.03270133681468923,0.1858569139841167,-0.12350175787783668,-0.004174806105088739,-0.0638187012322459,0.11887190736705239,1.0,0.7384615384615385,0.497164461247637,0.5469056318172894,0.7177290916442871
gotham,2023-12-31,2024-02-29,2024-02-14,7.188412736496954,0.013571093528764169,0.08746965214839232,0.24051291325087765,0.17360913300411762,0.11858006042296072,0.11119573495811119,0.10751459139941594,6.52076020555816,0.046304299775194124,0.11887384229973291,0.14138430105547292,-0.08243424612341888,1.1962216478795904,-0.00487212483798416,0.17781848376131412,1.0,0.4,0.497164461247637,0.5686035824240685,0.5274637937545776
greenhaven-road,2023-12-31,2024-02-29,2024-02-14,3.044522437723423,0.12099037878935529,0.22361915910814847,0.9275700100447231,0.07437945320609196,0.09523809523809523,0.2692307692307692,0.13345451595301916,3.8429770461109647,0.16312607037596932,-0.5861831938451002,0.3020860735934981,-0.17832795047787653,-0.6701561515590391,0.19269286057855636,0.37538346917785465,0.0,0.18461538461538463,0.497164461247637,0.4188585088631821,0.5131576657295227
greenlight,2023-12-31,2024-02-29,2024-02-14,3.6888794541139363,0.11766532788097117,0.28924315976881954,0.7700546041403863,0.14887511704799283,0.175,0.15384615384615385,0.1511716961328874,3.196379970210792,0.07858321130273882,0.5984244198973117,0.2590752472417528,-0.18164373108321796,1.277862717288606,,,,0.3384615384615385,0.497164461247637,0.7048101086979696,0.5502564311027527
harris,2023-12-31,2024-02-29,2024-02-14,4.962844630259907,0.02147701195345618,0.04985591906647515,0.35746234913670694,0.09823082587987209,0.1048951048951049,0.03759398496240601,0.12358669748515237,10.241709715124882,-0.004953924524496001,0.10233773459035522,0.16857395530956087,-0.09474264992530257,0.00310668360763047,-0.00963176335183652,0.17305884524746176,1.0,0.5538461538461539,0.497164461247637,0.5392896131933106,0.6385368704795837
himalaya,2023-12-31,2024-02-29,2024-02-14,1.791759469228055,0.19919591444348772,0.2956374450528639,1.0,0.04024309027782946,0.0,0.0,0.12345026659179395,16.86625240621352,0.05746259108939322,,0.16893564640252515,-0.10085946070464391,,0.11217293669492281,0.2948635452942211,0.0,0.36923076923076925,0.497164461247637,0.4057071619225624,0.2608813941478729
hound,2023-12-31,2024-02-29,2024-02-14,2.4849066497880004,0.1385519996371424,0.26325706122931725,0.9683089697123146,0.3594052894317009,0.08333333333333333,0.3888888888888889,-0.3404567615552182,8.484202899481426,-0.07177194224767972,-0.3489436815585695,0.20136826278317227,-0.16033505433570638,-2.6373656786566597,0.19323625412520198,0.37592686272450027,0.0,0.7692307692307693,0.497164461247637,0.5313098673682786,0.411588191986084
icahn,2023-12-31,2024-02-29,2024-02-14,2.6390573296152584,0.3793569735268181,0.5794231383294294,0.979536936546499,0.03085583854577001,0.07142857142857142,0.07142857142857142,-0.10153413807092947,1.8216654579805582,-0.7015068733150049,-0.578249610592761,0.6519876968059457,-0.5098243566096488,-0.9384625474535679,-0.4834236949150894,-0.3007330863157911,1.0,1.0,0.497164461247637,0.3638575677519755,0.20504741370677948
impactive,2023-12-31,2024-02-29,2024-02-14,2.0794415416798357,0.1461998561132305,0.1863465368026764,1.0,0.11683385738556473,0.125,0.125,0.08343474614012715,3.945709911944402,-0.2229758753513253,-0.10814212911926674,0.23543487008755065,-0.13611458890377715,-0.2924538859136866,-0.1314830472052894,0.05120756139400889,1.0,0.9538461538461539,0.497164461247637,0.4549586167318261,0.5656552314758301
kingdon,2023-12-31,2024-02-29,2024-02-14,3.970291913552122,0.027673369791035508,0.053784577077383385,0.3946726077291733,0.38514198354401574,0.2641509433962264,0.2909090909090909,-0.04433381801464108,7.487105082409642,-0.008204059843914202,,0.1740056424454597,-0.11309245450302274,,-0.02518675449363647,0.1575038541056618,1.0,0.5692307692307692,0.497164461247637,0.4306621065660031,0.4952634572982788
lansdowne,2023-12-31,2024-02-29,2024-02-14,3.6635616461296463,0.12396680918827054,0.1846964237799383,0.9104445373595627,0.0687810085713223,0.15384615384615385,0.08333333333333333,0.2030003071734859,10.271823791756088,0.05546974628723084,0.0076250591661910505,0.24492918597942656,-0.13206726962157922,-0.11760565525562042,-0.00522445843186356,0.17746615016743472,1.0,0.38461538461538464,0.497164461247637,0.5179512721601082,0.6420688629150391
lone-pine,2023-12-31,2024-02-29,2024-02-14,3.2188758248682006,0.04762385984346621,0.08800053037741729,0.5623774406421613,0.20297528656982078,0.16,0.19230769230769232,0.10829721718983916,16.82867708022867,0.11628167059995209,-0.523069208266772,0.19214916714691008,-0.11724806422076339,-1.158773208056219,0.13754782660253298,0.32023843520183126,0.0,0.27692307692307694,0.497164461247637,0.2958981627469377,0.22966846823692322
markel-13f,2023-12-31,2024-02-29,2024-02-02,4.852030263919617,0.023809075564705642,0.06571400662337812,0.3880131350623507,0.04483697533518671,0.015625,0.05263157894736842,0.10477232751122609,11.166093235557158,-0.04256522459921375,0.07767328318408484,0.15009302661480595,-0.0844187864730096,-0.5681662077757738,0.015470607732440661,0.19816121633173894,0.0,0.6615384615384615,0.497164461247637,0.604554810803592,0.5834439396858215
marshall-wace,2023-12-31,2024-02-29,2024-02-14,7.4815557019095165,0.02787561919227899,0.15221640191707103,0.29331741528738414,0.39762432425936456,0.3352112676056338,0.33856502242152464,0.11706710142777016,8.415693435252692,0.03725380066799888,-0.008328477102586884,0.15895665034045484,-0.0850238091432165,-0.49829283500059995,-0.004740711330092101,0.17794989726920618,1.0,0.4307692307692308,0.497164461247637,0.667297878557283,0.7139330506324768
matrix,2023-12-31,2024-02-29,2024-02-13,2.9444389791664403,0.10538209899709083,0.1686364952115534,0.9425825133629369,0.05385353159595829,0.10526315789473684,0.10526315789473684,0.15308999437511078,11.029867469043417,0.33293535775786526,-0.36771371297006183,0.2650651689214366,-0.13972297961879976,-0.1366970613093375,,,,0.07692307692307693,0.497164461247637,0.3512986417648252,0.46675392985343933
maverick,2023-12-31,2024-02-29,2024-02-14,5.840641657373398,0.07314042747969161,0.24393268928986395,0.48897610192568586,0.23621994572357474,0.5,0.4228187919463087,0.12496247850702741,10.324011589225515,0.16561173717859956,-0.4454923339801467,0.21134527947903786,-0.07863101120115912,-0.3587931203310485,0.05415481965937263,0.23684542825867091,0.0,0.15384615384615385,0.497164461247637,0.578616110133102,0.6678605079650879
oaktree,2023-12-31,2024-02-29,2024-02-13,5.214935757608986,0.07912032323711404,0.2423173719335516,0.5782036250879983,0.16183289905331966,0.14673913043478262,0.21105527638190955,-0.03194091294244642,2.589656867427248,-0.03116961900136661,0.5624281202653332,0.15714998022203897,-0.04810942573268928,1.8523030554413125,,,,0.6307692307692307,0.497164461247637,0.7469493342109402,0.7660652995109558
paulson,2023-12-31,2024-02-29,2024-02-14,2.833213344056216,0.13530855382593301,0.23091148296248926,0.9299574043965969,0.2300444203520361,0.0,0.05555555555555555,-0.008643128953472164,2.6229615240145514,-0.36189735521495725,-0.592089749262221,0.24762324237958247,-0.2693404212000634,-1.0530379058209278,0.19242923053307978,0.37511983913237806,0.0,0.9846153846153847,0.497164461247637,0.2966298309815806,0.4120170474052429
pershing-square,2023-12-31,2024-02-29,2024-02-14,2.0794415416798357,0.14712753065524195,0.18148655526835988,1.0,0.11329413520614418,0.0,0.0,-0.009392019066685813,10.015556784909634,0.007109957483975471,0.1884037998944038,0.1613687427166128,-0.10205019482142808,1.383206267098965,-0.10058888362639448,0.0821017249729038,1.0,0.5230769230769231,0.497164461247637,0.33219041759511225,0.4688109755516052
polen,2023-12-31,2024-02-29,2024-02-13,4.663439094112067,0.056477234137680715,0.13285072922649754,0.6395068046198322,0.07893327867260191,0.14150943396226415,0.08080808080808081,0.08713492724958748,17.69435787215414,0.15342158312080234,-0.0689259052520981,0.16563731142505206,-0.08572983705872528,-0.26151632142502135,-0.0810954568834086,0.10159515171588968,1.0,0.2,0.497164461247637,0.4995325946575887,0.5957947373390198
pzena,2023-12-31,2024-02-29,2024-02-09,5.099866427824199,0.022770389249589823,0.049303518704817834,0.367627714413129,0.12385375322470293,0.07926829268292683,0.05625,0.1335681398568453,5.790293013968295,-0.14157855171138767,0.06070740164438515,0.19390896643502245,-0.11197197636181477,-0.405925277659004,-0.10384333530306755,0.07884727329623073,1.0,0.8923076923076924,0.497164461247637,0.5873356571434694,0.7613963484764099
ruane-cunniff,2023-12-31,2024-02-29,2024-02-14,3.4965075614664802,0.07079183083375865,0.1150203543965674,0.7738648195533111,0.052507336367866864,0.030303030303030304,0.1111111111111111,0.03787388162626194,13.3923575446571,0.00431656659912405,-0.11316107352260621,0.13866587347013787,-0.09193498105025744,-0.5484803636716893,0.006039385167060929,0.1887299937663592,0.0,0.5384615384615384,0.497164461247637,0.4820826189990081,0.5253204703330994
sachem-head,2023-12-31,2024-02-29,2024-02-14,2.4849066497880004,0.20185435085237344,0.365840022099103,0.9703500026998901,0.2500561340240568,0.25,0.25,-0.0031575965332815165,6.419259446542586,-0.16418988478524082,-0.35820315551680604,0.1805251654180223,-0.10526374475623501,-1.8555006420932263,0.14011749184746955,0.32280810044676783,0.0,0.9076923076923077,0.497164461247637,0.5599360327720578,0.5660715103149414
sands,2023-12-31,2024-02-29,2024-02-13,4.30406509320417,0.031521720238369355,0.06108135834740602,0.4480926121755236,0.0877666273694584,0.013513513513513514,0.02666666666666667,0.1131761777549135,13.03545166901485,0.16340916993032623,-0.42383055574617157,0.23560172918034922,-0.15047650034524307,-0.7336818059047896,-0.0599816472384818,0.12270896136081648,1.0,0.16923076923076924,0.497164461247637,0.3361725450704896,0.32661107182502747
semper-augustus,2023-12-31,2024-02-29,2024-02-14,3.5553480614894135,0.09160540354249512,0.17433300419293551,0.8038798679887963,0.0743444542203281,0.05714285714285714,0.0,0.13564496761191788,7.707959231312392,-0.10260897102598923,0.13947247851667433,0.15462693071473332,-0.07563041036423657,-0.5407772386192268,-0.020633419056854202,0.16205718954244408,1.0,0.8153846153846154,0.497164461247637,0.6310399718352983,0.8169782161712646
senator,2023-12-31,2024-02-29,2024-02-14,4.248495242049359,0.029175049534452224,0.06569704288165742,0.43447281893736106,0.366538907939874,0.44285714285714284,0.2777777777777778,0.2704913164919535,11.943579212487748,0.10963947342461544,-0.31922279611120097,0.1673895981102748,-0.0740958226500702,-1.645722165181988,0.03178002538666572,0.214470633985964,0.0,0.3076923076923077,0.497164461247637,0.4566424103984801,0.4070764183998108
soroban,2023-12-31,2024-02-29,2024-02-14,3.367295829986474,0.10790974495291594,0.2142112270291852,0.8208470130171627,0.16474437504623973,0.5172413793103449,0.06666666666666667,0.17833601239126418,14.70015961789947,-0.015518991501905999,-0.15997067988848185,0.1371133434003279,-0.07059254870363318,-2.719844786163508,-0.025141414019100028,0.15754919458019825,1.0,0.5846153846153846,0.497164461247637,0.6699203782930911,0.5391423106193542
southeastern,2023-12-31,2024-02-29,2024-02-14,3.8066624897703196,0.03842115899887122,0.06416405573898916,0.49850330010521815,0.09353394764233891,0.044444444444444446,0.022727272727272728,-0.037206964720540976,5.243719528036899,-0.13905392286168264,-0.2758677142672819,0.21809319774633437,-0.1527114471240476,-1.4262026305959796,-0.0898159589019368,0.09287464969736148,1.0,0.8615384615384616,0.497164461247637,0.4937500689299906,0.48857739567756653
srs,2023-12-31,2024-02-29,2024-02-14,3.091042453358316,0.18815545203164788,0.3676464439416334,0.9389735456109303,0.1063442790236363,0.13636363636363635,0.0,0.1755525330569292,8.159959678114044,-0.3066781984777168,-0.157132725185516,0.3574152977242727,-0.18487090461014655,0.2713605325733774,-0.0072542614346682854,0.17543634716463,1.0,0.9692307692307692,0.497164461247637,0.47908925923698187,0.41579535603523254
starboard,2023-12-31,2024-02-29,2024-02-14,3.258096538021482,0.08188829203201704,0.166266791619004,0.8145642023227824,0.12460396159363163,0.15384615384615385,0.12,0.20607948583668345,5.29428307095456,-0.05479899638204391,-0.08880825747587509,0.2044021679571178,-0.07509521133879538,-0.5714649648299244,-0.09392377079781736,0.08876683780148092,1.0,0.7230769230769231,0.497164461247637,0.581012148192528,0.6034577488899231
steadfast,2023-12-31,2024-02-29,2024-02-14,3.871201010907891,0.03051350041079385,0.053084821616010386,0.42234321795498103,0.313544125952011,0.25,0.23404255319148937,0.084854168744402,12.140435577791557,0.12244479431337957,-0.2535501216312093,0.1769733445134952,-0.07971512265856695,-0.9930585072299966,0.018767326443860644,0.20145793504315893,0.0,0.26153846153846155,0.497164461247637,0.39176080078038045,0.4635085463523865
suvretta,2023-12-31,2024-02-29,2024-02-14,4.465908118654584,0.03325865281382131,0.08946937884024916,0.4758613569658142,0.2805687740100381,0.14942528735632185,0.14942528735632185,0.16725775548105448,8.243202198472531,0.11415664496294431,-0.11868199849767558,0.27193458567482603,-0.1550423852798467,0.3685568088961735,-0.1946390077168556,-0.011948399117557334,1.0,0.2923076923076923,0.497164461247637,0.3747776054047476,0.4824753701686859
tci,2023-12-31,2024-02-29,2024-02-14,2.3978952727983707,0.1194544905717435,0.14779477241349204,0.99938869133605,0.1237196272982456,0.18181818181818182,0.0,0.2660815394244213,15.539113750499531,0.17103738706642496,0.12573427816457894,0.16048233109734128,-0.07960511731576203,0.4268553995270512,0.0024211723313443956,0.18511178093064268,0.0,0.13846153846153847,0.497164461247637,0.37655536872008266,0.5563867688179016
third-avenue,2023-12-31,2024-02-29,2024-02-14,4.07753744390572,0.03710934272686175,0.09685803545627543,0.5017908119988268,0.09073580245846902,0.01694915254237288,0.01694915254237288,0.021265053629605016,3.3818624832792414,-0.04072256911394212,0.2787782404919727,0.2400127997162371,-0.09207747881092199,1.6032324432899203,-0.12855021099226097,0.054140397607037316,1.0,0.6461538461538462,0.497164461247637,0.5241087192555148,0.6634660363197327
third-point,2023-12-31,2024-02-29,2024-02-14,3.6109179126442243,0.07475586353806181,0.1571537426616157,0.7406715975223547,0.18675099274413787,0.21621621621621623,0.275,0.014061205947459384,15.65911294856224,-0.09451100462479631,-0.3240174410266788,0.1665585598092585,-0.1093759714768111,-0.733342333465174,-0.033000944038161784,0.1496896645611365,1.0,0.8,0.497164461247637,0.4300908276198203,0.588412344455719
tiger-global,2023-12-31,2024-02-29,2024-02-14,3.6635616461296463,0.08085557621336277,0.1880255228639939,0.7158891240914476,0.10620102643506268,0.05128205128205128,0.22916666666666666,0.035527084727945094,20.198376352373927,0.3496291795245546,-0.5996476020153052,0.20989161456653696,-0.10481881254819947,-0.851352515486158,0.08107283861838185,0.26376344721768014,0.0,0.03076923076923077,0.497164461247637,0.32496882955331297,0.5936132073402405
tweedy-browne,2023-12-31,2024-02-29,2024-02-13,3.8066624897703196,0.08559276273237347,0.1753482006858176,0.7836071494752441,0.06618061221313432,0.0,0.0425531914893617,0.09173182006873871,11.052789526389784,-0.07618292261240192,-0.03979775841092564,0.11723003172716089,-0.08270980412597606,-1.337162548516931,-0.10193323134030027,0.08075737725899801,1.0,0.7846153846153846,0.497164461247637,0.6206349918599827,0.7545331716537476
valueact,2023-12-31,2024-02-29,2024-02-14,2.6390573296152584,0.11793317297470683,0.18362623185371657,0.9606405866009854,0.3005456765794823,0.21428571428571427,0.08333333333333333,0.11534238155542757,10.321350217336972,0.10646951657389592,0.2910460332663983,0.2488607457689192,-0.09490254346121407,0.3749320529045242,0.049219280610788535,0.23190988921008682,0.0,0.3230769230769231,0.497164461247637,0.46529125787625325,0.46892794966697693
viking,2023-12-31,2024-02-29,2024-02-14,4.3694478524670215,0.02603854767113352,0.0542614389242988,0.4015859828309605,0.31190409241587846,0.22784810126582278,0.2375,0.10247788271299106,10.944552051954672,0.03424094279070333,-0.26453626459986596,0.17795334029060692,-0.11325207886386035,-0.6662276986576474,-0.022942283224919896,0.15974832537437839,1.0,0.4461538461538462,0.497164461247637,0.3806669648195865,0.43894022703170776
whale-rock,2023-12-31,2024-02-29,2024-02-14,3.6375861597263857,0.042081309779587746,0.08677341738223099,0.5284936750874921,0.3560594948510454,0.2631578947368421,0.3,0.12184922780844523,12.869850130912624,0.5276871122834226,-0.35977313629258884,0.25809274806855503,-0.10094405769674386,0.552324609394869,0.09799749212717965,0.28068810072647793,0.0,0.015384615384615385,0.497164461247637,0.23198089053386925,0.530417263507843
yacktman,2023-12-31,2024-02-29,2024-02-02,4.248495242049359,0.03318398356517046,0.09096280390445596,0.46749950430617376,0.04598584714193299,0.0,0.0,0.057884316324224014,9.372304266386854,-0.1223307855234595,0.07927223350928159,0.13794690426351114,-0.06259568804665128,-0.40574071016175683,-0.07728430777605437,0.10540630082324391,1.0,0.8461538461538461,0.497164461247637,0.5990217782893308,0.7165837287902832
abrams,2024-03-31,2024-05-31,2024-05-14,2.5649493574615367,0.12142620288593697,0.22466154453865922,0.9754073910998594,0.05516632374752095,0.0,0.13333333333333333,-0.004855567500933882,10.092416462095246,0.029097933875903537,-0.035290923250827166,0.25299802661549353,-0.12252840861477365,0.776059331435505,0.08554139215908574,0.22074101280675493,0.0,0.47619047619047616,0.49393939393939396,0.4355066399295161,0.4052104353904724
adage,2024-03-31,2024-05-31,2024-05-15,6.7580945044277305,0.011825843672814633,0.05697554626051085,0.2708882128392907,0.15703883798696094,0.16608594657375145,0.14726840855106887,0.09175033104615962,11.816007974927293,0.0291470120026337,0.11943584173659355,0.15067879774659676,-0.06531946878463446,1.2950112873013933,0.025025228807706912,0.1602248494553761,0.0,0.4603174603174603,0.49393939393939396,0.49982267102132016,0.5461803674697876
akre,2024-03-31,2024-05-31,2024-05-13,2.995732273553991,0.10884795836052509,0.1836718209583516,0.9500111699650263,0.04882614353326942,0.1,0.0,0.016953606096472906,12.250894456543458,-0.006418506801741719,-0.029059758746045716,0.2039875932962294,-0.07442260230042219,-0.5459775037382262,0.06983094715584773,0.20503056780351692,0.0,0.6349206349206349,0.49393939393939396,0.528096106932624,0.6201735734939575
altimeter,2024-03-31,2024-05-31,2024-05-15,2.833213344056216,0.15149623421620184,0.2552400170437403,0.9666179592764566,0.16966757842664004,0.35294117647058826,0.0,0.07767500582390464,19.216397376414704,-0.03303761017587231,-0.5394261032100686,0.30107033920095516,-0.13313582457937512,-0.37080230057144725,0.16921552589654423,0.3044151465442134,0.0,0.7142857142857143,0.49393939393939396,0.2631506844906861,0.1406715214252472
appaloosa,2024-03-31,2024-05-31,2024-05-15,3.6375861597263857,0.05769777049749538,0.1216502533508754,0.6531440149401317,0.20404460845370043,0.15789473684210525,0.1794871794871795,0.16789990668741253,17.662429483063168,0.2389028706340266,0.3571390973008158,0.20783590263615934,-0.07675007038542503,1.644733394433071,0.02847312285700132,0.1636727435046705,0.0,0.047619047619047616,0.49393939393939396,0.41017284001036974,0.6885852217674255
atreides,2024-03-31,2024-05-31,2024-05-15,3.5263605246161616,0.046439105281992896,0.0893968439521395,0.5841414493282284,0.48069431718604083,0.4411764705882353,0.40625,0.18123876103002812,10.767015578364719,0.10207846810065907,-0.28929912859439466,0.2902668158116829,-0.1886233116318723,0.0018908077786732582,1.88575367469912e-05,0.13521847818441618,0.0,0.2857142857142857,0.49393939393939396,0.257959771328602,0.48453089594841003
baupost,2024-03-31,2024-05-31,2024-05-14,3.091042453358316,0.10285884622036422,0.20444037103344603,0.8559495296342476,0.23361387773698372,0.2727272727272727,0.30434782608695654,-0.22785842773130385,7.0028396702509275,-0.19234824964661612,-0.42199075428943206,0.20225687078206414,-0.15554535374330747,-1.8396640796326018,-0.03666556562276885,0.09853405502490034,1.0,0.9523809523809523,0.49393939393939396,0.5179905870401867,0.5290663838386536
berkshire-13f,2024-03-31,2024-05-31,2024-05-15,3.713572066704308,0.20586313310103968,0.4081064157570667,0.9118687932812636,0.10016184148684826,0.024390243902439025,0.024390243902439025,-0.04618428900282167,11.940403865686253,-0.10912304879271958,0.044429188194033575,0.1731166936039689,-0.12189110345737286,0.14049608244852113,-0.0345337648800671,0.10066585576760209,1.0,0.873015873015873,0.49393939393939396,0.5560776890383289,0.6893844604492188
cantillon,2024-03-31,2024-05-31,2024-05-08,3.6109179126442243,0.032812059685004044,0.06766026856694086,0.4287298622327597,0.06484201260183475,0.05405405405405406,0.05405405405405406,0.06048002067181342,10.970839029008658,-0.038054925502710335,-0.07347812638226017,0.19550382099391142,-0.08903168725610677,-0.5709361054689808,0.05053996730924373,0.18573958795691292,0.0,0.746031746031746,0.49393939393939396,0.509014482759767,0.38607257604599
coatue,2024-03-31,2024-05-31,2024-05-15,4.51085950651685,0.037944371503098186,0.08220436361670679,0.5318894774009664,0.30469573193431954,0.23076923076923078,0.3,0.06693698183925682,16.72602250199865,0.19226484170812352,-0.45890377821999706,0.24175741901281408,-0.1365062226094057,-0.7596856566241958,0.1145633837570735,0.2497630044047427,0.0,0.1111111111111111,0.49393939393939396,0.30161688134592674,0.3973788917064667
corvex,2024-03-31,2024-05-31,2024-05-15,3.4657359027997265,0.09090403886136127,0.18443368960442497,0.7526628509076502,0.2099914020689223,0.1875,0.16129032258064516,0.055007975342940094,9.354555237545837,-0.005556098258329589,-0.13830685993742742,0.23338587243422984,-0.16064624540316885,-0.15925424186625406,-0.12434251036680445,0.010857110280864737,1.0,0.6190476190476191,0.49393939393939396,0.42634123846073524,0.5548287034034729
d1,2024-03-31,2024-05-31,2024-05-15,3.5263605246161616,0.06248372474885678,0.16395148504772877,0.6418085206181456,0.31495599344877523,0.35294117647058826,0.21428571428571427,0.14455526741064756,11.598712221206295,0.07414468619252712,-0.48415594024362146,0.22616597565582394,-0.145760500768779,-0.9929483670534438,0.12574502850847816,0.26094464915614735,0.0,0.31746031746031744,0.49393939393939396,0.3450003932582301,0.4867364168167114
darsana,2024-03-31,2024-05-31,2024-05-15,2.5649493574615367,0.09044817777567404,0.121888832596621,0.9178863832611643,0.15215716550353275,0.15384615384615385,0.0,0.10460112249251026,10.879949994239396,0.24987654836825512,-0.23067185054362097,0.20407915071594743,-0.06296510794701149,-0.382844145996488,0.05108301351604269,0.18628263416371188,0.0,0.031746031746031744,0.49393939393939396,0.35342879255572723,0.5018449425697327
dragoneer,2024-03-31,2024-05-31,2024-05-15,3.367295829986474,0.06600240355383188,0.11316551754434578,0.7436079600350366,0.2593636492794865,0.20689655172413793,0.17857142857142858,-0.06446584193191386,5.5232825356713775,-0.18340326108258043,-0.7097218517588328,0.3584250863202758,-0.28311501856798715,-0.7117662392472706,0.19487542943950822,0.3300750500871774,0.0,0.9365079365079365,0.49393939393939396,0.23111171948265524,0.4160170555114746
duquesne,2024-03-31,2024-05-31,2024-05-15,4.276666119016055,0.04968557635737856,0.1256738850314672,0.5849166308138614,0.3694526769823885,0.5833333333333334,0.4,0.18024570039388826,11.439865311618618,0.3754304309307519,0.2913605051528257,0.1869493700071556,-0.08624431810095656,1.2571079502148723,0.11537527585927612,0.2505748965069453,0.0,0.015873015873015872,0.49393939393939396,0.49193494954697764,0.8219631910324097
egerton,2024-03-31,2024-05-31,2024-05-13,3.091042453358316,0.05736721977017639,0.08701633577418759,0.679252944852277,0.16042905013487974,0.13636363636363635,0.13636363636363635,0.11416308137067938,15.355341494677166,0.031908581201103126,-0.12981312417257065,0.14400623664435136,-0.07571882644812278,-1.5560060537955445,0.049958018635050255,0.18515763928271944,0.0,0.4444444444444444,0.49393939393939396,0.49131646172778287,0.3193165361881256
elliott,2024-03-31,2024-05-31,2024-05-15,3.6888794541139363,0.11589842363123816,0.19398758931102045,0.8237190179422603,0.2116024265750439,0.15,0.17073170731707318,0.0966010574562213,4.7505150983020465,0.17803586708825914,0.6948829125558913,0.13513077847213387,-0.02085693383668552,2.00203243344187,-0.055681997893037224,0.07951762275463196,1.0,0.12698412698412698,0.49393939393939396,0.6115254888263382,0.7108283638954163
eminence,2024-03-31,2024-05-31,2024-05-15,4.02535169073515,0.02695701643478877,0.058672831031184466,0.37466857066281056,0.1846646183431111,0.19642857142857142,0.18181818181818182,0.062207483439963324,7.26861169539947,0.06489236982917423,0.03237117352727531,0.2219600352013562,-0.1245625729955151,1.2961578624711005,-0.016206136456343292,0.1189934841913259,1.0,0.3492063492063492,0.49393939393939396,0.39244862474405784,0.47767317295074463
engaged,2024-03-31,2024-05-31,2024-05-15,2.3978952727983707,0.11271375235831717,0.17329954505178127,0.9887920609293329,0.09440002345837029,0.18181818181818182,0.0,-0.10103659071299066,3.2246383484809593,-0.2512212720672006,,0.27800324724493214,-0.20486791269620563,,-0.3446949306146333,-0.2094953099669641,1.0,0.9841269841269841,0.49393939393939396,0.4952124917413505,0.6255941390991211
farallon,2024-03-31,2024-05-31,2024-05-15,5.099866427824199,0.02721055042695837,0.059422710875801636,0.40777030045693524,0.20789086159384507,0.23780487804878048,0.1610738255033557,0.08519505137754035,9.625830207354735,-0.09487632523542183,-0.11328308420530017,0.19264907375429452,-0.14069912165255638,-0.44287716921705733,-0.015206603553961293,0.1199930170937079,1.0,0.8571428571428571,0.49393939393939396,0.47813316153770125,0.45557811856269836
fisher,2024-03-31,2024-05-31,2024-05-09,6.870053411798126,0.01583596807715068,0.05094645433348875,0.3098241820976338,0.11510931284600168,0.09034267912772585,0.2454780361757106,0.052770514030615806,12.269066532522185,0.05575215963422847,0.04523535339149842,0.16544460497560085,-0.08621465228883896,0.03155556876233767,-0.017009244378977315,0.11819037626869187,1.0,0.36507936507936506,0.49393939393939396,0.595972828079585,0.6228234171867371
fundsmith,2024-03-31,2024-05-31,2024-05-15,3.6888794541139363,0.05815076062226179,0.12543848028570873,0.6607354507424609,0.05153141002962913,0.05,0.05,0.06727068085579026,15.025478883063798,-0.12390811632372703,-0.21077932230929303,0.15369253836215094,-0.11174246126374177,-1.9027337665230344,0.02308562882758866,0.15828524947525785,0.0,0.9047619047619048,0.49393939393939396,0.5603994250940949,0.6099807620048523
gardner-russo,2024-03-31,2024-05-31,2024-05-14,4.394449154672439,0.07636210543997624,0.1387707446504664,0.7893771730795808,0.027757242536696536,0.024691358024691357,0.036585365853658534,-0.006739647080934007,10.375429494085829,-0.06115792336928219,-0.05336732793534557,0.12092884740291586,-0.07186742070324736,-1.4874569468704855,0.09724530124804193,0.23244492189571112,0.0,0.7936507936507936,0.49393939393939396,0.6449870127778996,0.6721659302711487
giverny,2024-03-31,2024-05-31,2024-05-13,3.9318256327243257,0.04197213804879333,0.08207553601489123,0.5467218718555422,0.09412963900392013,0.058823529411764705,0.1724137931034483,0.1448375969516821,10.511722725477103,-0.020955986667735294,-0.11096792831580199,0.19523893898090391,-0.10954917259146901,-0.7501279628909582,-0.03907015297822235,0.09612946766944684,1.0,0.6825396825396826,0.49393939393939396,0.5238261758995763,0.5345935821533203
glenview,2024-03-31,2024-05-31,2024-05-15,3.7612001156935624,0.058030824349489606,0.12961629922850018,0.6590692465865847,0.17867242786418458,0.13953488372093023,0.0975609756097561,0.178671971018133,7.3733812603871645,-0.009396192497449496,-0.0825495920416282,0.18588622849170125,-0.12350175787783657,-0.33496089012325075,-0.07738700784312641,0.05781261280454277,1.0,0.6507936507936508,0.49393939393939396,0.4753590719946412,0.6098242998123169
gotham,2024-03-31,2024-05-31,2024-05-15,7.2196420401307355,0.01494416470446318,0.09864280885296185,0.2454331487863514,0.15535735809053763,0.12371888726207907,0.09592145015105741,0.2057957033430113,6.4432814781622545,0.005369826654982368,0.05817964744491222,0.1542742648134015,-0.08243424612341888,0.48886206602101756,0.017065717981406964,0.15226533862907615,0.0,0.5396825396825397,0.49393939393939396,0.5954013009888565,0.5818444490432739
greenhaven-road,2024-03-31,2024-05-31,2024-05-15,2.9444389791664403,0.15298212534162198,0.30249035966897375,0.9277192190322341,0.22506792560972932,0.10526315789473684,0.19047619047619047,-2.0,4.295526439682628,0.11978169722470572,-0.5916772048996881,0.30946614030783426,-0.17832795047787642,-0.9029628672756578,0.2760994943563586,0.41129911500402777,0.0,0.23809523809523808,0.49393939393939396,0.4040177786098096,0.3012000620365143
harris,2024-03-31,2024-05-31,2024-05-15,4.890349128221754,0.021207554417072377,0.048192079564981026,0.3443227640049469,0.0994910082239403,0.05263157894736842,0.11888111888111888,0.06325875709305966,9.97807482908819,0.010152841254005063,-0.011097789620760051,0.18367936990090653,-0.09474264992530268,-0.12554102914736648,-0.04385984690419335,0.09133977374347584,1.0,0.5079365079365079,0.49393939393939396,0.5203016039202735,0.6481456160545349
himalaya,2024-03-31,2024-05-31,2024-05-15,1.791759469228055,0.20354563402636214,0.3033268595242414,1.0,0.01937891929180846,0.0,0.0,0.09319455470187431,16.806819619623163,0.10370106599153839,-0.06928859624277298,0.17696222608173487,-0.10085946070464369,-0.29274200706109277,-0.034754551174534146,0.10044506947313504,1.0,0.2698412698412698,0.49393939393939396,0.42638562381756806,0.39202818274497986
hound,2024-03-31,2024-05-31,2024-05-15,2.70805020110221,0.12612418616584872,0.2727228953933756,0.8875664559914266,0.2666453221868812,0.26666666666666666,0.08333333333333333,0.04434589097145766,8.083286368493242,-0.0662627135001835,-0.2941953371351671,0.24192504764732625,-0.16033505433570627,-2.3157993098810192,0.1926823558225799,0.3278819764702491,0.0,0.8253968253968254,0.49393939393939396,0.5355340646105501,0.41517043113708496
icahn,2024-03-31,2024-05-31,2024-05-15,2.6390573296152584,0.32700739697378145,0.5250669738791225,0.9753658732475982,0.08602270402629719,0.14285714285714285,0.14285714285714285,0.08798070598881669,1.9536397945832347,-0.29666948472070837,-0.5649171442370451,0.4959937912719784,-0.4125767454875514,-0.9169441535812431,-0.4017215461765782,-0.26652192552890897,1.0,1.0,0.49393939393939396,0.4095629463753546,0.24520286917686462
impactive,2024-03-31,2024-05-31,2024-05-15,2.1972245773362196,0.13492097524692068,0.18905252189486865,1.0,0.10801035229465805,0.1111111111111111,0.0,0.08286474484815547,3.8717928982982994,-0.16245010480379043,-0.21821609722810056,0.24442016880418693,-0.13611458890377726,-0.46150874738995096,-0.12439227795204721,0.010807342695621967,1.0,0.9206349206349206,0.49393939393939396,0.4212746042228719,0.5605265498161316
kingdon,2024-03-31,2024-05-31,2024-05-15,4.23410650459726,0.01881389492056789,0.03875660066261816,0.2936237343039089,0.4605537352565713,0.42028985507246375,0.24528301886792453,0.36765155423613766,8.165843799585847,0.12804732184774897,,0.1858672492918911,-0.11309245450302274,,-0.07563050462722093,0.059569116020448266,1.0,0.2222222222222222,0.49393939393939396,0.3781682770422577,0.5313320755958557
lansdowne,2024-03-31,2024-05-31,2024-05-14,3.6109179126442243,0.13317833847165686,0.20347458883473254,0.9527513647071387,0.14374082563936208,0.13513513513513514,0.1794871794871795,0.1291542814668199,11.498962854849283,0.14390184661385957,0.022870840645536294,0.24303408032967336,-0.13206726962157933,0.022757440907453942,-0.04470856053393217,0.09049106011373702,1.0,0.19047619047619047,0.49393939393939396,0.4771765663960533,0.6316202282905579
lone-pine,2024-03-31,2024-05-31,2024-05-15,3.258096538021482,0.04679265217323258,0.08192296709636517,0.572533216226218,0.1959417888402133,0.19230769230769232,0.16,0.09189867511903838,16.440820911060456,0.03250708899324578,-0.45698987722483075,0.20897536914398435,-0.1172480642207635,-1.2505133101731103,0.236607011030498,0.3718066316781672,0.0,0.42857142857142855,0.49393939393939396,0.33658058979795796,0.21367254853248596
markel-13f,2024-03-31,2024-05-31,2024-05-03,4.882801922586371,0.024574496635544892,0.06970043260628007,0.3940546472449272,0.04198056759596791,0.03787878787878788,0.0078125,0.09742976076983685,11.444160515530786,0.002455160294537684,0.012532302289375519,0.1562094359162314,-0.08441878647300949,-1.0180524339580754,-0.0006642724531832622,0.13453534819448593,1.0,0.5555555555555556,0.49393939393939396,0.6109741864678715,0.6631581783294678
marshall-wace,2024-03-31,2024-05-31,2024-05-15,7.637234388789473,0.026022778272879684,0.1457354362050552,0.29584935105760235,0.3046641918282452,0.3717454194792671,0.26591549295774647,0.1426690241878944,8.604075028097917,0.05256803616532463,-0.02715507346884294,0.17008403583965667,-0.08502380914321672,-0.702906142365676,0.014690344268491168,0.14988996491616036,0.0,0.38095238095238093,0.49393939393939396,0.666157302146563,0.7262563109397888
matrix,2024-03-31,2024-05-31,2024-05-14,3.1354942159291497,0.11420598742988788,0.22313810353596616,0.9239057562000977,0.21445026229042408,0.2608695652173913,0.10526315789473684,0.10256303848141933,11.70060921270402,0.23718761662845456,-0.2160891066866809,0.2558841704363791,-0.13972297961879965,0.1687523740179604,,,,0.06349206349206349,0.49393939393939396,0.35324239416219677,0.4999951124191284
maverick,2024-03-31,2024-05-31,2024-05-15,5.998936561946683,0.049828212725732034,0.18704817435175114,0.45504491527327023,0.288052165172367,0.5583126550868487,0.48255813953488375,0.06251724642330261,10.095011463503072,0.1532288417712892,-0.40930571898370843,0.21249634487970867,-0.078631011201159,-0.3017478299890593,0.04152711767557998,0.17672673832324917,0.0,0.1746031746031746,0.49393939393939396,0.5485881519052418,0.6424046754837036
paulson,2024-03-31,2024-05-31,2024-05-15,2.8903717578961645,0.17898187653787423,0.32735740637019006,0.9513775932988273,0.10160520936814577,0.1111111111111111,0.058823529411764705,0.2676036887196234,2.9733014652951253,-0.21256012892684195,-0.5075074231365528,0.2984249293297835,-0.21438431081487885,-0.9384655686120299,0.1018783572570924,0.2370779779047616,0.0,0.9682539682539683,0.49393939393939396,0.43399301380955785,0.5109788179397583
pershing-square,2024-03-31,2024-05-31,2024-05-15,1.9459101490553132,0.156040181597363,0.2009638383642072,1.0,0.05766670736827262,0.0,0.125,0.03451423374720202,10.379974950187428,-0.047060430902215955,0.14237930638275242,0.15873106052078617,-0.10205019482142796,1.178108055814474,-0.12160540499216582,0.01359421565550337,1.0,0.7619047619047619,0.49393939393939396,0.4049357799873886,0.45352447032928467
polen,2024-03-31,2024-05-31,2024-05-10,4.6443908991413725,0.058760103311625865,0.14329197383411676,0.6395975248859312,0.10663830397464602,0.04807692307692308,0.0660377358490566,0.04315051888463353,18.323466551293585,-0.06161264609780989,-0.16567859865979861,0.1760573610914214,-0.08572983705872528,-0.96432139144709,-0.0004991175934049852,0.1347005030542642,1.0,0.8095238095238095,0.49393939393939396,0.4965675116475713,0.5922003388404846
pzena,2024-03-31,2024-05-31,2024-05-03,5.0689042022202315,0.02291634506147246,0.045703980446318314,0.36523100851827695,0.09330481978603922,0.050314465408805034,0.07926829268292683,0.09081241746656095,5.812206581598026,-0.0043366577049746,-0.02018554082840157,0.191576062356976,-0.11197197636181477,-0.39658414987223056,-0.126360936526532,0.008838684121137193,1.0,0.6031746031746031,0.49393939393939396,0.5565102354720897,0.5639891624450684
ruane-cunniff,2024-03-31,2024-05-31,2024-05-15,3.5263605246161616,0.07095214079153962,0.11422937666408825,0.7769850676043085,0.03788627519320942,0.029411764705882353,0.0,0.029088495809397465,13.76035604955175,0.000527909126541215,-0.1256085612159505,0.14350828421085343,-0.09193498105025744,-0.619025999739563,-0.025833795281364924,0.10936582536630426,1.0,0.5714285714285714,0.49393939393939396,0.46748454206879314,0.6241573691368103
sachem-head,2024-03-31,2024-05-31,2024-05-15,2.3978952727983707,0.2040117827068728,0.3979022226210522,0.9769611835695222,0.34476938117149225,0.36363636363636365,0.4166666666666667,0.0886858265844406,5.532760559931793,-0.05985853126156346,-0.4399975670791125,0.19060394573056463,-0.10526374475623512,-2.335826263495319,0.18645730482363673,0.3216569254713059,0.0,0.7777777777777778,0.49393939393939396,0.5877071564803027,0.4312325119972229
sands,2024-03-31,2024-05-31,2024-05-14,4.330733340286331,0.03262449060891522,0.06819712836932058,0.4569274289325814,0.10045211347531036,0.05263157894736842,0.02702702702702703,0.08310122903288998,13.605010473834556,-0.0008268010739130305,-0.39667271927296593,0.24658614383450544,-0.15047650034524307,-0.9146386813943779,0.09001097559352084,0.22521059624119003,0.0,0.5873015873015873,0.49393939393939396,0.37223767978688005,0.3344498872756958
semper-augustus,2024-03-31,2024-05-31,2024-05-15,3.58351893845611,0.09720340945153365,0.17830675504447324,0.8103309897948375,0.042780715050314666,0.05555555555555555,0.02857142857142857,0.13475308545867215,7.357232879635044,0.03992843684449732,0.04306974579522671,0.15513386327617418,-0.07563041036423679,-0.6420203020595925,0.0074354428982528475,0.14263506354592204,0.0,0.3968253968253968,0.49393939393939396,0.6118932601742225,0.7149975895881653
senator,2024-03-31,2024-05-31,2024-05-14,4.219507705176107,0.02908951050148668,0.06361327540702637,0.4325018093580971,0.3241269102175435,0.25,0.2714285714285714,-0.06029910421911031,11.443698548990309,0.1748069424855535,-0.24445244567041796,0.18604202929050342,-0.0740958226500702,-1.2602230499734994,0.0002415207611245196,0.1354411414087937,0.0,0.14285714285714285,0.49393939393939396,0.4432900747443287,0.6297484636306763
soroban,2024-03-31,2024-05-31,2024-05-15,3.1780538303479458,0.09787315736382668,0.17497856366162579,0.8508105138863056,0.22591024136097437,0.08333333333333333,0.2413793103448276,-0.20000951635472938,15.481859053626206,0.009567317561359978,-0.16421872574664237,0.14123102011002747,-0.0705925487036334,-2.650275925134794,0.031335282607799664,0.16653490325546885,0.0,0.5238095238095238,0.49393939393939396,0.5885585247038833,0.4448925256729126
southeastern,2024-03-31,2024-05-31,2024-05-15,3.7612001156935624,0.04088292398450711,0.08251324884885626,0.5390273643405832,0.1241258493474593,0.046511627906976744,0.08888888888888889,0.0005669170785630632,4.920832046821193,-0.03623353688950212,-0.28873408166349646,0.23117913412383534,-0.1527114471240476,-1.4289164933590888,-0.054969040017094614,0.08023058063057457,1.0,0.7301587301587301,0.49393939393939396,0.4998499881945334,0.49376800656318665
srs,2024-03-31,2024-05-31,2024-05-15,3.091042453358316,0.14994303533064451,0.2948627476153234,0.917968700047176,0.1838692741381711,0.22727272727272727,0.22727272727272727,-0.13186073354628797,9.180785020366937,-0.12386933950551718,0.00030871489961159515,0.3781787374420964,-0.18487090461014644,0.5570674508724064,0.07276177423513644,0.20796139488280563,0.0,0.8888888888888888,0.49393939393939396,0.4856664298207447,0.32520270347595215
starboard,2024-03-31,2024-05-31,2024-05-15,3.091042453358316,0.07738908465491295,0.1574921667332504,0.7933793205679309,0.13224766301683788,0.045454545454545456,0.19230769230769232,0.008742805504331689,5.662472711360745,0.06561020588643934,-0.09251344798648184,0.22621850412514866,-0.07509521133879538,-0.3238394796289675,-0.1521776856019417,-0.01697806495427252,1.0,0.3333333333333333,0.49393939393939396,0.5284957620307694,0.6393219232559204
steadfast,2024-03-31,2024-05-31,2024-05-15,4.007333185232471,0.032308356854959745,0.07542225221528208,0.4590351166581217,0.3560072319863249,0.23636363636363636,0.125,0.08169496423455314,11.671150687961592,0.1170363774636235,-0.2232636241054875,0.200983756726919,-0.07971512265856684,-0.9580836240086946,0.08830318174690538,0.22350280239457457,0.0,0.25396825396825395,0.49393939393939396,0.37071296009146415,0.5236746668815613
suvretta,2024-03-31,2024-05-31,2024-05-15,4.59511985013459,0.0301468312343657,0.09234784162427627,0.4238732835571703,0.20718740417050163,0.23232323232323232,0.12643678160919541,0.08039886109727169,8.20455335530159,0.13067137370035953,-0.1428085474687852,0.2948570873869182,-0.15504238527984682,0.3072795985365469,-0.21578216518703125,-0.08058254453936207,1.0,0.20634920634920634,0.49393939393939396,0.4083276829262572,0.49973931908607483
tci,2024-03-31,2024-05-31,2024-05-15,2.302585092994046,0.13023349438528545,0.2071765484440157,1.0,0.06388225424312777,0.0,0.09090909090909091,0.09770472513386244,16.152458168560045,0.035771083814182314,0.09279884619712764,0.1556955939779847,-0.07960511731576203,0.19808775802747813,0.05083389324970514,0.18603351389737433,0.0,0.4126984126984127,0.49393939393939396,0.45451098139852225,0.37970101833343506
third-avenue,2024-03-31,2024-05-31,2024-05-13,4.060443010546419,0.034247099099921366,0.07519527490643103,0.4870497119631452,0.07830980658077269,0.017241379310344827,0.03389830508474576,0.02819107407530662,3.5399087961149243,0.19289977353934956,0.24256888378795188,0.23815483693721323,-0.0920774788109221,1.8679982552266738,-0.20722766678621063,-0.07202804613854143,1.0,0.09523809523809523,0.49393939393939396,0.464262672981433,0.5017405152320862
third-point,2024-03-31,2024-05-31,2024-05-15,3.6635616461296463,0.06704572637400531,0.12376467079992676,0.7261930196833948,0.2169035484684999,0.23076923076923078,0.1891891891891892,0.16580069031303377,17.269966055467613,0.02641870504000088,-0.2990300220495792,0.18342973725885678,-0.10937597147681122,-0.5879811752832657,-0.06421380790895972,0.07098581273870946,1.0,0.49206349206349204,0.49393939393939396,0.3557117989833132,0.5249069929122925
tiger-global,2024-03-31,2024-05-31,2024-05-15,3.713572066704308,0.08343238935791704,0.19812349710417615,0.7473940079879277,0.12260926380975334,0.0975609756097561,0.05128205128205128,0.2638472951294201,21.068862834175246,0.19517087569569247,-0.45630784183559475,0.21248360704778307,-0.10481881254819936,-0.7145224974983887,0.11456811423883917,0.24976773488650836,0.0,0.07936507936507936,0.49393939393939396,0.32834411606873853,0.387224406003952
tweedy-browne,2024-03-31,2024-05-31,2024-05-06,3.8066624897703196,0.08930505950213913,0.19716711539905674,0.7759003845992943,0.05878688945409638,0.044444444444444446,0.044444444444444446,0.03904623534816025,11.045116110657538,-0.08429920946766814,-0.06240444251574209,0.12622562098898493,-0.08270980412597606,-1.535698505209485,-0.09692801049162544,0.03827161015604375,1.0,0.8412698412698413,0.49393939393939396,0.6412059105777927,0.708367645740509
valueact,2024-03-31,2024-05-31,2024-05-15,2.4849066497880004,0.14388952625563153,0.23112496103912297,0.9754222643115908,0.17205367670331395,0.08333333333333333,0.21428571428571427,-0.09503429476942067,11.188712962126234,0.10125641122005724,-0.005440764119136798,0.2523750862437059,-0.09490254346121407,-0.23874466307281678,0.170043564081839,0.3052431847295082,0.0,0.30158730158730157,0.49393939393939396,0.4796451141313068,0.428363174200058
viking,2024-03-31,2024-05-31,2024-05-15,4.418840607796598,0.02718523262193209,0.06574949720405025,0.4093702369238514,0.3056538461862437,0.26506024096385544,0.22784810126582278,-0.016317250196878352,11.83832922923054,-0.028954411872769537,-0.26646487950434833,0.18919271437221577,-0.11325207886386046,-0.8347038886931938,0.06276799189582569,0.19796761254349488,0.0,0.6984126984126984,0.49393939393939396,0.4008957664199047,0.5229150056838989
whale-rock,2024-03-31,2024-05-31,2024-05-15,3.4965075614664802,0.05395531154444903,0.11036746239324997,0.6190757452586836,0.3183606844463831,0.21212121212121213,0.3157894736842105,0.1847150533044896,15.797744781792687,0.1662927914286827,-0.26229836229725134,0.24730005698440954,-0.10094405769674397,0.4510561454544649,0.2980559997879162,0.4332556204355854,0.0,0.15873015873015872,0.49393939393939396,0.2731661634771979,0.5657310485839844
yacktman,2024-03-31,2024-05-31,2024-05-02,4.290459441148391,0.03495983828885914,0.10321307917761756,0.4687558107744682,0.0652550758064937,0.0684931506849315,0.02857142857142857,0.03345041409460419,9.562158554011136,-0.015959606486518008,0.05611540968844292,0.13044209653203,-0.06259568804665117,-0.1423934047555266,-0.08325022943907635,0.051949391208592835,1.0,0.6666666666666666,0.49393939393939396,0.5744873273282307,0.6267330050468445
abrams,2024-06-30,2024-08-31,2024-08-09,2.6390573296152584,0.20364014799839814,0.40133468123631105,0.9698153459888937,0.4013346812363111,0.07142857142857142,0.0,0.46831428701419947,8.081244040070727,-0.038045116749684194,0.0996628092441666,0.22979576548367933,-0.08533671831298084,1.3338238255933599,-0.07861219046889299,0.08746989207603813,1.0,0.703125,0.4953271028037383,0.31826949218021666,0.47230982780456543
adage,2024-06-30,2024-08-31,2024-08-14,6.756932389247553,0.014372264869353162,0.058976241802669194,0.30641932630747537,0.15121109399593535,0.13023255813953488,0.13124274099883856,0.01989528523223514,12.488529983110404,0.03702011311745734,0.11316154192637612,0.14788582328352662,-0.03654059231197948,1.8291238723052337,0.030053251976642714,0.19613533452157383,0.0,0.328125,0.4953271028037383,0.4498657104653181,0.5702674984931946
akre,2024-06-30,2024-08-31,2024-08-13,2.9444389791664403,0.10540491906570797,0.1567821848182439,0.9494306971990444,0.05052841308311529,0.10526315789473684,0.15,-0.06155853400693144,11.032832544443695,0.03619502926470208,0.01280029632642532,0.20229718070706462,-0.0744226023004223,-0.09350926636794268,-0.030302388281073095,0.13577969426385803,1.0,0.34375,0.4953271028037383,0.5283775857764781,0.595242440700531
altimeter,2024-06-30,2024-08-31,2024-08-14,2.995732273553991,0.1269621530676553,0.19166476195817764,0.9294046175636181,0.11347058203118632,0.3,0.17647058823529413,0.03358668668847011,20.57175347225418,-0.03272048048694376,-0.6245610490671458,0.29111320959727705,-0.11976105065749354,-0.5184312100891205,0.34850389412700106,0.5145859766719322,0.0,0.6875,0.4953271028037383,0.28805187073067884,0.29214733839035034
appaloosa,2024-06-30,2024-08-31,2024-08-14,3.6109179126442243,0.056722498034899906,0.12242181947640154,0.6352649115158796,0.08156990299589362,0.0,0.02631578947368421,-0.08030287903660689,17.2728756879112,0.07871193855658654,0.34908933627744015,0.2048364753090161,-0.05981633880284365,1.186611478227776,0.16864704080201032,0.33472912334694144,0.0,0.171875,0.4953271028037383,0.4918338318475537,0.6193140745162964
atreides,2024-06-30,2024-08-31,2024-08-14,3.6888794541139363,0.0372012871539673,0.05779337110841207,0.4970996670759005,0.3229512010878147,0.35,0.23529411764705882,-0.08519669687627036,10.175552387744373,-0.004353003359144847,-0.34557077256043606,0.27308364469147417,-0.07260310264591163,-0.2603043867958025,0.37587761298156147,0.5419596955264926,0.0,0.5,0.4953271028037383,0.34874821718202614,0.3116668164730072
baupost,2024-06-30,2024-08-31,2024-08-13,3.1780538303479458,0.08887033243176383,0.20782361304762856,0.7656661165994011,0.2073077805583864,0.20833333333333334,0.13636363636363635,-0.004577985084114419,6.551887248042913,-0.14551282656603168,-0.37035627364838714,0.22214945382760526,-0.05824053631224679,-1.3828877247253244,0.07220331698741592,0.23828539953234704,0.0,0.90625,0.4953271028037383,0.5357532271956524,0.6227654814720154
berkshire-13f,2024-06-30,2024-08-31,2024-08-14,3.713572066704308,0.1480837162992963,0.30091896331311346,0.9047684704092926,0.11211180276990751,0.04878048780487805,0.04878048780487805,-0.16949276832662127,13.174744956319717,-0.022461821982026203,0.062236016632616686,0.15555619333150872,-0.021860530852003235,0.15915770998859052,-0.0713637739142736,0.09471830863065751,1.0,0.625,0.4953271028037383,0.5692163401966651,0.49484145641326904
cantillon,2024-06-30,2024-08-31,2024-08-05,3.6635616461296463,0.035740997817239585,0.08288034531485149,0.4708604801390783,0.10010540251139477,0.10256410256410256,0.05405405405405406,-0.06119724967529518,11.607913331312595,0.004344900238983651,-0.03724352703788911,0.18748546099999697,-0.06344831388951233,0.055050604400883496,0.025902627594283745,0.19198471013921486,0.0,0.421875,0.4953271028037383,0.4919941550865854,0.4667500853538513
coatue,2024-06-30,2024-08-31,2024-08-14,4.30406509320417,0.044414004960472646,0.08209309662344412,0.5823989789684457,0.18477360790242692,0.0945945945945946,0.26373626373626374,0.0075284650342404185,17.273841161440696,0.14643231692997988,-0.4873700649632609,0.2335586773626073,-0.052434119057856554,-0.7712956466641635,0.18847823354238874,0.35456031608731986,0.0,0.078125,0.4953271028037383,0.35632660025964497,0.3075898289680481
corvex,2024-06-30,2024-08-31,2024-08-14,3.4965075614664802,0.08822803640171789,0.15853545506918906,0.799575066994761,0.17381827063015598,0.12121212121212122,0.09375,0.07277845849445665,8.704562525614655,-0.06620654508778731,-0.12966548052863835,0.20555748446871372,-0.05982909177007478,-0.19604783899178677,-0.010784748858618326,0.1552973336863128,1.0,0.796875,0.4953271028037383,0.4631654938357353,0.577888548374176
d1,2024-06-30,2024-08-31,2024-08-14,3.5553480614894135,0.06061132081950927,0.15672925166843127,0.619287798120366,0.343217645572756,0.3142857142857143,0.29411764705882354,-0.10357307743498347,9.4707975456539,0.06547740785795014,-0.47945793281084687,0.18802982183200595,-0.05127629888045315,-1.0051156008167996,0.12389186803574442,0.28997395058067554,0.0,0.203125,0.4953271028037383,0.4009766297835633,0.39347130060195923
darsana,2024-06-30,2024-08-31,2024-08-14,2.6390573296152584,0.09060335093371613,0.1224885839159735,0.9185310650628453,0.17741340419818463,0.21428571428571427,0.15384615384615385,0.16185562841622386,10.724552012345352,0.17550941462588637,-0.2791684681194309,0.17699281262534483,-0.06263465735914009,-0.580169138020813,0.20513578566118795,0.3712178682061191,0.0,0.0625,0.4953271028037383,0.3760804867992146,0.4691167175769806
dragoneer,2024-06-30,2024-08-31,2024-08-14,3.4965075614664802,0.0595057532694246,0.10209199322513453,0.6863443039316312,0.2532032153758663,0.2727272727272727,0.1724137931034483,0.19231153577070084,6.964042297556496,-0.15137637352277783,-0.7633436945260013,0.28854900377898623,-0.08914468093259575,-1.08486300834871,0.19958299669700907,0.3656650792419402,0.0,0.921875,0.4953271028037383,0.3071236792092912,0.47601842880249023
duquesne,2024-06-30,2024-08-31,2024-08-14,4.143134726391533,0.04862457976062865,0.0922452074504626,0.6285763025524207,0.4206312028239678,0.2857142857142857,0.375,-0.27807150952936094,8.548315261858175,0.25069004290153246,0.24716464056286702,0.19561076053627954,-0.027579796260657097,1.2537952614845926,0.1609529800062619,0.327035062551193,0.0,0.015625,0.4953271028037383,0.4202843475845541,0.6274044513702393
egerton,2024-06-30,2024-08-31,2024-08-13,3.258096538021482,0.05011583579671746,0.07600865764528258,0.6115546369854508,0.1640551047996177,0.23076923076923078,0.09090909090909091,-0.043914677132812864,15.711958952950534,-0.025313232701301286,-0.15256940228086696,0.12341727784472499,-0.03425709992378656,-1.5429763266279855,-0.008262203367843252,0.15781987917708787,1.0,0.65625,0.4953271028037383,0.5183048583157654,0.44792938232421875
elliott,2024-06-30,2024-08-31,2024-08-14,3.6109179126442243,0.11721397527346884,0.1993606809256365,0.8402557387178139,0.10106684147683431,0.10810810810810811,0.175,0.03753041402573663,4.532637844099432,0.0016290777859438443,0.6248227663176491,0.13073044959377403,-0.03563841171083315,1.2335763377438214,0.08432001395935035,0.25040209650428147,0.0,0.453125,0.4953271028037383,0.6952450636763962,0.695765495300293
eminence,2024-06-30,2024-08-31,2024-08-14,4.02535169073515,0.0254068790201399,0.05209326442488429,0.3493156434021675,0.16639865775467633,0.16071428571428573,0.16071428571428573,0.12857534183528646,7.647488473751618,-0.018224528035857557,0.04305292084677298,0.2103649517543077,-0.059398904813128706,1.079603157132107,0.037045395716930246,0.20312747826186137,0.0,0.609375,0.4953271028037383,0.45118362110353133,0.5391319990158081
engaged,2024-06-30,2024-08-31,2024-08-14,2.4849066497880004,0.10240916009806054,0.13490989715558044,0.9316701901248023,0.20902302203656942,0.08333333333333333,0.0,-0.0552657071947879,2.9171811443926625,-0.27574118673889103,,0.3109885333840012,-0.14996901201940316,,-0.3275111915394012,-0.16142910899447013,1.0,0.953125,0.4953271028037383,0.4370429385975838,0.5953181385993958
fairfax-13f,2024-06-30,2024-08-31,2024-08-14,3.6375861597263857,0.1632411582544637,0.3205421647069282,0.8725029388652282,0.11589036075684445,0.05263157894736842,0.14285714285714285,-0.037952391416176866,5.916319907209313,-0.3913539322802394,,0.21937067705510432,-0.13128326705372095,,-0.06832257705307486,0.09775950549185626,1.0,0.984375,0.4953271028037383,0.6219510773781731,0.7900704145431519
farallon,2024-06-30,2024-08-31,2024-08-14,5.0238805208462765,0.02717246839730534,0.05556859706131505,0.3989318055436943,0.172774000715179,0.11842105263157894,0.18292682926829268,-0.047380708983631385,9.684928106203637,-0.02867730850188338,-0.04571481427683227,0.18520519828369553,-0.06521423880345567,0.15841556286053865,-0.1138497797535491,0.052232302791382024,1.0,0.671875,0.4953271028037383,0.49463047782120956,0.5123414993286133
fisher,2024-06-30,2024-08-31,2024-08-14,6.892641641172089,0.01809031991474533,0.05302250166976991,0.3353386047750397,0.06737904712963916,0.10761421319796954,0.08722741433021806,0.07094397853000375,13.013611467099995,0.05458890609702055,0.026871546862592355,0.16111778117120532,-0.033926197714219675,0.09933314972256463,0.0020522748973621496,0.16813435744229327,0.0,0.234375,0.4953271028037383,0.5901207974093969,0.6203189492225647
fundsmith,2024-06-30,2024-08-31,2024-08-14,3.6888794541139363,0.05932155318342333,0.13005571391917709,0.6668399213683469,0.04237562584710575,0.0,0.0,-0.040370511450199695,15.464276869639878,-0.0992032409017001,-0.2649245339873063,0.14095881591651843,-0.044187987923015815,-2.186475294842515,-0.04351142979824185,0.12257065274668927,1.0,0.875,0.4953271028037383,0.5950576725930103,0.7174240946769714
gardner-russo,2024-06-30,2024-08-31,2024-08-13,4.343805421853684,0.07666109230705587,0.13672335636532987,0.7964307894841234,0.03436800439494947,0.025974025974025976,0.07407407407407407,-0.02923167829548149,10.356861834121732,-0.06257279091141318,0.02677777610748866,0.11616809339202823,-0.023862074810220624,-0.8486744145822613,0.020512867724520933,0.18659495026945205,0.0,0.78125,0.4953271028037383,0.640529008287813,0.7918610572814941
giverny,2024-06-30,2024-08-31,2024-08-14,3.912023005428146,0.04118290002899117,0.0832733267112407,0.5396568503502275,0.07891012635218253,0.04,0.058823529411764705,-0.03833718202363179,11.05962467182884,-0.05873583898714718,-0.10133627258644812,0.17389261504502995,-0.060501893115736616,-0.8185329491805259,-0.03210407565505197,0.13397800688987915,1.0,0.75,0.4953271028037383,0.5494113005337532,0.515619158744812
glenview,2024-06-30,2024-08-31,2024-08-14,3.828641396489095,0.06011766584582337,0.1314917775294005,0.6576613527852805,0.18093770265367726,0.1956521739130435,0.13953488372093023,-0.08341185819882187,7.573827653148763,0.06393214323544688,0.04346781216177342,0.1643574132755309,-0.042707284038229654,0.2502228812848507,-0.11922507517918918,0.046857007365741936,1.0,0.21875,0.4953271028037383,0.5257997971353844,0.7038097977638245
gotham,2024-06-30,2024-08-31,2024-08-14,7.249215057114389,0.0160464763631264,0.10450010422401428,0.25343670818423,0.15203251753282898,0.11727078891257996,0.09077598828696926,0.1539755135792268,6.820736283230017,-0.002099109446183134,0.0307162426794505,0.14258146719741632,-0.04000593128674235,0.11370935720678749,0.035960382901558785,0.2020424654464899,0.0,0.484375,0.4953271028037383,0.6287748188134513,0.6229971647262573
greenhaven-road,2024-06-30,2024-08-31,2024-08-14,2.8903717578961645,0.14837146763711045,0.285594588582269,0.9448250278556731,0.06804609643329029,0.05555555555555555,0.10526315789473684,-0.0900297646977927,3.924214682530146,0.14082148292898045,-0.4665379130990559,0.32113245963438364,-0.11586460335928839,-0.23060547391582817,-0.005789002375180818,0.1602930801697503,1.0,0.09375,0.4953271028037383,0.4459321131176057,0.2749382555484772
harris,2024-06-30,2024-08-31,2024-08-14,4.882801922586371,0.021951417344406313,0.05618501926441552,0.34551076950091564,0.0850551377904264,0.03787878787878788,0.045112781954887216,-0.0453026182044449,9.68837896050981,-0.01156356100618744,0.04579688813864824,0.17563952090985116,-0.04668039829291726,-0.009790648594364001,-0.07789499481642938,0.08818708772850174,1.0,0.5625,0.4953271028037383,0.5657904451351092,0.6735681891441345
himalaya,2024-06-30,2024-08-31,2024-08-14,1.9459101490553132,0.1908417434898893,0.2807160068670991,1.0,0.06485782936121187,0.14285714285714285,0.0,0.12510100624879694,17.732865600545605,0.06770017289092506,0.013358511285689545,0.15076195226426312,-0.03221728577575267,-0.18391906053522739,0.05039850687996661,0.21648058942489773,0.0,0.1875,0.4953271028037383,0.4749460324324404,0.3919973373413086
hound,2024-06-30,2024-08-31,2024-08-14,2.772588722239781,0.1527888671323338,0.2910490899356047,0.9134380817145062,0.5745615720425743,0.3125,0.26666666666666666,0.3962495682363121,8.263842844826035,-0.04336041595223891,-0.20678272758802835,0.26725298356970495,-0.08790226210128982,-0.8522365665132264,0.3297201486012906,0.49580223114622174,0.0,0.71875,0.4953271028037383,0.33843356153806264,0.42314663529396057
icahn,2024-06-30,2024-08-31,2024-08-14,2.6390573296152584,0.41653437930475606,0.6175447306601484,0.9807708986028139,0.11636438927215487,0.14285714285714285,0.14285714285714285,-0.09450986865272579,1.9387040762557461,-0.39388994833399116,-0.6232304415245111,0.24390547917960986,-0.16516032895914312,-1.2464617566901373,-0.2343943099919616,-0.06831222744703046,1.0,1.0,0.4953271028037383,0.5345389903490019,0.5565006732940674
impactive,2024-06-30,2024-08-31,2024-08-14,2.302585092994046,0.12186357128457839,0.17857246417580727,1.0,0.07563211746971077,0.1,0.0,-0.027641247188000456,3.890452494119616,-0.17450835322476196,-0.09683218443289535,0.25315269288251313,-0.10503147710842975,-0.16313549683686918,-0.0996188256666236,0.06646325687830752,1.0,0.9375,0.4953271028037383,0.48926860820853507,0.6654421091079712
kingdon,2024-06-30,2024-08-31,2024-08-14,4.1588830833596715,0.022840867342721397,0.06465542195111128,0.33556764303744474,0.3710295847059615,0.25,0.30434782608695654,-0.15446997314323987,8.22403644881592,0.12753490987413746,-0.13999834046145487,0.16924272576104427,-0.0395196171927229,-0.6432660311142196,-0.011548787804921246,0.15453329474000987,1.0,0.109375,0.4953271028037383,0.4655109430901902,0.3761216402053833
lansdowne,2024-06-30,2024-08-31,2024-08-14,3.295836866004329,0.16536374570524714,0.30126178567865725,0.9603153537638979,0.14563675438047274,0.0,0.2702702702702703,-0.19087262023469842,13.730839311531222,0.034527397899294765,0.07569640638232511,0.2248252420429657,-0.053369270393098134,-0.028339657069949998,0.05073389111799273,0.21681597366292385,0.0,0.359375,0.4953271028037383,0.5725850416679295,0.4303572177886963
lone-pine,2024-06-30,2024-08-31,2024-08-14,3.1780538303479458,0.049378809176394,0.08461478305893856,0.5814339719574861,0.21646392869326359,0.16666666666666666,0.23076923076923078,-0.02737039603091493,16.22243759341423,0.009616664172010236,-0.5444517196231624,0.2026389037715208,-0.058759323131265195,-1.8065516893125766,0.2722761317428371,0.4383582142877682,0.0,0.40625,0.4953271028037383,0.3917205144133338,0.31560155749320984
markel-13f,2024-06-30,2024-08-31,2024-08-02,4.897839799950911,0.024676867339381188,0.06709266732873397,0.3968994068398337,0.0475345289783361,0.022388059701492536,0.007575757575757576,0.0025150419928465528,11.732691833026099,-0.01723501048818818,0.03176516618197306,0.14309284807760683,-0.039728078458149296,-0.5467345811272161,-0.03877701551503135,0.12730506702989977,1.0,0.59375,0.4953271028037383,0.6039543244646304,0.7168298363685608
marshall-wace,2024-06-30,2024-08-31,2024-08-14,7.717351272185329,0.036184365541958044,0.1742032418513149,0.3421136100875484,0.31439374144526344,0.3177570093457944,0.2608486017357763,0.15802712992828102,9.176097225934287,0.043410319368828276,-0.04865468807061013,0.16012610450036038,-0.043841636845931564,-0.9453272346645405,0.031109645918328155,0.19719172846325927,0.0,0.296875,0.4953271028037383,0.6732657518681326,0.7712166905403137
matrix,2024-06-30,2024-08-31,2024-08-14,3.1354942159291497,0.1282011372311653,0.25000361245653774,0.9469748671389814,0.11886040368056483,0.08695652173913043,0.08695652173913043,0.19912307752463929,12.622764990434634,0.1079630565300202,-0.26134159769532955,0.2533569444757487,-0.057422465497240616,0.1177325460961937,,,,0.125,0.4953271028037383,0.4075111064664444,0.3664344847202301
maverick,2024-06-30,2024-08-31,2024-08-14,5.58724865840025,0.03354993954243243,0.11623333345043581,0.4455549743166241,0.25794255334435146,0.32209737827715357,0.5508684863523573,0.021532096520678057,12.399162865386517,0.045456315542464876,-0.2632283316880742,0.2044692533863699,-0.029529089733447256,0.21785737589973136,0.07868795179797228,0.2447700343429034,0.0,0.28125,0.4953271028037383,0.5086744469009823,0.6696279048919678
paulson,2024-06-30,2024-08-31,2024-08-14,2.772588722239781,0.20528164627928686,0.3830697893605883,0.9753041226945213,0.10567842030258456,0.0625,0.16666666666666666,-0.06781700558115614,3.1994492936451207,0.0024659096200776442,-0.4071102376983717,0.2552410659136543,-0.06729564384267062,-0.5655706384770888,0.6249949505668237,0.7910770331117548,0.0,0.4375,0.4953271028037383,0.543330250216817,0.5067594647407532
pershing-square,2024-06-30,2024-08-31,2024-08-14,2.1972245773362196,0.1400821454335308,0.18761263804413408,1.0,0.06392079074288504,0.2222222222222222,0.0,-0.03299500761192355,10.562122994504389,-0.05987708787766857,0.05033435141785875,0.1462333075606187,-0.021641878158253025,0.5259955054010118,-0.1053721428744411,0.06070993967049002,1.0,0.765625,0.4953271028037383,0.4752186433224884,0.6226273775100708
polen,2024-06-30,2024-08-31,2024-08-12,4.700480365792417,0.059600472572833164,0.14363908864514935,0.634753913412311,0.08648022946063227,0.10909090909090909,0.057692307692307696,-0.08330271395345104,18.60012549926476,-0.06623816158718424,-0.24144032607940133,0.17384819934842527,-0.05196220794919992,-1.1964897702734387,-0.03925727374094168,0.12682480880398944,1.0,0.8125,0.4953271028037383,0.5331698177576863,0.562686562538147
pzena,2024-06-30,2024-08-31,2024-08-02,5.075173815233827,0.02327158874328189,0.0444928513609851,0.35450165795293187,0.08796480259810957,0.075,0.06918238993710692,-0.023942220193279257,5.75434864397359,-0.08014214116677562,0.06087885125414694,0.18078329544933924,-0.05172730314248475,-0.41030556919107003,-0.12094077566216312,0.045141306882768004,1.0,0.859375,0.4953271028037383,0.6309486718776305,0.7350327968597412
ruane-cunniff,2024-06-30,2024-08-31,2024-08-14,3.6109179126442243,0.06898009789426957,0.10897387695543656,0.7666422715173264,0.04675377668231173,0.08108108108108109,0.0,-0.0038394450498974294,14.394889909744935,0.02026140098451984,-0.11099283470476376,0.12777238935790078,-0.02134080113556236,-0.42597555667811776,-0.05538706521367055,0.11069501733126057,1.0,0.390625,0.4953271028037383,0.48807457618832606,0.5435120463371277
sachem-head,2024-06-30,2024-08-31,2024-08-14,2.772588722239781,0.17012674488345228,0.36107266273914124,0.9015799885075275,0.2902089338807521,0.5625,0.36363636363636365,-0.07184578748490256,5.344560116632968,-0.0016407804774155599,-0.3953328429036168,0.1604138442852021,-0.0655687466892152,-2.422544622289442,0.3465324760211676,0.5126145585660987,0.0,0.46875,0.4953271028037383,0.6809847562470653,0.5688209533691406
sands,2024-06-30,2024-08-31,2024-08-13,4.189654742026425,0.03586005851732773,0.09117394766340477,0.4779231898350967,0.08538240767246852,0.015151515151515152,0.14473684210526316,-0.049281783026440255,14.654923557870525,-0.015767521016440966,-0.47842245451670623,0.24594346790087915,-0.0657671249812769,-1.2831325681058208,0.12972512567809508,0.2958072082230262,0.0,0.578125,0.4953271028037383,0.46534150735140006,0.28794214129447937
semper-augustus,2024-06-30,2024-08-31,2024-08-14,3.6635616461296463,0.0925529324170677,0.17251019950779617,0.8010737912030335,0.06517333004640413,0.1282051282051282,0.05555555555555555,0.022294101770916758,7.15309074156559,-0.011181886205255231,0.12826422884252375,0.15256590830335928,-0.038105134091798276,-0.33305962031645747,0.10366083985185937,0.2697429223967905,0.0,0.546875,0.4953271028037383,0.6422342133454316,0.7442207932472229
senator,2024-06-30,2024-08-31,2024-08-20,4.248495242049359,0.02749368135679835,0.061265824205790825,0.4026547734989713,0.270478222079393,0.24285714285714285,0.22058823529411764,-0.06937170479175035,10.922709411947361,0.03824507460075882,-0.24623932849332988,0.18028167999651562,-0.050927295047587307,-1.1888730856722707,0.07376918186642034,0.23985126441135146,0.0,0.3125,0.4953271028037383,0.4866207976264784,0.5389043092727661
soroban,2024-06-30,2024-08-31,2024-08-14,3.2188758248682006,0.08755367394346049,0.2127648721428467,0.7680155926253033,0.23315637718052962,0.16,0.125,0.028317539717578416,16.783612778838688,-0.024373506150689894,-0.1323181320798995,0.11701654435029546,-0.029034191050181235,-2.5187044298128676,0.06708756677874153,0.23316964932367265,0.0,0.640625,0.4953271028037383,0.6182877547222608,0.5351007580757141
southeastern,2024-06-30,2024-08-31,2024-08-14,3.828641396489095,0.038695483967191656,0.07627075958909339,0.5232954809949404,0.08972764351290885,0.10869565217391304,0.046511627906976744,-0.12570353755365754,5.050816531685221,-0.11207426645862498,-0.16018569352797218,0.21820228084218066,-0.07780947676569061,-1.0127331542677303,-0.046702172733444694,0.11937990981148643,1.0,0.890625,0.4953271028037383,0.5839855309168576,0.45978155732154846
srs,2024-06-30,2024-08-31,2024-08-14,3.091042453358316,0.14315319499514237,0.24369908304875879,0.9199166183730425,0.1699251318402175,0.22727272727272727,0.22727272727272727,0.01480912138794682,9.672671665607288,-0.37220370689290655,-0.1530940381743516,0.3106476680697393,-0.1572825342647287,0.1507003097954694,0.34343327036337784,0.509515352908309,0.0,0.96875,0.4953271028037383,0.46221903355918925,0.48908522725105286
starboard,2024-06-30,2024-08-31,2024-08-14,2.995732273553991,0.07952588841274257,0.15001986987684807,0.802013150329156,0.07698053621584722,0.0,0.09090909090909091,-0.1191581884556204,5.72467220190477,0.024901367081729797,-0.06833830172949901,0.23149721915859836,-0.0645419986505944,-0.5433105134371399,-0.11479655507272149,0.05128552747220964,1.0,0.375,0.4953271028037383,0.5657767915565105,0.5912995934486389
steadfast,2024-06-30,2024-08-31,2024-08-14,3.9318256327243257,0.03262413357175958,0.06884660524543,0.45241413274167097,0.3542714142195905,0.23529411764705882,0.2909090909090909,-0.04620544307301635,13.300872424955546,-0.0053957294511423615,-0.26430948164958573,0.18896485841185312,-0.06565392888408839,-1.2870735370562298,0.10911697283829219,0.2751990553832233,0.0,0.515625,0.4953271028037383,0.4257933166369974,0.504016101360321
suvretta,2024-06-30,2024-08-31,2024-08-14,4.574710978503383,0.030923005777927972,0.07365362111450498,0.45169759510327495,0.24283320664626218,0.09278350515463918,0.1111111111111111,0.032988825742316465,9.289040086169022,0.2399599760613617,-0.09290348922873587,0.28300646026821513,-0.09327604768086073,0.4132566520924284,-0.15929882081860977,0.006783261726321336,1.0,0.03125,0.4953271028037383,0.379858199909395,0.4438876211643219
tci,2024-06-30,2024-08-31,2024-08-14,2.302585092994046,0.12224231891078402,0.18715576234385276,1.0,0.08631902845193751,0.1,0.1,0.0314073496517149,14.531225100712092,0.04664571572013365,-0.008357069511670423,0.14638330554121273,-0.017409743103077302,0.055338256607927065,0.024581297220000964,0.19066337976493208,0.0,0.265625,0.4953271028037383,0.465350320601621,0.5179072618484497
third-avenue,2024-06-30,2024-08-31,2024-08-13,4.07753744390572,0.037153413789774575,0.08326310988029018,0.5114605035596665,0.053367380610312876,0.03389830508474576,0.017241379310344827,-0.07233495380145238,3.486517747145514,0.05163048580858187,0.3042600563168533,0.23050632730114412,-0.06170070874032085,1.9047687655642858,-0.13050700427706108,0.035575078267870035,1.0,0.25,0.4953271028037383,0.5311036164478172,0.5740025043487549
third-point,2024-06-30,2024-08-31,2024-08-14,3.784189633918261,0.05476812109762335,0.11279961642094294,0.6492037929989232,0.1987403578115141,0.25,0.15384615384615385,0.10897284040194052,17.053109854820644,-0.008661146602855052,-0.3891579651570657,0.17934831400743778,-0.03794311058904665,-1.3225125751371511,-0.024244211383372405,0.14183787116155872,1.0,0.53125,0.4953271028037383,0.43309840679575284,0.3505033552646637
tiger-global,2024-06-30,2024-08-31,2024-08-14,3.784189633918261,0.07349671408722772,0.17405015237938135,0.7379644993719339,0.1101575121053825,0.11363636363636363,0.04878048780487805,0.16721569729674127,20.72243798724156,0.18558377021642603,-0.4749713736326385,0.2040958636655475,-0.04783914580739046,-0.67307758620005,0.16931810139166265,0.33540018393659377,0.0,0.046875,0.4953271028037383,0.3511704907698177,0.39053109288215637
tweedy-browne,2024-06-30,2024-08-31,2024-08-13,3.784189633918261,0.0912866861736571,0.18355593226744976,0.7831724394062711,0.10503365590877134,0.0,0.022222222222222223,0.020694523405575378,11.04314460020561,-0.06875795502575613,-0.0027899894837702666,0.12003106730583768,-0.0422514296769293,-0.9374059325164491,-0.11046531071468446,0.05561677183024665,1.0,0.828125,0.4953271028037383,0.5858055350600603,0.7820172905921936
valueact,2024-06-30,2024-08-31,2024-08-14,2.302585092994046,0.18347042569383096,0.2829822529963452,1.0,0.15367314234774043,0.0,0.16666666666666666,-0.24487341314805383,10.656663184964263,0.09128798044052028,0.12773498142789957,0.2509893954982581,-0.08200429427708844,0.20363999300251243,0.12330749789707923,0.28938958044201035,0.0,0.15625,0.4953271028037383,0.5061339261848719,0.32905787229537964
viking,2024-06-30,2024-08-31,2024-08-14,4.406719247264253,0.02723806070161357,0.06902393626019807,0.41417757924290255,0.3632272578656146,0.3048780487804878,0.3132530120481928,-0.031765949947875495,12.067947623968609,-0.05651206308079801,-0.24842394231914378,0.16189524238395683,-0.03757120257898605,-0.7353898500635634,0.05466502293710798,0.2207471054820391,0.0,0.734375,0.4953271028037383,0.43046291419363153,0.5828667283058167
whale-rock,2024-06-30,2024-08-31,2024-08-14,3.6635616461296463,0.04457941229595304,0.08535190206892693,0.5794272975488407,0.34791181929815485,0.38461538461538464,0.2727272727272727,0.047281476569331085,15.196052351492392,0.09778310076390845,-0.3173150445781988,0.25199289853859463,-0.08301744183943494,0.41882542001275197,0.5222300052219113,0.6883120877668424,0.0,0.140625,0.4953271028037383,0.2702301936020244,0.4412454068660736
yacktman,2024-06-30,2024-08-31,2024-08-02,4.276666119016055,0.03557179516382783,0.0984070555148938,0.47610937211496734,0.04185548154017993,0.013888888888888888,0.0273972602739726,-0.042557774477611804,9.460753106094497,-0.07348794584255067,0.07992963411864051,0.11614787193535117,-0.02812608012076978,-0.5791649740214301,-0.08975694036450226,0.07632514218042886,1.0,0.84375,0.4953271028037383,0.6479358056395083,0.6953690648078918
abrams,2024-09-30,2024-11-30,2024-11-08,2.6390573296152584,0.24830253373754727,0.4603683113653477,0.9775219479158167,0.0629844803525933,0.0,0.0,0.19677730536233232,6.587416078011528,0.1361672310312954,0.31051221761632414,0.1876504715627136,-0.06977601424393765,2.0557663163665123,-0.2179455415783238,-0.0752206056181765,1.0,0.21875,0.4954904171364149,0.5552952670506728,0.5651986002922058
adage,2024-09-30,2024-11-30,2024-11-14,6.761572768804055,0.013721502581683111,0.058436756653755396,0.2953755570549183,0.14176339125003135,0.13194444444444445,0.12790697674418605,0.04748425400772225,11.787610768464683,-0.007820903574691729,0.05840958381282524,0.10568866641322594,-0.0365405923119797,0.8866681783586061,0.0670198052916427,0.20974474125179,0.0,0.59375,0.4954904171364149,0.5234217471182174,0.5439634919166565
akre,2024-09-30,2024-11-30,2024-11-13,2.8903717578961645,0.10361367104267154,0.16109085846583493,0.9480642063478552,0.05337448961753244,0.0,0.05263157894736842,0.0557710181512754,10.954695074641212,-0.013858798063245414,0.03291799121718153,0.1447369787553402,-0.0744226023004223,-0.03641010703256412,-0.1735445222473965,-0.03081958628724921,1.0,0.625,0.4954904171364149,0.4947386617266666,0.6314148902893066
altimeter,2024-09-30,2024-11-30,2024-11-14,3.1354942159291497,0.11633703281163957,0.1918977645743411,0.8727201911414159,0.16068889003575515,0.34782608695652173,0.25,0.0032660990756515633,19.137825864705626,-0.11338538486550148,-0.6174280326103124,0.20651425046863098,-0.11976105065749332,-0.5114628445945341,0.12827360997335469,0.270998545933502,0.0,0.859375,0.4954904171364149,0.2770217959268774,0.24708275496959686
appaloosa,2024-09-30,2024-11-30,2024-11-14,3.6375861597263857,0.0633476851866882,0.15763673069219195,0.6549474612128804,0.19697403424262383,0.10526315789473684,0.08108108108108109,0.08629365093469715,14.790797144043418,0.026904630947380437,0.39192288676186987,0.19249032743309452,-0.05981633880284376,1.2604796730133263,0.22612376431544506,0.36884870027559236,0.0,0.421875,0.4954904171364149,0.5019406541633527,0.603498101234436
atreides,2024-09-30,2024-11-30,2024-11-14,3.5553480614894135,0.05487243753425914,0.126828332601835,0.6041499643766957,0.335165702259297,0.17142857142857143,0.275,-0.03354261479304753,9.016724497702993,0.2575701597428876,-0.15799855067952515,0.25378670553715205,-0.07260310264591174,0.2990176312650264,0.21999750907157767,0.36272244503172496,0.0,0.0625,0.4954904171364149,0.34156135150151584,0.6445772051811218
baupost,2024-09-30,2024-11-30,2024-11-13,3.044522437723423,0.12062360507330194,0.2600293661033945,0.8681781611859515,0.2599214056745903,0.2857142857142857,0.375,-0.032952746628026684,6.543584604153401,-0.006603194486062447,-0.2848405952156837,0.21214047425041635,-0.05824053631224668,-0.9590798710768567,0.036334682241959154,0.17905961820210645,0.0,0.578125,0.4954904171364149,0.5396356963179547,0.5901886224746704
berkshire-13f,2024-09-30,2024-11-30,2024-11-14,3.6888794541139363,0.1310773618532814,0.26240817072226325,0.8968141480421403,0.08856616160280806,0.075,0.0975609756097561,-0.04975937221895769,12.156709383112458,-0.059727134266977566,0.009054457415036132,0.1096291257848951,-0.015976380908698573,-0.1359128106169826,-0.04867089431642649,0.0940540416437208,1.0,0.71875,0.4954904171364149,0.5944938519497766,0.7124942541122437
cantillon,2024-09-30,2024-11-30,2024-11-07,3.6375861597263857,0.033327658854734536,0.07733471496953791,0.4283564304864279,0.09309067832197027,0.02631578947368421,0.05128205128205128,0.08927956548226901,11.562697914564234,-0.07199236161380257,-0.11284848723989332,0.13140060662501596,-0.06344831388951211,-0.6622282668532402,0.07053019627870738,0.21325513223885467,0.0,0.75,0.4954904171364149,0.516700587109493,0.43194639682769775
coatue,2024-09-30,2024-11-30,2024-11-14,4.394449154672439,0.04088009321234323,0.0785654801906054,0.5576871915915925,0.2169359306375831,0.1728395061728395,0.0945945945945946,0.04672895678856008,16.10108769345301,0.21609066752940737,-0.4106012853371621,0.1662015496477384,-0.052434119057856554,-0.7348998658493449,0.050935819119075326,0.19366075507922262,0.0,0.140625,0.4954904171364149,0.31791077126567957,0.24673758447170258
corvex,2024-09-30,2024-11-30,2024-11-14,3.4011973816621555,0.08035420049889784,0.1440670478268353,0.767039180650045,0.09752959893825208,0.1,0.18181818181818182,0.14260690517390634,8.261834091443328,0.03975998074649362,0.04915296125116342,0.15467773275068167,-0.059829091770074894,0.7502275366643563,-0.013028254142248286,0.129696681817899,1.0,0.390625,0.4954904171364149,0.4877171193951782,0.6728957891464233
d1,2024-09-30,2024-11-30,2024-11-14,3.5263605246161616,0.06644893434665135,0.1774695714343239,0.6488711399001917,0.36009251746846294,0.3235294117647059,0.34285714285714286,-0.13559544790749772,9.256904157381099,0.2425428391543621,-0.40423283979566504,0.1373075274398268,-0.040627435112417065,-0.6922142878398461,-0.05990417575820535,0.08282076020194194,1.0,0.109375,0.4954904171364149,0.37283129842166574,0.39538639783859253
darsana,2024-09-30,2024-11-30,2024-11-14,2.70805020110221,0.08144627317356457,0.11507381879442286,0.8518704224432174,0.20615783432127044,0.2,0.14285714285714285,0.10450640074459437,9.448198039726238,0.07678303699205596,-0.23442350504820827,0.13988885433631706,-0.06263465735913998,-0.49213878892577634,0.16759340817660345,0.31031834413675075,0.0,0.296875,0.4954904171364149,0.3661963335365087,0.337599515914917
dragoneer,2024-09-30,2024-11-30,2024-11-14,3.1780538303479458,0.07157513088006548,0.10223703206650085,0.7883842703439103,0.14364922800210378,0.0,0.2727272727272727,0.09415531896165542,7.440040947417274,0.05010052869559589,-0.6497843706866591,0.22904857128330866,-0.08221324660201867,-0.559667171290029,-0.09562136278357117,0.047103573176576125,1.0,0.375,0.4954904171364149,0.2887699147144904,0.24893832206726074
duquesne,2024-09-30,2024-11-30,2024-11-14,4.276666119016055,0.061577660333917775,0.15868908347567545,0.6480185066939926,0.3404243727500532,0.4305555555555556,0.3492063492063492,0.011922037050783848,7.11202388403668,0.5385868821136712,0.49935996637733265,0.16489032381743884,-0.022285251364894676,1.697089941000068,0.17316732925294903,0.3158922652130963,0.0,0.015625,0.4954904171364149,0.5427831686250623,0.8680042028427124
egerton,2024-09-30,2024-11-30,2024-11-05,3.4011973816621555,0.048183246180052354,0.07469674846976952,0.5872249564433758,0.18162403450465125,0.2,0.07692307692307693,0.0004649273143277119,15.312984438418326,-0.0024128591167993374,-0.09667557110462727,0.09756753049346625,-0.03425709992378678,-0.9177833861739052,-0.06248773887571761,0.08023719708442968,1.0,0.5,0.4954904171364149,0.466968200626488,0.39005133509635925
elliott,2024-09-30,2024-11-30,2024-11-14,3.5553480614894135,0.12218978824371034,0.20252983139088843,0.8558882341262707,0.20082230623286723,0.02857142857142857,0.08108108108108109,0.027164347472676036,4.23360938436601,-0.1704408434498793,0.5164582709986882,0.1121494866666359,-0.03617866027659156,0.9866760739716756,0.22234514435147584,0.36507008031162314,0.0,0.921875,0.4954904171364149,0.6279445889364623,0.7014651298522949
eminence,2024-09-30,2024-11-30,2024-11-14,3.8918202981106265,0.02696524058897114,0.06106211093236662,0.3646130628972282,0.17006990952488,0.14285714285714285,0.25,0.06038588926379124,7.010472686475059,0.08152469173280152,0.0780865726936047,0.17580537849376146,-0.05488715127399324,1.0772118845331915,-0.1220962206331058,0.020628715327041497,1.0,0.28125,0.4954904171364149,0.47506550951967647,0.5015183687210083
engaged,2024-09-30,2024-11-30,2024-11-14,2.1972245773362196,0.13841259296588765,0.18299118344492707,1.0,0.2922838974736396,0.1111111111111111,0.3333333333333333,0.054364107074686294,2.9563933494521235,-0.1896512196515397,,0.2743191943699763,-0.14996901201940316,,-0.3795781236961153,-0.23685318773596803,1.0,0.953125,0.4954904171364149,0.43982929951886984,0.637550413608551
fairfax-13f,2024-09-30,2024-11-30,2024-11-14,3.4339872044851463,0.15896774741711567,0.28214794834696577,0.9048757054640241,0.131936607284585,0.06451612903225806,0.23684210526315788,-0.07307079883503657,5.729031008576844,-0.3608841674301093,,0.18200987768827054,-0.12606199599907297,,0.0004328207594390676,0.14315775671958636,0.0,0.984375,0.4954904171364149,0.6125265449107898,0.6899130344390869
farallon,2024-09-30,2024-11-30,2024-11-14,4.997212273764115,0.025751410168833276,0.04739617577977831,0.3822033218589499,0.1529801023241385,0.13513513513513514,0.15789473684210525,0.066810304338195,9.21638406945373,0.003194845842635241,0.011429611240375337,0.10429186718309444,-0.02472189976403305,0.4757484958601176,-0.07862122016201126,0.06410371579813604,1.0,0.46875,0.4954904171364149,0.5009669563404165,0.5263468027114868
fisher,2024-09-30,2024-11-30,2024-11-12,6.822197390620491,0.017653175424398024,0.055967082001036034,0.3238028383513701,0.05919035739198086,0.05991285403050109,0.12385786802030457,0.05983171912706842,12.403089580533761,-0.0044555467052225795,0.014391195267580315,0.10159817918659729,-0.033926197714219675,-0.17317598192671593,0.03779030666092806,0.18051524262107535,0.0,0.53125,0.4954904171364149,0.6262047421651677,0.6963747143745422
fundsmith,2024-09-30,2024-11-30,2024-11-14,3.6888794541139363,0.05942907131209561,0.11745945119255057,0.6751340070809058,0.04705211415678878,0.0,0.0,0.02966801680713887,14.86137963873258,-0.11200240953311355,-0.23686158517079553,0.10419916698906562,-0.044187987923015704,-1.8178040943960858,-0.06667028892338846,0.07605464703675884,1.0,0.84375,0.4954904171364149,0.5654818759516739,0.7069745063781738
gardner-russo,2024-09-30,2024-11-30,2024-11-13,4.343805421853684,0.07611616143893545,0.14510117264709213,0.7930102064579106,0.03837293572474887,0.025974025974025976,0.025974025974025976,0.02861853427730034,10.30980690021698,-0.10841754551559768,0.036624245045795145,0.06794960791142084,-0.02218218080656187,-0.4097170682971521,0.047183260552352946,0.18990819651250024,0.0,0.828125,0.4954904171364149,0.6119598709977527,0.8238537311553955
giverny,2024-09-30,2024-11-30,2024-11-13,3.9512437185814275,0.04173289449630995,0.08561875975466132,0.5496704485547046,0.054325443859963074,0.09615384615384616,0.06,0.10563652807359374,10.882498400437434,-0.04084613835037537,-0.07846388704447976,0.13772529986882062,-0.06050189311573673,-0.5880787863197696,-0.12538205683869888,0.017342879121448412,1.0,0.65625,0.4954904171364149,0.5565678574965675,0.47151732444763184
glenview,2024-09-30,2024-11-30,2024-11-14,3.7612001156935624,0.06510031035626689,0.15856632144371072,0.6732985587444988,0.19656620198989916,0.16279069767441862,0.21739130434782608,0.003643291882503498,7.259773429399043,0.015719786113313372,0.07304278792240737,0.14057784351347333,-0.046502931301397266,0.3145148873008423,0.002118728495066974,0.14484366445521427,0.0,0.4375,0.4954904171364149,0.544154346187104,0.73917156457901
gotham,2024-09-30,2024-11-30,2024-11-14,7.2456550675945355,0.016994584877212494,0.11030517416827533,0.2499494087258623,0.14318981727238655,0.10342368045649072,0.10660980810234541,0.22439486873695877,6.567824990909755,-0.005797795003927686,0.04579179147200646,0.10188492198897113,-0.04000593128674235,0.5442888540598707,0.039650468594619626,0.18237540455476692,0.0,0.546875,0.4954904171364149,0.6134424047664684,0.604695737361908
greenhaven-road,2024-09-30,2024-11-30,2024-11-13,2.70805020110221,0.1425816252523532,0.26596259081293744,0.9707377402106381,0.10734088109113349,0.06666666666666667,0.2222222222222222,0.0856912122816529,3.8107770595743693,0.4664105209183432,-0.22908165784554757,0.25599192096393153,-0.06741882003422617,0.3773011065762342,-0.38001738590010015,-0.23729244993995285,1.0,0.03125,0.4954904171364149,0.43361738882506146,0.4548664093017578
harris,2024-09-30,2024-11-30,2024-11-14,4.983606621708336,0.05626091149587957,0.20627047994840955,0.4631354040421565,0.23335036572608658,0.136986301369863,0.045454545454545456,0.25995578578670325,7.53032140644667,-0.011409386892826945,0.11080859460523851,0.13037249622563854,-0.04668039829291715,0.08902007923206123,-0.12613080388339176,0.01659413207675554,1.0,0.609375,0.4954904171364149,0.5936495049364843,0.6792636513710022
himalaya,2024-09-30,2024-11-30,2024-11-14,2.0794415416798357,0.19423785891515177,0.29018179468916355,1.0,0.06039570410106554,0.125,0.0,-0.035429675096534705,17.212052822506053,0.05982271495764041,-0.06208704057173342,0.09404327914084751,-0.009171278290842078,-0.6049215739712627,0.16079121800946505,0.30351615396961235,0.0,0.359375,0.4954904171364149,0.5087896340671378,0.5224574208259583
hound,2024-09-30,2024-11-30,2024-11-14,2.833213344056216,0.10210512110776418,0.22435222374549915,0.8511845315472235,0.2987708770456793,0.17647058823529413,0.125,-0.22158024812965302,11.171605795559124,0.2523628389470272,0.06419154339222283,0.2346587630311351,-0.08720031758879754,0.5398056237620091,0.01113022441969097,0.15385516037983826,0.0,0.09375,0.4954904171364149,0.3930270113945427,0.4621841311454773
icahn,2024-09-30,2024-11-30,2024-11-14,2.6390573296152584,0.38647269615532653,0.5929777583099681,0.9756474144955598,0.03511994163550636,0.0,0.0,-0.0932935469734723,2.102180540104265,-0.49716091716501043,-0.7763330348575587,0.2125163801358922,-0.250039873762808,-1.4900009951830135,-0.05616542324857432,0.08655951271157297,1.0,1.0,0.4954904171364149,0.4774239444494348,0.5585794448852539
impactive,2024-09-30,2024-11-30,2024-11-14,2.302585092994046,0.12374078484843129,0.17073790046763,1.0,0.1802799958660929,0.2,0.2,0.0450896873204015,3.731023985414697,-0.17132737655742789,-0.04042143933885306,0.24547356167210396,-0.08637321864203629,0.10336178235757584,-0.12874866128261542,0.013976274677531864,1.0,0.9375,0.4954904171364149,0.47491242996116356,0.6709649562835693
kingdon,2024-09-30,2024-11-30,2024-11-14,4.219507705176107,0.02058700215136208,0.04286033859444381,0.30780203682075324,0.3253580354900021,0.29411764705882354,0.25,0.05060479702553494,6.48120484028497,0.16543303316978603,-0.12721336150742116,0.12701089628097562,-0.01638536031489768,-0.7574334887679273,0.1080292322263649,0.2507541681865122,0.0,0.203125,0.4954904171364149,0.48430180657270155,0.5897210240364075
lansdowne,2024-09-30,2024-11-30,2024-11-13,3.332204510175204,0.150532756311788,0.24268931758319398,0.9613843143423729,0.24932061988980936,0.14285714285714285,0.1111111111111111,0.015454454273460889,11.494437630875995,0.07031477020912569,0.1842166550617635,0.12883006949702938,-0.04331638444231134,0.12707275565631398,-0.051500693522665286,0.091224242437482,1.0,0.3125,0.4954904171364149,0.4903204101582867,0.36903566122055054
lone-pine,2024-09-30,2024-11-30,2024-11-14,3.367295829986474,0.04618359262031591,0.08076267996055173,0.5484599384697346,0.2335271222541052,0.3103448275862069,0.16666666666666666,0.08369744372516807,15.439857826487154,0.26535674018412475,-0.3620955554650034,0.1883630948327505,-0.058759323131265195,-0.6119977508727283,-0.02193982916645912,0.12078510679368817,1.0,0.046875,0.4954904171364149,0.3218218009015323,0.29255610704421997
markel-13f,2024-09-30,2024-11-30,2024-11-01,4.882801922586371,0.024472407711258897,0.06930164416251784,0.3923484296571787,0.05084858008836768,0.045454545454545456,0.05970149253731343,0.08888041309158072,11.353822372695031,-0.004329876414020828,0.05266923760003189,0.10639560416113496,-0.03972807845814952,-0.038860649489757274,-0.09684786934087275,0.04587706661927455,1.0,0.515625,0.4954904171364149,0.5882117233576507,0.6060503125190735
marshall-wace,2024-09-30,2024-11-30,2024-11-14,7.715569534520208,0.03589208764485929,0.17345584685664503,0.35492687252264965,0.2785420925908647,0.2639322336156933,0.2652425456163774,0.08533757175310683,9.360578411842248,0.000612019726713986,-0.02863228618152297,0.11368517621430786,-0.043841636845931564,-0.6939654935281114,0.019363267998824013,0.1620882039589713,0.0,0.484375,0.4954904171364149,0.6722373064401813,0.7093258500099182
matrix,2024-09-30,2024-11-30,2024-11-14,1.9459101490553132,0.4256019765085068,0.566795603627655,1.0,0.824840656376567,0.0,0.6956521739130435,-1.8360961752524414,3.5805008539171173,0.09358731260194064,-0.25773802203389684,0.19100346471891386,-0.053637986629403334,-0.25865461928093864,,,,0.265625,0.4954904171364149,0.2818020242609576,0.3786163926124573
maverick,2024-09-30,2024-11-30,2024-11-14,5.43372200355424,0.027011860068124942,0.05607278253795796,0.4168560723654739,0.28565880539022537,0.34934497816593885,0.4419475655430712,-0.027667735697940253,11.613885558594284,0.19043018378478488,-0.10420640527801153,0.17348917058618366,-0.029529089733447256,0.5302330990755256,0.04523950635006915,0.18796444231021645,0.0,0.15625,0.4954904171364149,0.4356278565238588,0.6111101508140564
paulson,2024-09-30,2024-11-30,2024-11-14,2.70805020110221,0.16129020129711955,0.27547167004466494,0.9656973805111663,0.14697619044911348,0.06666666666666667,0.125,0.05199500188894925,2.784236982657474,0.23865969916842794,-0.3212699083135847,0.2241082651178011,-0.06437309829644622,-0.22869259872919045,0.6523926996891651,0.7951176356493125,0.0,0.125,0.4954904171364149,0.4293140411017016,0.40825602412223816
pershing-square,2024-09-30,2024-11-30,2024-11-14,2.3978952727983707,0.11554688640466491,0.13470902215386749,0.9995215819228982,0.20170533827951986,0.18181818181818182,0.0,0.21553082185562233,10.76479764270936,-0.07510116664150612,0.06918089815220752,0.1160652269430773,-0.018340294672210655,0.5009735212916843,-0.056151154529433145,0.08657378143071415,1.0,0.765625,0.4954904171364149,0.3667875030147399,0.4185517430305481
polen,2024-09-30,2024-11-30,2024-11-13,4.770684624465665,0.05120742545539588,0.12382865386367244,0.5793802963206464,0.1515746737189846,0.1440677966101695,0.08181818181818182,-0.02840658770241006,16.7036736037912,-0.09969682423792858,-0.2161697252311633,0.11872616950039053,-0.051962207949200034,-1.1741293663447516,-0.10327215155951805,0.039452784400629236,1.0,0.8125,0.4954904171364149,0.513624573668526,0.603037416934967
pzena,2024-09-30,2024-11-30,2024-11-08,5.056245805348308,0.023034415635202223,0.04708224466918715,0.34839157474963434,0.0819747557857845,0.050955414012738856,0.06875,0.08667236581366934,5.667972468012127,-0.1272903522684208,0.03901845681948579,0.14982662341956476,-0.05172730314248464,-0.44354820243401744,-0.16458880135997234,-0.02186386539982505,1.0,0.890625,0.4954904171364149,0.6385765064816588,0.7648541927337646
ruane-cunniff,2024-09-30,2024-11-30,2024-11-14,3.6109179126442243,0.06912600291292269,0.12596513472526688,0.7608960466543107,0.0723971088329779,0.05405405405405406,0.05405405405405406,-0.0038742103495734057,13.808197553381838,0.013592234754670862,-0.1790587420780686,0.10115310696344737,-0.02134080113556225,-1.0258805657230963,-0.04786126185507436,0.09486367410507293,1.0,0.453125,0.4954904171364149,0.5199292973706577,0.6924238801002502
sachem-head,2024-09-30,2024-11-30,2024-11-14,2.6390573296152584,0.09136990605057557,0.1556737235196006,0.8814046084054535,0.3540889700317633,0.21428571428571427,0.3125,-0.053675346771463746,5.9514760616674485,0.03121256281557727,-0.2886021107147174,0.1445489770194025,-0.0655687466892152,-1.4729999976412242,0.21949857847849114,0.3622235144386384,0.0,0.40625,0.4954904171364149,0.4222848671620806,0.564612627029419
sands,2024-09-30,2024-11-30,2024-11-13,4.204692619390966,0.03322217830760323,0.08497702573947556,0.4620481581659453,0.09920107986046822,0.04477611940298507,0.030303030303030304,-0.032385716808044765,14.03462845385401,-0.006485607467271226,-0.4137968223550442,0.17730898472016543,-0.06576712498127713,-1.2355037457179943,-0.01185047268714362,0.13087446327300367,1.0,0.5625,0.4954904171364149,0.44527928477511003,0.3067866563796997
semper-augustus,2024-09-30,2024-11-30,2024-11-14,3.6109179126442243,0.09275471446861358,0.18500976396556454,0.7974543550504257,0.14373890171818593,0.05405405405405406,0.10256410256410256,0.05665940002149512,8.075330980887317,-0.08418426910535293,0.11344606708761379,0.12948384794213413,-0.03810513409179839,-0.19698305948575265,0.1359093010670342,0.2786342370271815,0.0,0.796875,0.4954904171364149,0.5939300573665235,0.7035365104675293
senator,2024-09-30,2024-11-30,2024-11-13,4.127134385045092,0.024375278887560414,0.04822045997224247,0.35225411391242023,0.27913478325267227,0.22580645161290322,0.3142857142857143,0.02678679824069471,10.118095907683967,0.09587086467605016,-0.11337529300568353,0.13707939721073145,-0.050927295047587195,-0.46858548359554447,-0.013605651742430225,0.12911928421771707,1.0,0.25,0.4954904171364149,0.4600756657967761,0.4896445572376251
soroban,2024-09-30,2024-11-30,2024-11-14,3.1780538303479458,0.08545439540690153,0.2005805050634733,0.7789892545086216,0.12712330270255046,0.125,0.16,0.0597726144236078,17.62774627035562,-0.07926925758774783,-0.15730721654699062,0.09096050834669213,-0.029034191050181235,-2.4626544855261803,0.11154405177098481,0.2542689877311321,0.0,0.78125,0.4954904171364149,0.6520726965696434,0.6016960740089417
southeastern,2024-09-30,2024-11-30,2024-11-14,3.784189633918261,0.04455307253592932,0.09481391831721994,0.5689636990359651,0.16168188067394507,0.06818181818181818,0.10869565217391304,-0.0793580705563478,4.584810661609746,-0.017267768994647437,-0.12882503613858498,0.1672898743489712,-0.0778094767656905,-0.784907823201824,-0.10393936265806068,0.03878557330208661,1.0,0.640625,0.4954904171364149,0.5373961486368437,0.5745068788528442
srs,2024-09-30,2024-11-30,2024-11-14,2.995732273553991,0.13650634723651725,0.22343614762116196,0.9238676655237953,0.12479271267869019,0.15,0.22727272727272727,-0.08990308719612708,9.802681331626903,-0.24597948458905883,-0.40101297064777175,0.2687335460514237,-0.1572825342647285,-0.5270756889998651,0.000748945674813789,0.14347388163496108,0.0,0.96875,0.4954904171364149,0.41502273340100054,0.371990442276001
starboard,2024-09-30,2024-11-30,2024-11-14,2.9444389791664403,0.07356165666474629,0.10846802742195956,0.7952970864527218,0.1897557456156288,0.10526315789473684,0.15,0.09078301309658028,5.745254541074335,-0.053748218587026886,0.027629263730929166,0.1789585770969242,-0.0645419986505944,0.09709803184039384,-0.22162350079879684,-0.07889856483864956,1.0,0.6875,0.4954904171364149,0.46743748574382593,0.49134525656700134
steadfast,2024-09-30,2024-11-30,2024-11-14,3.9889840465642745,0.030293534835752523,0.06848500796869365,0.43228367576640253,0.35475476632009306,0.2777777777777778,0.23529411764705882,0.022586522725616502,12.138755396619008,0.06136662364704065,-0.08804895710425292,0.16836280497872963,-0.06565392888408816,-0.2619567955781766,-0.03642491182381921,0.10630002413632808,1.0,0.34375,0.4954904171364149,0.38779225926709404,0.40891194343566895
suvretta,2024-09-30,2024-11-30,2024-11-14,4.564348191467836,0.02897117465752696,0.09324040505861261,0.40953199381637595,0.186558495270579,0.15625,0.16494845360824742,0.12858714635062954,8.608219809747371,0.1714862475430165,-0.11440323727849311,0.24741813409287197,-0.09327604768086073,0.12936344702489708,0.08652547912972475,0.22925041508987204,0.0,0.1875,0.4954904171364149,0.4584608267777327,0.4480293095111847
tci,2024-09-30,2024-11-30,2024-11-14,2.302585092994046,0.12790785488376738,0.20640040867193898,1.0,0.0382413143631013,0.0,0.0,0.0729300250658416,15.451589421303762,-0.06181398680684813,-0.036625176764601974,0.10837939056830931,-0.04908939365734777,-0.15458363663998972,0.04997278248792472,0.19269771844807201,0.0,0.734375,0.4954904171364149,0.4614018660043315,0.5106039047241211
third-avenue,2024-09-30,2024-11-30,2024-11-14,4.07753744390572,0.034176063122928445,0.08310024617670637,0.4818838956771335,0.08867650856005482,0.03389830508474576,0.03389830508474576,0.048014990599446535,3.7048306693116744,-0.055167175412007774,0.26971014007280253,0.21145574514973708,-0.05159192967476689,1.29154693501615,-0.07058895003600807,0.07213598592413922,1.0,0.703125,0.4954904171364149,0.5770483812918131,0.6011981964111328
third-point,2024-09-30,2024-11-30,2024-11-14,3.7376696182833684,0.05410862006134802,0.13235884194629172,0.6128755864324852,0.296309900661346,0.23809523809523808,0.2727272727272727,-0.16195292161869784,12.845962765144039,0.06245169940673201,-0.35224581549017964,0.14851817147805632,-0.037943110589046536,-1.1845599122755384,-0.12676620775768632,0.01595872820246098,1.0,0.328125,0.4954904171364149,0.42737570599516544,0.46500250697135925
tiger-global,2024-09-30,2024-11-30,2024-11-14,3.8066624897703196,0.07268545864839311,0.18231710029497086,0.718487412975372,0.07838615365444979,0.06666666666666667,0.045454545454545456,0.0804912549470484,18.92130786044131,0.1853955203860606,-0.42462308531865267,0.16251390333119373,-0.04783914580739057,-0.4866434065540367,0.054082759782477896,0.1968076957426252,0.0,0.171875,0.4954904171364149,0.36714858763603964,0.34482842683792114
tweedy-browne,2024-09-30,2024-11-30,2024-11-13,3.7612001156935624,0.0887941867447943,0.185846832858755,0.7862759171894391,0.06397074638365152,0.023255813953488372,0.045454545454545456,-0.03611945055609047,10.19158928280495,-0.1689898774832822,-0.06226627471319096,0.077340971113103,-0.02414175053021972,-0.9934584408857184,0.10400764926879111,0.2467325852289384,0.0,0.90625,0.4954904171364149,0.631577114900915,0.8242132067680359
valueact,2024-09-30,2024-11-30,2024-11-14,2.302585092994046,0.18221503085921847,0.27222371054034816,1.0,0.2121029046929941,0.5,0.5,0.10136402893556355,11.401189627294475,0.10745283231425212,0.25511549076659795,0.1664532129114576,-0.08200429427708855,0.6613028399288544,-0.13883039163908223,0.0038945443210650623,1.0,0.234375,0.4954904171364149,0.5644885569718342,0.4136039614677429
viking,2024-09-30,2024-11-30,2024-11-14,4.418840607796598,0.024817227414669588,0.05603387385666284,0.3857795473191511,0.32658991360607903,0.2891566265060241,0.2804878048780488,0.05297754693946349,11.497507766715602,-0.05274620976515687,-0.19490088284041762,0.1313383848993514,-0.03757120257898583,-0.5356171636511675,0.01563123415373971,0.158356170113887,0.0,0.671875,0.4954904171364149,0.42359587457120923,0.5585527420043945
whale-rock,2024-09-30,2024-11-30,2024-11-14,3.58351893845611,0.04035626347012594,0.07506643551656746,0.5407925366170114,0.21372260868424553,0.2222222222222222,0.28205128205128205,0.010596602883782748,12.248892529960232,0.25551921093748925,-0.13755320117278683,0.2115343801581103,-0.08301744183943494,0.8405835387882105,0.3591946508572464,0.5019195868173937,0.0,0.078125,0.4954904171364149,0.32815876808434435,0.45226702094078064
yacktman,2024-09-30,2024-11-30,2024-10-30,4.2626798770413155,0.03375530447007432,0.09880375806441968,0.4510673712785911,0.07642582512337315,0.028169014084507043,0.041666666666666664,-0.08890519895376646,8.714758098208344,-0.1167401310591849,0.01922973875785977,0.09396135440356272,-0.02812608012076978,-0.7095805396580767,-0.0960944382279095,0.04663049773223779,1.0,0.875,0.4954904171364149,0.6476269074798094,0.7600671648979187
abrams,2024-12-31,2025-02-28,2025-02-07,2.5649493574615367,0.23956789885109825,0.4449821909078506,0.9869808651157356,0.04318720213795779,0.0,0.07142857142857142,-0.001701177956874641,7.514694861680733,-0.02346068639138102,0.09559912047130076,0.22399179750453962,-0.10718720614250021,1.6022154584049424,-0.17716702060324047,-0.008334378536885094,1.0,0.5873015873015873,0.49782135076252726,0.543565550899977,0.7114602327346802
adage,2024-12-31,2025-02-28,2025-02-14,6.767343125265392,0.014985546320071976,0.06095248402836854,0.31755078024924294,0.15608472658482864,0.17031070195627157,0.16550925925925927,0.009682987145164806,12.289153547527121,0.029729148067058397,0.11361582276805482,0.10368311471644436,-0.03654059231197959,1.019449256615915,-0.001615366898225029,0.16721727516813034,1.0,0.3333333333333333,0.49782135076252726,0.5289167886692215,0.557692289352417
akre,2024-12-31,2025-02-28,2025-02-13,2.8903717578961645,0.10466828114079382,0.16869329237641903,0.9487239324223923,0.0496800096327239,0.0,0.0,-0.03875979790001226,11.437833034879796,0.029979772826425194,0.13161404712175884,0.17118585800374775,-0.07442260230042219,0.4910936952278002,-0.30919396092859813,-0.14036131886224276,1.0,0.31746031746031744,0.49782135076252726,0.4909688560163664,0.6240423321723938
altimeter,2024-12-31,2025-02-28,2025-02-14,3.1780538303479458,0.11193938816073566,0.19448891550760883,0.8322397772184741,0.18921817537723085,0.20833333333333334,0.17391304347826086,-0.19701777348488062,19.52081997273667,-0.11738909939764064,-0.4070910443645889,0.20384151391070598,-0.0641847897596407,-0.24011324867315278,-0.06434810782194098,0.1044845342444144,1.0,0.9206349206349206,0.49782135076252726,0.31912618888767513,0.26707080006599426
appaloosa,2024-12-31,2025-02-28,2025-02-10,3.6109179126442243,0.06157696924503484,0.15535219789696256,0.6681218280351875,0.11587659948302764,0.05405405405405406,0.07894736842105263,-0.04062926463945742,15.101491050181545,0.048743475855709706,0.4458329911009836,0.1861952416742487,-0.05981633880284365,1.212685970916709,0.07147900512561503,0.2403116471919704,0.0,0.23809523809523808,0.49782135076252726,0.5733445550095562,0.6852484941482544
atreides,2024-12-31,2025-02-28,2025-02-14,3.784189633918261,0.0387127868160148,0.07634019655112853,0.5126667791796994,0.4179412940707147,0.38636363636363635,0.22857142857142856,0.073372550234764,10.651762412005723,-0.05291836916153092,-0.17019827539025373,0.2578231311535814,-0.13047729692948873,0.16526774301939273,0.3044103823437653,0.47324302441012067,0.0,0.6984126984126984,0.49782135076252726,0.3053455667924767,0.3120989203453064
baupost,2024-12-31,2025-02-28,2025-02-13,3.091042453358316,0.08605499236920727,0.1675174390876645,0.8016136724543649,0.2365700744706739,0.18181818181818182,0.14285714285714285,-0.02353009113895883,7.202533624727255,-0.02518568178880401,-0.34638327852183626,0.21688204627506882,-0.06525388286027267,-0.8730019906647573,0.1377669997875525,0.30659964185390787,0.0,0.6190476190476191,0.49782135076252726,0.43417121456148156,0.5825461745262146
berkshire-13f,2024-12-31,2025-02-28,2025-02-14,3.6375861597263857,0.14038799583213332,0.28118598913755344,0.8971673644138658,0.04616986243224308,0.02631578947368421,0.075,0.002985916245946885,11.453032204506147,0.09146245186832283,-0.08476087973875657,0.11048785872420148,-0.019743313775533178,-0.3673027916315932,-0.08963453803167926,0.07919810403467611,1.0,0.15873015873015872,0.49782135076252726,0.5801940295423846,0.4689938724040985
cantillon,2024-12-31,2025-02-28,2025-02-05,3.58351893845611,0.03780410541950088,0.10327253357660693,0.464223843069135,0.0973099839928313,0.027777777777777776,0.07894736842105263,0.01179194634086071,12.5238158119003,-0.03469369594277302,-0.0226549296351643,0.12150232565290306,-0.06344831388951222,-0.10854471101247544,0.025359923067086343,0.1941925651334417,0.0,0.6666666666666666,0.49782135076252726,0.517698551840949,0.5121409296989441
coatue,2024-12-31,2025-02-28,2025-02-14,4.219507705176107,0.037985744491322526,0.07887377902366177,0.5213782783278518,0.19186464387564217,0.23529411764705882,0.35802469135802467,0.09770227979403256,16.55667443970871,0.030495248018060306,-0.07417977159394518,0.18299995316267256,-0.07961838994729986,-0.0741801795551358,0.014441937700330282,0.18327457976668565,0.0,0.30158730158730157,0.49782135076252726,0.45110596020888166,0.44284746050834656
corvex,2024-12-31,2025-02-28,2025-02-14,3.4965075614664802,0.06243309333418848,0.12378645509039812,0.6992646984153245,0.1864909600501159,0.15151515151515152,0.06666666666666667,0.1094912854439662,8.728021322566358,-0.10070251912918805,-0.14293090919101825,0.16064885556694417,-0.09441505969004016,-0.03506138305422356,0.024506301119225776,0.19333894318558115,0.0,0.873015873015873,0.49782135076252726,0.4238700933914013,0.544732391834259
d1,2024-12-31,2025-02-28,2025-02-14,3.5553480614894135,0.05464252225822039,0.15524389375114964,0.5937569003896767,0.38627741003729066,0.45714285714285713,0.4411764705882353,0.15035522304553114,8.75236253251058,0.16300383062184073,-0.28756690810679225,0.17066190173541218,-0.06128739031875263,-0.4326502422222028,-0.04390249711600146,0.12493014495035391,1.0,0.07936507936507936,0.49782135076252726,0.4014416016342591,0.5526025295257568
darsana,2024-12-31,2025-02-28,2025-02-14,2.6390573296152584,0.08909096975984689,0.1207673436929563,0.9044960789760812,0.2018391933675996,0.14285714285714285,0.2,-0.21195776771534305,7.615710912580787,0.0030992358892522054,0.004841690202718241,0.15215040348298023,-0.06263465735914009,0.12632230322549184,0.23959985898566552,0.4084325010520209,0.0,0.3968253968253968,0.49782135076252726,0.4471736960906987,0.4851250648498535
dragoneer,2024-12-31,2025-02-28,2025-02-14,3.1354942159291497,0.06969213204179671,0.11421711446898025,0.7704171608056113,0.18607655764692632,0.13043478260869565,0.16666666666666666,-0.0044033953269689416,8.060962547344811,0.06540220609923311,-0.47882485445657086,0.2448855886312362,-0.08837092029892846,-0.18523669995738687,-0.3496969944828804,-0.18086435241652501,1.0,0.19047619047619047,0.49782135076252726,0.31100288343828825,0.2527546286582947
duquesne,2024-12-31,2025-02-28,2025-02-14,4.30406509320417,0.050613326097582345,0.15883963057672454,0.56053511799771,0.3213700529271074,0.28378378378378377,0.2638888888888889,0.21974892069283405,7.360027625164218,0.2543798579756391,0.44573345495673455,0.1897150431871617,-0.06200776051000556,1.0997954577084748,0.1975500023601737,0.36638264442652907,0.0,0.015873015873015872,0.49782135076252726,0.5746313160314364,0.8030388951301575
egerton,2024-12-31,2025-02-28,2025-02-10,3.4011973816621555,0.04742218087201151,0.08569652284487536,0.5852695746674605,0.2062415145804557,0.26666666666666666,0.26666666666666666,-0.13621057203225556,15.824983331494831,0.03302317995932466,0.0063148336594862076,0.1248787108517899,-0.039948709970709206,-0.2719406643533579,-0.14119654663910985,0.027636095427245513,1.0,0.2698412698412698,0.49782135076252726,0.481802752791721,0.36298179626464844
elliott,2024-12-31,2025-02-28,2025-02-14,3.4657359027997265,0.14983961955020944,0.21731813438297656,0.90208355978484,0.10400194950353125,0.0625,0.14285714285714285,-0.14353773899817268,3.427551327562113,-0.06869568389833877,0.3009308577885361,0.13458398966714757,-0.06501295402677021,0.5164806516943475,0.433218157983959,0.6020508000503144,0.0,0.7619047619047619,0.49782135076252726,0.6497195283902113,0.6934518814086914
eminence,2024-12-31,2025-02-28,2025-02-14,3.9512437185814275,0.02522110640336887,0.06573294442815797,0.344419418128581,0.19162063884334268,0.21153846153846154,0.16326530612244897,-0.007465819940615521,7.630920654261884,-0.021064739216127115,0.04771741867036666,0.17422258468299354,-0.07596883282981981,0.9632550531273452,-0.24754222951457278,-0.07870958744821742,1.0,0.5396825396825397,0.49782135076252726,0.4770934953921422,0.5748889446258545
engaged,2024-12-31,2025-02-28,2025-02-14,2.0794415416798357,0.15205023766723408,0.2356768007864721,1.0,0.18522134100369048,0.125,0.2222222222222222,-0.23716359909626886,3.0516468692059613,-0.22446846118818345,,0.23571807323687186,-0.1287842251031448,,-0.26909848110364654,-0.10026583903729115,1.0,0.9841269841269841,0.49782135076252726,0.5601174820708037,0.42940136790275574
fairfax-13f,2024-12-31,2025-02-28,2025-02-14,3.4339872044851463,0.11477127234807895,0.19972100188586933,0.8937543175470327,0.24765802580734397,0.12903225806451613,0.12903225806451613,0.3476946519413151,4.64319946102011,-0.07046464661600256,,0.16359243677046573,-0.12606199599907308,,-0.058646111761249176,0.1101865303051062,1.0,0.7777777777777778,0.49782135076252726,0.4696639673682729,0.5543535947799683
farallon,2024-12-31,2025-02-28,2025-02-14,4.890349128221754,0.028125143278139534,0.04908062489276829,0.40504515072168085,0.220192775317973,0.16541353383458646,0.25,0.0030505027977989914,9.408370245347816,0.002721589367321059,-0.06498874004912664,0.1281382605152301,-0.059667666199754166,0.11461780791361274,-0.1250693051278074,0.04376333693854798,1.0,0.4126984126984127,0.49782135076252726,0.46953338443368997,0.39254042506217957
fisher,2024-12-31,2025-02-28,2025-02-05,6.882437470997847,0.019101319810258883,0.05907600994347117,0.346115726675505,0.0728104031514617,0.1117948717948718,0.05664488017429194,0.029489683564095797,13.064257803181968,-0.021108660706110755,0.07138979769409348,0.10084127697040814,-0.033926197714219675,-0.018791836370658656,0.0324576774815315,0.20129031954788687,0.0,0.5555555555555556,0.49782135076252726,0.6159056049704339,0.6497892141342163
fundsmith,2024-12-31,2025-02-28,2025-02-14,3.6375861597263857,0.0613778882385296,0.11385015601561514,0.6996969773210732,0.052227727009323655,0.05263157894736842,0.1,-0.07473155767271213,15.148734691576717,-0.041617091655662325,-0.13478472110116507,0.11120020511304697,-0.044187987923015815,-1.400352472374342,-0.1518499719110138,0.01698267015534158,1.0,0.6825396825396826,0.49782135076252726,0.5714103902340398,0.6095513701438904
gardner-russo,2024-12-31,2025-02-28,2025-02-12,4.219507705176107,0.07966818239558794,0.14386819722615876,0.8032764394785643,0.051497101634068176,0.04411764705882353,0.15584415584415584,-0.09641605985106129,11.180954043456348,0.043302855618711916,0.014622075772621146,0.09923856207504946,-0.03505923237932962,-0.5267707437114895,-0.03853910311753761,0.13029353894881776,1.0,0.25396825396825395,0.49782135076252726,0.6004024159976258,0.6724456548690796
giverny,2024-12-31,2025-02-28,2025-02-13,4.127134385045092,0.04157198087671531,0.08375343094480185,0.5500433446932796,0.07431767965913039,0.1774193548387097,0.019230769230769232,0.039394433438645196,11.145850584251237,-0.06629033387768526,-0.09153801846671178,0.1340976878581024,-0.06050189311573673,-0.32597160499143946,-0.1025158766968919,0.06631676536946347,1.0,0.746031746031746,0.49782135076252726,0.5300815198342006,0.46329307556152344
glenview,2024-12-31,2025-02-28,2025-02-14,3.58351893845611,0.060272050427155985,0.13559541544749953,0.6522247339865036,0.206179887311973,0.1388888888888889,0.27906976744186046,-0.18051572330233254,7.170544704394404,-0.0638187012322459,-0.16987014412134607,0.18493527981255964,-0.10299650263190696,-0.5843898856424155,0.035130175323391244,0.20396281738974661,0.0,0.7301587301587301,0.49782135076252726,0.5161573316916735,0.6027941703796387
gotham,2024-12-31,2025-02-28,2025-02-14,7.259116128097101,0.02202060361964955,0.13247538874507914,0.2695609317929445,0.1393135254994452,0.11611541168191415,0.10413694721825963,0.08711611102363005,6.825390515468985,-0.00487212483798416,0.0436926957323715,0.10479178845787908,-0.04000593128674235,0.4954608941025353,0.041119394492415834,0.2099520365587712,0.0,0.4603174603174603,0.49782135076252726,0.6431087412845643,0.6711862683296204
greenhaven-road,2024-12-31,2025-02-28,2025-02-13,2.772588722239781,0.14109344972378526,0.2467148587362903,0.978085718021992,0.10360699275330754,0.1875,0.13333333333333333,0.09582200503286563,4.129915082947853,0.19269286057855636,-0.07540464290390009,0.2966571831974158,-0.08451010816346305,0.6133522401741852,-0.45857324445067904,-0.2897406023843237,1.0,0.047619047619047616,0.49782135076252726,0.4947463305258874,0.510102391242981
harris,2024-12-31,2025-02-28,2025-02-14,5.030437921392435,0.055624623121333164,0.2059873461483813,0.4524916145350298,0.08904214925413134,0.09803921568627451,0.0547945205479452,-0.008222491785994294,8.050119011822185,-0.00963176335183652,0.004320646767556058,0.16070576089295963,-0.06861078345721583,0.04379884129803628,-0.0842145624776998,0.08461807958865557,1.0,0.5079365079365079,0.49782135076252726,0.6521889966390392,0.7810941934585571
himalaya,2024-12-31,2025-02-28,2025-02-14,2.0794415416798357,0.19698329504822992,0.2930853877359607,1.0,0.022973941602564052,0.0,0.0,0.0922489544194387,17.312121532478063,0.11217293669492281,-0.1144823655801196,0.1290216041418007,-0.05865856137487402,-0.5849558203523233,0.1001346790014209,0.26896732106777627,0.0,0.12698412698412698,0.49782135076252726,0.4475569825807503,0.33862265944480896
hound,2024-12-31,2025-02-28,2025-02-14,2.8903717578961645,0.07101262562464623,0.12293952952987294,0.7615478568318897,0.49398435038590083,0.2777777777777778,0.23529411764705882,-0.6522851643480285,13.860106031190433,0.19323625412520198,0.08682221168731574,0.25840180225764275,-0.08720031758879754,0.8990129432931974,0.0579528011642603,0.22678544323061567,0.0,0.031746031746031744,0.49782135076252726,0.2656813440830816,0.42130327224731445
icahn,2024-12-31,2025-02-28,2025-02-14,2.6390573296152584,0.32100008133569435,0.5270669539159285,0.9766699798427184,0.07086731556463688,0.0,0.0,-0.28668995585994056,1.9487703868144512,-0.4834236949150894,-0.9189699450430339,0.2433308959158466,-0.34023933642669557,-1.5803628220442163,-0.04785494781543424,0.12097769425092113,1.0,1.0,0.49782135076252726,0.38472539951037715,0.5090203285217285
impactive,2024-12-31,2025-02-28,2025-02-14,2.302585092994046,0.12676889871098934,0.17520431897784716,1.0,0.16016493264248144,0.2,0.2,-0.0997510223307626,4.136545147401768,-0.1314830472052894,-0.30723943773649165,0.2563040569956949,-0.08637321864203606,-0.4045134625317572,-0.11046126152007915,0.05837138054627622,1.0,0.9523809523809523,0.49782135076252726,0.4507183065641373,0.5114313960075378
kingdon,2024-12-31,2025-02-28,2025-02-14,4.060443010546419,0.02357827954226722,0.04866496865755374,0.33312850998645027,0.4036072989315138,0.27586206896551724,0.38235294117647056,-0.15213708728766556,6.699680794719713,-0.02518675449363647,-0.1581993274488563,0.1709204707149743,-0.10871572984877054,-0.849456685015615,0.326838509592813,0.4956711516591684,0.0,0.6349206349206349,0.49782135076252726,0.44771788809736945,0.42597872018814087
lansdowne,2024-12-31,2025-02-28,2025-02-13,3.2188758248682006,0.1449480267014358,0.23847181754235316,0.9595102585177129,0.12971413636469464,0.04,0.14285714285714285,0.0737207122831594,12.925757494573533,-0.00522445843186356,0.0951124543211409,0.13320620787414983,-0.050457318534755435,-0.04412080772917117,0.18118823859895286,0.35002088066530823,0.0,0.47619047619047616,0.49782135076252726,0.5236870955185233,0.4586713910102844
lone-pine,2024-12-31,2025-02-28,2025-02-14,3.4011973816621555,0.0464538759372062,0.08856749778736385,0.5593478290295377,0.19691133942258687,0.13333333333333333,0.10344827586206896,0.004485150855966209,16.749998581957318,0.13754782660253298,-0.10131075098681402,0.22926737304527278,-0.07054177301492315,-0.052024577950013584,-0.06592219152075536,0.10291045054560001,1.0,0.1111111111111111,0.49782135076252726,0.372696074976703,0.33711111545562744
markel-13f,2024-12-31,2025-02-28,2025-02-07,4.882801922586371,0.024781495512401493,0.06686648686304629,0.40148009306123944,0.06879879680257961,0.045454545454545456,0.045454545454545456,0.020815276394848297,11.990256556230301,0.015470607732440661,0.02314476342039523,0.12457448640933333,-0.04676063414784992,-0.008701847575699523,-0.09133956782110264,0.07749307424525273,1.0,0.36507936507936506,0.49782135076252726,0.5568672092971677,0.6553354263305664
marshall-wace,2024-12-31,2025-02-28,2025-02-13,7.753194269884341,0.036845468510953994,0.17452700029746285,0.3607750713140841,0.3018686301193626,0.28080721339630743,0.25323227819884087,0.03326955427043118,9.044222114580718,-0.004740711330092101,0.008620403080639938,0.11622816787151108,-0.04384163684593145,-0.47787911444906234,-0.04443929098795428,0.12439335107840109,1.0,0.4444444444444444,0.49782135076252726,0.6583776355054025,0.7887408137321472
maverick,2024-12-31,2025-02-28,2025-02-14,5.4116460518550396,0.027703585401846333,0.06957791595863537,0.41522296006053927,0.2898146794482789,0.3392857142857143,0.3537117903930131,0.07900339877473223,12.938675894513999,0.05415481965937263,-0.1000768735237148,0.11313010718348468,-0.04034024174756545,0.11525987105170503,0.04985503895430987,0.21868768102066524,0.0,0.20634920634920634,0.49782135076252726,0.4427238287948452,0.509161114692688
paulson,2024-12-31,2025-02-28,2025-02-14,2.5649493574615367,0.21463717197840823,0.3814023958722618,0.9854724473360644,0.1264414528104879,0.07692307692307693,0.2,0.1476991475108132,3.3781118958721894,0.19242923053307978,-0.4135732465118294,0.24797266244432845,-0.06595565274003956,-0.4035450014187786,0.9431947594684692,1.1120274015348246,0.0,0.06349206349206349,0.49782135076252726,0.48337694689251265,0.4018550217151642
pershing-square,2024-12-31,2025-02-28,2025-02-14,2.302585092994046,0.11449086341885341,0.15891211996426402,1.0,0.05886927263194741,0.0,0.09090909090909091,-0.023621129657789692,11.457777911525161,-0.10058888362639448,-0.004076002672104062,0.09921051671785823,-0.030214008802016856,0.09609380218319986,-0.12161526061913594,0.04721738144721944,1.0,0.8571428571428571,0.49782135076252726,0.4748676989875288,0.5536012053489685
polen,2024-12-31,2025-02-28,2025-02-10,4.820281565605037,0.04909024088934535,0.11586841419748839,0.5792711600509451,0.07755008698863786,0.12096774193548387,0.07627118644067797,-0.04565763183830215,16.779214999159027,-0.0810954568834086,-0.09401529711287693,0.1275869513521125,-0.05196220794919992,-0.8006347326012765,-0.25759734260187883,-0.08876470053552349,1.0,0.8095238095238095,0.49782135076252726,0.5591276284361855,0.644100546836853
pzena,2024-12-31,2025-02-28,2025-02-07,5.0238805208462765,0.024082963930526623,0.055209002521783596,0.36407558755703634,0.07333353552514932,0.046052631578947366,0.07643312101910828,-0.053950054345837876,5.911508679681982,-0.10384333530306755,-0.1542898176769297,0.1609275235867854,-0.06723903025579259,-0.6795591524841386,-0.09458494290636998,0.07424769915998539,1.0,0.9047619047619048,0.49782135076252726,0.6061625170626246,0.5901457071304321
ruane-cunniff,2024-12-31,2025-02-28,2025-02-14,3.6635616461296463,0.06854850602180101,0.12160886268438774,0.7559967455514666,0.09992062780752808,0.07692307692307693,0.02702702702702703,-0.08182006297939072,15.181157752400365,0.006039385167060929,-0.11437548645240347,0.12933535011052147,-0.03863235084416594,-0.47949340606883817,-0.07236029836539315,0.09647234370096222,1.0,0.38095238095238093,0.49782135076252726,0.46301393488943854,0.6292154788970947
sachem-head,2024-12-31,2025-02-28,2025-02-14,2.6390573296152584,0.10192710249829827,0.1962092367482365,0.8930133009746588,0.3473596890345352,0.2857142857142857,0.2857142857142857,-0.04898937117199756,7.115468402721285,0.14011749184746955,-0.26871971056328814,0.19735859039837556,-0.0655687466892152,-1.2938971836870594,0.1900339656594958,0.35886660772585116,0.0,0.09523809523809523,0.49782135076252726,0.4378543991626766,0.601967990398407
sands,2024-12-31,2025-02-28,2025-02-13,4.2626798770413155,0.03530784203439876,0.08757520837869832,0.47475644865642075,0.13268942919977178,0.1267605633802817,0.07462686567164178,0.02540410869593319,15.220664614656394,-0.0599816472384818,-0.18090172545067862,0.1751654803056058,-0.06576712498127713,-0.6728243337172799,-0.13386537976963164,0.034967262296723735,1.0,0.7142857142857143,0.49782135076252726,0.48131987713337454,0.49226024746894836
semper-augustus,2024-12-31,2025-02-28,2025-02-14,3.6109179126442243,0.09348665571221401,0.1928532607328013,0.8021982098100167,0.10194745600048027,0.0,0.0,-0.05582324562404636,8.597403985961261,-0.020633419056854202,-0.03677981829929461,0.14185350591869453,-0.0531471918008376,-0.7905771835606716,0.32940075199048446,0.49823339405683986,0.0,0.5238095238095238,0.49782135076252726,0.5877779413707376,0.7815428972244263
senator,2024-12-31,2025-02-28,2025-02-13,4.219507705176107,0.06168549413940894,0.19955128020576665,0.522516898215328,0.4997755902252564,0.3235294117647059,0.25806451612903225,0.4811608829048602,9.346890482494622,0.03178002538666572,0.10156954844578264,0.1517479282117538,-0.05459582576410926,0.6316037686326327,-0.012390202923226817,0.15644243914312855,1.0,0.2857142857142857,0.49782135076252726,0.4013807441199811,0.6168549656867981
soroban,2024-12-31,2025-02-28,2025-02-14,3.1780538303479458,0.0854473469653642,0.194106800945432,0.7924212801098975,0.05260190558956346,0.08333333333333333,0.08333333333333333,0.03315186846431358,18.621781589319045,-0.025141414019100028,-0.09175394512521168,0.09218809052824148,-0.029034191050181235,-1.235249568695412,0.05408591824877343,0.2229185603151288,0.0,0.6031746031746031,0.49782135076252726,0.5726362841638675,0.5677045583724976
southeastern,2024-12-31,2025-02-28,2025-02-14,3.784189633918261,0.04191510054043022,0.07768080473486627,0.5593111841340889,0.19160407772397958,0.06818181818181818,0.06818181818181818,-0.0009314511215255612,4.524392857815041,-0.0898159589019368,-0.2668448230674896,0.17640594853410488,-0.0863160514517296,-0.7905659352909841,0.0003398109438693675,0.16917245301022474,0.0,0.8253968253968254,0.49782135076252726,0.4677890428824138,0.49111756682395935
srs,2024-12-31,2025-02-28,2025-02-14,2.995732273553991,0.13812735699086973,0.2576625581596039,0.9211042640504822,0.10384317530460807,0.2,0.2,0.04685621806177498,10.493038150503665,-0.0072542614346682854,-0.2522044653290886,0.2693074238414231,-0.11596276605976108,-0.29447945364202566,-0.10155213145597955,0.06728051061037582,1.0,0.49206349206349204,0.49782135076252726,0.48480660524346414,0.39364802837371826
starboard,2024-12-31,2025-02-28,2025-02-14,3.091042453358316,0.06284758664878175,0.10103759439199213,0.7099455164104682,0.29825999487193866,0.22727272727272727,0.10526315789473684,0.1615738017143518,5.247010374205625,-0.09392377079781736,-0.1972670134880073,0.20210985510006865,-0.09158577567417858,-0.7319140064923233,-0.17988795779153194,-0.01105531572517658,1.0,0.8412698412698413,0.49782135076252726,0.4181120691138873,0.5425677299499512
steadfast,2024-12-31,2025-02-28,2025-02-14,4.02535169073515,0.028928731611949837,0.05893502501992722,0.4129437166077945,0.41065797350696065,0.30357142857142855,0.2777777777777778,0.09319124556631021,10.990451671553727,0.018767326443860644,0.06838973550860772,0.19644238626268673,-0.06565392888408828,0.47834982133556464,-0.07255265638775946,0.09627998567859591,1.0,0.3492063492063492,0.49782135076252726,0.38474323767006197,0.5105646252632141
suvretta,2024-12-31,2025-02-28,2025-02-14,4.543294782270004,0.02855405415823009,0.0777589190880802,0.42981864811219384,0.2656607288649776,0.18085106382978725,0.19791666666666666,-0.03165055104696791,9.014661991554009,-0.1946390077168556,-0.08551995789273192,0.16832929132872926,-0.09327604768086073,0.24829423100713033,0.14966170562542067,0.31849434769177604,0.0,0.9682539682539683,0.49782135076252726,0.4510813150237188,0.6177186965942383
tci,2024-12-31,2025-02-28,2025-02-14,2.302585092994046,0.12490688156642751,0.1808916286207263,1.0,0.061746704920220274,0.0,0.0,-0.03717998578001385,17.016106442074413,0.0024211723313443956,0.02106167980322926,0.13199779818643934,-0.04908939365734777,-0.1755668730038394,-0.011174950179650311,0.15765769188670506,1.0,0.42857142857142855,0.49782135076252726,0.438649462655507,0.5782192349433899
third-avenue,2024-12-31,2025-02-28,2025-02-13,4.07753744390572,0.032203154718887114,0.0728963114245774,0.46222113472925963,0.09877141309345272,0.03389830508474576,0.03389830508474576,-0.16842061456090526,3.535388125148152,-0.12855021099226097,0.012162762626367507,0.2222264830883641,-0.09622344508761727,0.9888660129680922,0.15809672905833852,0.3269293711246939,0.0,0.9365079365079365,0.49782135076252726,0.5195892918311439,0.6582035422325134
third-point,2024-12-31,2025-02-28,2025-02-14,3.7612001156935624,0.051922012132477914,0.13150608482583293,0.5695651974020294,0.2361414397389755,0.23255813953488372,0.21428571428571427,0.001543322837330952,14.309113717652313,-0.033000944038161784,-0.30840051606011687,0.1500512720097385,-0.05995666636502739,-1.149974308312704,-0.035413568744863066,0.1334190733214923,1.0,0.6507936507936508,0.49782135076252726,0.4503515613000609,0.6140289306640625
tiger-global,2024-12-31,2025-02-28,2025-02-14,3.8918202981106265,0.06390368595893745,0.16518808132374588,0.67916213297148,0.11941409290025995,0.16326530612244897,0.08888888888888889,0.12123810472734187,18.968879289780215,0.08107283861838185,-0.09763575591506085,0.15970209047231476,-0.04783914580739046,0.060262395079274333,-0.11441716540769367,0.05441547665866169,1.0,0.1746031746031746,0.49782135076252726,0.43469645120864386,0.5896113514900208
tweedy-browne,2024-12-31,2025-02-28,2025-02-12,3.7612001156935624,0.07498354203236361,0.13080785516706483,0.7729064875557736,0.11411310236100336,0.0,0.0,-0.3463271649691227,9.55642804500808,-0.10193323134030027,-0.19028401093211636,0.0985621960735783,-0.04914812570314342,-1.895580452713352,0.1778409068373786,0.346673548903734,0.0,0.8888888888888888,0.49782135076252726,0.5884760989977261,0.628347635269165
valueact,2024-12-31,2025-02-28,2025-02-14,2.4849066497880004,0.1325360010531694,0.22078276647014805,0.9539281323776292,0.16382430763767852,0.16666666666666666,0.0,0.1090619639663111,12.068265654665408,0.049219280610788535,0.321909608253768,0.1792211914021891,-0.08200429427708844,1.3615630883128462,-0.2504093316356051,-0.08157668956924971,1.0,0.2222222222222222,0.49782135076252726,0.4427746216560266,0.2920655608177185
viking,2024-12-31,2025-02-28,2025-02-14,4.454347296253507,0.02288019701987667,0.05791951651258864,0.3593458226949925,0.3587968645957673,0.2558139534883721,0.2289156626506024,0.11892360849900972,11.969100703616697,-0.022942283224919896,0.014167130249087168,0.1268133860440846,-0.047095445552321036,0.5013911533582958,-0.0019544792992803595,0.166878162767075,1.0,0.5714285714285714,0.49782135076252726,0.3869684707291974,0.5834321975708008
whale-rock,2024-12-31,2025-02-28,2025-02-14,3.6375861597263857,0.042289768621244464,0.09082760444697653,0.5421994722345078,0.22402314626660902,0.15789473684210525,0.1111111111111111,0.16862816693361585,12.78596720882644,0.09799749212717965,0.2543734245484669,0.23197419280222867,-0.08011098878567102,1.194939806825338,0.26447714879671147,0.43330979086306687,0.0,0.14285714285714285,0.49782135076252726,0.43252948372050815,0.4836726784706116
yacktman,2024-12-31,2025-02-28,2025-01-29,4.2626798770413155,0.036201301596617295,0.10441360298311263,0.4751150802120705,0.06829226442540792,0.0,0.0,-0.1308298919434954,9.05735219007053,-0.07728430777605437,-0.16623845728447298,0.11032833769150924,-0.05421600458624842,-1.7822673719649171,-0.008671901368248719,0.16016074069810665,1.0,0.7936507936507936,0.49782135076252726,0.6500344478956592,0.5292559862136841
abrams,2025-03-31,2025-05-31,2025-05-09,2.5649493574615367,0.258168569035267,0.4691766818642803,0.9883616095509631,0.06584693151852083,0.0,0.0,-0.09805518447955053,7.59328426483335,0.08554139215908574,0.25717981095873127,0.2613476065177145,-0.16254531284846707,1.8974271407419638,-0.4093118878545149,-0.11348305553944013,1.0,0.2698412698412698,0.49631190727081137,0.5339857489463958,0.6842194199562073
adage,2025-03-31,2025-05-31,2025-05-15,6.728628613084702,0.012823827638708417,0.05601361294554375,0.28724400005323664,0.16176749862561557,0.14114832535885166,0.17376294591484465,-0.05790003316664739,11.337711460582742,0.025025228807706912,0.1552568752297206,0.137447228117611,-0.0893257437373105,0.44638274029460473,0.03910616798891903,0.33493500030399376,0.0,0.4444444444444444,0.49631190727081137,0.5729832996670573,0.5381578803062439
akre,2025-03-31,2025-05-31,2025-05-13,2.8903717578961645,0.10446434225937862,0.17555118800966096,0.9474198823462542,0.08741985288301957,0.0,0.0,-0.10578595193779762,11.340511273170689,0.06983094715584773,0.029021488356799574,0.157108479890784,-0.05962960002597073,0.16596489129534633,-0.4497082482032552,-0.1538794158881805,1.0,0.30158730158730157,0.49631190727081137,0.45800239031945905,0.4785769581794739
altimeter,2025-03-31,2025-05-31,2025-05-15,3.091042453358316,0.10782117618675421,0.21282772542361092,0.8664538611425823,0.23280224783809889,0.2727272727272727,0.3333333333333333,-0.10942055727930233,18.589529615206413,0.16921552589654423,0.3661524957525943,0.2851810088100025,-0.12704831622833224,0.7409257381456674,-0.14011191672007473,0.155716915595,1.0,0.12698412698412698,0.49631190727081137,0.4898863514295389,0.3919978439807892
appaloosa,2025-03-31,2025-05-31,2025-05-15,3.5553480614894135,0.08503589762536434,0.21924703927209824,0.7323766220873664,0.18162706278075536,0.11428571428571428,0.16216216216216217,-0.14943039277507456,13.958109574373479,0.02847312285700132,0.2717819837532081,0.19246246835661285,-0.08686888415844596,0.3312635533426615,0.16425299526678538,0.4600818275818601,0.0,0.42857142857142855,0.49631190727081137,0.5737290318488772,0.4042801558971405
atreides,2025-03-31,2025-05-31,2025-05-15,3.713572066704308,0.045269759007432915,0.10090382422844935,0.5737526513986169,0.3569968850288997,0.24390243902439024,0.29545454545454547,-0.1469333188420589,11.667473866699593,1.88575367469912e-05,0.20963284692619816,0.31084418681332315,-0.23831581330730045,0.49724248183073977,0.7300521496763882,1.025880981991463,0.0,0.5396825396825397,0.49631190727081137,0.40245302760863255,0.38671743869781494
baupost,2025-03-31,2025-05-31,2025-05-14,3.1354942159291497,0.07463588535510465,0.14747993599655843,0.7929158578995452,0.20987694079321084,0.17391304347826086,0.13636363636363635,0.017758267303542973,8.001633838301494,-0.03666556562276885,-0.3602029035727756,0.20657827674011858,-0.10530398879185443,-0.5187092202995062,0.11543243505131534,0.41126126736639007,0.0,0.6825396825396826,0.49631190727081137,0.37177847047031265,0.4608994722366333
berkshire-13f,2025-03-31,2025-05-31,2025-05-15,3.58351893845611,0.12808263955653895,0.257590665571557,0.8901796776038504,0.05205720530145508,0.0,0.05263157894736842,-0.03223213617210763,10.96924202144955,-0.0345337648800671,-0.15794920306733862,0.1270799858589715,-0.09272063872859204,-0.5731655182734301,-0.06215503043539866,0.23367380187967607,1.0,0.6507936507936508,0.49631190727081137,0.5251412376933386,0.48300185799598694
cantillon,2025-03-31,2025-05-31,2025-05-09,3.6109179126442243,0.03299085739296264,0.06838102508716072,0.428513389009267,0.07163022276476261,0.02702702702702703,0.0,-0.06910164497249742,11.702740289718301,0.05053996730924373,0.00637665872558052,0.13946421064034345,-0.09036126108693487,-0.10442100208215137,-0.06207835633973213,0.2337504759753426,1.0,0.36507936507936506,0.49631190727081137,0.5049857218933768,0.5650216937065125
coatue,2025-03-31,2025-05-31,2025-05-15,4.248495242049359,0.043865406865767946,0.09547487866796368,0.5657959605111709,0.20398549745255112,0.34285714285714286,0.3235294117647059,-0.2688050933079561,16.701896275537447,0.1145633837570735,0.4253213952886213,0.2532943203522451,-0.1887349042712847,0.6752785591860433,0.003514950944833062,0.2993437832599078,0.0,0.19047619047619047,0.49631190727081137,0.5432647834870282,0.3538873493671417
corvex,2025-03-31,2025-05-31,2025-05-15,3.4657359027997265,0.06917200444438454,0.13294591181725773,0.7222781784065708,0.15710216805064436,0.125,0.15151515151515152,-0.05608695475989514,8.044944661681377,-0.12434251036680445,-0.11339973050993202,0.16715377795107883,-0.1790214384134433,0.0871520847989443,0.08909279697500516,0.3849216292900799,0.0,0.873015873015873,0.49631190727081137,0.42936973472628953,0.6708819270133972
d1,2025-03-31,2025-05-31,2025-05-15,3.713572066704308,0.046691158069786715,0.13781709470147985,0.5323885682074923,0.46099937103566324,0.43902439024390244,0.34285714285714286,0.08143179231162276,9.11540232555835,0.12574502850847816,0.11338665514425944,0.1865022271967334,-0.11531813566129234,0.6799419446473804,-0.09494804063136325,0.20088079168371148,1.0,0.14285714285714285,0.49631190727081137,0.3788048411467769,0.518597424030304
darsana,2025-03-31,2025-05-31,2025-05-15,2.6390573296152584,0.09001602147950158,0.1255284042890567,0.894403929714521,0.2522760398143622,0.14285714285714285,0.14285714285714285,0.04610677778672624,6.719722989170318,0.05108301351604269,0.28560420585931084,0.1314235433350733,-0.07063178366897627,1.18497694578507,0.021480316621946827,0.31730914893702156,0.0,0.3333333333333333,0.49631190727081137,0.4302848947192769,0.3735138475894928
dragoneer,2025-03-31,2025-05-31,2025-05-15,3.091042453358316,0.07470667321600799,0.11895326964458258,0.7958514841990115,0.26866476675267226,0.13636363636363635,0.17391304347826086,-0.18620788379566056,7.668791202812784,0.19487542943950822,0.03433656997783502,0.27074803462404523,-0.17740118095514412,0.6819188332777611,-0.4648686115436698,-0.1690397792285951,1.0,0.06349206349206349,0.49631190727081137,0.33690385410640006,0.5708342790603638
duquesne,2025-03-31,2025-05-31,2025-05-15,3.8918202981106265,0.057193935762572715,0.1613367067893317,0.6136702094661322,0.3260307546483616,0.24489795918367346,0.5,-0.17564968401356615,7.979186849557611,0.11537527585927612,0.9458922624644048,0.22182758281147602,-0.13164266164221272,2.2379078419403924,0.12006585835076938,0.4158946906658441,0.0,0.15873015873015872,0.49631190727081137,0.6944688404862781,0.6453797817230225
egerton,2025-03-31,2025-05-31,2025-05-06,3.295836866004329,0.05001006449296555,0.09268228504846444,0.5979774136300778,0.21074625026005633,0.07407407407407407,0.16666666666666666,0.0023022044063710327,15.199201108081585,0.049958018635050255,0.13598005050166556,0.15173695918182392,-0.07595257489631901,1.2833572083681402,-0.2261601532884621,0.06966867902661264,1.0,0.38095238095238093,0.49631190727081137,0.3552492837341253,0.34097418189048767
elliott,2025-03-31,2025-05-31,2025-05-15,3.4011973816621555,0.1531639696912583,0.2312866234221407,0.9228938599232827,0.20105891250278474,0.13333333333333333,0.1875,0.17929399870931215,4.345313530859145,-0.055681997893037224,0.17164739115522215,0.15969756050547151,-0.05985521053700815,0.6406914150725347,0.19031187189955123,0.48614070421462596,0.0,0.7619047619047619,0.49631190727081137,0.5569086106392243,0.5130629539489746
eminence,2025-03-31,2025-05-31,2025-05-15,3.8501476017100584,0.027644623012462156,0.055299920628691754,0.37148915691712314,0.22185139039721102,0.1276595744680851,0.21153846153846154,-0.08831828114670155,8.428592293179955,-0.016206136456343292,0.1278972545809582,0.1831136762159997,-0.10190384972348199,1.6115216377849992,-0.31113790537152836,-0.015309073056453622,1.0,0.6031746031746031,0.49631190727081137,0.42030330520295256,0.6504508256912231
engaged,2025-03-31,2025-05-31,2025-05-15,2.1972245773362196,0.14201067888739569,0.21700096674956348,1.0,0.31667127602612777,0.2222222222222222,0.125,-0.21508159079199282,3.243739515048242,-0.3446949306146333,,0.30898410328049064,-0.3023384477346267,,-0.14292196592735884,0.1529068663877159,1.0,0.9841269841269841,0.49631190727081137,0.41757256154558153,0.43653783202171326
fairfax-13f,2025-03-31,2025-05-31,2025-05-15,3.367295829986474,0.14178913173980937,0.28567259849515764,0.9202222070480496,0.13853028409463664,0.034482758620689655,0.0967741935483871,0.16980351822335846,4.752239746033006,-0.26903019133507994,,0.15024816780816033,-0.1504016651335226,,0.19082383041667833,0.48665266273175306,0.0,0.9682539682539683,0.49631190727081137,0.5850006564911644,0.5834438800811768
farallon,2025-03-31,2025-05-31,2025-05-15,4.890349128221754,0.02928459565760726,0.05490174098921553,0.41338758663351743,0.14611686457502482,0.12030075187969924,0.12030075187969924,-0.017363868298869146,9.311622988071628,-0.015206603553961293,-0.10628233978742307,0.14503028183711925,-0.11047016114011787,0.033606194633516294,-0.06993539054052317,0.22589344177455156,1.0,0.5873015873015873,0.49631190727081137,0.4653489748099115,0.4941054582595825
fisher,2025-03-31,2025-05-31,2025-05-14,6.906754778648554,0.015555704718479814,0.05124314089307751,0.2985941650762264,0.15068000529492342,0.11811811811811812,0.09641025641025641,-0.08434919969240144,10.94834582041291,-0.017009244378977315,0.13618839557316048,0.1312780767487646,-0.0885601480149164,-0.0018515894447568909,-0.0017640608441180095,0.2940647714709567,1.0,0.6190476190476191,0.49631190727081137,0.5970355924143776,0.6059281826019287
fundsmith,2025-03-31,2025-05-31,2025-05-15,3.6375861597263857,0.05851691767472237,0.10186587941882613,0.6917262266681078,0.08910709223502333,0.05263157894736842,0.05263157894736842,-0.06533071926759555,13.751075074183758,0.02308562882758866,-0.09931034068213351,0.13696971944944922,-0.06361815442744534,-1.1227690628365228,-0.2703173322809147,0.02551150003416005,1.0,0.4603174603174603,0.49631190727081137,0.5178341848702,0.503947913646698
gardner-russo,2025-03-31,2025-05-31,2025-05-13,4.454347296253507,0.07826628262307227,0.14832586168691722,0.8087349862779922,0.06711872256821805,0.23255813953488372,0.029411764705882353,0.008308174537586458,10.62541099104803,0.09724530124804193,0.054691664473356105,0.09893504591698504,-0.03505923237932951,0.2953758046695729,-0.25240041998492446,0.04342841233015027,1.0,0.2222222222222222,0.49631190727081137,0.5322190557138226,0.7074958682060242
giverny,2025-03-31,2025-05-31,2025-05-13,3.9889840465642745,0.04458384069264287,0.09881358095525972,0.5694538419506442,0.06951717964643611,0.037037037037037035,0.16129032258064516,-0.008531784803590256,10.75456672355367,-0.03907015297822235,-0.11960570022245098,0.14739886048253867,-0.09657626014362064,-0.18017402011984893,-0.2242981414898058,0.07153069082526892,1.0,0.6984126984126984,0.49631190727081137,0.5108988340906581,0.5637668967247009
glenview,2025-03-31,2025-05-31,2025-05-15,3.784189633918261,0.07751656430965642,0.19987866568551477,0.6757172260184218,0.19786121380582933,0.29545454545454547,0.1388888888888889,0.023574461536782998,8.080947854995697,-0.07738700784312641,-0.1514410662237783,0.18464737678926763,-0.10481229701546069,-0.09202491026067586,0.023253013263778266,0.319081845578853,0.0,0.8095238095238095,0.49631190727081137,0.49614792955789927,0.6788890361785889
gotham,2025-03-31,2025-05-31,2025-05-15,7.340186835320115,0.027325165896741457,0.15386332963733654,0.2794168963482529,0.15964084407396628,0.1745619727449708,0.10485573539760731,0.12775154960332374,6.494454479778438,0.017065717981406964,0.02220839776168343,0.14046369260531094,-0.08688728237078969,-0.30022882058608547,0.07192607983064853,0.36775491214572326,0.0,0.47619047619047616,0.49631190727081137,0.6715067337332146,0.7027091383934021
greenhaven-road,2025-03-31,2025-05-31,2025-05-05,2.833213344056216,0.12846217483634192,0.25407473286896876,0.9557788888889985,0.09146734063194495,0.11764705882352941,0.0625,-0.06181424579929714,3.8130474664252834,0.2760994943563586,0.2908507338657547,0.29930779183830225,-0.15749374199089639,1.2029830026841566,-0.5895049147041612,-0.2936760823890865,1.0,0.031746031746031744,0.49631190727081137,0.5560038853121994,0.6486592888832092
harris,2025-03-31,2025-05-31,2025-05-15,5.062595033026967,0.020039538096741284,0.04337287923613693,0.3276669686572752,0.22652819407421265,0.11392405063291139,0.08496732026143791,-0.24384544651995313,8.901911504758159,-0.04385984690419335,-0.05415799142209399,0.17896216118358144,-0.13202531925804084,-0.047517246453838355,-0.16026743452372544,0.1355613977913493,1.0,0.7142857142857143,0.49631190727081137,0.4544521910048456,0.4190843105316162
himalaya,2025-03-31,2025-05-31,2025-05-15,2.0794415416798357,0.19059321456703465,0.2611690326284213,1.0,0.09085962309364182,0.0,0.0,-0.2033630897961045,16.249349357477843,-0.034754551174534146,-0.04537577551643435,0.1453401874842109,-0.13332132019090337,-0.274917983018631,0.1105133769996845,0.40634220931475923,0.0,0.6666666666666666,0.49631190727081137,0.3942342041204176,0.3059562146663666
hound,2025-03-31,2025-05-31,2025-05-15,2.833213344056216,0.1064635619675253,0.15488361406893536,0.8702555995791522,0.5795829604477312,0.17647058823529413,0.2222222222222222,0.8851317525841621,10.286547226037868,0.1926823558225799,0.15093094298855075,0.23363853756876193,-0.09320105772116027,1.1044799045611928,-0.02663662679583223,0.2691922055192425,1.0,0.07936507936507936,0.49631190727081137,0.19527830411653668,0.5061959624290466
icahn,2025-03-31,2025-05-31,2025-05-15,2.6390573296152584,0.3400028192293336,0.5454572423054629,0.9780983878877244,0.03763760433372454,0.0,0.0,0.009703497556792038,2.014218013266317,-0.4017215461765782,-1.0561635007115338,0.2584033797772757,-0.3402393364266957,-1.7130165406819395,-0.019278777176803208,0.2765500551382715,1.0,1.0,0.49631190727081137,0.35596778887274877,0.474295973777771
impactive,2025-03-31,2025-05-31,2025-05-15,2.302585092994046,0.12015655248911042,0.17313039466639202,1.0,0.13428434420847668,0.2,0.2,-0.10895444040068351,3.9820765353003895,-0.12439227795204721,-0.3961652067111664,0.2829176198037734,-0.20316997855540808,-0.48460773701876714,-0.13140833701737176,0.16442049529770297,1.0,0.8888888888888888,0.49631190727081137,0.3924547466101756,0.5019631385803223
kingdon,2025-03-31,2025-05-31,2025-05-15,3.9889840465642745,0.025130921173436828,0.05089745586404949,0.3598569656784203,0.42377978072904543,0.3333333333333333,0.3793103448275862,-0.19237148471161805,6.882258799344097,-0.07563050462722093,-0.06242718166723099,0.18194218631477677,-0.16088948933651281,-0.3925479219208307,0.2296581863780014,0.5254870186930761,0.0,0.7936507936507936,0.49631190727081137,0.4258115951507904,0.48511049151420593
lansdowne,2025-03-31,2025-05-31,2025-05-14,2.995732273553991,0.15799068782821668,0.2936407218604353,0.9756427384365379,0.25478693019290666,0.1,0.28,-0.6675189683009088,9.686675667450197,-0.04470856053393217,0.16845736750776713,0.20701948933585143,-0.16740863375503934,-0.04056779919349257,0.3545341451311722,0.6503629774462469,0.0,0.7301587301587301,0.49631190727081137,0.5368582571775263,0.36545178294181824
lone-pine,2025-03-31,2025-05-31,2025-05-15,3.091042453358316,0.05301340935075568,0.08877237467212305,0.6103862326172378,0.22097235309487406,0.18181818181818182,0.4,-0.16529306069755925,16.90277293435189,0.236607011030498,0.29229952837451695,0.2664988049975966,-0.16023486459382297,0.7636724784248612,-0.17879747621243453,0.11703135610264022,1.0,0.047619047619047616,0.49631190727081137,0.436621948473504,0.36130502820014954
markel-13f,2025-03-31,2025-05-31,2025-05-02,4.90527477843843,0.026460580366915714,0.07898361781898952,0.41293668760003066,0.05808706581659395,0.022222222222222223,0.0,-0.007325560137884886,11.190921190712263,-0.0006642724531832622,-0.026139749129166334,0.13308214885428418,-0.0744369833656181,0.14117181718390034,-0.16559389747918504,0.1302349348358897,1.0,0.5714285714285714,0.49631190727081137,0.5248884351994181,0.6160973310470581
marshall-wace,2025-03-31,2025-05-31,2025-05-15,7.794823152179389,0.03664585160881309,0.17769264036864962,0.33898807274131126,0.30423834351773416,0.2771828665568369,0.24645770717045942,-0.06093176371325463,8.208934427406609,0.014690344268491168,0.05172942581414591,0.13314257303291369,-0.08794322402914223,-0.11433165640348097,-0.032523284892445825,0.2633055474226289,1.0,0.49206349206349204,0.49631190727081137,0.6141920502480339,0.7442566156387329
maverick,2025-03-31,2025-05-31,2025-05-15,5.44673737166631,0.026236932469509845,0.06691432245419546,0.4116345930775678,0.366496545494958,0.3275862068965517,0.30357142857142855,0.0002645851325921634,12.694503091086675,0.04152711767557998,0.4506521411319408,0.18385535449661283,-0.1335613764235537,1.5499966457365264,0.0071881208807225705,0.3030169531957973,0.0,0.3968253968253968,0.49631190727081137,0.4583820634401522,0.49850377440452576
paulson,2025-03-31,2025-05-31,2025-05-15,2.6390573296152584,0.21578593684749556,0.3981239344617333,0.9691968125525555,0.0675880796076348,0.14285714285714285,0.07692307692307693,0.05573635704709241,3.3477611261555946,0.1018783572570924,-0.16373160549400934,0.2197335624714855,-0.07626451647921317,0.5038802501754126,0.6791669824300829,0.9749958147451576,0.0,0.20634920634920634,0.49631190727081137,0.5479877376264181,0.6562684178352356
pershing-square,2025-03-31,2025-05-31,2025-05-15,2.3978952727983707,0.12624444003450572,0.18504420318911974,0.9950464730544166,0.22467457675782065,0.18181818181818182,0.1,-0.05572064251122005,11.755168521833081,-0.12160540499216582,-0.021469335318393734,0.15041064416411146,-0.13209115387483994,-0.21224487319833135,-0.13520347471815794,0.1606253575969168,1.0,0.8571428571428571,0.49631190727081137,0.38965602045896114,0.45157426595687866
polen,2025-03-31,2025-05-31,2025-05-12,4.762173934797756,0.04722753764653764,0.10603262175026464,0.5748790174330712,0.12798399807921623,0.05982905982905983,0.11290322580645161,-0.15031425073268384,15.188941315579212,-0.0004991175934049852,-0.0035315590681536113,0.15553282410573435,-0.11340452551599722,-0.8395147320135704,-0.2856729243833093,0.010155907931765427,1.0,0.5555555555555556,0.49631190727081137,0.5287984241287121,0.4963383078575134
pzena,2025-03-31,2025-05-31,2025-05-02,4.983606621708336,0.02525375650975222,0.048583760531872446,0.3886684151731762,0.08939020855053126,0.07534246575342465,0.1118421052631579,-0.02571757590310204,6.02365498920271,-0.126360936526532,-0.28927738929634295,0.15820475709763213,-0.10537242518123713,-0.7056198906431678,-0.12839278369942844,0.1674360486156463,1.0,0.9047619047619048,0.49631190727081137,0.534405105487565,0.5830367803573608
ruane-cunniff,2025-03-31,2025-05-31,2025-05-15,3.6375861597263857,0.06609861890807758,0.09612762416395292,0.7507469319393695,0.0683828856381431,0.05263157894736842,0.07692307692307693,-0.06743132429242515,14.462225803271943,-0.025833795281364924,-0.08343704722337919,0.13506972330839873,-0.08954827909623986,0.04905821876872839,-0.10209901530992874,0.193729817005146,1.0,0.6349206349206349,0.49631190727081137,0.42041634308207687,0.44985392689704895
sachem-head,2025-03-31,2025-05-31,2025-05-15,2.772588722239781,0.07896590732275388,0.13888501290267424,0.7802593444036311,0.31571310553087306,0.1875,0.07142857142857142,0.31793083437186614,6.203699805630511,0.18645730482363673,-0.26573465416546005,0.2476013041869145,-0.11118885435781312,-1.1882763753087797,0.1504169822442188,0.4462458145592935,0.0,0.09523809523809523,0.49631190727081137,0.3606237163822133,0.4667668640613556
sands,2025-03-31,2025-05-31,2025-05-14,4.31748811353631,0.03350177986063001,0.07346879857803251,0.47041885789261356,0.14256803914556304,0.12,0.07042253521126761,-0.13951868372963008,14.783108523922547,0.09001097559352084,0.24631262113546787,0.22520122950688873,-0.13340888199668366,0.25515975553148157,-0.22943821527702346,0.06639061703805126,1.0,0.23809523809523808,0.49631190727081137,0.5191309424240941,0.4138199985027313
semper-augustus,2025-03-31,2025-05-31,2025-05-15,3.58351893845611,0.10318249756021014,0.20549504290494539,0.8224090235139336,0.09681179120477923,0.027777777777777776,0.05405405405405406,0.10316016118625733,8.579807232133517,0.0074354428982528475,-0.11872859294477905,0.112612814600208,-0.0531471918008376,-0.2813250715166777,0.02256793064830409,0.3183967629633788,0.0,0.5079365079365079,0.49631190727081137,0.5103961811386597,0.5501429438591003
senator,2025-03-31,2025-05-31,2025-05-14,3.9318256327243257,0.037879110264370554,0.11627810738447834,0.4442006226966639,0.48122027663683464,0.19607843137254902,0.39705882352941174,-0.5922552578222094,10.995087274536532,0.0002415207611245196,0.16603241734447322,0.18686370179073272,-0.11197047903444335,1.0746382238110657,-0.05376379537629247,0.24206503693878226,1.0,0.5238095238095238,0.49631190727081137,0.3651790260634724,0.562052309513092
soroban,2025-03-31,2025-05-31,2025-05-15,3.295836866004329,0.08720005006728726,0.21785411360989893,0.7490862525251984,0.26933788292882077,0.2962962962962963,0.20833333333333334,-0.05270048407606881,18.30199826275336,0.031335282607799664,-0.07331933351479286,0.11737919717262317,-0.06567847964731299,-0.31837943281252756,-0.03823253552923572,0.257596296785839,1.0,0.4126984126984127,0.49631190727081137,0.40340886288561406,0.48466578125953674
southeastern,2025-03-31,2025-05-31,2025-05-15,3.7612001156935624,0.04140860206070428,0.080305533074853,0.5445176430741643,0.10800540811624204,0.06976744186046512,0.09090909090909091,-0.12132112392674639,4.258416683763987,-0.054969040017094614,-0.37316847556308286,0.16348866407446058,-0.14246871573576037,-1.0078011263122295,-0.1407438598900309,0.15508497242504382,1.0,0.746031746031746,0.49631190727081137,0.47587224599603645,0.3687334656715393
srs,2025-03-31,2025-05-31,2025-05-15,3.1354942159291497,0.12373353591446234,0.25440501266735327,0.8602532243735744,0.14953742085075805,0.30434782608695654,0.2,0.05792109251060449,9.649698954845247,0.07276177423513644,0.008481520165833312,0.2754730118507551,-0.12294549487587891,0.07958060471773072,-0.08156181843701274,0.214267013878062,1.0,0.2857142857142857,0.49631190727081137,0.5424408539762795,0.407437801361084
starboard,2025-03-31,2025-05-31,2025-05-15,3.091042453358316,0.0687937712736774,0.10890847404521008,0.7562986574814646,0.2507407763127111,0.09090909090909091,0.09090909090909091,-0.0054284385981153895,5.641075617912292,-0.1521776856019417,-0.2540713785964434,0.17759028475073915,-0.14804652968593446,-0.6443286166733079,-0.20332785958270905,0.0925009727323657,1.0,0.9206349206349206,0.49631190727081137,0.3785328729810044,0.5466320514678955
steadfast,2025-03-31,2025-05-31,2025-05-15,3.970291913552122,0.03410252204382098,0.08864217775561453,0.46128106838202976,0.3577179778420566,0.3018867924528302,0.3392857142857143,-0.29111453109132934,10.722259056897398,0.08830318174690538,0.2723226020202533,0.21749833295302695,-0.12043259875419998,1.1715093159778052,-0.20622117180768496,0.08960766050738976,1.0,0.25396825396825395,0.49631190727081137,0.44205070558814435,0.4799964427947998
suvretta,2025-03-31,2025-05-31,2025-05-15,4.59511985013459,0.029447980596323444,0.07229692174615748,0.4550567355429755,0.21981250765607496,0.16161616161616163,0.11702127659574468,-0.08842241199491475,8.82375911172034,-0.21578216518703125,-0.14420412574522967,0.15027534130528947,-0.17364512827414647,0.18651269967759337,0.25057281410931487,0.5464016464243896,0.0,0.9523809523809523,0.49631190727081137,0.4023004259467418,0.5767912864685059
tci,2025-03-31,2025-05-31,2025-05-15,2.302585092994046,0.13803422950835648,0.21952431565517702,1.0,0.05926391371769524,0.0,0.0,0.02235017746399941,15.464955215572054,0.05083389324970514,0.1812884106102292,0.17464263368977104,-0.06446522838149882,0.35311858903259297,-0.18841053058215546,0.10741830173291929,1.0,0.3492063492063492,0.49631190727081137,0.48393870184041976,0.3934486210346222
third-avenue,2025-03-31,2025-05-31,2025-05-14,4.110873864173311,0.031974688497950064,0.06859189892534051,0.4656105890526672,0.07405926935533746,0.04918032786885246,0.01694915254237288,-0.035692857564744274,3.6216924194129705,-0.20722766678621063,-0.12714652436656232,0.20417942208179016,-0.17246694952873698,1.1291103223909567,0.10090432927154869,0.3967331615866234,0.0,0.9365079365079365,0.49631190727081137,0.44077036390702934,0.6461780667304993
third-point,2025-03-31,2025-05-31,2025-05-15,3.784189633918261,0.04664210234212493,0.13788814400193383,0.5118303729592879,0.3023060768826711,0.22727272727272727,0.20930232558139536,-0.15611508188879192,11.33378464125682,-0.06421380790895972,-0.1688821561660313,0.14727895692943785,-0.11492361170877541,-0.3282609802495796,-0.15763986021641943,0.1381889720986553,1.0,0.7777777777777778,0.49631190727081137,0.40585008262657285,0.5355340242385864
tiger-global,2025-03-31,2025-05-31,2025-05-15,3.8066624897703196,0.059283494412717797,0.16178945146796625,0.627448127915463,0.12187447454409883,0.1111111111111111,0.1836734693877551,0.0050381070361875425,17.77216629050128,0.11456811423883917,0.4503772961105312,0.1953059944822572,-0.12480091671821869,1.0991482868893205,-0.13944911371592356,0.15637971859915117,1.0,0.1746031746031746,0.49631190727081137,0.5484810896079442,0.6039501428604126
tweedy-browne,2025-03-31,2025-05-31,2025-05-15,4.07753744390572,0.07388841797607497,0.14513344214943855,0.7463723123188443,0.14385135851215625,0.2711864406779661,0.0,-0.27371499055294185,8.483901229441237,-0.09692801049162544,-0.22961039753846701,0.08625257392965018,-0.04914812570314353,-1.2563216068643093,0.03484338547273025,0.330672217787805,0.0,0.8412698412698413,0.49631190727081137,0.5399398128227498,0.6354353427886963
valueact,2025-03-31,2025-05-31,2025-05-15,2.6390573296152584,0.11289156240871798,0.1697786448977042,0.9324504369610814,0.21238593485533308,0.14285714285714285,0.0,0.04288459439173214,13.621135603288044,0.170043564081839,0.3431193787120332,0.21747389101667725,-0.1566461808021502,1.3518471688173326,-0.3871654602532749,-0.09133662793820022,1.0,0.1111111111111111,0.49631190727081137,0.3464337666331658,0.40727123618125916
viking,2025-03-31,2025-05-31,2025-05-15,4.51085950651685,0.02100632876181722,0.04676382411777929,0.33573742162949194,0.34390468735045676,0.2967032967032967,0.2558139534883721,0.018464735036194134,11.290044010352672,0.06276799189582569,0.208511668388299,0.1421617896915277,-0.05059946741046606,2.0513743088540966,-0.10085289659711541,0.19497593571795932,1.0,0.31746031746031744,0.49631190727081137,0.356805736401884,0.6388770937919617
whale-rock,2025-03-31,2025-05-31,2025-05-15,3.4657359027997265,0.05025321128374675,0.09389031906901547,0.6012940677918029,0.29280631694896675,0.15625,0.2894736842105263,-0.3814151790992379,13.355024016265848,0.2980559997879162,1.0154059228570218,0.30849723955292224,-0.20650815962263847,2.1116859723898753,0.5108805979729719,0.8067094302880466,0.0,0.015873015873015872,0.49631190727081137,0.5789659862920329,0.5163753628730774
yacktman,2025-03-31,2025-05-31,2025-04-30,4.248495242049359,0.03899566206786091,0.11040299014815887,0.49509924905292696,0.07185442888338545,0.0,0.014084507042253521,-0.11739542463512265,8.697863340228759,-0.08325022943907635,-0.21441675352153122,0.11190106930571177,-0.08060258902661444,-0.794323708134132,-0.10107974028236355,0.19474909203271118,1.0,0.8253968253968254,0.49631190727081137,0.5411233826422959,0.5364186763763428
abrams,2025-06-30,2025-08-31,2025-08-08,2.5649493574615367,0.24594412540893634,0.45172767572056327,0.9902692727887882,0.0422670117777183,0.07692307692307693,0.07692307692307693,0.08137168900851688,7.867048055700303,-0.07861219046889299,0.039592133078772296,0.2742676251087223,-0.16254531284846696,0.8453990359019565,,-0.011457000514419,,0.8095238095238095,0.4946455889852116,0.5797476325951778,0.7235978245735168
adage,2025-06-30,2025-08-31,2025-08-14,6.736966958001855,0.014503753725904563,0.06000073746573105,0.30779986965462963,0.16220900120869552,0.16251482799525505,0.15550239234449761,0.09497443972933767,12.650840223391103,0.030053251976642714,0.19722257978260738,0.13591658708306886,-0.08932574373731039,1.3677029048878198,,0.23679378726641598,,0.49206349206349204,0.4946455889852116,0.4872172532067511,0.5067787766456604
akre,2025-06-30,2025-08-31,2025-08-14,2.9444389791664403,0.10724025105303928,0.18135220720516548,0.9523400255331583,0.07437249120459188,0.10526315789473684,0.05555555555555555,-0.01841193752725752,11.842782840239781,-0.030302388281073095,-0.02346799370619368,0.14332791393497685,-0.05962960002597095,-0.591363625494573,,-0.0974427018392401,,0.6507936507936508,0.4946455889852116,0.5364276995702466,0.626339852809906
altimeter,2025-06-30,2025-08-31,2025-08-14,2.8903717578961645,0.10926168606190194,0.19992665858349226,0.8592777522416882,0.18514361993859152,0.16666666666666666,0.3181818181818182,0.33230983907457495,20.67471264583915,0.34850389412700106,0.2475380819905748,0.2852445757858659,-0.12704831622833235,1.1860893700005104,,-0.008888463703296894,,0.06349206349206349,0.4946455889852116,0.34101376107443193,0.42515650391578674
appaloosa,2025-06-30,2025-08-31,2025-08-14,3.6375861597263857,0.059164834893129695,0.12428348942673345,0.646316437608257,0.28368803083142513,0.21052631578947367,0.14285714285714285,0.14711606582990713,16.289544921625247,0.16864704080201032,0.45576812956696866,0.1912183108558307,-0.08686888415844596,0.8145226068121151,,0.2014552374152016,,0.20634920634920634,0.4946455889852116,0.46736162832081735,0.5264512300491333
atreides,2025-06-30,2025-08-31,2025-08-14,3.871201010907891,0.03353625475393498,0.06837212645074889,0.47099897872116464,0.44722072761058485,0.3541666666666667,0.24390243902439024,0.26993508694090373,10.495086453251492,0.37587761298156147,0.6314799982586501,0.3345583576047882,-0.23831581330730045,1.6943658162831154,,0.48712835548852507,,0.047619047619047616,0.4946455889852116,0.3808778890162838,0.5254015922546387
baupost,2025-06-30,2025-08-31,2025-08-13,3.1354942159291497,0.07058190190644749,0.11313274780256471,0.787491991606865,0.1747836659455928,0.13043478260869565,0.13043478260869565,0.16665038422294853,8.858588847280487,0.07220331698741592,-0.1435570771630147,0.2066214795067202,-0.10530398879185399,0.46044763391726246,,0.20437021305674957,,0.36507936507936506,0.4946455889852116,0.35302818105829387,0.40535643696784973
berkshire-13f,2025-06-30,2025-08-31,2025-08-14,3.713572066704308,0.1216868866230927,0.22307860984017244,0.8728847445568316,0.06641524076065974,0.14634146341463414,0.027777777777777776,-0.004569226176913165,11.257490041567676,-0.0713637739142736,-0.20841309548899678,0.13687659196879853,-0.09272063872859215,-0.6464883162154645,,0.18847499636110018,,0.7777777777777778,0.4946455889852116,0.49944275819431394,0.6393779516220093
cantillon,2025-06-30,2025-08-31,2025-07-30,3.6375861597263857,0.03458713047607779,0.08734025640153019,0.44819895638262214,0.07025815613026876,0.02631578947368421,0.0,0.11345775972697868,12.35713433099413,0.025902627594283745,0.05785382203669487,0.1421949546628922,-0.09036126108693476,0.283129501058721,,0.14885825155120283,,0.5079365079365079,0.4946455889852116,0.5044707375896075,0.5421070456504822
coatue,2025-06-30,2025-08-31,2025-08-14,4.248495242049359,0.041758275717463524,0.08083850484283849,0.5731281465444629,0.19934569707606875,0.18571428571428572,0.18571428571428572,0.4590742518459354,15.700373966580793,0.18847823354238874,0.4995737292451412,0.26111366038889827,-0.1887349042712846,1.4713692697785268,,0.10789561541424848,,0.1746031746031746,0.4946455889852116,0.44280397537182836,0.5176534652709961
corvex,2025-06-30,2025-08-31,2025-08-14,3.4011973816621555,0.08663538552430236,0.15841954894620894,0.7682913881899595,0.20896067196967238,0.06666666666666667,0.125,-0.0864941433490575,8.545743518240466,-0.010784748858618326,-0.1393977503274334,0.1840049812468971,-0.1790214384134433,-0.43523958590543743,,0.3129903516798658,,0.6031746031746031,0.4946455889852116,0.4054240115681676,0.6636286973953247
d1,2025-06-30,2025-08-31,2025-08-14,3.4965075614664802,0.05045958967588678,0.1416646117671212,0.5617570037494314,0.2542585533835451,0.15151515151515152,0.3170731707317073,0.09862432125590864,8.719327884147356,0.12389186803574442,0.15651685571004526,0.19190297755982302,-0.11531813566129212,1.3210352095757925,,0.12947947001683527,,0.25396825396825395,0.4946455889852116,0.4296150862483138,0.5879815816879272
darsana,2025-06-30,2025-08-31,2025-08-14,2.6390573296152584,0.08497730052950209,0.13446159623761092,0.8621875716709719,0.07319896693808636,0.0,0.0,0.017618288919057545,6.30978004378611,0.20513578566118795,0.6976379846591314,0.20032090140173264,-0.07063178366897627,2.461942337580925,,0.03948848202502767,,0.14285714285714285,0.4946455889852116,0.5879721230155341,0.6529742479324341
dragoneer,2025-06-30,2025-08-31,2025-08-14,2.995732273553991,0.08185649872223394,0.12803099771085888,0.8392582320224827,0.30838273615956635,0.15,0.22727272727272727,0.030225090292916673,10.63355955339644,0.19958299669700907,-0.22729571467159015,0.2716183865152669,-0.177401180955144,0.3783507628117759,,-0.14104168508601977,,0.15873015873015872,0.4946455889852116,0.22515977636244636,0.38889506459236145
duquesne,2025-06-30,2025-08-31,2025-08-15,4.174387269895637,0.0430377762460105,0.13316777168844773,0.5256893930683836,0.3133763153293402,0.47692307692307695,0.30612244897959184,0.2719176672469533,9.14508999859477,0.1609529800062619,0.9589167540547983,0.22986504753596482,-0.13164266164221294,2.071853268772861,,0.4336490598156207,,0.2222222222222222,0.4946455889852116,0.6872084291346398,0.6664982438087463
egerton,2025-06-30,2025-08-31,2025-08-12,3.2188758248682006,0.051067898731770714,0.0941031614353998,0.597892369287091,0.25442361240817546,0.16,0.2222222222222222,0.1175042593006137,16.06796003414771,-0.008262203367843252,0.031870046301075594,0.155720741407055,-0.07595257489631924,-0.2616435658617549,,0.08502274620498969,,0.5873015873015873,0.4946455889852116,0.41980696456979016,0.3920869529247284
elliott,2025-06-30,2025-08-31,2025-08-14,2.9444389791664403,0.16071142277330006,0.26091235402137647,0.9474242568398871,0.11539856459840359,0.15789473684210525,0.4666666666666667,0.09222349550932542,4.169069313616936,0.08432001395935035,0.29682790174217943,0.16989807174974444,-0.05757636264716359,0.6651945746087675,,0.4623782814458915,,0.31746031746031744,0.4946455889852116,0.686015922263693,0.5236956477165222
eminence,2025-06-30,2025-08-31,2025-08-14,3.8066624897703196,0.02760139627639676,0.0488460439710369,0.3679959079686817,0.31137589797346643,0.24444444444444444,0.2765957446808511,0.12611458098124928,8.671485866737001,0.037045395716930246,0.13330756700756385,0.18664252683199573,-0.1019038497234821,1.1116650590406498,,-0.05000716515753661,,0.4444444444444444,0.4946455889852116,0.41362144477253215,0.5893140435218811
engaged,2025-06-30,2025-08-31,2025-08-14,1.9459101490553132,0.1580752653747634,0.1906016586512637,1.0,0.268580790762333,0.14285714285714285,0.3333333333333333,-0.09241971592811059,3.787111026438494,-0.3275111915394012,,0.2595306608702219,-0.3023384477346267,,,-0.09172961673085016,,1.0,0.4946455889852116,0.44484453241708066,0.7122708559036255
fairfax-13f,2025-06-30,2025-08-31,2025-08-14,3.332204510175204,0.14268411324959848,0.29902500963616074,0.9072795120174698,0.06632478201363345,0.07142857142857142,0.10344827586206896,0.014372214133699853,4.621415113497478,-0.06832257705307486,,0.17420099401600803,-0.14149030053110412,,,0.21119728458467205,,0.7619047619047619,0.4946455889852116,0.6249100019195455,0.6186167001724243
farallon,2025-06-30,2025-08-31,2025-08-14,4.9344739331306915,0.04450897355291184,0.1594758137950923,0.4577589286760444,0.30365183099051773,0.15827338129496402,0.12030075187969924,0.30994971848754105,10.77356017713156,-0.1138497797535491,-0.20439631302261668,0.13532156767984221,-0.11047016114011776,-0.6105341661471364,,0.31841573668454715,,0.8888888888888888,0.4946455889852116,0.42152080825868854,0.6578550338745117
fisher,2025-06-30,2025-08-31,2025-08-13,6.893656354602635,0.016299292712182986,0.051752797152785884,0.3075912076549516,0.07719209813168415,0.09533468559837728,0.10710710710710711,0.08658319068762273,11.993656290543777,0.0020522748973621496,0.19754606911109274,0.1335670868905243,-0.08856014801491663,0.7532207480873521,,0.21329436952421954,,0.5555555555555556,0.4946455889852116,0.5833776492558116,0.5334317684173584
fundsmith,2025-06-30,2025-08-31,2025-08-14,3.6635616461296463,0.06164179309747985,0.11444211650330037,0.7099338117065873,0.0698930753211211,0.07692307692307693,0.05263157894736842,0.04632410973815321,14.647674175844317,-0.04351142979824185,-0.22141517311128445,0.1377359893352425,-0.06361815442744523,-1.814288808287031,,0.05602273348496529,,0.7142857142857143,0.4946455889852116,0.5403253343009006,0.5617601871490479
gardner-russo,2025-06-30,2025-08-31,2025-08-13,4.442651256490317,0.07520210507138916,0.12579506815659894,0.8064003876119674,0.06389884986817929,0.023529411764705882,0.03488372093023256,0.05337850346794124,10.749431695552593,0.020512867724520933,0.0028345025467627627,0.1163470650614956,-0.03505923237932962,0.19731924644162838,,0.05706972738039733,,0.5396825396825397,0.4946455889852116,0.4997079472103212,0.6195871829986572
giverny,2025-06-30,2025-08-31,2025-08-13,4.007333185232471,0.044255564567756187,0.08526273200679381,0.5602633523762477,0.09848111532704629,0.05454545454545454,0.037037037037037035,0.07215240865512705,11.20411543535738,-0.03210407565505197,-0.14375488844349948,0.1522782302959453,-0.09657626014362086,-0.38406742964870516,,0.06980268950065557,,0.6666666666666666,0.4946455889852116,0.46772290937566274,0.4788326621055603
glenview,2025-06-30,2025-08-31,2025-08-14,3.7376696182833684,0.07466228973739909,0.16045144266233358,0.691828011902101,0.20360999237822286,0.23809523809523808,0.2727272727272727,-0.13900836415075293,8.905095569592733,-0.11922507517918918,-0.10391140108086527,0.21334315676577453,-0.1048122970154608,0.15683442434822834,,0.3074236918260359,,0.9206349206349206,0.4946455889852116,0.4859952381718953,0.6419380903244019
gotham,2025-06-30,2025-08-31,2025-08-14,7.411556287811163,0.02878864781188084,0.16100956208262895,0.27011684623865484,0.16066157239257328,0.13716012084592144,0.07332900713822194,0.3326201190950094,7.196691641302668,0.035960382901558785,0.06280281272451749,0.14599210485934005,-0.08688728237078969,0.6436533381669608,,0.26740471181078035,,0.4603174603174603,0.4946455889852116,0.5883820712490315,0.5911222696304321
greenhaven-road,2025-06-30,2025-08-31,2025-08-13,2.8903717578961645,0.11481411559714241,0.24235922400563625,0.9052419265146731,0.1118587759980656,0.1111111111111111,0.058823529411764705,0.15796873050594068,3.6252410565735502,-0.005789002375180818,0.18222871503417237,0.28513344021175435,-0.15749374199089639,0.8306149706436206,,-0.3153930632671012,,0.5714285714285714,0.4946455889852116,0.5747156668890979,0.5529111623764038
harris,2025-06-30,2025-08-31,2025-08-14,5.14166355650266,0.019347455246042988,0.04513085928068027,0.309535240774578,0.11835620690236714,0.17543859649122806,0.10759493670886076,0.03225058629761802,9.354026349451784,-0.07789499481642938,0.023264588510526374,0.17257879643382956,-0.13202531925804106,-0.26142286865403164,,0.21081772768125948,,0.7936507936507936,0.4946455889852116,0.5835841918065665,0.6952117085456848
himalaya,2025-06-30,2025-08-31,2025-08-14,2.1972245773362196,0.15766128620527226,0.18355376497162945,1.0,0.17933691880828662,0.1111111111111111,0.0,0.19515009914547524,15.129378577665294,0.05039850687996661,0.23622820297042957,0.16246347250516588,-0.13332132019090326,1.019655178238494,,0.20240293984466393,,0.42857142857142855,0.4946455889852116,0.3386460788916706,0.3002651035785675
hound,2025-06-30,2025-08-31,2025-08-14,3.332204510175204,0.07327266939721173,0.13256233017247995,0.7605392823326723,0.2824312368249505,0.39285714285714285,0.0,0.3834032555288549,11.78764672624015,0.3297201486012906,0.4587691571640231,0.21907062530501906,-0.09320105772116027,1.9254855678614706,,0.07912838538919939,,0.1111111111111111,0.4946455889852116,0.3769044924555523,0.5079121589660645
icahn,2025-06-30,2025-08-31,2025-08-14,2.4849066497880004,0.32261619492556637,0.5047234945801962,0.9876150424707394,0.0813431533991763,0.0,0.14285714285714285,0.05191833034866815,1.879448165081849,-0.2343943099919616,-1.2034255820655064,0.2329861340184496,-0.23779534818149484,-2.049695455918422,,0.17603703553536287,,0.9841269841269841,0.4946455889852116,0.3243227806505541,0.6086834073066711
impactive,2025-06-30,2025-08-31,2025-08-14,2.1972245773362196,0.11683309338439685,0.15854426875891167,1.0,0.22463313013836061,0.1111111111111111,0.2,0.015361730409580785,4.289886453841969,-0.0996188256666236,-0.3346718835148888,0.266776252513323,-0.20316997855540808,-0.48080944083715194,,0.2457895594689019,,0.8412698412698413,0.4946455889852116,0.3405846711395561,0.5513051152229309
kingdon,2025-06-30,2025-08-31,2025-08-14,3.9889840465642745,0.023666559478326403,0.041642806835866436,0.3249558299943087,0.39648926259286243,0.2962962962962963,0.2962962962962963,0.07025917960085526,6.2259900052636965,-0.011548787804921246,0.06872055506155095,0.204020185979105,-0.1608894893365127,0.5485786861544732,,0.29429042786850024,,0.6190476190476191,0.4946455889852116,0.4027609036572054,0.5342244505882263
lansdowne,2025-06-30,2025-08-31,2025-08-14,3.044522437723423,0.12248280048155798,0.21715439147511412,0.9340939086687914,0.27473639420980456,0.14285714285714285,0.1,0.08657262411257263,12.571297364142792,0.05073389111799273,0.5124314656338398,0.20491800867193283,-0.16740863375503934,0.6841533650251694,,0.4112401857242388,,0.4126984126984127,0.4946455889852116,0.5008717362413396,0.3673727214336395
lone-pine,2025-06-30,2025-08-31,2025-08-14,3.091042453358316,0.05384861297466712,0.09078517758006038,0.6185132492540781,0.20544590620450487,0.22727272727272727,0.22727272727272727,0.1906459184026321,17.91481840483925,0.2722761317428371,0.3673933964134317,0.27299463823040754,-0.16023486459382297,1.0722636890676411,,-0.024655056758927353,,0.12698412698412698,0.4946455889852116,0.3992438330543992,0.40412482619285583
markel-13f,2025-06-30,2025-08-31,2025-08-01,4.919980925828125,0.024806134989334143,0.06864087248663649,0.39797773542160436,0.05509553786797983,0.021897810218978103,0.007407407407407408,0.04908981285471158,11.936924857502346,-0.03877701551503135,-0.07008027241824133,0.13111922202219548,-0.07443698336561799,-0.7586966227663628,,0.10307705772125489,,0.6825396825396826,0.4946455889852116,0.577769384199013,0.5272530913352966
marshall-wace,2025-06-30,2025-08-31,2025-08-13,7.8160138391590275,0.030547768535079397,0.15815614365484645,0.33217925467457415,0.3141068888932458,0.2854838709677419,0.2701812191103789,0.11560856807604396,9.057036850287675,0.031109645918328155,0.054913938004900964,0.1365608302345929,-0.08794322402914212,-0.17616844128519632,,0.15648448486983405,,0.47619047619047616,0.4946455889852116,0.5780643306543374,0.6566420793533325
maverick,2025-06-30,2025-08-31,2025-08-14,5.517452896464707,0.03247666531222068,0.07183125558197949,0.48445957970403963,0.2984445749205674,0.3172690763052209,0.2672413793103448,0.15961583447466776,15.097766310438816,0.07868795179797228,0.29129292093514425,0.18797585806259887,-0.1335613764235537,1.204842366079756,,0.23412754154093052,,0.3333333333333333,0.4946455889852116,0.40761693604876226,0.5136515498161316
paulson,2025-06-30,2025-08-31,2025-08-14,2.70805020110221,0.18113946297009753,0.31443881548849534,0.9707162956776388,0.09999255399767626,0.13333333333333333,0.07142857142857142,0.1409304553214095,3.455658730503086,0.6249949505668237,0.8193566424127627,0.3532945548866974,-0.07626451647921317,1.6959183238851694,,0.3659083083288834,,0.015873015873015872,0.4946455889852116,0.7285590959571925,0.5532236099243164
pershing-square,2025-06-30,2025-08-31,2025-08-14,2.3978952727983707,0.12910886559940188,0.20591984127494878,0.9931755645400014,0.13474246816574753,0.09090909090909091,0.09090909090909091,0.14038807603193498,14.31552692749602,-0.1053721428744411,-0.14243497637525238,0.1547578204359997,-0.13209115387483994,-0.9677127407179832,,0.0880841248998485,,0.8571428571428571,0.4946455889852116,0.42980840509243246,0.4261702001094818
polen,2025-06-30,2025-08-31,2025-08-13,5.480638923341991,0.04884963013804398,0.0937295902094131,0.5879482392492187,0.11318428142314907,0.6291666666666667,0.23931623931623933,0.023012346706260775,15.41939321371609,-0.03925727374094168,-0.03882809190138459,0.14805519224157307,-0.11340452551599733,-0.48603375989811853,,-0.030357135954056636,,0.6984126984126984,0.4946455889852116,0.5601914946017519,0.5663164854049683
pzena,2025-06-30,2025-08-31,2025-07-25,5.0238805208462765,0.024811055247418303,0.05050133253629899,0.38745020451878687,0.06789171247420511,0.07894736842105263,0.0410958904109589,0.07108861973994456,6.077379719559007,-0.12094077566216312,-0.2597608640088514,0.1658914803198774,-0.10537242518123713,-0.9073653627881477,,0.17553369339351843,,0.9365079365079365,0.4946455889852116,0.5682920492270628,0.5242887139320374
ruane-cunniff,2025-06-30,2025-08-31,2025-08-14,3.7612001156935624,0.06485253648581471,0.10322132702401508,0.7309938014123805,0.0817923909868058,0.13953488372093023,0.02631578947368421,0.057667368980444764,14.296673876904118,-0.05538706521367055,-0.09362194078299046,0.14809947747740096,-0.08954827909623975,0.29861829531486417,,0.16939676323982095,,0.746031746031746,0.4946455889852116,0.403334016907217,0.46228259801864624
sachem-head,2025-06-30,2025-08-31,2025-08-14,2.9444389791664403,0.06933324068823286,0.12791742960452546,0.7196686275202041,0.2735092045175803,0.2631578947368421,0.125,0.25017470686680326,6.768547882757138,0.3465324760211676,0.07308893914175729,0.26624735419081896,-0.11118885435781323,-0.5720470508218637,,0.06995436650225542,,0.07936507936507936,0.4946455889852116,0.47759895907061517,0.6770351529121399
sands,2025-06-30,2025-08-31,2025-08-13,4.189654742026425,0.036142232393264216,0.0977805176316554,0.49063087093196567,0.12388427947321301,0.045454545454545456,0.16,0.16969926854934422,15.996587865313947,0.12972512567809508,0.24706094212457774,0.21592827774412304,-0.13340888199668366,0.2485885917296916,,0.024243620945408283,,0.23809523809523808,0.4946455889852116,0.5190759959672882,0.43757936358451843
semper-augustus,2025-06-30,2025-08-31,2025-08-15,3.6109179126442243,0.08837921598934197,0.1686106133679095,0.7892307116318042,0.12465253638834972,0.05405405405405406,0.027777777777777776,0.1359364075371543,8.81046118688054,0.10366083985185937,0.09880488100288132,0.13068744630262877,-0.0531471918008376,0.5986814004270518,,0.18532207264988138,,0.30158730158730157,0.4946455889852116,0.48540981157522434,0.5110864639282227
senator,2025-06-30,2025-08-31,2025-08-13,3.9889840465642745,0.03236190321508022,0.09604562181993795,0.4266588386515896,0.31394591488069445,0.25925925925925924,0.21568627450980393,0.31832058036448335,12.037369466485405,0.07376918186642034,0.16862053869694305,0.19251556494505545,-0.11197047903444324,0.3523100494904679,,0.12946943745195508,,0.3492063492063492,0.4946455889852116,0.4498705461192209,0.5766648650169373
soroban,2025-06-30,2025-08-31,2025-08-14,3.367295829986474,0.07575734245009445,0.18964977725200025,0.706025358753775,0.1991829815257501,0.10344827586206896,0.037037037037037035,0.36938899028328587,19.689970381893488,0.06708756677874153,-0.02230335753516255,0.12667090676129228,-0.06567847964731299,0.06386709191986727,,0.16003507192457042,,0.38095238095238093,0.4946455889852116,0.35080859954313354,0.3369552195072174
southeastern,2025-06-30,2025-08-31,2025-08-14,3.8918202981106265,0.03667453768935641,0.07577261413166841,0.49877275289975964,0.17554142193175004,0.16326530612244897,0.046511627906976744,0.05568768078765344,4.6096238086509125,-0.046702172733444694,-0.3624575374121404,0.14870436988086166,-0.14246871573576025,-0.9452120725911,,0.07932908978849953,,0.7301587301587301,0.4946455889852116,0.4389667573532666,0.3158215582370758
srs,2025-06-30,2025-08-31,2025-08-14,3.258096538021482,0.16232884924997637,0.30526275769807604,0.8781705548044167,0.20694022329570538,0.2692307692307692,0.17391304347826086,0.2580638175474134,9.70412235635762,0.34343327036337784,0.09619127443540654,0.2705480575820806,-0.12294549487587891,-0.20067936601282158,,0.009989425202094473,,0.09523809523809523,0.4946455889852116,0.5179531557570712,0.49734023213386536
starboard,2025-06-30,2025-08-31,2025-08-14,3.1780538303479458,0.06488037875740804,0.11587582207552836,0.730418743989262,0.08799075440827309,0.08333333333333333,0.0,0.04802396597181033,5.684485886945637,-0.11479655507272149,-0.22061823631107802,0.18270039138063038,-0.14804652968593446,-0.5815651772983791,,0.06577857479424429,,0.9047619047619048,0.4946455889852116,0.48471041902622,0.6834223866462708
steadfast,2025-06-30,2025-08-31,2025-08-14,4.290459441148391,0.024924838813467787,0.05431311234523058,0.37031363062673456,0.4484827407528935,0.4931506849315068,0.3018867924528302,0.42182684560946543,12.005038748223441,0.10911697283829219,0.15895506284414773,0.21399618199146622,-0.1204325987542001,0.20459193722007638,,0.06716030214026796,,0.2857142857142857,0.4946455889852116,0.394904713156818,0.4839584231376648
suvretta,2025-06-30,2025-08-31,2025-08-14,4.553876891600541,0.027207492392595543,0.060934434523721354,0.4085276733043889,0.2228740147227264,0.10526315789473684,0.1414141414141414,0.071445662838116,9.331408377128811,-0.15929882081860977,-0.10191796318067092,0.17823540136130106,-0.17364512827414624,0.17590105746563622,,0.28743886426312787,,0.9682539682539683,0.4946455889852116,0.40943092002106113,0.5529620051383972
tci,2025-06-30,2025-08-31,2025-08-14,2.302585092994046,0.14780073387468745,0.24116455943530762,1.0,0.044846630450054215,0.0,0.0,0.15623591225195832,15.719991934663097,0.024581297220000964,0.15507052219660034,0.1738537869055291,-0.06446522838149893,0.11803974096754852,,0.11443307072543045,,0.5238095238095238,0.4946455889852116,0.5119756048279678,0.38493406772613525
third-avenue,2025-06-30,2025-08-31,2025-08-13,3.9512437185814275,0.03440742616181035,0.08325190317020799,0.49242369690180715,0.10121215185902321,0.057692307692307696,0.19672131147540983,-0.028025169936118078,3.955129788889023,-0.13050700427706108,0.05332167313986835,0.19401809533175088,-0.16974344124488439,1.4718879897301411,,0.28593847679429735,,0.9523809523809523,0.4946455889852116,0.4948342548094011,0.7704212665557861
third-point,2025-06-30,2025-08-31,2025-08-14,3.9318256327243257,0.040193606972599334,0.09348173331748719,0.5040636851361343,0.23555113511042391,0.3137254901960784,0.20454545454545456,0.17969324292907846,13.43615894022056,-0.024244211383372405,-0.2709764255335075,0.15098807461489078,-0.11492361170877519,-0.7490100106231142,,0.001118450762418607,,0.6349206349206349,0.4946455889852116,0.3883676092090983,0.28317418694496155
tiger-global,2025-06-30,2025-08-31,2025-08-14,3.912023005428146,0.06262589874214622,0.16315046218090307,0.647639054264182,0.10755814433016342,0.14,0.044444444444444446,0.24807526332524352,19.896658948392744,0.16931810139166265,0.40387264910104026,0.18413368960584905,-0.1248009167182188,1.1112831318347942,,0.018481768097883086,,0.19047619047619047,0.4946455889852116,0.47146481728138195,0.5927256941795349
tweedy-browne,2025-06-30,2025-08-31,2025-07-29,4.51085950651685,0.0741702878163888,0.1599793748518279,0.7273666016981509,0.09163134647763027,0.3626373626373626,0.01694915254237288,-0.045252176228037407,7.589559336242342,-0.11046531071468446,-0.23669146896503535,0.09671963873305049,-0.03894077826229403,-0.6694290320426878,,0.24869319386130498,,0.873015873015873,0.4946455889852116,0.565751279525268,0.7420504093170166
valueact,2025-06-30,2025-08-31,2025-08-14,2.8903717578961645,0.09075264495355741,0.15173055945477093,0.8613265056156547,0.26995381850543587,0.3333333333333333,0.14285714285714285,0.20061461908208605,16.259938886573195,0.12330749789707923,0.44713255569973254,0.22187856287879962,-0.1566461808021502,1.106111508484602,,-0.08387061578602359,,0.2698412698412698,0.4946455889852116,0.4075301823133956,0.3842194676399231
viking,2025-06-30,2025-08-31,2025-08-14,4.418840607796598,0.01964571791742349,0.04274681998690068,0.31123843361654513,0.3330614594494562,0.24096385542168675,0.3076923076923077,0.09433608715721595,10.749777705677916,0.05466502293710798,0.1276563289041217,0.14673511277028756,-0.05059946741046595,1.0777138591028907,,0.14660590263860232,,0.3968253968253968,0.4946455889852116,0.41158349105750497,0.6478980779647827
whale-rock,2025-06-30,2025-08-31,2025-08-14,3.7376696182833684,0.044545814660986414,0.1004645325431796,0.5762559881352977,0.3035305672913887,0.38095238095238093,0.1875,0.22375427577705653,13.316368280003463,0.5222300052219113,1.2414386222423581,0.30443429665569693,-0.20650815962263847,2.8682352703460277,,0.2603646772670583,,0.031746031746031744,0.4946455889852116,0.5802295858267462,0.567277193069458
yacktman,2025-06-30,2025-08-31,2025-08-06,4.248495242049359,0.03708587693072365,0.09333835938970345,0.49038105933376264,0.059429934255925354,0.014285714285714285,0.014285714285714285,-0.021655815911395777,9.502134123788014,-0.08975694036450226,-0.2508609153515647,0.11166969468499714,-0.08060258902661421,-1.880411468803603,,0.19904777053653747,,0.8253968253968254,0.4946455889852116,0.6083323534681447,0.5696722269058228
abrams,2025-09-30,2025-11-30,2025-11-07,2.5649493574615367,0.21915514480231554,0.4155659267647949,0.9914684009196837,0.04986333256406805,0.0,0.0,0.009142786053386448,9.05906643642155,-0.2179455415783238,-0.05597423857710637,0.2698258254365447,-0.13746021969742073,0.6040611227657807,,,,0.9523809523809523,0.4950592885375494,0.5450461332781907,0.6981781125068665
adage,2025-09-30,2025-11-30,2025-11-14,6.77078942390898,0.015616401455522467,0.06651375013569147,0.3210793114287311,0.1686731330650778,0.18463302752293578,0.15658362989323843,0.06194011729048996,12.933894385384935,0.0670198052916427,0.2556788360566513,0.13512478733297184,-0.0893257437373105,1.3492116331414585,,,,0.2698412698412698,0.4950592885375494,0.4870996577740196,0.43873390555381775
akre,2025-09-30,2025-11-30,2025-11-13,2.9444389791664403,0.10464605581115433,0.17894478379060036,0.9343831353992224,0.0817840732110483,0.0,0.0,-0.01780108628468879,11.635329542361362,-0.1735445222473965,-0.22767785383847683,0.1305344118685956,-0.07551469222085172,-0.8182103068934922,,,,0.9365079365079365,0.4950592885375494,0.4615493680527675,0.5611759424209595
altimeter,2025-09-30,2025-11-30,2025-11-14,3.1354942159291497,0.09923367772842655,0.18812931206155692,0.8188615047008732,0.1494593537010167,0.34782608695652173,0.16666666666666666,0.08981875997165642,22.361042299401422,0.12827360997335469,0.6335574087507982,0.29110551602939344,-0.12704831622833235,0.6491718260518474,,,,0.1746031746031746,0.4950592885375494,0.5851787358062472,0.45488959550857544
appaloosa,2025-09-30,2025-11-30,2025-11-13,3.8066624897703196,0.05335522471117776,0.15613118460272352,0.5758541022034984,0.24198524469275662,0.2222222222222222,0.07894736842105263,0.13534101955848454,14.27096504492905,0.22612376431544506,0.6486254187097915,0.1975257474166996,-0.08686888415844607,0.5989646138079255,,,,0.047619047619047616,0.4950592885375494,0.614834699900443,0.6839559674263
atreides,2025-09-30,2025-11-30,2025-11-14,4.02535169073515,0.03478105182791588,0.08921912874394472,0.46402657075290143,0.3161692804666332,0.23214285714285715,0.10416666666666667,0.06609704275317935,9.7638803267407,0.21999750907157767,1.1166416076811878,0.3070059506831997,-0.23831581330730045,1.8537332119851153,,,,0.07936507936507936,0.4950592885375494,0.6533883751056857,0.6268040537834167
baupost,2025-09-30,2025-11-30,2025-11-13,3.091042453358316,0.06948312870041283,0.11049022251797402,0.7621169640836903,0.21746147589879483,0.18181818181818182,0.21739130434782608,0.14841067061173108,9.130527986534203,0.036334682241959154,-0.05934723890631155,0.14929243797550718,-0.05197530666224459,1.8201881493919818,,,,0.3968253968253968,0.4950592885375494,0.30516523917086624,0.4140729606151581
berkshire-13f,2025-09-30,2025-11-30,2025-11-14,3.713572066704308,0.12147605228064944,0.2268922105206239,0.8668543484447377,0.03200354049662024,0.024390243902439025,0.024390243902439025,0.03739640348116836,12.059820700635536,-0.04867089431642649,-0.19679202867739198,0.11768371131558351,-0.09272063872859215,-0.21047306460205722,,,,0.6031746031746031,0.4950592885375494,0.45789101253374326,0.5115840435028076
cantillon,2025-09-30,2025-11-30,2025-10-30,3.6375861597263857,0.03508660406730567,0.08536825291863591,0.45573833510688194,0.06385721950257517,0.02631578947368421,0.02631578947368421,0.04878469102866778,13.068041402441635,0.07053019627870738,0.06648403127595104,0.13482438039151814,-0.09036126108693476,0.5221447872510426,,,,0.25396825396825395,0.4950592885375494,0.48806035817961685,0.5058109760284424
coatue,2025-09-30,2025-11-30,2025-11-14,4.30406509320417,0.03711159646669847,0.07266146274796664,0.5137767154109599,0.1707919490080837,0.14864864864864866,0.1,0.1276724906011427,17.160228595527528,0.050935819119075326,0.6204723126203633,0.2807687450825176,-0.1887349042712847,0.47849014240852816,,,,0.30158730158730157,0.4950592885375494,0.5956480264046822,0.4387499690055847
corvex,2025-09-30,2025-11-30,2025-11-14,3.332204510175204,0.0785987494834551,0.14115232906393485,0.7687775948041481,0.2311240079925626,0.17857142857142858,0.23333333333333334,0.16714403514170975,9.405361212275663,-0.013028254142248286,-0.014533272194407476,0.20496743881649096,-0.13960184209293702,0.5415258553573244,,,,0.5238095238095238,0.4950592885375494,0.394338364776437,0.5603677034378052
d1,2025-09-30,2025-11-30,2025-11-14,3.6375861597263857,0.04100996248025248,0.09522969741712681,0.525350123741475,0.41377336596043857,0.34210526315789475,0.24242424242424243,0.18959918084391023,9.236015190782629,-0.05990417575820535,0.20642325127095507,0.17921522437021534,-0.11531813566129234,0.8023610863215913,,,,0.6666666666666666,0.4950592885375494,0.41208081092635346,0.488852322101593
darsana,2025-09-30,2025-11-30,2025-11-14,2.6390573296152584,0.08718853974521996,0.13489405422747527,0.8704722505379152,0.14583188506326683,0.07142857142857142,0.07142857142857142,0.19250520375443572,7.0729905316011985,0.16759340817660345,0.6866716101046253,0.19444450044686026,-0.07063178366897627,2.501136523948457,,,,0.12698412698412698,0.4950592885375494,0.546408466853777,0.5755845904350281
dragoneer,2025-09-30,2025-11-30,2025-11-14,3.258096538021482,0.07383433178591721,0.11233457892138103,0.8033428600829801,0.33843672599383867,0.34615384615384615,0.15,-0.0785495366533831,9.13753154392898,-0.09562136278357117,-0.0003106910756522918,0.23400912850242822,-0.17740118095514412,0.32535802791902796,,,,0.746031746031746,0.4950592885375494,0.35103970143969243,0.48168689012527466
duquesne,2025-09-30,2025-11-30,2025-11-14,4.127134385045092,0.047454556699317266,0.13162245148955795,0.5572641084922494,0.37324324797758834,0.46774193548387094,0.49230769230769234,0.0044146715443844535,9.462665598647968,0.17316732925294903,1.2274093778831758,0.21555785854681855,-0.11842792121844448,2.0217878390518784,,,,0.1111111111111111,0.4950592885375494,0.7591975427359055,0.6568564772605896
egerton,2025-09-30,2025-11-30,2025-11-12,3.1780538303479458,0.05724441578547627,0.09891525847622537,0.6580444542771926,0.1661816372677214,0.125,0.16,-0.027618595327026558,16.774033683864495,-0.06248773887571761,-0.086583740802741,0.1416693751886016,-0.07595257489631912,-0.47228569286857724,,,,0.6825396825396826,0.4950592885375494,0.4288047810157049,0.341508150100708
elliott,2025-09-30,2025-11-30,2025-11-14,2.995732273553991,0.16604483508925957,0.2857610024205998,0.9419670245279546,0.08866407945882193,0.25,0.21052631578947367,0.12019711428587315,4.015605147087059,0.22234514435147584,0.18850178751893065,0.17610705504893664,-0.0514416073105427,0.8672415952491054,,,,0.06349206349206349,0.4950592885375494,0.6232320855440436,0.6286904215812683
eminence,2025-09-30,2025-11-30,2025-11-14,3.7612001156935624,0.030971432266664118,0.049992405710718855,0.4172626977187896,0.20416078541275062,0.16279069767441862,0.2,0.0020318558544299118,9.12682759386876,-0.1220962206331058,-0.11271063347156729,0.16686083838665317,-0.09729624343903431,-0.048848508187713705,,,,0.8253968253968254,0.4950592885375494,0.4803652942675002,0.5775094628334045
engaged,2025-09-30,2025-11-30,2025-11-14,2.1972245773362196,0.13299467339368645,0.20752498664257052,1.0,0.19221187850863075,0.2222222222222222,0.0,0.13090138774847399,3.079440246668927,-0.3795781236961153,,0.27222090627358475,-0.2944413515127635,,,,,0.9841269841269841,0.4950592885375494,0.49516541348858134,0.5340250134468079
fairfax-13f,2025-09-30,2025-11-30,2025-11-14,3.367295829986474,0.14128047129484933,0.2956883239196035,0.8995433122360994,0.05192845390195777,0.10344827586206896,0.07142857142857142,0.09817486581804297,5.191347360365065,0.0004328207594390676,,0.17162619204356025,-0.14149030053110412,,,,,0.49206349206349204,0.4950592885375494,0.6068352660772933,0.5345956087112427
farallon,2025-09-30,2025-11-30,2025-11-14,4.9344739331306915,0.027288544465164884,0.055991329956488575,0.40754747192254603,0.3009854576089446,0.16546762589928057,0.16546762589928057,-0.18567641524791348,10.882103938629955,-0.07862122016201126,-0.12692405384893168,0.12894492676627137,-0.08848660151684784,0.13420552142179146,,,,0.7301587301587301,0.4950592885375494,0.37559179827284433,0.33919936418533325
fisher,2025-09-30,2025-11-30,2025-11-12,6.921658184151129,0.017484529448916285,0.05710653591637061,0.3235068380317011,0.05833117330108972,0.10848126232741617,0.08316430020283976,0.09245515834503601,12.36351057840971,0.03779030666092806,0.21615775518015012,0.13042407883996013,-0.08856014801491652,1.0672357050132213,,,,0.38095238095238093,0.4950592885375494,0.5495063632114154,0.4108280837535858
fundsmith,2025-09-30,2025-11-30,2025-11-14,3.5553480614894135,0.055018370689007674,0.08574104291238875,0.677486027417856,0.12230246151731283,0.0,0.10256410256410256,-0.15077178631848917,12.914806514981045,-0.06667028892338846,-0.29022052921402686,0.1280932830273946,-0.06361815442744534,-1.6325915288870152,,,,0.6984126984126984,0.4950592885375494,0.48291214605396926,0.31799471378326416
gardner-russo,2025-09-30,2025-11-30,2025-11-12,4.442651256490317,0.07641240235068167,0.12459649986023798,0.8027918831688232,0.039627053329428286,0.023529411764705882,0.023529411764705882,-0.00862882181723252,10.443946233954543,0.047183260552352946,-0.08644953276903211,0.11900577927403778,-0.03303708638962388,0.4475894390285429,,,,0.3333333333333333,0.4950592885375494,0.45012600925736035,0.5492276549339294
giverny,2025-09-30,2025-11-30,2025-11-14,3.9512437185814275,0.04254651853488143,0.07871726164381902,0.5424847500922674,0.15058683714936083,0.019230769230769232,0.07272727272727272,0.11198287858130432,12.05079926160367,-0.12538205683869888,-0.28154893692740346,0.14219943878293265,-0.09657626014362075,-0.8560638111172935,,,,0.8412698412698413,0.4950592885375494,0.4257585168793586,0.35880425572395325
glenview,2025-09-30,2025-11-30,2025-11-14,3.970291913552122,0.06412726511616976,0.15017944512146517,0.6411299821667269,0.18169969414899667,0.32075471698113206,0.14285714285714285,0.15501851233986522,8.353757091079565,0.002118728495066974,-0.07021312653117584,0.20525186044001217,-0.07145276955742463,0.28504952536044187,,,,0.4603174603174603,0.4950592885375494,0.495974905167431,0.5875503420829773
gotham,2025-09-30,2025-11-30,2025-11-14,7.424165281042028,0.029322829826565085,0.1629342446304372,0.2770681170679443,0.14471914296770305,0.11276849642004773,0.1015105740181269,0.3180205533258344,7.016243979012431,0.039650468594619626,0.09761485650053248,0.13964667298390673,-0.08688728237078958,1.0941680106933842,,,,0.36507936507936506,0.4950592885375494,0.5502272070636107,0.5887442231178284
greenhaven-road,2025-09-30,2025-11-30,2025-11-12,2.70805020110221,0.10840508543271096,0.15894469050587565,0.9740681272295749,0.18631462116276742,0.0,0.16666666666666666,-0.1614350630447826,3.8017561626096033,-0.38001738590010015,0.11536901105052322,0.17909255321371179,-0.24310910491331694,0.5849926229000799,,,,1.0,0.4950592885375494,0.47678723907630466,0.7170316576957703
harris,2025-09-30,2025-11-30,2025-11-14,5.176149732573829,0.019611948451682914,0.044457827215448,0.31518628533242105,0.08652265358546063,0.1016949152542373,0.07017543859649122,0.01412276332808773,9.69530877142428,-0.12613080388339176,-0.08134374387365362,0.15342210405882262,-0.12105132299317478,-0.04132218047888585,,,,0.8571428571428571,0.4950592885375494,0.5389009890468137,0.5794696807861328
himalaya,2025-09-30,2025-11-30,2025-11-12,2.1972245773362196,0.16257662263196396,0.1914010958282297,1.0,0.05733910262195385,0.0,0.0,0.18331946768265023,16.036421791358883,0.16079121800946505,0.4196943722726443,0.16548869292173563,-0.13332132019090326,1.3514442163259943,,,,0.14285714285714285,0.4950592885375494,0.4338900022119703,0.43848347663879395
hound,2025-09-30,2025-11-30,2025-11-14,3.4011973816621555,0.07962135204050111,0.13689526900646404,0.7643559770429993,0.12783816261073722,0.23333333333333334,0.17857142857142858,0.05098745770221611,11.02323537679381,0.01113022441969097,0.2863855173731771,0.1703818182769266,-0.09320105772116027,1.3148572493632817,,,,0.4444444444444444,0.4950592885375494,0.5147586595278121,0.6081221103668213
icahn,2025-09-30,2025-11-30,2025-11-14,2.5649493574615367,0.31543322127157825,0.477970569165288,0.9853409372256322,0.08748201323365057,0.15384615384615385,0.08333333333333333,0.14767477028039386,1.639909439753484,-0.05616542324857432,-1.2541597126066715,0.2168546818926227,-0.07471935300561594,-2.0963878322010503,,,,0.6507936507936508,0.4950592885375494,0.3735152255016205,0.4458584785461426
impactive,2025-09-30,2025-11-30,2025-11-14,2.1972245773362196,0.11885951505398377,0.1662471202207267,1.0,0.13914478770846894,0.1111111111111111,0.1111111111111111,-0.06470115590646505,4.062246032673745,-0.12874866128261542,-0.4779873912094684,0.21552120606149214,-0.20316997855540797,-0.6264079306987828,,,,0.8888888888888888,0.4950592885375494,0.3517419086248756,0.46646541357040405
kingdon,2025-09-30,2025-11-30,2025-11-14,4.1588830833596715,0.02209682768970658,0.060264794159302706,0.33304028100095084,0.43069884772038336,0.4375,0.3333333333333333,0.2089632253552131,7.977687330717329,0.1080292322263649,0.24825987654040393,0.20552524783815485,-0.12018588760919224,0.8521840026035932,,,,0.20634920634920634,0.4950592885375494,0.4508389050304823,0.5209947228431702
lansdowne,2025-09-30,2025-11-30,2025-11-14,3.091042453358316,0.1602700851301805,0.3292190689788545,0.9068085462680172,0.19946829212505146,0.18181818181818182,0.14285714285714285,0.4471431472403521,15.759205658949243,-0.051500693522665286,0.2304762002782419,0.19762508338949103,-0.16740863375503945,0.30466489610583547,,,,0.6190476190476191,0.4950592885375494,0.4823485966140228,0.3330686092376709
lone-pine,2025-09-30,2025-11-30,2025-11-14,3.2188758248682006,0.045639856622258515,0.07065740731329384,0.5564805311830732,0.3166015680256701,0.32,0.22727272727272727,-0.004988892984675688,15.999703915924055,-0.02193982916645912,0.4080138805447202,0.23443643185858837,-0.16023486459382308,0.5364792830354147,,,,0.5555555555555556,0.4950592885375494,0.4732040716548972,0.3395421802997589
markel-13f,2025-09-30,2025-11-30,2025-10-31,4.859812404361672,0.025637037175015077,0.06819086901933802,0.4089323967473049,0.04844352549818853,0.023255813953488372,0.08029197080291971,0.0408357344908034,12.183515307565207,-0.09684786934087275,-0.20744626512976594,0.11188206355322863,-0.06907037025344354,-1.4904467793812743,,,,0.7777777777777778,0.4950592885375494,0.5973646747683966,0.43977969884872437
marshall-wace,2025-09-30,2025-11-30,2025-11-13,7.803026643632217,0.04644005899968006,0.20237206844224376,0.3737664675531574,0.30294399490100477,0.2622549019607843,0.2717741935483871,0.07917089413514464,8.751085694081874,0.019363267998824013,-0.0016500823144715016,0.13133553172795148,-0.08794322402914212,-1.3077082939111617,,,,0.4126984126984127,0.4950592885375494,0.6271356350032739,0.5484934449195862
maverick,2025-09-30,2025-11-30,2025-11-14,5.303304908059076,0.028045868426841977,0.06571413011631834,0.4273571096223218,0.3094688424154237,0.48258706467661694,0.5823293172690763,0.1375753351553027,14.544255438008173,0.04523950635006915,0.3495472073671573,0.18994840886649667,-0.1335613764235537,0.9076729305866712,,,,0.3492063492063492,0.4950592885375494,0.5206664339491706,0.6023150682449341
paulson,2025-09-30,2025-11-30,2025-11-14,2.302585092994046,0.18538341475107672,0.29464510010289485,1.0,0.10497932325859372,0.0,0.3333333333333333,0.3896528756426486,3.2671091927952864,0.6523926996891651,1.0446426745378796,0.3566680290354383,-0.07626451647921328,1.8928070527356506,,,,0.015873015873015872,0.4950592885375494,0.7839101289922079,0.507219135761261
pershing-square,2025-09-30,2025-11-30,2025-11-14,2.3978952727983707,0.1306620246470927,0.20252292245090764,0.9929223803299254,0.05587153069035733,0.0,0.0,0.06446330399084199,14.720158355681235,-0.056151154529433145,-0.19863946474739969,0.15026782386944865,-0.1312239977460784,-1.0279844534194646,,,,0.6349206349206349,0.4950592885375494,0.429337219916005,0.4465716779232025
polen,2025-09-30,2025-11-30,2025-11-12,5.44673737166631,0.044825833170324875,0.08480951047146182,0.5645626372977732,0.16987117020542297,0.22413793103448276,0.25,-0.056303219911255094,15.868327855563859,-0.10327215155951805,-0.04415320824260138,0.13639660339934892,-0.11340452551599733,-0.8206736133934013,,,,0.7936507936507936,0.4950592885375494,0.5043630836604597,0.6302608251571655
pzena,2025-09-30,2025-11-30,2025-11-07,5.0369526024136295,0.024902282270732504,0.06194689606564802,0.3916754286304725,0.07525703577224041,0.05194805194805195,0.039473684210526314,0.006154911115067531,5.94316792803343,-0.16458880135997234,-0.45859294118111926,0.14876875201837064,-0.08178882930015008,-1.3176951735195863,,,,0.9206349206349206,0.4950592885375494,0.5407174428785285,0.3639685809612274
ruane-cunniff,2025-09-30,2025-11-30,2025-11-14,3.8501476017100584,0.06740959632859983,0.09989793233582742,0.7548384737172024,0.10030308280595879,0.14893617021276595,0.06976744186046512,0.03417060611882037,15.281744882712228,-0.04786126185507436,-0.056356789417137176,0.13872683874700706,-0.08954827909623975,1.101204320600783,,,,0.5873015873015873,0.4950592885375494,0.33690045426658577,0.4511415362358093
sachem-head,2025-09-30,2025-11-30,2025-11-14,2.9444389791664403,0.07327387794920899,0.1399730950765323,0.772292317215144,0.34459924773133144,0.3157894736842105,0.3157894736842105,0.09991918356285365,7.230323383175029,0.21949857847849114,0.12999424869876652,0.26075161254844165,-0.11118885435781334,-0.31330502845309677,,,,0.09523809523809523,0.4950592885375494,0.4898139136012831,0.5817303657531738
sands,2025-09-30,2025-11-30,2025-11-13,4.1588830833596715,0.037275205207064226,0.10721200407213329,0.4721006132537105,0.10383483764868229,0.0625,0.09090909090909091,0.03987319413036469,17.146128693328958,-0.01185047268714362,0.19944853461100553,0.21406777709214073,-0.13340888199668366,-0.32325127534954945,,,,0.5079365079365079,0.4950592885375494,0.5675826965347028,0.4765501916408539
semper-augustus,2025-09-30,2025-11-30,2025-11-14,3.6375861597263857,0.08048255963427711,0.15702748942647302,0.8062489217440288,0.10984340200515441,0.05263157894736842,0.02702702702702703,0.11989836663844056,8.345990999458262,0.1359093010670342,-0.08205911191061144,0.14895206972516226,-0.039527072843614564,0.3581274057124329,,,,0.15873015873015872,0.4950592885375494,0.4394563986701235,0.626806914806366
senator,2025-09-30,2025-11-30,2025-11-14,4.0943445622221,0.03487919215168623,0.11032833621833957,0.4497592483725031,0.32970699098002687,0.2833333333333333,0.2037037037037037,0.04376215958339069,11.424938897233103,-0.013605651742430225,0.13024991506804529,0.1860540899182421,-0.11197047903444313,-0.302266477513138,,,,0.5396825396825397,0.4950592885375494,0.5072857588749762,0.6426726579666138
soroban,2025-09-30,2025-11-30,2025-11-14,3.367295829986474,0.07491447201723772,0.17002799288719794,0.7235193216357617,0.13877966600812885,0.10344827586206896,0.10344827586206896,0.17096182779580765,20.50430339020735,0.11154405177098481,0.02452863331681554,0.12114600162425312,-0.06567847964731299,1.461630341802932,,,,0.19047619047619047,0.4950592885375494,0.2838490147653675,0.43658095598220825
southeastern,2025-09-30,2025-11-30,2025-11-14,3.8918202981106265,0.03918610298789371,0.07791560572035039,0.5204823246670282,0.18821226104968458,0.12244897959183673,0.12244897959183673,-0.012383203553116293,4.379747859251046,-0.10393936265806068,-0.25646280221419504,0.1435684034634042,-0.09106152290496983,-0.16494533320596835,,,,0.8095238095238095,0.4950592885375494,0.4627460419611128,0.5216072201728821
srs,2025-09-30,2025-11-30,2025-11-14,3.332204510175204,0.1530864559342323,0.30476842984803154,0.879946079333788,0.11165582057729362,0.21428571428571427,0.15384615384615385,-0.049812741485537625,10.285190687743272,0.000748945674813789,-0.3218793738711431,0.2642356362176692,-0.12294549487587891,-0.8531224844780194,,,,0.47619047619047616,0.4950592885375494,0.5022750669747447,0.42196327447891235
starboard,2025-09-30,2025-11-30,2025-11-14,2.995732273553991,0.06464334993262906,0.12871836519813062,0.7128950212690438,0.1408140206984858,0.05,0.20833333333333334,-0.08203216731725292,5.05047818755322,-0.22162350079879684,-0.4316097494326506,0.14255187668400174,-0.13839288409799821,-1.57801089799248,,,,0.9682539682539683,0.4950592885375494,0.512226859223471,0.6001627445220947
steadfast,2025-09-30,2025-11-30,2025-11-14,4.672828834461906,0.028610140166751005,0.06880445110819805,0.43324361850635096,0.4025732096929089,0.5700934579439252,0.3698630136986301,0.02888080288518731,12.114955675665097,-0.03642491182381921,0.09288614620624025,0.18985322245305206,-0.1204325987542001,-0.22766691396341893,,,,0.5714285714285714,0.4950592885375494,0.47607717646185566,0.5733733177185059
suvretta,2025-09-30,2025-11-30,2025-11-14,4.499809670330265,0.023486759519934123,0.059882526693603826,0.35733328228798594,0.15979943465262003,0.1,0.14736842105263157,0.2172831931860066,8.935606962464071,0.08652547912972475,0.1450943038245327,0.21429471092245686,-0.11680945037952772,0.4847910030546646,,,,0.23809523809523808,0.4950592885375494,0.5359814517406188,0.6179156303405762
tci,2025-09-30,2025-11-30,2025-11-14,2.1972245773362196,0.16610772210943667,0.2711994378340575,1.0,0.0789380387316746,0.0,0.1,0.03854467136503209,15.57919556780832,0.04997278248792472,0.13313477958259878,0.15664466882898817,-0.0644652283814986,0.08354674319201931,,,,0.31746031746031744,0.4950592885375494,0.5073915897925889,0.4046095609664917
third-avenue,2025-09-30,2025-11-30,2025-11-14,3.912023005428146,0.036705688275134284,0.08998240179013567,0.5027644782362246,0.13064949665954007,0.04,0.07692307692307693,0.09392353250207322,3.7273892345482698,-0.07058895003600807,-0.03498846767527908,0.19498818513550428,-0.13684497755667957,1.7882794927409567,,,,0.7142857142857143,0.4950592885375494,0.41173405793729245,0.5609936118125916
third-point,2025-09-30,2025-11-30,2025-11-14,3.784189633918261,0.04244107768257944,0.09013692790641872,0.5319952811165716,0.23473422935258337,0.20454545454545456,0.3137254901960784,0.09527958442447959,14.338042990799103,-0.12676620775768632,-0.32857152893907265,0.12475400014061841,-0.10179730677004262,-1.1621591011769505,,,,0.873015873015873,0.4950592885375494,0.4111553454715914,0.38524317741394043
tiger-global,2025-09-30,2025-11-30,2025-11-14,4.02535169073515,0.0527065067741152,0.10486115065744746,0.643572818950215,0.16141169394176946,0.17857142857142858,0.08,-0.05184047714362232,19.68322846277045,0.054082759782477896,0.7679948915312282,0.18263416354080245,-0.1248009167182188,1.543018817028877,,,,0.2857142857142857,0.4950592885375494,0.5541681386420654,0.4475765526294708
tweedy-browne,2025-09-30,2025-11-30,2025-11-20,4.574710978503383,0.07342979591239313,0.16484025004087297,0.717469820111761,0.09216714818983007,0.10309278350515463,0.04395604395604396,0.06549909225918456,7.854792514406913,0.10400764926879111,-0.1476302875312553,0.12196654423469,-0.03894077826229414,0.3101118150411305,,,,0.2222222222222222,0.4950592885375494,0.46189455790232387,0.5736823081970215
valueact,2025-09-30,2025-11-30,2025-11-14,2.772588722239781,0.08426981440184761,0.12962188543821546,0.8615638839242521,0.14726583538750393,0.0625,0.16666666666666666,0.05731031637651152,16.07338534881165,-0.13883039163908223,0.11735390175484062,0.21002832231818788,-0.1566461808021501,0.2579853427623997,,,,0.9047619047619048,0.4950592885375494,0.42274671842026784,0.44256120920181274
viking,2025-09-30,2025-11-30,2025-11-14,4.356708826689592,0.021456457522905228,0.041520713927867825,0.3359043576738545,0.3184933295294836,0.19230769230769232,0.24096385542168675,0.10722608262289306,11.371354664909052,0.01563123415373971,0.037382160342284254,0.12400590037962422,-0.05059946741046606,0.8604231398803411,,,,0.42857142857142855,0.4950592885375494,0.38553625761143634,0.5926594138145447
whale-rock,2025-09-30,2025-11-30,2025-11-14,3.58351893845611,0.045070190648415276,0.08684675657934393,0.5688841840847532,0.19930457728944528,0.05555555555555555,0.19047619047619047,0.16383831511529443,14.162579524735266,0.3591946508572464,2.0000904658029928,0.3038449307035449,-0.20650815962263835,3.3862950720267686,,,,0.031746031746031744,0.4950592885375494,0.8242680056814918,0.5169810056686401
yacktman,2025-09-30,2025-11-30,2025-11-04,4.248495242049359,0.03681574350709196,0.09207222674945138,0.491486389074897,0.051020478050292084,0.08571428571428572,0.08571428571428572,-0.02530167289027644,9.74157397088518,-0.0960944382279095,-0.3728915687820151,0.10062424822314009,-0.052977941350588864,-1.9630623737144473,,,,0.7619047619047619,0.4950592885375494,0.6008944946755974,0.35078921914100647
abrams,2025-12-31,2026-02-28,2026-02-13,2.4849066497880004,0.2033260187279268,0.3841202336946032,0.9936574758395108,0.06037747459106868,0.0,0.07692307692307693,-0.08383327144062085,9.228439528777205,-0.17716702060324047,-0.2632934041762377,0.21739346243998683,-0.09697469939426362,0.1051620849992924,,,,0.873015873015873,0.49784379492093916,0.5111328189753519,0.7075650691986084
adage,2025-12-31,2026-02-28,2026-02-17,6.806829360392176,0.014553775355130841,0.0628341255563248,0.3148247154299232,0.14315355363079674,0.2013274336283186,0.1720183486238532,0.0453122541573147,12.745222785208485,-0.001615366898225029,0.22355799005507349,0.1384543755178084,-0.027429088514879907,1.5817451761131518,,,,0.42857142857142855,0.49784379492093916,0.5235871074931058,0.5626831650733948
akre,2025-12-31,2026-02-28,2026-02-13,2.8903717578961645,0.10591799052675274,0.18810465908135587,0.9317251794739071,0.059188148063960444,0.0,0.05263157894736842,-0.09509465594479861,11.672569980158409,-0.30919396092859813,-0.3965499324392381,0.1272926908137743,-0.17099050034162233,-1.439820538867705,,,,0.9682539682539683,0.49784379492093916,0.454569762423457,0.45658063888549805
altimeter,2025-12-31,2026-02-28,2026-02-17,2.8903717578961645,0.11906597939240002,0.22675077865009413,0.8915392779684068,0.1745566423862951,0.16666666666666666,0.34782608695652173,-0.12935328866216345,23.687262639186336,-0.06434810782194098,0.1312354468294753,0.3000070543106722,-0.18010419719991833,-0.45645129518421534,,,,0.6031746031746031,0.49784379492093916,0.4622773409795489,0.31454816460609436
appaloosa,2025-12-31,2026-02-28,2026-02-17,3.6375861597263857,0.04806871286517004,0.10988537955401298,0.5962572910682873,0.21073979866687698,0.05263157894736842,0.2,-0.0744758319033644,15.137544169248988,0.07147900512561503,0.705644874958733,0.19712232017639786,-0.050223511455219194,0.5992049417881938,,,,0.25396825396825395,0.49784379492093916,0.6576041572641494,0.5865679383277893
atreides,2025-12-31,2026-02-28,2026-02-17,3.8918202981106265,0.03710996727519767,0.0761785651943908,0.516286167424183,0.3356824265146985,0.1836734693877551,0.2857142857142857,0.20234940788066244,10.587946425672836,0.3044103823437653,0.8008033901368243,0.27192808280928354,-0.05078604596713476,1.6424197085581025,,,,0.07936507936507936,0.49784379492093916,0.5839104181689616,0.6150507926940918
baupost,2025-12-31,2026-02-28,2026-02-13,3.091042453358316,0.06408186326496922,0.10444550533381074,0.7242585614719083,0.15758680851530082,0.13636363636363635,0.13636363636363635,0.09696076957614916,11.557558552568015,0.1377669997875525,-0.11235878653983522,0.1256616080400662,-0.02283592820035285,1.6422116810960397,,,,0.2222222222222222,0.49784379492093916,0.30759282279910566,0.2830103933811188
berkshire-13f,2025-12-31,2026-02-28,2026-02-17,3.7376696182833684,0.12667251006424632,0.22600567438022331,0.8825931362828001,0.0416821738888824,0.09523809523809523,0.07317073170731707,0.02521150321705019,11.575140657450866,-0.08963453803167926,-0.20320051272530204,0.11438607793069654,-0.045872618725737224,-0.20960738107648813,,,,0.6825396825396826,0.49784379492093916,0.5066402775405177,0.5801212787628174
cantillon,2025-12-31,2026-02-28,2026-02-11,3.6109179126442243,0.03679802675880558,0.08616769418506107,0.4798642542083422,0.0599423820511531,0.02702702702702703,0.05263157894736842,0.01807070830828356,13.967702826300737,0.025359923067086343,0.01886417563795506,0.125920792338555,-0.011896068450483188,0.22229732985028608,,,,0.36507936507936506,0.49784379492093916,0.5372147376539135,0.5661090612411499
coatue,2025-12-31,2026-02-28,2026-02-17,3.9512437185814275,0.04088228377431864,0.06562193718119812,0.5416448398873039,0.14761364908684516,0.25,0.47297297297297297,-0.020454335862115296,17.870878092370013,0.014441937700330282,0.5063422932494317,0.25741793253940437,-0.10851953447884255,0.8256496261850873,,,,0.3968253968253968,0.49784379492093916,0.6220351143184119,0.566279411315918
corvex,2025-12-31,2026-02-28,2026-02-17,3.1780538303479458,0.09243056768978333,0.1670507448550977,0.8425873315266339,0.1403665658833515,0.08333333333333333,0.21428571428571427,0.07413358411102063,9.639773747180172,0.024506301119225776,-0.14332449049448892,0.18824153688673337,-0.043398291747427375,-0.10510142145728738,,,,0.38095238095238093,0.49784379492093916,0.4751935928484873,0.5522140860557556
d1,2025-12-31,2026-02-28,2026-02-17,3.7376696182833684,0.03760746734783453,0.09481012578030872,0.4981721155843057,0.2659423016391169,0.30952380952380953,0.23684210526315788,0.20622327412616273,9.682576249047157,-0.04390249711600146,0.28192488681597716,0.13102331271558965,-0.02388854252460182,1.2969293428654236,,,,0.5396825396825397,0.49784379492093916,0.5307776146296848,0.5128490924835205
darsana,2025-12-31,2026-02-28,2026-02-17,2.772588722239781,0.0835793160790999,0.15164593537684537,0.8166094434047836,0.08819590521807863,0.125,0.0,0.1670811795001958,7.603761025510754,0.23959985898566552,0.5984207344092791,0.17538668641094074,-0.014176941578590396,1.7765916382222604,,,,0.1111111111111111,0.49784379492093916,0.6228694919227988,0.6118051409721375
dragoneer,2025-12-31,2026-02-28,2026-02-17,3.295836866004329,0.06974699479998893,0.11099125724932679,0.7634322688579567,0.16344009079601507,0.18518518518518517,0.15384615384615385,0.012483191694979518,9.82808325185727,-0.3496969944828804,-0.48266976411666584,0.21638858107301262,-0.24469368813716863,-0.41839653693546314,,,,0.9841269841269841,0.49784379492093916,0.3253797312714116,0.3395802080631256
duquesne,2025-12-31,2026-02-28,2026-02-17,4.060443010546419,0.04638567779523957,0.13633215238058227,0.5537233186707516,0.39833646701181036,0.4482758620689655,0.4838709677419355,0.07088260392978918,8.96573609864743,0.1975500023601737,1.2717346168797694,0.1939076080367781,-0.029821029844285918,2.2583352452756382,,,,0.12698412698412698,0.49784379492093916,0.7609586303038605,0.6536272764205933
egerton,2025-12-31,2026-02-28,2026-02-11,3.1354942159291497,0.07057044426782058,0.1478306588259537,0.7106014504305853,0.33514201544519107,0.34782608695652173,0.375,-0.030126872343760512,18.760637377656533,-0.14119654663910985,-0.13215155519983857,0.11493322357123428,-0.02772642757720789,-1.0210940268687891,,,,0.8412698412698413,0.49784379492093916,0.43522283357549824,0.5905275344848633
elliott,2025-12-31,2026-02-28,2026-02-18,3.044522437723423,0.17413311780231214,0.30471270343756396,0.941264846295487,0.05199207034460329,0.09523809523809523,0.05,0.06271713745888154,3.9006134240734744,0.433218157983959,0.42974965616564176,0.1609489462411621,-0.0514416073105427,0.7849043646493906,,,,0.031746031746031744,0.49784379492093916,0.6736849202065385,0.6235361099243164
eminence,2025-12-31,2026-02-28,2026-02-17,3.6635616461296463,0.034181064966836414,0.05385891866799586,0.46685868657547264,0.1569498606644949,0.07692307692307693,0.16279069767441862,-0.07299737339597392,9.3380144627945,-0.24754222951457278,-0.39581144685265257,0.14943727147881872,-0.1551310027489271,-1.4006124786658942,,,,0.9047619047619048,0.49784379492093916,0.4743493488080862,0.36753106117248535
engaged,2025-12-31,2026-02-28,2026-02-17,2.1972245773362196,0.16443775471935254,0.24473723768588135,1.0,0.18336430649185653,0.0,0.0,-0.03904848694425498,3.3598754056745896,-0.26909848110364654,-0.8342701313493152,0.27542475956714874,-0.1238993559014474,-0.37929883385174423,,,,0.9523809523809523,0.49784379492093916,0.2712146174222006,0.3380559980869293
fairfax-13f,2025-12-31,2026-02-28,2026-02-17,3.367295829986474,0.10052112289636271,0.20332576236549973,0.8686244223084314,0.14313959846044821,0.10344827586206896,0.10344827586206896,0.009071012604465068,5.106855663754185,-0.058646111761249176,,0.16734275262220352,-0.09148427120810076,,,,,0.5873015873015873,0.49784379492093916,0.5613320611990514,0.657546877861023
farallon,2025-12-31,2026-02-28,2026-02-17,4.976733742420574,0.03292446524207077,0.06704140146201135,0.4767294081055158,0.2951649553148292,0.19310344827586207,0.15827338129496402,-0.02125096052645927,11.780363134423897,-0.1250693051278074,-0.31871643412483736,0.11540905903499593,-0.06573670248655805,-1.1526999970438088,,,,0.8095238095238095,0.49784379492093916,0.4077893726055889,0.38077181577682495
fisher,2025-12-31,2026-02-28,2026-02-09,6.923628628138427,0.018542022459387242,0.05477830545811352,0.34083533373519803,0.07213628301376485,0.1141732283464567,0.11242603550295859,0.05870797237916016,12.452880129720459,0.0324576774815315,0.19902136903427614,0.12334109648225985,-0.009089338679003744,1.034580502555895,,,,0.3492063492063492,0.49784379492093916,0.5763140077227428,0.5227254629135132
fundsmith,2025-12-31,2026-02-28,2026-02-17,3.6109179126442243,0.05407860178937777,0.07895650884740177,0.6689112994813318,0.07188185654910184,0.05405405405405406,0.0,-0.14542176417020314,12.164166666235982,-0.1518499719110138,-0.3648696595167992,0.11764069657270668,-0.027483962323854527,-3.2946849214104534,,,,0.8571428571428571,0.49784379492093916,0.6476911283337486,0.5045924782752991
gardner-russo,2025-12-31,2026-02-28,2026-02-12,4.465908118654584,0.07853867887377813,0.13317012986904783,0.8088443083640087,0.0371300248738502,0.05747126436781609,0.03529411764705882,-0.006936308656933384,10.616362038832687,-0.03853910311753761,-0.0687279651735575,0.09674432664084356,-0.03303708638962399,0.18067523227178722,,,,0.5238095238095238,0.49784379492093916,0.5027394714396243,0.5778658986091614
giverny,2025-12-31,2026-02-28,2026-02-13,3.912023005428146,0.04676327197756447,0.084840686138138,0.5869639172873777,0.14907017006004586,0.04,0.07692307692307693,-0.08425941212352807,11.625915546868619,-0.1025158766968919,-0.303250689786325,0.12344630878911722,-0.040750779314810415,-2.1689505403967826,,,,0.746031746031746,0.49784379492093916,0.5545175421782551,0.5649024248123169
glenview,2025-12-31,2026-02-28,2026-02-17,3.9889840465642745,0.05938017492551022,0.13855897548871185,0.6228796734902184,0.21145373318038563,0.2777777777777778,0.2641509433962264,0.1318546517871591,8.727009737197971,0.035130175323391244,-0.13600934023319033,0.15408638724585785,-0.05036738211369973,-0.5335671945952996,,,,0.3333333333333333,0.49784379492093916,0.5260455278641193,0.6375144720077515
gotham,2025-12-31,2026-02-28,2026-02-17,7.449498005382849,0.030446006753293228,0.16749951388554835,0.2699606401468744,0.12968896090370496,0.09482257126236183,0.07159904534606205,0.17585212063279687,6.9387992571214525,0.041119394492415834,0.1212610693870948,0.1315209628052733,-0.008028898570050735,1.881771762535812,,,,0.31746031746031744,0.49784379492093916,0.5481118261538377,0.5067890286445618
greenhaven-road,2025-12-31,2026-02-28,2026-02-13,2.70805020110221,0.11165732789559857,0.1523528445513513,0.9817413971855301,0.10559109136648148,0.06666666666666667,0.06666666666666667,-0.04866737007609771,2.902017858804629,-0.45857324445067904,-0.36507823639569975,0.2321763257727539,-0.3021288072354963,-0.3703652144904035,,,,1.0,0.49784379492093916,0.4059327700558872,0.6283096671104431
harris,2025-12-31,2026-02-28,2026-02-17,5.117993812416755,0.019439445428519993,0.03541975554166117,0.31414938471057147,0.12712061258664598,0.059880239520958084,0.11299435028248588,0.23389140026075206,9.327941425746213,-0.0842145624776998,-0.14863015174158667,0.1261942129803419,-0.04434359676352462,-0.7696206598440772,,,,0.6666666666666666,0.49784379492093916,0.5692507919889725,0.5855290293693542
himalaya,2025-12-31,2026-02-28,2026-02-17,2.1972245773362196,0.16770099796462937,0.2230542193841728,1.0,0.07742164468639545,0.1111111111111111,0.1111111111111111,0.09968663539170712,17.3858513652352,0.1001346790014209,0.4316850374426946,0.15080659930149531,-0.033131232179770764,1.6510759429666408,,,,0.23809523809523808,0.49784379492093916,0.49270895000045056,0.4190947413444519
hound,2025-12-31,2026-02-28,2026-02-17,3.58351893845611,0.08764611049729468,0.14942343281002737,0.7902887225373957,0.3139542528890583,0.3055555555555556,0.16666666666666666,-0.07645248435893261,11.340027903014608,0.0579528011642603,0.27409435607758104,0.15883578402609286,-0.03323864767916218,1.1847125699911558,,,,0.2698412698412698,0.49784379492093916,0.43462301687947463,0.5312632322311401
icahn,2025-12-31,2026-02-28,2026-02-17,2.5649493574615367,0.2978386493931428,0.49116538397568926,0.9777709538596616,0.06933703173426942,0.0,0.0,-0.07924092470177595,2.0820712460614708,-0.04785494781543424,-1.3239527660895476,0.16631343349877128,-0.08736659633401012,-2.705704138153748,,,,0.5714285714285714,0.49784379492093916,0.3915853702837448,0.5571476817131042
impactive,2025-12-31,2026-02-28,2026-02-17,2.0794415416798357,0.15165097567209873,0.20819943510093147,1.0,0.15787880580603364,0.0,0.1111111111111111,-0.2808249326458685,3.430748234527998,-0.11046126152007915,-0.5970170801966748,0.1746007528300229,-0.08937795557168005,-1.776599796579644,,,,0.7619047619047619,0.49784379492093916,0.44488796050631363,0.32706597447395325
kingdon,2025-12-31,2026-02-28,2026-02-17,4.04305126783455,0.0261162646067419,0.075555949956419,0.37418612005575785,0.38465677161447576,0.3157894736842105,0.390625,0.02360474997479996,6.9592515614461465,0.326838509592813,0.4370128837573999,0.14757375277407747,0.0,1.5769958560842696,,,,0.06349206349206349,0.49784379492093916,0.5135088588414285,0.6439340710639954
lansdowne,2025-12-31,2026-02-28,2026-02-13,3.1780538303479458,0.14252281384797305,0.2953186271562156,0.9024995716056303,0.23591848037728358,0.125,0.045454545454545456,0.12453606627722824,14.921739469276877,0.18118823859895286,0.3562013445468024,0.1979874033410793,-0.014952383134951952,0.37551532650248437,,,,0.15873015873015872,0.49784379492093916,0.5328544810684244,0.4078240394592285
lone-pine,2025-12-31,2026-02-28,2026-02-17,3.4657359027997265,0.042940984173866895,0.06814961838854787,0.5175640486727162,0.2998256688959504,0.4375,0.28,-0.009637649286298454,14.04098001421724,-0.06592219152075536,0.26468549903821836,0.19532452936481107,-0.0685792504930981,0.12508799713593483,,,,0.6190476190476191,0.49784379492093916,0.5572686738158885,0.5234413146972656
markel-13f,2025-12-31,2026-02-28,2026-02-06,4.852030263919617,0.02663487784049547,0.06878837873982743,0.41993141178996907,0.04246543078578546,0.0078125,0.015503875968992248,0.01796696879378636,12.541489365946978,-0.09133956782110264,-0.17310741186362877,0.09327400455850851,-0.016482403531443146,-1.7642768081207116,,,,0.6984126984126984,0.49784379492093916,0.6437746589572156,0.6808014512062073
marshall-wace,2025-12-31,2026-02-28,2026-02-13,7.830822995135316,0.05063098229782673,0.21413149686741084,0.37319074072189407,0.30015869739953305,0.2820818434644418,0.2618464052287582,0.13133649305786094,8.993466418909106,-0.04443929098795428,-0.02552721575021577,0.12607130518865267,-0.052132263998669326,-1.3483874451712643,,,,0.5555555555555556,0.49784379492093916,0.6472117927182474,0.45781898498535156
maverick,2025-12-31,2026-02-28,2026-02-13,5.181783550292085,0.029751760822532274,0.05982618538157982,0.4365616806014748,0.33627236273293515,0.3539325842696629,0.42786069651741293,0.21972829509399466,15.561193228809268,0.04985503895430987,0.41124768029578784,0.1742992716473114,-0.03035665573357571,1.8083602988435556,,,,0.30158730158730157,0.49784379492093916,0.4513325729160757,0.5674028396606445
paulson,2025-12-31,2026-02-28,2026-02-17,2.1972245773362196,0.1971825371740773,0.3048311504286432,1.0,0.05430938987423839,0.1111111111111111,0.2,0.09399649286272341,3.844435356024643,0.9431947594684692,0.9173031147966464,0.3387280330567749,-0.0762645164792134,1.6007413989454096,,,,0.015873015873015872,0.49784379492093916,0.7335715335901182,0.6390107870101929
pershing-square,2025-12-31,2026-02-28,2026-02-17,2.3978952727983707,0.12991475698035207,0.18147970230018573,0.9949545491139865,0.19101312903018808,0.09090909090909091,0.09090909090909091,0.05858108995905251,18.046814789447037,-0.12161526061913594,-0.3142056893463631,0.1578079722484872,-0.06534028004125303,-1.6972904906986552,,,,0.7936507936507936,0.49784379492093916,0.3889386498696906,0.3709043860435486
polen,2025-12-31,2026-02-28,2026-02-12,5.442417710521793,0.0448725821666381,0.08530379651242612,0.5835801330339151,0.11029176661383411,0.24242424242424243,0.24568965517241378,-0.27418404196703444,16.657585601167423,-0.25759734260187883,-0.3355923136900884,0.15042494218586386,-0.15443676444461185,-1.9461972353523613,,,,0.9365079365079365,0.49784379492093916,0.5234730509702658,0.5229367017745972
pzena,2025-12-31,2026-02-28,2026-02-06,5.056245805348308,0.025819171057679453,0.06377315016184869,0.3937985841852986,0.08924792766787537,0.07643312101910828,0.05844155844155844,0.0765370052221833,6.061272130823223,-0.09458494290636998,-0.4530371280390196,0.12953732275363508,-0.044589399467939383,-2.9657533584062516,,,,0.7142857142857143,0.49784379492093916,0.6696078314429367,0.328838050365448
ruane-cunniff,2025-12-31,2026-02-28,2026-02-13,3.871201010907891,0.06246048434472352,0.1063214543137282,0.7192730729475276,0.09306240463370319,0.08333333333333333,0.06382978723404255,0.05900279746796939,15.046614509540015,-0.07236029836539315,-0.09649274299144017,0.10886004515773703,-0.037067775145058546,0.5692527895629896,,,,0.6349206349206349,0.49784379492093916,0.4034302135460526,0.43453463912010193
sachem-head,2025-12-31,2026-02-28,2026-02-13,2.995732273553991,0.06857642968593014,0.1332225677049068,0.7351717534894947,0.37557931370388453,0.3,0.2631578947368421,0.18636368353533284,8.088305183708874,0.1900339656594958,0.2417969282670187,0.21979550880930204,-0.00956452580369005,-0.30749463870065086,,,,0.14285714285714285,0.49784379492093916,0.5441900296631382,0.5251756310462952
sands,2025-12-31,2026-02-28,2026-02-13,4.189654742026425,0.03891532734374042,0.11370668121409994,0.48548332296692326,0.11898114434270879,0.09090909090909091,0.0625,-0.09767228954765113,17.309097976522406,-0.13386537976963164,-0.09517565852136745,0.20664302928965186,-0.1331439792242992,-1.447019692844508,,,,0.8253968253968254,0.49784379492093916,0.5541652920177259,0.5774940252304077
semper-augustus,2025-12-31,2026-02-28,2026-02-17,3.6635616461296463,0.08221965224575137,0.14405700527038157,0.8207009947355847,0.072865146792776,0.05128205128205128,0.02631578947368421,0.08191621943022219,7.721421090993601,0.32940075199048446,0.2852293973725346,0.14046516551766497,-0.039527072843614675,1.1600820366754063,,,,0.047619047619047616,0.49784379492093916,0.5144269669860767,0.6205517053604126
senator,2025-12-31,2026-02-28,2026-02-13,4.07753744390572,0.0434939697959678,0.1402526069262901,0.5097208559580723,0.3079169003861054,0.3220338983050847,0.3333333333333333,-0.08171457049707102,12.942610468697472,-0.012390202923226817,0.18256497474181244,0.1650275881537408,-0.015519466576447316,-0.30866876960309475,,,,0.49206349206349204,0.49784379492093916,0.5976132958760191,0.7379237413406372
soroban,2025-12-31,2026-02-28,2026-02-17,3.332204510175204,0.06594889105045923,0.14724600083566922,0.7269509662229551,0.16224063630822294,0.10714285714285714,0.13793103448275862,0.11708490307724215,20.045598012381603,0.05408591824877343,0.020997417428223364,0.12110156675306677,-0.019117836450096348,1.5804055310555822,,,,0.2857142857142857,0.49784379492093916,0.30482844298926126,0.4536506235599518
southeastern,2025-12-31,2026-02-28,2026-02-13,3.970291913552122,0.04180342752573103,0.07756028548809213,0.5654572288251587,0.100865938791597,0.07547169811320754,0.0,0.13623195367210117,4.397284251794895,0.0003398109438693675,-0.31297126847856127,0.1210322507199168,-0.03232055251157806,-0.9122922313422802,,,,0.4126984126984127,0.49784379492093916,0.5348802640181205,0.5182392001152039
srs,2025-12-31,2026-02-28,2026-02-17,3.4339872044851463,0.1019215706190794,0.2354856066960833,0.7675878153019264,0.1787523710813932,0.25806451612903225,0.17857142857142858,0.0336684692292867,9.897546472492376,-0.10155213145597955,-0.5500832594992242,0.23407393229570697,-0.16672779890932943,-1.5717844306793647,,,,0.7301587301587301,0.49784379492093916,0.43552542967347424,0.29010793566703796
starboard,2025-12-31,2026-02-28,2026-02-17,3.091042453358316,0.06261712022395284,0.1202278172337743,0.6946772744998174,0.1299383766626463,0.13636363636363635,0.05,-0.0066299891842647425,5.288024356192854,-0.17988795779153194,-0.4542953334495966,0.11173556443334463,-0.07873426955278817,-1.563974122794317,,,,0.8888888888888888,0.49784379492093916,0.5189662002738912,0.39393699169158936
steadfast,2025-12-31,2026-02-28,2026-02-17,4.882801922586371,0.025634910092545902,0.06520032771747623,0.38720230230786395,0.3716351367542854,0.49242424242424243,0.37383177570093457,0.0318625350164622,11.951044126233809,-0.07255265638775946,0.07690792099620802,0.14445147988131987,-0.019622987230859867,-0.5076547949448736,,,,0.6507936507936508,0.49784379492093916,0.5641435369881004,0.7600786089897156
suvretta,2025-12-31,2026-02-28,2026-02-17,4.499809670330265,0.026152319567394434,0.08661081719918962,0.36434662973425613,0.1955269756055752,0.14444444444444443,0.14444444444444443,0.19574563276826754,8.524732370958331,0.14966170562542067,0.04573209625537633,0.19007055243099538,-0.027969191538209648,0.07783168587909281,,,,0.20634920634920634,0.49784379492093916,0.5549898209306809,0.6770285964012146
tci,2025-12-31,2026-02-28,2026-02-17,2.1972245773362196,0.16660744939287744,0.27278585219312934,1.0,0.03279549297002737,0.0,0.0,0.017852521653258974,16.37921883224186,-0.011174950179650311,0.22118707867172782,0.13421748319669202,-0.027970419462115537,0.7727577738723955,,,,0.47619047619047616,0.49784379492093916,0.5289951157111612,0.4834091067314148
third-avenue,2025-12-31,2026-02-28,2026-02-12,3.9318256327243257,0.03728723234897898,0.093474986002513,0.5076247571550847,0.10710736044856495,0.0784313725490196,0.06,0.03238948180254282,3.821160314588755,0.15809672905833852,-0.03574760270573796,0.16210151164986333,-0.048005520315070216,1.2828315507835535,,,,0.19047619047619047,0.49784379492093916,0.47557829211074343,0.582191526889801
third-point,2025-12-31,2026-02-28,2026-02-17,3.784189633918261,0.04271568348791981,0.07577039879208743,0.540903166020065,0.24810386466793566,0.25,0.25,-0.14166860054709618,13.804205462380741,-0.035413568744863066,-0.22570039901827588,0.10647114615103086,-0.014032739911599701,-0.5442887319692508,,,,0.5079365079365079,0.49784379492093916,0.4307413962673651,0.3987354636192322
tiger-global,2025-12-31,2026-02-28,2026-02-17,3.9889840465642745,0.052189940558588215,0.11198740471514185,0.627470071059125,0.0852332910196949,0.018518518518518517,0.05357142857142857,-0.08528663706490976,19.404557279408397,-0.11441716540769367,0.4014377377701501,0.18628286041980108,-0.12334998090751315,0.33706920004495655,,,,0.7777777777777778,0.49784379492093916,0.5662577758869434,0.5970872044563293
tweedy-browne,2025-12-31,2026-02-28,2026-02-03,4.564348191467836,0.07644087593394253,0.15744256957558686,0.7224194857495165,0.06701079289717493,0.0625,0.07216494845360824,0.07296078316932117,7.832635406607716,0.1778409068373786,-0.016387605666850047,0.09319236390057734,-0.008650539101733412,0.9130023846171684,,,,0.1746031746031746,0.49784379492093916,0.480792890425412,0.5916805863380432
valueact,2025-12-31,2026-02-28,2026-02-17,2.772588722239781,0.08508330657070816,0.1129212982336417,0.8685989318483739,0.2399418129995715,0.1875,0.1875,0.16952405846348553,15.422175353312358,-0.2504093316356051,-0.20410488114162817,0.20267249664184606,-0.15579887160757844,-1.0047708094649495,,,,0.9206349206349206,0.49784379492093916,0.3776143267768812,0.5133801102638245
viking,2025-12-31,2026-02-28,2026-02-17,4.330733340286331,0.021511953568209004,0.04130055376071645,0.3470916740868979,0.29851728068823,0.27631578947368424,0.2948717948717949,-0.021714431464798983,12.113106964586459,-0.0019544792992803595,0.00872444833284891,0.10112317183979984,-0.010339398569374603,0.292782251791552,,,,0.4444444444444444,0.49784379492093916,0.46559554575239986,0.6351977586746216
whale-rock,2025-12-31,2026-02-28,2026-02-17,3.4657359027997265,0.04398406897031539,0.08408796576887054,0.5454051117628888,0.2815352508077088,0.09375,0.19444444444444445,-0.08240156257850757,13.533592705490728,0.26447714879671147,1.5548460104606714,0.28049610327419894,-0.06320331361588738,2.893637407789853,,,,0.09523809523809523,0.49784379492093916,0.7448382341789408,0.6030529141426086
yacktman,2025-12-31,2026-02-28,2026-02-03,4.276666119016055,0.036017037011631836,0.08896480751880263,0.49757510541000693,0.05457592841684822,0.041666666666666664,0.014285714285714285,-0.015821383574540247,9.70215713596525,-0.008671901368248719,-0.28611104841949897,0.08481258526322147,-0.03826698803402151,-1.7735226352811333,,,,0.4603174603174603,0.49784379492093916,0.5971534001268242,0.5513175129890442
abrams,2026-03-31,2026-05-31,2026-05-14,2.3978952727983707,0.21230318232283876,0.39587407117456797,0.9996250214165638,0.035541629917112516,0.0,0.08333333333333333,-0.2015221629752846,9.421771518032896,-0.4093118878545149,-0.46709564843931917,0.200981736772469,-0.2140335217919297,-0.37755750228836255,,,,0.9523809523809523,0.501860465116279,0.4739072084852463,0.5139880776405334
adage,2026-03-31,2026-05-31,2026-05-15,6.860663671448287,0.012526439500256434,0.05948177744554003,0.2841637623700569,0.1667407976210653,0.22327044025157233,0.18030973451327434,-0.019434081031757602,12.321111421109052,0.03910616798891903,0.1449081897520439,0.14973072589280523,-0.06918694655591273,1.720807977231876,,,,0.2698412698412698,0.501860465116279,0.4603370309896636,0.47373247146606445
akre,2026-03-31,2026-05-31,2026-05-14,2.9444389791664403,0.09509187555786237,0.1863638812220989,0.8770859279880229,0.09279310409524766,0.15789473684210525,0.1111111111111111,-0.39966409921547624,11.418991386071337,-0.4497082482032552,-0.58541113291148,0.13694744556891494,-0.2143606533911555,-1.7996238247762049,,,,0.9682539682539683,0.501860465116279,0.4440636857589419,0.3970147371292114
altimeter,2026-03-31,2026-05-31,2026-05-15,2.5649493574615367,0.1571573846198174,0.2856857351791472,0.9853705401252089,0.21483641983795942,0.15384615384615385,0.3888888888888889,-0.15607454827010703,25.104228885307833,-0.14011191672007473,-0.002987696770725301,0.24011491225005846,-0.22605869607156948,-0.6646638300856837,,,,0.6666666666666666,0.501860465116279,0.3824025521501125,0.34608176350593567
appaloosa,2026-03-31,2026-05-31,2026-05-15,3.4339872044851463,0.06986129023801213,0.1516355840744498,0.742814674866816,0.2919074978385071,0.03225806451612903,0.21052631578947367,-0.14417345730182135,18.601954651290082,0.16425299526678538,0.6983198856103916,0.2595727143397657,-0.1415688653445194,-0.24011448337481542,,,,0.14285714285714285,0.501860465116279,0.5812162238383207,0.49355414509773254
atreides,2026-03-31,2026-05-31,2026-05-18,3.9318256327243257,0.03914447204447779,0.08987073110558338,0.5339293958210654,0.3142341468173818,0.29411764705882354,0.2653061224489796,-0.13827020345961927,11.219893726410058,0.7300521496763882,1.2975357730064019,0.30776694337434674,-0.0919315215539932,1.992410994460406,,,,0.015873015873015872,0.501860465116279,0.6832607702134073,0.5291786789894104
baupost,2026-03-31,2026-05-31,2026-05-14,3.091042453358316,0.06843665994776506,0.12697844539408606,0.7393763513170087,0.2537251064197198,0.2727272727272727,0.2727272727272727,-0.03140732865641245,13.013590388201855,0.11543243505131534,-0.19652095996370011,0.18276439526613258,-0.07134728028025528,0.24568281104273704,,,,0.19047619047619047,0.501860465116279,0.35153980198739104,0.4477764964103699
berkshire-13f,2026-03-31,2026-05-31,2026-05-15,3.367295829986474,0.11850790882957683,0.21985634774005366,0.9072319437116683,0.10999418288484819,0.10344827586206896,0.38095238095238093,-0.04119433592233879,12.41931807717509,-0.06215503043539866,-0.29328315152679574,0.08840957438031019,-0.0172151584070942,-0.37881152709164956,,,,0.49206349206349204,0.501860465116279,0.47121105708663585,0.582229733467102
cantillon,2026-03-31,2026-05-31,2026-05-07,3.6375861597263857,0.03665190661624733,0.08340807477280213,0.47981379339600894,0.0799096694767869,0.02631578947368421,0.0,-0.20598025059169084,14.076852474952824,-0.06207835633973213,-0.06608015233232145,0.14956244554229142,-0.0819734292986708,-0.30254818467816846,,,,0.47619047619047616,0.501860465116279,0.5257927020595813,0.5296429395675659
coatue,2026-03-31,2026-05-31,2026-05-15,4.127134385045092,0.051072711479653456,0.10797671148090057,0.6373529209342927,0.26122807122110403,0.41935483870967744,0.3076923076923077,-0.31871901308886863,17.805409036263427,0.003514950944833062,0.5082119674995245,0.24443246269441996,-0.16349841759627626,0.8677476182178845,,,,0.36507936507936506,0.501860465116279,0.5269622248258277,0.37244781851768494
corvex,2026-03-31,2026-05-31,2026-05-15,3.2188758248682006,0.09746087153868511,0.18767370284526702,0.8622730955865566,0.12270668700119891,0.12,0.08333333333333333,-0.17852921011391656,8.251566090319509,0.08909279697500516,-0.09890797718055233,0.18818238172265145,-0.0992368082439593,0.19004535588104454,,,,0.23809523809523808,0.501860465116279,0.4641761153236494,0.4232255816459656
d1,2026-03-31,2026-05-31,2026-05-15,3.784189633918261,0.032025474679024515,0.07523006973685566,0.42549181991345186,0.34163848361772464,0.36363636363636365,0.3333333333333333,0.04838095106305531,10.800238263986504,-0.09494804063136325,0.16769457530631193,0.14627145190283639,-0.07572421676144792,0.10636330812268102,,,,0.5396825396825397,0.501860465116279,0.5340760356869533,0.559533953666687
darsana,2026-03-31,2026-05-31,2026-05-15,2.6390573296152584,0.09215576552115186,0.17447877205421825,0.8578118477292592,0.13047507147036175,0.0,0.125,-0.06607440064205759,7.4222291308189945,0.021480316621946827,0.5080405697517614,0.19046809798436376,-0.06677184175601669,1.6256394642139806,,,,0.3333333333333333,0.501860465116279,0.5932530807081257,0.5841462016105652
dragoneer,2026-03-31,2026-05-31,2026-05-15,2.833213344056216,0.1338260764909462,0.21659922650757477,0.9427552731888752,0.37758082671566784,0.058823529411764705,0.4074074074074074,-0.42370036479481754,15.920150756765072,-0.4648686115436698,-0.6717560668703119,0.18775778110544633,-0.2755762538839518,-1.05390603804715,,,,0.9841269841269841,0.501860465116279,0.19540001459776854,0.2696288228034973
duquesne,2026-03-31,2026-05-31,2026-05-15,4.174387269895637,0.06603006880122275,0.2085989516446432,0.5920426178650756,0.4332163841622261,0.46153846153846156,0.39655172413793105,-0.3623971560499624,7.463260578542898,0.12006585835076938,1.049023957199968,0.16105263035462386,-0.0680943891995276,2.421502977048614,,,,0.1746031746031746,0.501860465116279,0.6718693076809255,0.49270105361938477
egerton,2026-03-31,2026-05-31,2026-05-13,3.1780538303479458,0.06451643173817648,0.13789926116937748,0.6867368567776678,0.39062413554081543,0.2916666666666667,0.2608695652173913,-0.020893454396770293,16.070010548121772,-0.2261601532884621,-0.2202412558279343,0.1471466969914539,-0.08993305872215562,-1.43359502869378,,,,0.8412698412698413,0.501860465116279,0.40439670772699443,0.5519055128097534
elliott,2026-03-31,2026-05-31,2026-05-15,2.9444389791664403,0.19054323482537455,0.2902587571455483,0.953013429990202,0.15156805808048301,0.10526315789473684,0.19047619047619047,0.08822229652044121,4.6726771164383285,0.19031187189955123,0.45654627673262405,0.12795545346271792,-0.020942281995042,0.6981726503384492,,,,0.12698412698412698,0.501860465116279,0.6725590681081807,0.4649682641029358
eminence,2026-03-31,2026-05-31,2026-05-15,3.4965075614664802,0.044307820796814376,0.07719595170919266,0.5555740138519394,0.4089411496088945,0.24242424242424243,0.358974358974359,-0.37156589400667195,10.538230478514867,-0.31113790537152836,-0.4018790890344345,0.17831930650229338,-0.22201219959784402,-1.481032693340699,,,,0.9206349206349206,0.501860465116279,0.35034589432230356,0.3735538125038147
engaged,2026-03-31,2026-05-31,2026-05-15,2.0794415416798357,0.175201499395312,0.2620053296659453,1.0,0.1024747240842645,0.0,0.1111111111111111,-0.2562206010950579,3.353518106559985,-0.14292196592735884,-0.9466002625112193,0.22627072124501477,-0.1238993559014474,-1.4728658063803883,,,,0.6984126984126984,0.501860465116279,0.3638859770495496,0.4068602919578552
fairfax-13f,2026-03-31,2026-05-31,2026-05-15,3.367295829986474,0.11881895794514266,0.2581907727767226,0.8802744759244235,0.17662418212872366,0.06896551724137931,0.06896551724137931,-0.06994250050756229,4.415327874032714,0.19082383041667833,,0.18984220294421664,-0.0622901535143181,,,,,0.1111111111111111,0.501860465116279,0.5429828127221631,0.41984814405441284
farallon,2026-03-31,2026-05-31,2026-05-15,5.1298987149230735,0.03543108955523552,0.08623547689793712,0.4883669640896229,0.21222110870768673,0.28402366863905326,0.16551724137931034,-0.12154845074309474,11.710527507772067,-0.06993539054052317,-0.2559727465947903,0.13790968005891685,-0.08517392189234407,-1.0158351699505073,,,,0.5079365079365079,0.501860465116279,0.4849340425474789,0.4648340344429016
fisher,2026-03-31,2026-05-31,2026-05-05,6.922643891475888,0.01805840755515042,0.052374276975176874,0.33377442089119375,0.09812910742312109,0.11625615763546798,0.1171259842519685,0.006458249763554979,12.13170698782181,-0.0017640608441180095,0.04988094203979354,0.11526540466222472,-0.05186426526115362,0.47996211930261085,,,,0.38095238095238093,0.501860465116279,0.5340917151878725,0.5281274318695068
fundsmith,2026-03-31,2026-05-31,2026-05-15,3.5263605246161616,0.06051724713791042,0.08594723509690455,0.688462599527261,0.10267738929096337,0.029411764705882353,0.10810810810810811,-0.28840689315244833,12.76000750846816,-0.2703173322809147,-0.5103206147199648,0.13157757578134185,-0.10702719782905745,-3.1077095662940333,,,,0.8888888888888888,0.501860465116279,0.5529905713436529,0.32264190912246704
gardner-russo,2026-03-31,2026-05-31,2026-05-13,4.454347296253507,0.07523500614347532,0.12340513851736949,0.8029078415677169,0.1086371309735733,0.046511627906976744,0.05747126436781609,-0.08644409747219477,11.068498890540578,-0.25240041998492446,-0.31594768426840314,0.13434175621653613,-0.07576220239647291,-0.9555360508688884,,,,0.873015873015873,0.501860465116279,0.47182056242472215,0.6585326790809631
giverny,2026-03-31,2026-05-31,2026-05-15,3.9318256327243257,0.041128247404086646,0.06642759628225307,0.5337776597038647,0.08591386604321549,0.09803921568627451,0.08,-0.09307219621141824,11.541890754192474,-0.2242981414898058,-0.4048046439325575,0.12717156199118562,-0.07798601344962064,-2.4160508217928474,,,,0.8253968253968254,0.501860465116279,0.590494121366184,0.4536825120449066
glenview,2026-03-31,2026-05-31,2026-05-15,3.713572066704308,0.0630130020198557,0.15935548764614027,0.6358340856898775,0.24226534507035524,0.14634146341463414,0.35185185185185186,-0.23967290220319867,10.235302469105344,0.023253013263778266,-0.11016032975407464,0.19727049248744336,-0.07859443499316143,-1.334646799199926,,,,0.30158730158730157,0.501860465116279,0.5645996190734598,0.5492311120033264
gotham,2026-03-31,2026-05-31,2026-05-15,7.466799475018602,0.03454044316682431,0.179366459026829,0.2755525217614418,0.13806327030408094,0.09090909090909091,0.07504363001745201,0.17582809793423196,6.933899126623464,0.07192607983064853,0.14309598897965636,0.1406102686093954,-0.054014902637247286,1.8682019131115013,,,,0.25396825396825395,0.501860465116279,0.5306720967088765,0.5127699971199036
greenhaven-road,2026-03-31,2026-05-31,2026-05-15,2.833213344056216,0.11263537507974505,0.1716820102140742,0.9742759742785472,0.18461913503489802,0.23529411764705882,0.13333333333333333,-0.4624675708152712,2.834988004622643,-0.5895049147041612,-0.4886585817732004,0.2674150144321334,-0.3897695082975453,-0.5774937618615115,,,,1.0,0.501860465116279,0.36354841658670156,0.49601396918296814
harris,2026-03-31,2026-05-31,2026-05-15,5.049856007249537,0.018319126390402705,0.03718977247015236,0.30909032090504046,0.1198717842142436,0.09615384615384616,0.15568862275449102,-0.051193703524057034,8.85124324489211,-0.16026743452372544,-0.2845828343115395,0.09046230072730087,-0.05339961341970023,-2.721494012679297,,,,0.7301587301587301,0.501860465116279,0.6827399542961373,0.5393946766853333
himalaya,2026-03-31,2026-05-31,2026-05-15,2.6390573296152584,0.15344087614421903,0.22845970572694185,0.955861063314011,0.11849800426754553,0.35714285714285715,0.0,-0.10871663049770276,17.64817370096126,0.1105133769996845,0.2586850751694676,0.20634768541736792,-0.07703853078733913,0.4994895376275816,,,,0.20634920634920634,0.501860465116279,0.5190622479222434,0.32293692231178284
hound,2026-03-31,2026-05-31,2026-05-15,3.5263605246161616,0.08342997747270303,0.14746984221501225,0.7968483230896277,0.299844376392182,0.3235294117647059,0.3611111111111111,0.0939295772325342,10.39844217498777,-0.02663662679583223,0.16314182973101854,0.18338725312994425,-0.10450217512083626,0.7983897905214357,,,,0.4126984126984127,0.501860465116279,0.44294633304968206,0.6009818315505981
icahn,2026-03-31,2026-05-31,2026-05-15,2.4849066497880004,0.32242994880825243,0.4849366700654354,0.98595427557847,0.09118399780662723,0.0,0.07692307692307693,0.01276259676057177,1.7623259778361378,-0.019278777176803208,-0.963435629959666,0.1676845369771734,-0.08736659633401012,-1.1855391818027843,,,,0.3968253968253968,0.501860465116279,0.42145106390700277,0.4324614703655243
impactive,2026-03-31,2026-05-31,2026-05-15,2.302585092994046,0.13307101702255392,0.195021335580916,1.0,0.28840241107485554,0.4,0.25,-0.13021663939416384,3.5261931306106136,-0.13140833701737176,-0.5682303331060697,0.10616683722969789,-0.05121371361512517,-1.7994209156857481,,,,0.6190476190476191,0.501860465116279,0.45197288638140587,0.35815587639808655
kingdon,2026-03-31,2026-05-31,2026-05-15,3.9512437185814275,0.03207012980777702,0.09779948479767296,0.4245251717787663,0.3771704046918546,0.38461538461538464,0.43859649122807015,-0.09014382145650032,6.487614952911557,0.2296581863780014,0.39333509551271506,0.16301334210629725,-0.08223635861074785,1.2927606829019664,,,,0.09523809523809523,0.501860465116279,0.5224326366638354,0.6236823201179504
lansdowne,2026-03-31,2026-05-31,2026-05-14,3.091042453358316,0.11802215146826447,0.24185690413325187,0.9184329763214722,0.20477200640312887,0.09090909090909091,0.16666666666666666,0.3137590202515854,13.916247644123876,0.3545341451311722,0.6804544938354564,0.20485665810255843,-0.07421125005160967,0.30343852776527785,,,,0.06349206349206349,0.501860465116279,0.6144884704206529,0.4847595989704132
lone-pine,2026-03-31,2026-05-31,2026-05-15,3.58351893845611,0.04263028928200336,0.0741542427691605,0.5157787503923643,0.4304607305299635,0.3055555555555556,0.21875,-0.08165794462918384,9.936064979736171,-0.17879747621243453,0.1284523247236089,0.19095150801373548,-0.1441157337248885,0.055787989896145425,,,,0.7619047619047619,0.501860465116279,0.43605642738296224,0.5498031973838806
markel-13f,2026-03-31,2026-05-31,2026-05-01,4.859812404361672,0.026294650065719963,0.06700859823513702,0.4199791439421377,0.05422396476331881,0.031007751937984496,0.0234375,-0.04947028999053884,12.32762258728463,-0.16559389747918504,-0.23886682970299467,0.12914172421892517,-0.0727644920557825,-1.9436276762574014,,,,0.746031746031746,0.501860465116279,0.6250747868464737,0.6491446495056152
marshall-wace,2026-03-31,2026-05-31,2026-05-15,7.893572073504902,0.038799854458304084,0.18377888657864566,0.34138960621680015,0.35206623697101314,0.2809701492537313,0.23440603893524037,-0.10548366933386226,7.950192582485382,-0.032523284892445825,0.05281770365268168,0.15869574195658076,-0.09779394665581487,0.1824836157967261,,,,0.42857142857142855,0.501860465116279,0.5131270955606269,0.5800607800483704
maverick,2026-03-31,2026-05-31,2026-05-15,5.476463551931511,0.028296755682480683,0.06439111031932607,0.40283879107022824,0.30255431938614685,0.5899581589958159,0.449438202247191,-0.0793836411367422,14.13950572332743,0.0071881208807225705,0.3147953888312012,0.16820137391989737,-0.10322847017690762,1.6920704989495765,,,,0.3492063492063492,0.501860465116279,0.471574411153085,0.6383028626441956
paulson,2026-03-31,2026-05-31,2026-05-15,2.1972245773362196,0.18907493990758667,0.2923261766981246,1.0,0.12098399575954477,0.1111111111111111,0.1111111111111111,-0.047198278504136396,2.9454573247727094,0.6791669824300829,0.7273340164033466,0.33508583332781133,-0.05108320635895236,1.1762952592627571,,,,0.031746031746031744,0.501860465116279,0.7076983800653099,0.5244859457015991
pershing-square,2026-03-31,2026-05-31,2026-05-15,2.3978952727983707,0.14416518342615225,0.17616254803282663,0.9993211433981785,0.2067871282112006,0.09090909090909091,0.09090909090909091,-0.12412448332855279,19.910323576014452,-0.13520347471815794,-0.43315931027323995,0.17752201438852902,-0.11794280748423458,-2.3567489856003676,,,,0.6349206349206349,0.501860465116279,0.3670261646665121,0.2601279318332672
polen,2026-03-31,2026-05-31,2026-05-14,5.3981627015177525,0.04336108115198688,0.07287288636105593,0.563291592404911,0.14416584846183378,0.31221719457013575,0.341991341991342,-0.482287694606505,16.35676059205813,-0.2856729243833093,-0.4871178337495475,0.1651859039198363,-0.19927392067686112,-2.850592978125349,,,,0.9047619047619048,0.501860465116279,0.5175492166051465,0.33825796842575073
pzena,2026-03-31,2026-05-31,2026-04-24,5.062595033026967,0.02346249345584633,0.06389820113662432,0.35699337886836047,0.08767388498917039,0.056962025316455694,0.050955414012738856,-0.08125868616016048,5.382464812476852,-0.12839278369942844,-0.3811717435676315,0.15251225564058357,-0.06133954029671096,-3.8042069104134257,,,,0.6031746031746031,0.501860465116279,0.7513639796759183,0.5958081483840942
ruane-cunniff,2026-03-31,2026-05-31,2026-05-15,3.912023005428146,0.05599402454841808,0.10101584860477159,0.6702707452171253,0.1507625898933681,0.08,0.041666666666666664,-0.06022419663400914,14.363378264638042,-0.10209901530992874,-0.18746952561107333,0.17050216506609073,-0.10502606073078258,-1.0330832545053539,,,,0.5873015873015873,0.501860465116279,0.46259121635948575,0.5696480870246887
sachem-head,2026-03-31,2026-05-31,2026-05-15,2.9444389791664403,0.06966081057210102,0.11900395733322706,0.7544116673508133,0.36725801069272934,0.3684210526315789,0.4,-0.027088821453948236,7.268682518853245,0.1504169822442188,0.45033654915752686,0.19217220445512598,-0.07001866900044873,0.24762686215268687,,,,0.15873015873015872,0.501860465116279,0.5800150320332649,0.5013530850410461
sands,2026-03-31,2026-05-31,2026-05-08,4.204692619390966,0.04353073035791769,0.1237562218129106,0.5237273739299453,0.12412568226383058,0.13432835820895522,0.12121212121212122,-0.2545558049810299,18.310261248541146,-0.22943821527702346,-0.21198430688903558,0.1739289608833688,-0.18303105606011982,-1.3612770704791772,,,,0.8571428571428571,0.501860465116279,0.49252812956467973,0.5617148280143738
semper-augustus,2026-03-31,2026-05-31,2026-05-15,3.784189633918261,0.07390997767571507,0.14480333923461033,0.7983950642118629,0.1263156005253493,0.13636363636363635,0.02564102564102564,-0.037755133493720276,7.6825942348643155,0.02256793064830409,0.10557217515257078,0.18380576363586987,-0.0810801860573589,0.1919374049608518,,,,0.31746031746031744,0.501860465116279,0.5463091831966355,0.7185015082359314
senator,2026-03-31,2026-05-31,2026-05-13,4.07753744390572,0.03207400967395481,0.06605903111154066,0.46013374861555334,0.40714967158509696,0.288135593220339,0.288135593220339,-0.13574050140728425,14.674773860015241,-0.05376379537629247,0.16865038758342443,0.15002980236211996,-0.08876740453986842,-0.04493524015168117,,,,0.4603174603174603,0.501860465116279,0.44067562893904577,0.4655432403087616
soroban,2026-03-31,2026-05-31,2026-05-15,3.295836866004329,0.06338572556130447,0.12466424630028508,0.7160087597100617,0.21459097192798304,0.07407407407407407,0.10714285714285714,0.022116836196429325,19.038603054856036,-0.03823253552923572,0.0089134309182477,0.1523183899300962,-0.07579023875209168,1.3285624025833676,,,,0.4444444444444444,0.501860465116279,0.3012964379699332,0.5023139715194702
southeastern,2026-03-31,2026-05-31,2026-05-15,3.8918202981106265,0.05165861060498137,0.10917384429099752,0.6265662686742423,0.154552433023314,0.0,0.07547169811320754,-0.0993814301493178,3.82511037756082,-0.1407438598900309,-0.33150841770940953,0.11941961079209376,-0.05818350022994134,-0.9713374995744896,,,,0.6825396825396826,0.501860465116279,0.5249555538609358,0.602731466293335
srs,2026-03-31,2026-05-31,2026-05-15,3.367295829986474,0.11675311400886217,0.2685718064094774,0.7665505173203648,0.11863128860783645,0.10344827586206896,0.16129032258064516,-0.0034169676653148587,9.285498399549946,-0.08156181843701274,-0.18712283441910949,0.2326037937770311,-0.16672779890932954,-0.40203639023426757,,,,0.5238095238095238,0.501860465116279,0.5181254139337391,0.48673030734062195
starboard,2026-03-31,2026-05-31,2026-05-15,3.1354942159291497,0.0680702723709093,0.12725390847228282,0.7482826858811572,0.21719857560041855,0.17391304347826086,0.13636363636363635,-0.14467904028635395,4.766289978086751,-0.20332785958270905,-0.4387091460451856,0.14818448539254145,-0.1243313635419967,-1.655331725275269,,,,0.7936507936507936,0.501860465116279,0.48530934991511865,0.512833297252655
steadfast,2026-03-31,2026-05-31,2026-05-15,4.204692619390966,0.03698324625905443,0.10966077179468194,0.477410898507658,0.5417124783279781,0.43283582089552236,0.7121212121212122,-0.7671372095703125,9.693831560963671,-0.20622117180768496,-0.020788129637306807,0.14127631435735696,-0.10106984532836805,-0.6358683976922577,,,,0.8095238095238095,0.501860465116279,0.4773535355573304,0.6487864851951599
suvretta,2026-03-31,2026-05-31,2026-05-15,4.477336814478207,0.030581181029215414,0.07875849138227413,0.41788505547444943,0.2509660754108267,0.17045454545454544,0.18888888888888888,-0.08419537465169366,7.255429699796497,0.25057281410931487,0.12265135667398086,0.17678985061781421,-0.07809738311848158,0.25278631844029753,,,,0.07936507936507936,0.501860465116279,0.5132960114709898,0.684581458568573
tci,2026-03-31,2026-05-31,2026-05-15,2.302585092994046,0.1791109350089869,0.2984674584931167,1.0,0.1289227572201589,0.1,0.0,-0.1720069768837027,14.626077967070145,-0.18841053058215546,-0.1550959792600879,0.14135593757781945,-0.11104305992242258,-0.9638336177731774,,,,0.7777777777777778,0.501860465116279,0.502634508651323,0.33512794971466064
third-avenue,2026-03-31,2026-05-31,2026-05-13,3.970291913552122,0.04333272725232973,0.12493532258439782,0.5342973607686093,0.21494422977507244,0.11320754716981132,0.0784313725490196,0.11299680823121556,3.5677623799381912,0.10090432927154869,0.02575227992753848,0.15734537131375753,-0.03639799249524156,0.4133396326278633,,,,0.2222222222222222,0.501860465116279,0.5357970681293145,0.6187373995780945
third-point,2026-03-31,2026-05-31,2026-05-15,3.4965075614664802,0.08735714249743466,0.19399108052726208,0.7779348196867849,0.5921019776149565,0.30303030303030304,0.4772727272727273,-1.2506807282161032,15.967594231130949,-0.15763986021641943,-0.290990909289897,0.12608204083417135,-0.06429087232981034,-0.3808809155406807,,,,0.7142857142857143,0.501860465116279,0.25770356798889754,0.46219271421432495
tiger-global,2026-03-31,2026-05-31,2026-05-15,3.9889840465642745,0.06238461398431048,0.13381967960323088,0.6949210997809674,0.22983093303325353,0.12962962962962962,0.12962962962962962,-0.26287846850802354,21.752436568480075,-0.13944911371592356,0.24895488939450972,0.20883293762929528,-0.182233331029517,-0.06904432197963487,,,,0.6507936507936508,0.501860465116279,0.4375303383645354,0.43713152408599854
tweedy-browne,2026-03-31,2026-05-31,2026-05-06,4.532599493153256,0.07579783068278123,0.17608109212512346,0.7032830355581031,0.0809579579286197,0.06451612903225806,0.09375,0.01623074528009575,7.661061427326629,0.03484338547273025,-0.23113901786297664,0.1267308754689758,-0.06473490486563693,-0.5584194446336977,,,,0.2857142857142857,0.501860465116279,0.5245241816829831,0.6477593779563904
valueact,2026-03-31,2026-05-31,2026-05-15,2.8903717578961645,0.07677447132421826,0.12255010973736946,0.8091306666805329,0.18810247708803185,0.16666666666666666,0.0625,-0.2068284264492842,14.972375694597265,-0.3871654602532749,-0.24536407589136966,0.18752351445166052,-0.243226702953379,-0.6019261143058546,,,,0.9365079365079365,0.501860465116279,0.3635441961407267,0.3853782117366791
viking,2026-03-31,2026-05-31,2026-05-15,4.343805421853684,0.022721735658907023,0.05350214657673766,0.34909496494345577,0.2684965850187868,0.2597402597402597,0.25,-0.052559266683543625,11.893249762780755,-0.10085289659711541,-0.09207774456379614,0.12585245446174545,-0.0712578873216635,-0.9121799232340573,,,,0.5555555555555556,0.501860465116279,0.5336495541120528,0.6518589854240417
whale-rock,2026-03-31,2026-05-31,2026-05-15,3.5553480614894135,0.042769878863640934,0.09923556737749879,0.5140424052449414,0.30387122873486627,0.3142857142857143,0.25,-0.010021195384126519,13.9417157613688,0.5108805979729719,1.8648191904378897,0.3143642543930105,-0.11423788699065851,2.9781065136308316,,,,0.047619047619047616,0.501860465116279,0.7939528395413695,0.5536320805549622
yacktman,2026-03-31,2026-05-31,2026-05-01,4.330733340286331,0.03590400912200423,0.1074883513317266,0.4719773812168816,0.09476142691034761,0.06578947368421052,0.013888888888888888,0.04854397809586082,9.015271194626562,-0.10107974028236355,-0.2947414804648666,0.07173884304953854,-0.019637841798232136,-1.8197225663151395,,,,0.5714285714285714,0.501860465116279,0.6172368140680722,0.5790697932243347
