slug,period,formation,n_positions,hhi,top1_w,top10_w,turnover,new_frac,sold_frac,book_growth,crowding,excess_12,excess_36,vol_12,mdd_12,alpha36_t,fwd_excess,fwd_return,y,p_persist,p_base,p_logistic,p_xgboost
cantillon,2014-06-30,2014-08-31,2.99573227355399,0.0698300696855022,0.106232650627105,0.756989136614515,0.178581925301786,0.1,0.1,-0.00198812817715842,7.83189645977728,-0.0646020800628632,,0.132702011113259,-0.0784950625351498,,-0.0358663704900429,-0.0315793436574614,1,,,,
fisher,2014-06-30,2014-08-31,6.33150184989369,0.0121302349216505,0.0328773737156609,0.225850001337174,0.0939990018368851,0.142348754448399,0.0973782771535581,0.0701587667293193,6.64202288065022,-0.0493468300628632,,0.0834087146789366,-0.039066725099471,,0.0131691322762015,0.017456159108783,0,,,,
fundsmith,2014-06-30,2014-08-31,2.77258872223978,0.0704300287597668,0.101153084336771,0.761334709195324,0.092217698951448,0.0625,0,0.128266596717141,8.02929090805045,-0.0470316200628632,,0.0830688113584463,-0.026396076027679,,0.106290311294448,0.11057733812703,0,,,,
yacktman,2014-06-30,2014-08-31,3.85014760171006,0.0528605090806027,0.114497555424912,0.634771763891106,0.045286785766584,0.0425531914893617,0.0425531914893617,0.0243630737715117,10.4270450133783,-0.0288989200628632,,0.0810541940763212,-0.032618013540882,,-0.0107882538392926,-0.0065012270067111,1,,,,
adage,2014-09-30,2014-11-30,6.55393340402581,0.00572276670590532,0.0336227864125745,0.153537501926906,0.185934673591553,0.150997150997151,0.132459970887919,0.0418767881273168,7.49665057896398,0.169320802298874,,0.110666442794593,-0.0286282447852471,,-0.0461820813172133,-0.0226556820226588,1,,,,
akre,2014-09-30,2014-11-30,3.66356164612965,0.0628326883656028,0.106708024562823,0.710356760081271,0.0606586554090067,0.0256410256410256,0.0256410256410256,0.023962248579979,7.73433546988059,0.118497326872576,,0.120980489184712,-0.0403327880010577,,0.0920024738652743,0.115528873159829,0,,,,
altimeter,2014-09-30,2014-11-30,3.25809653802148,0.0826246535633525,0.12375568470672,0.835570002278957,0.113871531595083,0.0769230769230769,0.225806451612903,0.0490741514964164,7.69121235914522,0.326645446925437,,0.14678162843295,-0.037178197248239,,0.0512955502003684,0.0748219494949229,0,,,,
berkshire-13f,2014-09-30,2014-11-30,3.85014760171006,0.114091050974217,0.223031868228285,0.829043628060975,0.0310086258976005,0.0425531914893617,0.0217391304347826,0.00190365505686811,11.0414593716177,-0.0134243931432622,,0.09184156074922,-0.0468698164507455,,-0.078454303061376,-0.0549279037668216,1,,,,
cantillon,2014-09-30,2014-11-30,3.04452243772342,0.0662163416345801,0.11268883997839,0.731107867985036,0.0596204847906209,0.142857142857143,0.1,0.0258488082045822,7.81809067843772,-0.050232957849729,,0.128572829428586,-0.0784950625351498,,-0.0486826432977641,-0.0251562440032097,1,,,,
fisher,2014-09-30,2014-11-30,6.3135480462771,0.0122606153504895,0.030771888828704,0.223562347703728,0.0430381027722872,0.0851449275362319,0.101423487544484,-0.0138019826160928,6.72264554839235,-0.0336303231459365,,0.0804660219049243,-0.039066725099471,,0.0150699543484583,0.0385963536430127,0,,,,
fundsmith,2014-09-30,2014-11-30,2.77258872223978,0.0700288361957107,0.108793417388802,0.749305582573147,0.158425015844186,0.125,0.125,0.0764379995601463,9.58675824953367,0.0548133857385463,,0.0972074769172628,-0.026396076027679,,0.0643881585598397,0.0879145578543941,0,,,,
gardner-russo,2014-09-30,2014-11-30,4.70953020131233,0.0614348553875044,0.103678857045934,0.714371799868957,0.0241967568249578,0.00900900900900901,0.0265486725663717,-0.0185561873977334,7.19816624261023,0.00984310474273881,,0.113648692243992,-0.0562483458117262,,0.0336495020678746,0.057175901362429,0,,,,
harris,2014-09-30,2014-11-30,5.17048399503815,0.019101432929791,0.0472716745764573,0.339496945000756,0.0708582170841486,0.0568181818181818,0.0674157303370787,0.025004026496469,9.50535133287375,0.0481420720014272,,0.110334024005007,-0.047965855097561,,0.00569628898068801,0.0292226882752424,0,,,,
markel-13f,2014-09-30,2014-11-30,4.64439089914137,0.02702302977585,0.0650157522929027,0.427430169441144,0.0633024504407214,0.0384615384615385,0.0476190476190476,0.0109331582980607,7.57637655242083,0.0646588959370265,,0.115530491154214,-0.0492051452855936,,-0.0076464225634603,0.0158799767310941,1,,,,
marshall-wace,2014-09-30,2014-11-30,6.74405918631135,0.00567634969936542,0.0267487809033903,0.15142695512452,0.452384901419614,0.366313309776207,0.410087719298246,0.0201234852341134,6.44923279042734,0.068730474470486,,0.120872851774711,-0.0339399338638173,,0.0423580722761922,0.0658844715707466,0,,,,
polen,2014-09-30,2014-11-30,3.09104245335832,0.0535772119719168,0.0980062017691987,0.603534442112701,0.120404191227933,0.0454545454545455,0.16,-0.0287891859262038,11.2979813461498,0.0324269985917158,,0.104277875224047,-0.0415542661923035,,0.130429894723837,0.153956294018392,0,,,,
pzena,2014-09-30,2014-11-30,4.969813299576,0.0178849349776267,0.0404003734477736,0.287315299392604,0.0598219396230063,0.0416666666666667,0.0142857142857143,0.0153887301246527,7.11754016670893,-0.017196779867932,,0.0890213667839689,-0.0333216380963447,,-0.0044507500678949,0.0190756492266595,1,,,,
sands,2014-09-30,2014-11-30,3.93182563272433,0.0361920954410114,0.067168669175354,0.46772756532378,0.0773212748851112,0.0980392156862745,0.0612244897959184,0.0138891344022348,10.1481549887108,0.0424968711628894,,0.131259895017726,-0.101369753230418,,0.08368004132963,0.107206440624184,0,,,,
semper-augustus,2014-09-30,2014-11-30,3.40119738166216,0.0840573955403156,0.176726808709042,0.725820997159561,0.0608376034988613,0.0333333333333333,0,-0.0433994813414719,8.85275117635872,0.0261466123512271,,0.109897623453021,-0.0500282733914206,,-0.0309821453275347,-0.00745574603298024,1,,,,
tweedy-browne,2014-09-30,2014-11-30,3.89182029811063,0.0484123449138461,0.102156233665289,0.615039983575236,0.0553140787889761,0.0204081632653061,0.0204081632653061,-0.0747586581165311,9.33518211670928,-0.0479486191788232,,0.11815604866972,-0.0548795256791095,,-0.0787652790632578,-0.0552388797687034,1,,,,
valueact,2014-09-30,2014-11-30,2.56494935746154,0.125775982306572,0.230682879567167,0.928969505801006,0.116158486833691,0.153846153846154,0.214285714285714,0.0978089230493622,9.94381293611437,0.083827156365095,,0.0946608839983801,-0.0251073123088817,,0.0560119646984854,0.0795383639930398,0,,,,
yacktman,2014-09-30,2014-11-30,3.93182563272433,0.0544336715004398,0.113503531954238,0.646114140657992,0.0321781641501065,0.117647058823529,0.0425531914893617,0.666846428698056,10.5110842898295,0.0475219348728792,,0.0787654956279397,-0.032618013540882,,-0.0287392363957508,-0.00521283710119633,1,,,,
adage,2014-12-31,2015-02-28,6.55250788703459,0.00503008063436627,0.0264156198296359,0.140022154136618,0.196062615905991,0.156918687589158,0.158119658119658,0.00976091408933396,7.12807507431876,0.133092350320973,,0.118241394250917,-0.0408204696830891,,-0.0144006639410351,-0.0961541782209871,1,,,,
akre,2014-12-31,2015-02-28,3.58351893845611,0.0631039683881098,0.104559853174676,0.708785557612351,0.0580805681058293,0.0555555555555556,0.128205128205128,0.0745172498580407,7.77101279455251,0.109656118740893,,0.124670417053982,-0.0357516363807738,,0.0695152010905292,-0.0122383131894228,0,,,,
altimeter,2014-12-31,2015-02-28,3.29583686600433,0.101354203013773,0.224908865573752,0.826123618661983,0.22421472312118,0.148148148148148,0.115384615384615,0.278154242058592,8.53678910606524,0.147668578921335,,0.13783346526936,-0.0371781972482389,,0.0419868164244302,-0.0397666978555218,0,,,,
berkshire-13f,2014-12-31,2015-02-28,3.85014760171006,0.115847630699751,0.232311172191641,0.82688697876805,0.0583109789327799,0.0851063829787234,0.0851063829787234,0.0145514173722424,11.3294367917919,-0.0443370721581692,,0.103462595346188,-0.0670824992317422,,-0.00863350543997854,-0.0903870197199305,1,,,,
cantillon,2014-12-31,2015-02-28,2.99573227355399,0.0674465849677005,0.107806638585806,0.740155864026423,0.128340704480334,0.15,0.19047619047619,0.0919831757411379,7.56063421416115,-0.038490720402654,,0.0941154891080599,-0.0437505808963392,,-0.0324397668804134,-0.114193281160365,1,,,,
fisher,2014-12-31,2015-02-28,6.37161184723186,0.011589471203694,0.0281477042509299,0.221801795625203,0.0778017215047623,0.131623931623932,0.0797101449275362,0.0305487657797408,6.64981156889299,-0.0243145031405534,,0.0893774638747322,-0.0447308326150273,,0.00814391480032425,-0.0736095994796277,0,,,,
fundsmith,2014-12-31,2015-02-28,2.77258872223978,0.0700083281137678,0.101298616097819,0.751808942060372,0.0380349450251248,0,0,0.18156054692084,8.84319019866095,0.0681899290743601,,0.100921317564859,-0.0264412035164832,,0.141651436994848,0.0598979227148959,0,,,,
gardner-russo,2014-12-31,2015-02-28,4.70048036579242,0.0623424489447112,0.104139754683835,0.719775670969518,0.0288081396575564,0.0363636363636364,0.0450450450450451,0.0330540744024136,7.34974113954696,0.032736726219135,,0.0996601429503196,-0.0331359065866623,,0.064287957325079,-0.0174655569548729,0,,,,
harris,2014-12-31,2015-02-28,5.20948615284142,0.0189138687712282,0.0417253141116405,0.337898865687591,0.0709330484600864,0.0601092896174863,0.0227272727272727,0.055810723230207,9.19537363341266,0.0437912813459321,,0.122208413503502,-0.0537764117468803,,-0.039590617896438,-0.12134413217639,1,,,,
markel-13f,2014-12-31,2015-02-28,4.67282883446191,0.0280104043342805,0.0871959504300808,0.426101233442675,0.126703403778415,0.102803738317757,0.0769230769230769,0.0664971249188506,6.93632688302336,0.0895575226181109,,0.102211917780244,-0.0296022958341884,,0.00705476435822797,-0.074698749921724,0,,,,
marshall-wace,2014-12-31,2015-02-28,6.66568371778241,0.00611851673369138,0.0305794603363709,0.161254821442905,0.462284468726596,0.394904458598726,0.440518256772674,0.0887600599951517,5.94421371402137,0.0488606895950516,,0.12710971899058,-0.0339399338638173,,0.0296045312128254,-0.0521489830671266,0,,,,
polen,2014-12-31,2015-02-28,3.13549421592915,0.0492815363559571,0.0757490542639234,0.575250453311023,0.0786141847582171,0.0434782608695652,0,0.0877066131672773,10.8761942130998,0.0551269831150719,,0.089662038189506,-0.0109973748234768,,0.113026038234658,0.0312725239547062,0,,,,
pzena,2014-12-31,2015-02-28,4.94875989037817,0.0176891537765578,0.039079314069705,0.284436897748925,0.116707723034838,0.049645390070922,0.0694444444444445,0.0228776952063893,6.7050967550076,-0.010490514670594,,0.131478509708951,-0.0671222888120069,,-0.0564156618763227,-0.138169176156275,1,,,,
sands,2014-12-31,2015-02-28,3.98898404656427,0.036946197242207,0.0787947281834732,0.479032400782649,0.0933073153850732,0.0740740740740741,0.0196078431372549,0.0431274101642872,10.1329609289818,0.00383113700624305,,0.124169111806276,-0.0571589712599991,,0.0158549456983799,-0.0658985685815721,0,,,,
semper-augustus,2014-12-31,2015-02-28,3.40119738166216,0.0919039518932928,0.188751581449438,0.759459943003923,0.0793748587711869,0,0,-0.0406998160941038,8.66958888704298,0.0636699181821934,,0.0866812032726296,-0.019485957028169,,0.0396516073516335,-0.0421019069283184,0,,,,
tweedy-browne,2014-12-31,2015-02-28,3.89182029811063,0.0503785182111431,0.110893481329549,0.631819049896243,0.107564232535846,0.0204081632653061,0.0204081632653061,-0.106375584141201,10.0315780500155,-0.0443201465727973,,0.113041437278069,-0.100806936202346,,-0.0403092922585945,-0.122062806538546,1,,,,
valueact,2014-12-31,2015-02-28,2.63905732961526,0.111430911316691,0.216084018184723,0.878592971121882,0.15282151519824,0.142857142857143,0.0769230769230769,0.0673264251553357,9.87813678646736,0.0154287379761104,,0.140797862478493,-0.075374046803284,,0.0265272117143615,-0.0552263025655905,0,,,,
yacktman,2014-12-31,2015-02-28,3.93182563272433,0.0549446650123215,0.107139092893812,0.654768316720349,0.0712533561098365,0.0588235294117647,0.0588235294117647,-0.686347483381801,9.97583718172267,0.054164372664183,,0.0982677166464515,-0.0535937997897101,,0.0755158931532159,-0.00623762112673609,0,,,,
adage,2015-03-31,2015-05-31,6.56103066589657,0.00517126265113608,0.0327307764867414,0.138730055749963,0.203833865452483,0.172560113154173,0.165477888730385,0.00676245609015496,7.21334822748751,0.131968993091155,,0.121777257813065,-0.0408204696830891,,-0.0335374888667983,-0.0327772852869156,1,,,,
akre,2015-03-31,2015-05-31,3.58351893845611,0.0623937423447778,0.098153728841791,0.702166906017246,0.0488852461886977,0.0277777777777778,0.0277777777777778,0.0439589414921014,8.21259547668984,0.110802342378561,,0.119315506073482,-0.0357516363807741,,0.0716691240285362,0.072429327608419,0,,,,
altimeter,2015-03-31,2015-05-31,3.3322045101752,0.10289047502142,0.219909610589808,0.824296825276336,0.132565252670361,0.142857142857143,0.111111111111111,-0.0437910903512548,8.79697563339737,0.0808866788141905,,0.161286902584414,-0.0766785928008638,,-0.0523425372053404,-0.0515823336254577,1,,,,
berkshire-13f,2015-03-31,2015-05-31,3.85014760171006,0.115076647234207,0.238803997021323,0.818907290409192,0.0303828871756415,0,0,-0.0206178929844907,11.8192460080569,-0.0744421740771142,,0.103995005393127,-0.0670824992317422,,-0.00720646162362107,-0.00644625804373834,1,,,,
cantillon,2015-03-31,2015-05-31,2.99573227355399,0.0659248816059079,0.110658458543593,0.72976863405247,0.107124615556347,0.1,0.1,0.0522283750925107,8.10004256372921,-0.0551191439064434,,0.0962227746411366,-0.043750580896339,,0.00593895863260277,0.0066991622124855,0,,,,
fisher,2015-03-31,2015-05-31,6.34738920965601,0.011339743861377,0.027450545444795,0.218605200300394,0.0513248338945557,0.0788091068301226,0.100854700854701,0.0341984931096577,6.60137959536276,-0.0153960695019179,,0.09431919617394,-0.0447308326150274,,-0.00935284224470616,-0.00859263866482343,1,,,,
gardner-russo,2015-03-31,2015-05-31,4.70048036579242,0.0623095580878858,0.106106035397497,0.719998820904253,0.0305293377093779,0.0272727272727273,0.0272727272727273,0.0132222646032912,7.28266609724969,-0.0325766850641847,,0.108503217459075,-0.0360061446554495,,0.0720890687566603,0.072849272336543,0,,,,
harris,2015-03-31,2015-05-31,5.12396397940326,0.0185169083930569,0.0458419402096265,0.334725750210095,0.101666554009084,0.0595238095238095,0.136612021857924,-0.017084820717758,9.29619739353545,0.0185898459881266,,0.124481096071898,-0.0537764117468804,,-0.0335080879074748,-0.032747884327592,1,,,,
lone-pine,2015-03-31,2015-05-31,3.8286413964891,0.0310621135541516,0.0660794297917424,0.429868789438615,0.313509889368011,0.304347826086957,0.255813953488372,0.00114044413650571,13.0611417995213,0.0833862547159785,,0.0987317295078257,-0.0401043591028861,,0.00597280941621036,0.00673301299609309,0,,,,
markel-13f,2015-03-31,2015-05-31,4.67282883446191,0.0290043759458561,0.0857077854695335,0.443611622654292,0.0848981847416678,0.0467289719626168,0.0467289719626168,0.0429366353034658,7.6327271072665,0.0661349174756322,,0.103868658897963,-0.0296022958341885,,-0.00436108552831125,-0.00360088194842852,1,,,,
marshall-wace,2015-03-31,2015-05-31,6.65672652417839,0.00606743201800182,0.0262348787498733,0.170058576237055,0.473143234580514,0.386889460154242,0.392356687898089,0.0131978957481759,6.38857850672418,0.0840178777005728,,0.122544415401753,-0.0339399338638173,,-0.0110662139357964,-0.0103060103559136,1,,,,
polen,2015-03-31,2015-05-31,3.17805383034795,0.0502711883484022,0.074689037763509,0.590796371767669,0.0724959109266488,0.0833333333333333,0.0434782608695652,0.0543676715633906,11.0376139671698,0.101907858478879,,0.0851012326834826,-0.0109973748234771,,0.0415801504569836,0.0423403540368663,0,,,,
pzena,2015-03-31,2015-05-31,5.01727983681492,0.0169222179113131,0.03394545696173,0.273148003790875,0.0632122823760771,0.0794701986754967,0.0141843971631206,-0.0395072327515099,6.45857370208931,0.0015146883507985,,0.133205210483162,-0.0671222888120069,,-0.0457320233844306,-0.0449718198045479,1,,,,
sands,2015-03-31,2015-05-31,3.89182029811063,0.0377378808961467,0.0783774961976693,0.488914180926943,0.0559797312771723,0.0408163265306122,0.12962962962963,0.000359873594121315,10.4753530225823,0.144875905634728,,0.075198521403014,-0.014354912791028,,-0.00152813930805064,-0.000767935728167906,1,,,,
semper-augustus,2015-03-31,2015-05-31,3.43398720448515,0.0873928978256384,0.184728535476697,0.743817345896981,0.03069246666734,0.0967741935483871,0.0666666666666667,-0.0175652884261292,8.12590959636357,0.00688798783078795,,0.085679006948763,-0.019485957028169,,0.0323447800737252,0.0331049836536079,0,,,,
tweedy-browne,2015-03-31,2015-05-31,3.85014760171006,0.0519395164580392,0.110126076990281,0.64784728795339,0.031444495341193,0,0.0408163265306122,-0.052856853286886,10.1489801806529,-0.148010457542955,,0.0965851869216858,-0.100806936202346,,-0.00294664551757773,-0.00218644193769499,1,,,,
valueact,2015-03-31,2015-05-31,2.70805020110221,0.111057106530942,0.212799428883353,0.894747183825849,0.112939503481913,0.133333333333333,0.0714285714285714,0.125496637349783,10.3014341589748,0.0365063528703903,,0.14604852208215,-0.075374046803284,,0.00147396061607014,0.00223416419595288,0,,,,
yacktman,2015-03-31,2015-05-31,3.91202300542815,0.0557969919354267,0.11225589807192,0.659118885000409,0.0308421912545177,0.04,0.0588235294117647,-0.105207059009208,9.40834573002279,-0.0282007193342366,,0.104237089786008,-0.0535937997897101,,0.0864934358376787,0.0872536394175614,0,,,,
adage,2015-06-30,2015-08-31,6.5792512120101,0.00475572432062689,0.0276711943925426,0.131665812301133,0.187101377128355,0.145833333333333,0.13012729844413,-0.0226830477737746,7.57672803045185,-0.0381585473187552,,0.120444334324973,-0.103745711162689,,0.0125406926319635,0.124818330566982,0,,,,
akre,2015-06-30,2015-08-31,3.61091791264422,0.0655012477029011,0.118513285301393,0.71716491916379,0.0567464613600732,0.0810810810810811,0.0555555555555556,0.0451228773782433,7.95714798088326,0.164811871668789,,0.134153079141298,-0.0474138622457548,,0.030652604830636,0.142930242765655,0,,,,
altimeter,2015-06-30,2015-08-31,3.2188758248682,0.100411268408473,0.191498324911618,0.818744701723213,0.0850535752307052,0.08,0.178571428571429,-0.0142588257116177,9.49112406759583,0.128085046490018,,0.171379546440121,-0.0846341728986336,,-0.143088031133447,-0.030810393198428,1,,,,
berkshire-13f,2015-06-30,2015-08-31,3.8286413964891,0.117296547919009,0.246768469737459,0.817385256957939,0.0279113111565917,0.0217391304347826,0.0425531914893617,0.00045676498978808,12.6134660883069,-0.0452376977299505,,0.113441438186156,-0.0747271262167758,,-0.0319585527230733,0.0803190852119453,1,,,,
cantillon,2015-06-30,2015-08-31,2.99573227355399,0.0633131027648562,0.0996970659126264,0.713832725268537,0.033526125055996,0,0,-0.0206813204807362,7.70749247657103,-0.0358663704900429,,0.0971923831930819,-0.0783867836781333,,0.00812554251864651,0.120403180453665,0,,,,
fisher,2015-06-30,2015-08-31,6.3919171133926,0.0113299611651784,0.0268468060221221,0.21634589153997,0.0551997542763474,0.0988274706867672,0.0577933450087566,0.0275762241095475,6.88068995864446,0.0131691322762015,,0.119359511461216,-0.0632134497785561,,-0.02713596204589,0.0851416758891286,1,,,,
fundsmith,2015-06-30,2015-08-31,2.94443897916644,0.069952666633651,0.0999646533335557,0.76829016874807,,,,,10.2613890704834,0.106290311294448,,0.126764403956537,-0.054414739818751,,0.160248059380802,0.27252569731582,0,,,,
gardner-russo,2015-06-30,2015-08-31,4.69134788222914,0.0610610838507074,0.100558280697925,0.714982711471839,0.023339505880437,0.0091743119266055,0.0181818181818182,0.0223991057263485,7.39119563710067,0.0354061439769395,,0.115246839288463,-0.0496589628287556,,0.0231314353498426,0.135409073284861,0,,,,
harris,2015-06-30,2015-08-31,4.93447393313069,0.0185470425140334,0.0415436732534071,0.335085847639943,0.067691981325549,0.0359712230215827,0.202380952380952,-0.0108333199884558,9.68567023412412,-0.00306774573743047,,0.139084049779156,-0.0758946933168264,,-0.00937825303173727,0.102899384903281,1,,,,
lansdowne,2015-06-30,2015-08-31,4.12713438504509,0.0860971141476581,0.122609643291135,0.885555232143152,0.0750938148168691,0.338709677419355,0.369230769230769,0.04970741183323,12.4457046218731,0.166435583807548,,0.129818044870292,-0.0568340757716568,,-0.056090376646222,0.0561872612887966,1,,,,
lone-pine,2015-06-30,2015-08-31,3.8286413964891,0.0346693685942929,0.063457213087787,0.476089332876721,0.232263606952609,0.195652173913043,0.195652173913043,-0.0399070698780225,13.4455704606964,0.0625748437899167,,0.125218547802677,-0.0688191305507404,,0.00764676403424483,0.119924401969263,0,,,,
markel-13f,2015-06-30,2015-08-31,4.71849887129509,0.0275175905194679,0.0812312619021101,0.432002960638195,0.0365504500243034,0.0714285714285714,0.0280373831775701,0.0122223454807291,7.66093375971584,0.0409458250624953,,0.118124408843233,-0.0662884041007591,,-8.78474547301167e-05,0.112189790480288,1,,,,
marshall-wace,2015-06-30,2015-08-31,6.77764659363512,0.00627979477343808,0.0333479124683171,0.164522298967403,0.479252721686961,0.457858769931663,0.388174807197943,-0.00116274133477836,7.14822310433309,0.117791106994586,,0.137779924154351,-0.064375784534531,,-0.0469065046999655,0.0653711332350531,1,,,,
polen,2015-06-30,2015-08-31,3.17805383034795,0.0501545818730718,0.0744710887680072,0.588185309194002,0.0508087767210302,0.0416666666666667,0.0416666666666667,0.00678353104507177,11.3165547037032,0.162852977935451,,0.106549520090054,-0.0476681280383562,,-0.025101127844219,0.0871765100907996,1,,,,
pzena,2015-06-30,2015-08-31,5.01727983681492,0.0168526135047268,0.0304554676036897,0.271059699386202,0.071325155158066,0.0596026490066225,0.0596026490066225,-0.015103006581703,7.08740363146453,-0.00474603876914187,,0.143411448072364,-0.0693975543865578,,-0.0236076936378098,0.0886699442972088,1,,,,
sands,2015-06-30,2015-08-31,3.93182563272433,0.0368287620290275,0.0796403928236706,0.480360131036888,0.0551530739159952,0.0392156862745098,0,-0.0322899148478433,10.1487099086038,0.067412259346517,,0.116691935670064,-0.0824597668665121,,-0.0104642716948823,0.101813366240136,1,,,,
semper-augustus,2015-06-30,2015-08-31,3.43398720448515,0.0855498713037722,0.179327380075777,0.742412274242566,0.034000625351303,0.032258064516129,0.032258064516129,-0.0289699408833015,7.9711820384775,-0.0326265415748552,,0.0993677742428906,-0.0706217682544025,,0.067193679398268,0.179471317333287,0,,,,
tweedy-browne,2015-06-30,2015-08-31,3.85014760171006,0.0513647076337556,0.10550357469512,0.645031020469726,0.0237317334008856,0,0,-0.0232328003414991,10.2210029256672,-0.150667834893464,,0.106746341605793,-0.126600429208485,,0.047426847269501,0.15970448520452,0,,,,
valueact,2015-06-30,2015-08-31,2.63905732961526,0.100787038415533,0.175406460524877,0.869118889506055,0.084602304797465,0.0714285714285714,0.133333333333333,0.0484293136962741,11.4451404936778,0.0309908910940333,,0.159569557511504,-0.0802328070067306,,0.0168533759281436,0.129131013863162,0,,,,
yacktman,2015-06-30,2015-08-31,3.85014760171006,0.0588159582295288,0.119555294324292,0.682783717907798,0.0507639643071499,0,0.06,-0.146978756362163,9.24825736444334,-0.0107882538392926,,0.115456744029447,-0.0752576890464731,,0.103280548464516,0.215558186399535,0,,,,
adage,2015-09-30,2015-11-30,6.56385552653213,0.00480014174257114,0.0260215421743409,0.125345102371785,0.200194671155804,0.142454160789845,0.155555555555556,-0.107577239200602,7.81798421616395,-0.0461820813172133,,0.150621989700742,-0.131245667441981,,-0.00852018582853017,0.0829295751425578,1,,,,
akre,2015-09-30,2015-11-30,3.55534806148941,0.0642921369225774,0.128636375233982,0.689980121682211,0.0609701933521566,0.0285714285714286,0.0810810810810811,0.0377431738640057,7.57767203327125,0.0920024738652743,,0.140016004054884,-0.0797465157631463,,-0.0412307971939864,0.0502189637771016,1,,,,
altimeter,2015-09-30,2015-11-30,2.94443897916644,0.169876961118387,0.315574252840626,0.897502091611296,0.242759192177331,0.157894736842105,0.36,0.14625079370378,8.87908120057209,0.0512955502003684,,0.208471419415471,-0.0846341728986337,,0.0576472425761241,0.149097003547212,0,,,,
berkshire-13f,2015-09-30,2015-11-30,3.87120101090789,0.106653029890969,0.189545366231872,0.82107112292126,0.23634654857672,0.104166666666667,0.0652173913043478,0.17285880843389,12.2181060100656,-0.078454303061376,,0.112845142869793,-0.0833454465034108,,-0.0225967119777816,0.0688530489933064,1,,,,
cantillon,2015-09-30,2015-11-30,2.94443897916644,0.0707425970714919,0.11835241891593,0.763148765258202,0.140765622716759,0,0.05,-0.0649619330274271,7.51117624270093,-0.0486826432977641,,0.106546931877952,-0.0963059164886595,,-0.0212233785696228,0.0702263824014652,1,,,,
coatue,2015-09-30,2015-11-30,4.02535169073515,0.0419288945477827,0.0843378862490154,0.547884742775266,0.197649229049425,0.107142857142857,0.206349206349206,-0.118793344685282,14.0238184601287,0.0681128006709364,,0.167236392614959,-0.103145227845149,,-0.0560891528279594,0.0353606081431286,1,,,,
fisher,2015-09-30,2015-11-30,6.51471269087253,0.0116774578277535,0.0291067518737243,0.225992944021001,0.0603702373547901,0.21037037037037,0.107202680067002,-0.0693309896109606,7.29169515759167,0.0150699543484583,,0.137222634605689,-0.0786857888594144,,-0.065814137468574,0.025635623502514,1,,,,
fundsmith,2015-09-30,2015-11-30,2.99573227355399,0.0695113877712459,0.101657338603361,0.774322367255403,0.124846408313122,0.05,0,0.0316214811742024,10.3008090759469,0.0643881585598397,,0.138163879266386,-0.0652441611308565,,0.0367925430032534,0.128242303974341,0,,,,
gardner-russo,2015-09-30,2015-11-30,4.64439089914137,0.0613839559483525,0.106828823125403,0.714957176768933,0.0287549671827803,0.0576923076923077,0.100917431192661,-0.0272933462027382,7.01705216680989,0.0336495020678746,,0.130409145710609,-0.0588191638079135,,-0.0751274906952912,0.0163222702757968,1,,,,
harris,2015-09-30,2015-11-30,4.80402104473326,0.0183921566777315,0.0424861789210177,0.333036709043888,0.0996346189051561,0.040983606557377,0.158273381294964,-0.0912368236923649,9.58729970756273,0.00569628898068801,,0.16556798790637,-0.105161356375903,,-0.00420749814403566,0.0872422628270523,1,,,,
lansdowne,2015-09-30,2015-11-30,4.0943445622221,0.0871448130445566,0.133180636306988,0.902765717506564,0.0919040270048098,0.266666666666667,0.290322580645161,0.013597317109247,12.1314010929552,0.177494957505876,,0.154927622334673,-0.0718723714674503,,-0.0765102313575484,0.0149395296135396,1,,,,
lone-pine,2015-09-30,2015-11-30,3.76120011569356,0.0336488188804085,0.0594370345178419,0.459096380527913,0.239009091755827,0.209302325581395,0.260869565217391,-0.00519959979345079,13.7987524238653,0.0226180451156295,,0.135608004606139,-0.105059908008231,,-0.05149677581555,0.039952985155538,1,,,,
markel-13f,2015-09-30,2015-11-30,4.79579054559674,0.0266568952778088,0.076777921148011,0.424838550423323,0.0415700133970109,0.0826446280991736,0.00892857142857143,-0.0535018843360092,7.38578558779659,-0.0076464225634603,,0.118915865967745,-0.0828482960567094,,-0.0149516295209889,0.0764981314500991,1,,,,
marshall-wace,2015-09-30,2015-11-30,6.78784498230958,0.00715084713345334,0.0380247821801434,0.183543029365307,0.440238740328161,0.430665163472379,0.424829157175399,0.059923861194822,7.00850479978289,0.0423580722761922,,0.140281461977185,-0.105990987286861,,-0.0352360615357904,0.0562136994352975,1,,,,
polen,2015-09-30,2015-11-30,3.17805383034795,0.0513461578259384,0.0782470519912792,0.580169509012485,0.0741579340665414,0.0416666666666667,0.0416666666666667,0.0551719747640567,11.544015112101,0.130429894723837,,0.121847013248169,-0.0542673346756716,,-0.0921634973899849,-0.000713736418896953,1,,,,
pzena,2015-09-30,2015-11-30,4.99721227376412,0.0168717723978585,0.0312145133346457,0.281894482091737,0.0836372223179717,0.0202702702702703,0.0397350993377483,-0.120722215570199,6.8145677448798,-0.0044507500678949,,0.172195288998385,-0.117704529871626,,0.0708419769568926,0.162291737927981,0,,,,
sands,2015-09-30,2015-11-30,3.97029191355212,0.0374737867128674,0.0900036341587467,0.481256857677101,0.11240363022867,0.113207547169811,0.0784313725490196,-0.127865360530513,10.2130532336543,0.08368004132963,,0.17468238066375,-0.123133063174888,,-0.121817065690538,-0.0303673047194499,1,,,,
semper-augustus,2015-09-30,2015-11-30,3.43398720448515,0.0822205951892979,0.176298571518734,0.734359988499218,0.0531191080938284,0,0,-0.046497064808949,7.90511854921844,-0.0309821453275347,,0.116784479543816,-0.0826808400773058,,0.0633449700102886,0.154794730981377,0,,,,
tweedy-browne,2015-09-30,2015-11-30,3.89182029811063,0.047317214658012,0.107208850436815,0.602800489890644,0.0870656891253299,0.102040816326531,0.0638297872340426,-0.0752901529018984,9.9543414056478,-0.0787652790632578,,0.144163686337341,-0.136026879554614,,0.0379503823153784,0.129400143286466,0,,,,
valueact,2015-09-30,2015-11-30,2.70805020110221,0.100409307078928,0.193727791155556,0.866446623848603,0.0433190107580069,0.0666666666666667,0,-0.0991644099019318,11.5361899242199,0.0560119646984854,,0.187892685151799,-0.0978863255876552,,0.0547540022204078,0.146203763191496,0,,,,
yacktman,2015-09-30,2015-11-30,3.85014760171006,0.0634765028641878,0.131474600607947,0.723221832557212,0.0609191772045763,0.0425531914893617,0.0425531914893617,-0.206964933625415,9.88445717855699,-0.0287392363957508,,0.129559258886432,-0.0685663857877074,,0.0304914078193821,0.12194116879047,0,,,,
adage,2015-12-31,2016-02-29,6.52795791762255,0.00497815926615327,0.022336068829444,0.128908914948074,0.204982269832855,0.140350877192982,0.170662905500705,0.0574895438675801,8.31155074676585,-0.0144006639410351,,0.143606024690924,-0.131245667441981,,-0.00969870156046204,0.26365781581474,1,,,,
akre,2015-12-31,2016-02-29,3.52636052461616,0.0692317466015811,0.135807518294834,0.722443846587832,0.062646470353833,0.0294117647058824,0.0571428571428571,0.0437131148617594,8.23752699624567,0.0695152010905292,,0.130689540318507,-0.0799162009923079,,-0.0440137474464408,0.229342769928761,1,,,,
altimeter,2015-12-31,2016-02-29,2.99573227355399,0.173089806393523,0.334222775750426,0.892892292576168,0.0836087387869486,0.05,0,0.155197490780057,8.76960867272079,0.0419868164244302,,0.27657093480762,-0.203027123862633,,-0.0139585685121297,0.259397948863072,1,,,,
berkshire-13f,2015-12-31,2016-02-29,3.87120101090789,0.1080187486443,0.197767380809858,0.816305505746835,0.027029253673581,0.0208333333333333,0.0208333333333333,0.0343158012899504,12.5705462909043,-0.00863350543997854,,0.0876261871954091,-0.0938353245191396,,-0.0338928301575792,0.239463687217622,1,,,,
cantillon,2015-12-31,2016-02-29,3.09104245335832,0.0593176522235487,0.0920549350754126,0.69404870016363,0.26563695521343,0.227272727272727,0.105263157894737,0.124986144846085,9.1306085574042,-0.0324397668804134,,0.113271895083612,-0.126980243932496,,-0.00694759753795565,0.266408919837246,1,,,,
coatue,2015-12-31,2016-02-29,4.02535169073515,0.0473220691049602,0.0824151447625307,0.615336421513528,0.219051092912574,0.303571428571429,0.303571428571429,0.125428723299102,16.3002273908389,0.00882014807858544,,0.177381766012642,-0.121062797406998,,0.0548479959961986,0.3282045133714,0,,,,
duquesne,2015-12-31,2016-02-29,2.484906649788,0.208940258018285,0.386670735214891,0.972937340950668,0.406058492041462,0.583333333333333,0.722222222222222,-0.23740519348205,19.2880123341252,-0.0406670091893565,,0.133307780325563,-0.12400131221208,,0.0881152712295347,0.361471788604736,0,,,,
fisher,2015-12-31,2016-02-29,6.61740297797448,0.0119371676215,0.0325209396409522,0.231159033388318,0.0705318067366216,0.155080213903743,0.0637037037037037,0.0782300065526138,7.90352098057867,0.00814391480032425,,0.1334747860998,-0.107647030612797,,-0.0433455837502727,0.230010933624929,1,,,,
fundsmith,2015-12-31,2016-02-29,2.89037175789616,0.0671223744458321,0.104950077772333,0.741369380782536,0.0677902286874899,0.0555555555555556,0.15,0.194065618123906,10.2094852358148,0.141651436994848,,0.126485114929195,-0.0652441611308565,,-0.00250084706422149,0.27085567031098,1,,,,
gardner-russo,2015-12-31,2016-02-29,4.65396035015752,0.0607103853270024,0.101092660485123,0.728390936954635,0.0768808219769006,0.0476190476190476,0.0384615384615385,0.0548249715902761,7.61097825972656,0.064287957325079,,0.11999009746593,-0.0588191638079135,,-0.0846568970151876,0.188699620360014,1,,,,
harris,2015-12-31,2016-02-29,4.82028156560504,0.0191960149745592,0.0467246212482869,0.342872392130663,0.110252426316273,0.0725806451612903,0.0573770491803279,0.0315787402016966,9.92856825163944,-0.039590617896438,,0.164106334651842,-0.128128581731327,,0.0759320693484815,0.349288586723683,0,,,,
icahn,2015-12-31,2016-02-29,3.25809653802148,0.116509031971036,0.243707097086367,0.831225083384611,0.135482165197685,0.0769230769230769,0,0.0545265189230857,6.90002407118549,-0.165658252723918,,0.248462011946068,-0.270702442772575,,-0.0754360440019419,0.19792047337326,1,,,,
lansdowne,2015-12-31,2016-02-29,4.23410650459726,0.0751905592691182,0.113808101388894,0.817892372777168,0.167549257477995,0.318840579710145,0.216666666666667,0.205262388376299,14.9349094566782,0.114940834962215,,0.169086922140322,-0.111280284954654,,-0.00181805290774978,0.271538464467452,1,,,,
lone-pine,2015-12-31,2016-02-29,3.68887945411394,0.0347013441754786,0.0673961596901366,0.46876223019927,0.236163738252394,0.2,0.255813953488372,0.00213681666748616,14.4514520993711,-0.00447523862778236,,0.137143920891974,-0.123223303537607,,-0.010713786024897,0.262642731350305,1,,,,
markel-13f,2015-12-31,2016-02-29,4.86753445045558,0.0274138425851043,0.071775051890863,0.440957022346907,0.0887429384145587,0.138461538461538,0.0743801652892562,-0.0271384068349625,7.41470814976186,0.00705476435822797,,0.115611657605516,-0.0958700656206405,,-0.0236148040082079,0.249741713366994,1,,,,
marshall-wace,2015-12-31,2016-02-29,6.85751406254539,0.00660423340260305,0.0422254830793668,0.17422779741632,0.413515245254431,0.410094637223975,0.367531003382187,0.269475627173841,7.52164042049919,0.0296045312128254,,0.135485638493743,-0.111892719994937,,-0.0214266374169453,0.251929879958256,1,,,,
polen,2015-12-31,2016-02-29,3.25809653802148,0.0512722878355333,0.0773187761932493,0.583180682738612,0.126682698551588,0.192307692307692,0.125,0.16982125264909,12.6212993119667,0.113026038234658,,0.126402118820495,-0.0692398366055531,,-0.112837957089547,0.160518560285654,1,,,,
pzena,2015-12-31,2016-02-29,5.01063529409626,0.0165486753453848,0.0298025326494856,0.268397966245959,0.078407089262849,0.0466666666666667,0.0337837837837838,0.0302979915973808,6.84306016795179,-0.0564156618763227,,0.150970977982976,-0.157376880771435,,0.155674463759054,0.429030981134256,0,,,,
sands,2015-12-31,2016-02-29,3.97029191355212,0.0375659743428427,0.0884735206504947,0.496005201813731,0.165868579541652,0.0943396226415094,0.0943396226415094,0.0805542415394562,11.6019958405069,0.0158549456983799,,0.201121559366153,-0.128608910946356,,-0.0489046309190571,0.224451886456144,1,,,,
semper-augustus,2015-12-31,2016-02-29,3.46573590279973,0.0818779056115064,0.1738749535684,0.718011255720724,0.0407370988070385,0.03125,0,0.000588891009089696,8.34990152996503,0.0396516073516335,,0.125773692540912,-0.0786147079842349,,-0.00872307212221451,0.264633445252987,1,,,,
tweedy-browne,2015-12-31,2016-02-29,3.89182029811063,0.0475641026723398,0.111405087009851,0.591971208241923,0.117388053018394,0.0612244897959184,0.0612244897959184,0.0141761024093606,10.9669741080319,-0.0403092922585945,,0.138974220452545,-0.136026879554614,,0.0532216683976234,0.326578185772825,0,,,,
valueact,2015-12-31,2016-02-29,2.63905732961526,0.1050005153252,0.217458948959062,0.898563200588107,0.136802511094055,0,0.0666666666666667,-0.174308569268107,11.6694149281358,0.0265272117143615,,0.169199459422584,-0.119042744057241,,0.120677586659899,0.394034104035101,0,,,,
yacktman,2015-12-31,2016-02-29,3.8286413964891,0.0651846702485785,0.131442347724537,0.747136654412873,0.054331399210619,0.0869565217391304,0.106382978723404,-0.143153799144659,9.77309391864395,0.0755158931532159,,0.109348525844294,-0.0537326594958736,,-0.0461378615621591,0.227218655813042,1,,,,
adage,2016-03-31,2016-05-31,6.52795791762255,0.00501753939213508,0.0250053858363244,0.124810682158205,0.182986570855723,0.162280701754386,0.162280701754386,-0.0338154487130445,8.36845637157996,-0.0335374888667983,,0.156315697215292,-0.0888059304493516,,0.00496655990133821,0.192348305831271,0,,,,
akre,2016-03-31,2016-05-31,3.52636052461616,0.0680139826688028,0.136093900790642,0.721392011290129,0.0306298102078236,0,0,0.0529823366975404,8.5394007951691,0.0716691240285362,,0.150986834013235,-0.0799162009923078,,-0.012459807099168,0.174921938830765,1,,,,
altimeter,2016-03-31,2016-05-31,2.70805020110221,0.282096082168432,0.449636085491193,0.966807811892225,0.188474370673606,0.0666666666666667,0.3,-0.175329866665503,8.5796434995314,-0.0523425372053404,,0.289409144980607,-0.203027123862633,,0.312649334718145,0.500031080648078,0,,,,
berkshire-13f,2016-03-31,2016-05-31,3.85014760171006,0.11373679009257,0.198972877259148,0.839527207508143,0.0803802300087767,0.0212765957446809,0.0416666666666667,-0.0252362037411823,11.7153396767335,-0.00720646162362107,,0.114157766418044,-0.0929143646646906,,-0.0766993684210845,0.110682377508849,1,,,,
cantillon,2016-03-31,2016-05-31,3.17805383034795,0.0533044735547611,0.085875684856224,0.640972919388239,0.178119974433098,0.166666666666667,0.0909090909090909,0.0718517552830416,8.82220726378148,0.00593895863260277,,0.149623756163383,-0.107614755236844,,0.0378821551191902,0.225263901049123,0,,,,
coatue,2016-03-31,2016-05-31,4.02535169073515,0.0480527377392107,0.0807291286438992,0.620132976576041,0.264866709943662,0.410714285714286,0.410714285714286,-0.231456756749753,14.7695770688972,-0.0234408090366257,,0.195786246101542,-0.121062797406998,,0.177177493645229,0.364559239575162,0,,,,
dragoneer,2016-03-31,2016-05-31,2.56494935746154,0.0975460997700035,0.157164888427281,0.905876058288484,0.236861708982026,0.230769230769231,0.166666666666667,0.00851187327851712,7.14119535454631,-0.29646025284188,,0.364429041217186,-0.30494863849028,,0.545820470573498,0.733202216503431,0,,,,
duquesne,2016-03-31,2016-05-31,3.46573590279973,0.0748071086984762,0.209637003128626,0.652015267258739,0.646936116601758,0.78125,0.416666666666667,0.475060326131042,12.6957924248394,0.00827236014527077,,0.152220362496357,-0.110721674234734,,-0.0427262160686446,0.144655529861289,1,,,,
fisher,2016-03-31,2016-05-31,6.54821910276237,0.0119475463970772,0.029930923230561,0.23298022218302,0.0596420225875876,0.0687679083094556,0.131016042780749,0.0137586034448613,7.96863717583236,-0.00935284224470616,,0.148417699706237,-0.107647030612797,,-0.0122249516913226,0.175156794238611,1,,,,
fundsmith,2016-03-31,2016-05-31,2.83321334405622,0.0676968902465652,0.0934566402014289,0.736761478967703,0.0885236802940943,0,0.0555555555555556,0.15418035239088,10.4630876991001,0.153996701738036,,0.133424376027637,-0.0652441611308565,,0.0973810732802547,0.284762819210188,0,,,,
gardner-russo,2016-03-31,2016-05-31,4.67282883446191,0.0613704971559709,0.100316500591944,0.729232674704195,0.0325451211069023,0.0467289719626168,0.0285714285714286,0.0117179963135846,7.22606804902147,0.0720890687566603,,0.131135511208802,-0.0588191638079136,,-0.0186493568681999,0.168732389061733,1,,,,
harris,2016-03-31,2016-05-31,4.81218435537242,0.01889510013744,0.0464817841946528,0.334429218597307,0.093750999389457,0.0894308943089431,0.0967741935483871,-0.1052479879986,9.35150872324067,-0.0335080879074748,,0.185706028940556,-0.128128581731327,,0.058920050556888,0.246301796486821,0,,,,
icahn,2016-03-31,2016-05-31,3.04452243772342,0.160422387222851,0.345456176175625,0.904818000970622,0.257002976626729,0.0476190476190476,0.230769230769231,-0.314911503855286,3.47088718804859,-0.234988647176214,,0.271448690688933,-0.246370407924901,,-0.0637325124308144,0.123649233499119,1,,,,
lansdowne,2016-03-31,2016-05-31,3.89182029811063,0.0875940651623549,0.126556455800349,0.892293001799375,0.181235263037581,0.204081632653061,0.434782608695652,-0.139655915368862,16.0905021930939,0.0519121293893467,,0.173198895640777,-0.111280284954654,,0.0207531215100816,0.208134867440015,0,,,,
lone-pine,2016-03-31,2016-05-31,3.61091791264422,0.0386845003866555,0.0724355733355454,0.513304059454287,0.226617823525011,0.162162162162162,0.225,-0.132849030734603,15.5473070177157,0.00597280941621036,,0.161578514374777,-0.123223303537607,,0.0337100459991117,0.221091791929045,0,,,,
markel-13f,2016-03-31,2016-05-31,4.85981240436167,0.0276130386460463,0.0673932207612041,0.445808019636771,0.0435362476225161,0.062015503875969,0.0692307692307692,0.00834664854589295,7.2408347238418,-0.00436108552831125,,0.136037735615685,-0.0920829029825541,,0.00673092534410372,0.194112671274037,0,,,,
marshall-wace,2016-03-31,2016-05-31,6.91373735065969,0.0067658281097016,0.0383831095933348,0.172862406428927,0.444428939142573,0.410536779324056,0.376445846477392,-0.0265004189359831,7.7711361575034,-0.0110662139357964,,0.14154315977401,-0.111892719994937,,0.045020667354709,0.232402413284642,0,,,,
matrix,2016-03-31,2016-05-31,2.63905732961526,0.118481365959096,0.199503035381932,0.905458815275328,0.186395779215664,0.0714285714285714,0.235294117647059,-0.0797087936485714,7.74790251697963,0.0162473808467574,,0.248776383004612,-0.174095481905507,,0.11607971175917,0.303461457689103,0,,,,
melvin,2016-03-31,2016-05-31,3.76120011569356,0.0319656818975697,0.0534295740985379,0.45055469294775,0.40449490541567,0.302325581395349,0.387755102040816,0.074564686715667,10.9088158939668,0.0747112289145636,,0.124203555554946,-0.0646695170981483,,0.0348966025830049,0.222278348512938,0,,,,
polen,2016-03-31,2016-05-31,3.29583686600433,0.0503420369341574,0.0760987988143,0.578997701305961,0.0580090373546392,0.037037037037037,0,0.119011560855365,12.9519669868877,0.0415801504569836,,0.14065877866783,-0.0692398366055534,,0.0301581477146935,0.217539893644627,0,,,,
pzena,2016-03-31,2016-05-31,5.02388052084628,0.0158141277968451,0.0298030302890774,0.256186295338227,0.119301590209249,0.0789473684210526,0.0666666666666667,0.00608284757304155,6.20025999866778,-0.0457320233844306,,0.181219156350337,-0.152087677683043,,0.0532146602144711,0.240596406144404,0,,,,
sands,2016-03-31,2016-05-31,3.93182563272433,0.0394676562206703,0.0906033692883993,0.510109076236988,0.0845183996567167,0.0196078431372549,0.0566037735849057,-0.136771023005238,12.4244279907205,-0.00152813930805064,,0.213110646891584,-0.128608910946356,,0.0281544556719908,0.215536201601924,0,,,,
semper-augustus,2016-03-31,2016-05-31,3.40119738166216,0.0893714809577342,0.191878056125156,0.741320963046876,0.0942412277917398,0.0333333333333333,0.09375,-0.0227471823797681,8.2373130475931,0.0323447800737252,,0.14288308077871,-0.0721262618023681,,-0.0208243181990835,0.16655742773085,1,,,,
suvretta,2016-03-31,2016-05-31,2.99573227355399,0.0613251809074528,0.0847790616229662,0.695430969679776,0.340353873098204,0.3,0.363636363636364,0.252229818653647,16.2497555725453,-0.0154410593415715,,0.142073796548269,-0.104479859680596,,0.0523957974130011,0.239777543342934,0,,,,
tweedy-browne,2016-03-31,2016-05-31,3.91202300542815,0.0491261250353346,0.107289671043248,0.595633257028128,0.0642786516874284,0.04,0.0204081632653061,0.0643895929840803,10.8557118493705,-0.00294664551757773,,0.168304600212406,-0.102584201740006,,-0.034251674163039,0.153130071766894,1,,,,
valueact,2016-03-31,2016-05-31,2.56494935746154,0.154622961507959,0.312149069091729,0.960123209475072,0.32124270214005,0.153846153846154,0.214285714285714,-0.365987096533236,12.883322204156,0.00147396061607014,,0.180489687478814,-0.119042744057241,,0.0891565602916936,0.276538306221627,0,,,,
yacktman,2016-03-31,2016-05-31,3.80666248977032,0.0650265883631315,0.124563680164894,0.75271076709327,0.0257408078667938,0,0.0217391304347826,-0.0273872242858319,10.8018566659086,0.0864934358376787,,0.123607267137486,-0.0479647036636484,,-0.0130008808150231,0.17438086511491,1,,,,
adage,2016-06-30,2016-08-31,6.52209279817015,0.00485351634583343,0.0194830005720272,0.125160054805701,0.169515946555307,0.133823529411765,0.138888888888889,-0.00600164892319632,7.90024780752233,0.0125406926319635,,0.133522681633258,-0.0616221297547206,,0.0199808093995041,0.191615989303815,0,,,,
akre,2016-06-30,2016-08-31,3.52636052461616,0.067849725903093,0.1391449232164,0.727981985455864,0.0466790600976708,0.0294117647058824,0.0294117647058824,0.099120672580493,8.75927420823557,0.030652604830636,,0.153546753481971,-0.0799162009923077,,0.0118785978452491,0.18351377774956,0,,,,
altimeter,2016-06-30,2016-08-31,2.484906649788,0.261230257787857,0.356270872233987,0.981488628963396,0.134399828003748,0,0.2,-0.132491804504459,9.22850932945084,-0.143088031133447,,0.315523933671904,-0.245673520763398,,0.121925289541249,0.293560469445559,0,,,,
berkshire-13f,2016-06-30,2016-08-31,3.89182029811063,0.11931564488491,0.222136608108767,0.841157181845587,0.0545793842915708,0.102040816326531,0.0638297872340426,0.00878987185810175,10.712257704771,-0.0319585527230733,,0.0936580057447779,-0.0570407000998791,,-0.0840014801722897,0.0876336997320209,1,,,,
cantillon,2016-06-30,2016-08-31,3.25809653802148,0.0507293273628885,0.0936097757962015,0.604739470733673,0.156326288214772,0.153846153846154,0.0833333333333333,0.0385651263453199,9.13629114801007,0.00812554251864651,-0.109897867088346,0.154667435856666,-0.101818605626916,-0.508634436976209,0.0657975010420168,0.237432680946327,0,,,,
coatue,2016-06-30,2016-08-31,4.02535169073515,0.0448034652853646,0.0784620684337531,0.594446985341203,0.196639216807279,0.178571428571429,0.178571428571429,-0.132860821237647,12.189177594621,-0.0317803506159158,,0.189028135537075,-0.111573874096663,,0.229932607489866,0.401567787394177,0,,,,
dragoneer,2016-06-30,2016-08-31,2.83321334405622,0.0841823282796335,0.139741894965027,0.861306530118163,0.250938411864826,0.352941176470588,0.153846153846154,0.217374890910633,6.06751958832855,0.0511334566088417,,0.342026923869288,-0.191490615974154,,0.472775686069726,0.644410865974037,0,,,,
duquesne,2016-06-30,2016-08-31,3.43398720448515,0.0587691598245547,0.12238119247984,0.62822896770659,0.642423516684219,0.645161290322581,0.65625,-0.235109033565032,9.15560147150538,0.0365123550118123,,0.133524713026835,-0.0694089850803625,,-0.0250091040793001,0.14662607582501,1,,,,
fisher,2016-06-30,2016-08-31,6.5510803350434,0.0117614784726698,0.0320642803381915,0.230254431810667,0.0443201722761554,0.06,0.0573065902578797,0.0237977651025294,7.4197546711293,-0.02713596204589,-0.0705934470883456,0.131594164714205,-0.0973455454791152,-1.22304573016521,0.00460039861742009,0.176235578521731,0,,,,
fundsmith,2016-06-30,2016-08-31,2.77258872223978,0.0667932496174897,0.0863938211913111,0.715979378564391,0.0787333257877086,0,0.0588235294117647,0.270424244720663,9.66151070545166,0.160248059380802,0.301671012911654,0.105342163362342,-0.00527098440134388,2.30993268463763,0.0426300045551367,0.214265184459447,0,,,,
gardner-russo,2016-06-30,2016-08-31,4.65396035015752,0.0623245663623042,0.102330700692591,0.732133361931333,0.0286730891507999,0.0380952380952381,0.0560747663551402,0.00887460450134398,7.23249319590101,0.0231314353498426,,0.108369402228372,-0.0525011809995313,,0.00338477669258072,0.175019956596891,0,,,,
giverny,2016-06-30,2016-08-31,3.2188758248682,0.0788998045357906,0.181638562822185,0.74976515433824,0.0336075553565963,0.04,0,0.0130675103105701,5.64625256195267,-0.0479216044745866,,0.137599683047605,-0.109770777483211,,-0.0359641686456605,0.13567101125865,1,,,,
harris,2016-06-30,2016-08-31,4.77068462446567,0.0180356142586414,0.0420677754899464,0.323794777266389,0.0768350951237208,0.0508474576271187,0.0894308943089431,-0.0681423792036394,9.31666817064633,-0.00937825303173727,,0.185975127147218,-0.128128581731327,,0.0772391442585846,0.248874324162895,0,,,,
icahn,2016-06-30,2016-08-31,3.04452243772342,0.147591021046635,0.3290522711079,0.872226010809236,0.106103707456979,0.142857142857143,0.142857142857143,-0.0579356858109383,4.49507632469807,-0.276237015962039,,0.27241295280768,-0.246370407924901,,0.0545070660978815,0.226142246002192,0,,,,
lansdowne,2016-06-30,2016-08-31,3.71357206670431,0.10433345159941,0.149355110881025,0.967442513794855,0.196032001695576,0.195121951219512,0.326530612244898,-0.169126559194742,15.7337644447788,-0.056090376646222,,0.168998788711656,-0.111280284954654,,0.0606140632288326,0.232249243133143,0,,,,
lone-pine,2016-06-30,2016-08-31,3.55534806148941,0.0381117637996073,0.0647142863552073,0.501193835467767,0.243399704733404,0.114285714285714,0.162162162162162,0.0955687854725192,13.68937443188,0.00764676403424483,,0.149056985811988,-0.107478456050923,,0.0817694655996725,0.253404645503983,0,,,,
markel-13f,2016-06-30,2016-08-31,4.86753445045558,0.026997238606252,0.0634875788494919,0.436021151984026,0.059830053297987,0.123076923076923,0.116279069767442,0.0183522427819583,7.81985391594764,-8.78474547301167e-05,,0.11698443238094,-0.074035672461892,,0.0171332387369322,0.188768418641243,0,,,,
marshall-wace,2016-06-30,2016-08-31,6.85751406254539,0.00715647898600129,0.0374500864939155,0.184562104578169,0.39874426492777,0.34279705573081,0.378727634194831,0.112001991618198,7.28002139153339,-0.0469065046999655,,0.130890092372061,-0.0754237500638114,,0.0444273641895014,0.216062544093812,0,,,,
matrix,2016-06-30,2016-08-31,2.70805020110221,0.106535924974042,0.171290213546055,0.891032843260257,0.0654516455411375,0.0666666666666667,0,0.0819588692520999,7.45339338161196,-0.0763762081590787,,0.240808153707382,-0.173987840391468,,0.255031526408645,0.426666706312955,0,,,,
melvin,2016-06-30,2016-08-31,3.61091791264422,0.0401772130247456,0.0882602906280287,0.528076357466824,0.428823485550374,0.351351351351351,0.441860465116279,0.0567731328964171,10.9510670159477,-0.00890060025880453,,0.116076267358338,-0.0389561177907534,,0.0486427412460778,0.220277921150388,0,,,,
polen,2016-06-30,2016-08-31,3.29583686600433,0.0516765678407468,0.0759463734504757,0.591985757374716,0.0456945375790279,0.037037037037037,0.037037037037037,0.0788438957581419,12.8790881603737,-0.025101127844219,,0.134593760232736,-0.0692398366055532,,0.0445467265237575,0.216181906428068,0,,,,
pzena,2016-06-30,2016-08-31,4.969813299576,0.0159980185527649,0.0308891999468247,0.258534646032578,0.0515898163217852,0.00694444444444444,0.0592105263157895,-0.0188191373743036,6.26431704971106,-0.0236076936378098,,0.1873427868978,-0.129948921051319,,0.0335780013380611,0.205213181242372,0,,,,
sands,2016-06-30,2016-08-31,3.95124371858143,0.0389435097874518,0.0856455223736423,0.510962601764235,0.0610197116945163,0.0384615384615385,0.0196078431372549,-0.0454444009871156,12.8042432527462,-0.0104642716948823,,0.216608398741672,-0.128608910946356,,0.0872761382042448,0.258911318108555,0,,,,
semper-augustus,2016-06-30,2016-08-31,3.40119738166216,0.0834886478347811,0.19822079795834,0.722730139856591,0.094312893928256,0.0666666666666667,0.0666666666666667,-0.0111536442744436,7.49369594060626,0.067193679398268,,0.116549211202948,-0.0613454929332623,,-0.0187377423557396,0.152897437548571,1,,,,
suvretta,2016-06-30,2016-08-31,3.09104245335832,0.0725254236428002,0.123773490976976,0.770806811110483,0.597004960379821,0.636363636363636,0.6,-0.121717583064398,14.4131741811393,-0.0212023543774176,,0.138932130410412,-0.0567273694226222,,0.0500763270523999,0.22171150695671,0,,,,
trian,2016-06-30,2016-08-31,1.94591014905531,0.174867210045356,0.224221076182134,1,0.0515682143108848,0,0.222222222222222,0.0107711322934824,7.94157748655213,0.0615565080227691,,0.114237845592604,-0.0468189060598361,,-0.137560832065922,0.0340743478383883,1,,,,
tweedy-browne,2016-06-30,2016-08-31,3.91202300542815,0.0533905082958625,0.109506897175004,0.634013283531318,0.0633652650037225,0.04,0.04,-0.0191805139939373,11.0776764373371,0.047426847269501,,0.145341812118104,-0.0832887420934255,,-0.0290997934297599,0.142535386474551,1,,,,
valueact,2016-06-30,2016-08-31,2.63905732961526,0.138798675732854,0.262968331097675,0.967073653295675,0.218088620975359,0.285714285714286,0.230769230769231,0.0951104426200431,10.665756581276,0.0168533759281436,,0.186994488518506,-0.119042744057241,,0.0278448558371692,0.19948003574148,0,,,,
yacktman,2016-06-30,2016-08-31,3.80666248977032,0.065698241802959,0.131615039259037,0.758334246667874,0.0344620243851351,0,0,-0.061687744703043,10.1957630769363,0.103280548464516,0.0777188729116542,0.0989529816042462,-0.0157804287295873,1.24492036065624,-0.0203279801417299,0.151307199762581,1,,,,
adage,2016-09-30,2016-11-30,6.5206211275587,0.00487597896735205,0.0239679443252241,0.130018197627619,0.174380544719385,0.136966126656848,0.138235294117647,-0.00946444841078669,8.22473146084841,-0.00852018582853017,0.111701389670261,0.103927482070547,-0.0610853842739357,0.709208026160794,0.0414609440066263,0.272986288613706,0,,,,
akre,2016-09-30,2016-11-30,3.49650756146648,0.067203468745622,0.137089135180069,0.721389064338825,0.0282867445869462,0,0.0294117647058824,-0.006684107964262,8.53907556975367,-0.0412307971939864,0.201377774720009,0.128705029833548,-0.0618109238676978,2.38476199199885,0.107495339800687,0.339020684407767,0,,,,
altimeter,2016-09-30,2016-11-30,2.56494935746154,0.286163699324724,0.397514820631847,0.989738448596138,0.0661785504782414,0.153846153846154,0.0833333333333333,0.12393041925953,10.5122376356501,0.0576472425761241,0.538999220710625,0.299971886401006,-0.206060182170593,1.22541381994856,-0.215549547009463,0.015975797597616,1,,,,
berkshire-13f,2016-09-30,2016-11-30,3.91202300542815,0.11726572536907,0.226323682548665,0.837400901379028,0.0448159227007958,0.06,0.0408163265306122,-0.00709983611894114,9.52229841169663,-0.0225967119777816,-0.136527921243959,0.0954320398974359,-0.0456255466587733,-1.82643824935985,-0.0775353868100076,0.153989957797072,1,,,,
cantillon,2016-09-30,2016-11-30,3.36729582998647,0.0458533796218174,0.0817664385158187,0.563053972155708,0.0805137428868255,0.103448275862069,0,0.175667387187765,9.54749705099136,-0.0212233785696228,-0.137261293039834,0.146766432597374,-0.0478177639802403,-0.960884496132478,0.103617604270149,0.335142948877228,0,,,,
coatue,2016-09-30,2016-11-30,3.91202300542815,0.0493838337257857,0.098917428937878,0.608655319489198,0.263500476155221,0.2,0.285714285714286,0.150258321608661,13.9080368931663,-0.0560891528279594,,0.169555813023589,-0.0929096880748004,,0.220463318777801,0.451988663384881,0,,,,
dragoneer,2016-09-30,2016-11-30,2.83321334405622,0.0879927167292581,0.14009138357624,0.87539957739611,0.195746566616263,0.294117647058824,0.294117647058824,0.114920676238779,5.98859737046468,0.0574829426531508,,0.294251066818723,-0.171795814670974,,0.320428157093816,0.551953501700896,0,,,,
duquesne,2016-09-30,2016-11-30,3.71357206670431,0.0473918691597459,0.150172570984906,0.507962671963029,0.526371732907761,0.536585365853659,0.387096774193548,0.26144863826095,8.41200029358733,0.114506431763314,,0.125186588861353,-0.0678996385255692,,-0.0587642580833405,0.172761086523739,1,,,,
fisher,2016-09-30,2016-11-30,6.59441345974978,0.0113879548721036,0.031374100108447,0.229202629140285,0.0646538086255232,0.0930232558139535,0.0528571428571429,0.044012740872257,7.60864236091586,-0.065814137468574,-0.0954844803314779,0.110149142911349,-0.0836466256391937,-1.47989181708156,0.0258808593464018,0.257406203953481,0,,,,
fundsmith,2016-09-30,2016-11-30,2.94443897916644,0.0621070880472465,0.0782172889879873,0.687608142114542,0.249007745724186,0.315789473684211,0.1875,0.183827272190452,8.16701878561539,0.0367925430032534,0.194062014965726,0.0804467252356873,-0.0366958217022465,1.97047825666797,0.135196573158782,0.366721917765861,0,,,,
gardner-russo,2016-09-30,2016-11-30,4.60517018598809,0.0628344487682909,0.103917546222,0.739821991135334,0.0223784846721434,0.03,0.0761904761904762,0.00657145027598077,7.01455709283139,-0.0751274906952912,-0.0384990812927813,0.0906834755802753,-0.0507436609107072,-0.210158418725376,0.0341643200950516,0.265689664702131,0,,,,
giverny,2016-09-30,2016-11-30,3.25809653802148,0.0777645028950628,0.176910654417045,0.74970882962533,0.0632395200440439,0.115384615384615,0.08,0.0422854284884456,6.94452320618584,-0.0411841049754804,,0.1588697361474,-0.071435771054661,,-0.00533364768263706,0.226191696924442,1,,,,
harris,2016-09-30,2016-11-30,4.76217393479776,0.0187593214430822,0.0434053445914792,0.338990999836147,0.0842548740180803,0.0341880341880342,0.0423728813559322,0.0168245160324949,9.30513306035274,-0.00420749814403566,0.0560403047691725,0.166238491513387,-0.0953595920286101,-0.378911429772961,0.0286123002278471,0.260137644834926,0,,,,
icahn,2016-09-30,2016-11-30,2.94443897916644,0.152591329522212,0.324344637596024,0.915236737548494,0.0767167293450739,0,0.0952380952380952,-0.0235115904694741,3.85016112122742,-0.200085918345322,,0.291085369133332,-0.116471012553587,,-0.0404933484439503,0.191031996163129,1,,,,
lansdowne,2016-09-30,2016-11-30,3.66356164612965,0.099685554085936,0.138623849194132,0.946800834397237,0.0483117628471005,0.282051282051282,0.317073170731707,0.0743865389683029,15.8184889772136,-0.0765102313575484,,0.140390490602706,-0.10234774772757,,0.0953698879331583,0.326895232540238,0,,,,
lone-pine,2016-09-30,2016-11-30,3.61091791264422,0.0341702427688557,0.0634137103121554,0.448045105098721,0.281947588505824,0.297297297297297,0.257142857142857,0.0332300143589323,12.9905997339916,-0.05149677581555,,0.128815275189008,-0.0965292549776978,,0.0855482833638552,0.317073627970935,0,,,,
markel-13f,2016-09-30,2016-11-30,4.85981240436167,0.0266504617320688,0.0675637463503457,0.433087501227614,0.051094387601105,0.0310077519379845,0.0384615384615385,0.0222125336509934,7.89203286937904,-0.0149516295209889,0.043659795806383,0.125869862191251,-0.0532818401175369,0.443452389669563,0.0669172021563904,0.29844254676347,0,,,,
marshall-wace,2016-09-30,2016-11-30,6.81783057145415,0.00773082329630298,0.0468771245299132,0.190112592780938,0.380376052977509,0.37746170678337,0.401682439537329,0.189654178051079,7.40448526835815,-0.0352360615357904,0.0873468976478769,0.11916899474165,-0.0659974687349855,1.73409539167972,0.0704494431895968,0.301974787796676,0,,,,
matrix,2016-09-30,2016-11-30,2.70805020110221,0.121712645680947,0.196991067626146,0.956858320115057,0.106706581383242,0.133333333333333,0.133333333333333,0.0655355772871399,7.07165784303792,-0.0651391516458501,,0.228922920054195,-0.141933643685389,,0.098586003552534,0.330111348159613,0,,,,
melvin,2016-09-30,2016-11-30,3.78418963391826,0.0352101103331176,0.0699105175896323,0.474221893268599,0.436400414939821,0.363636363636364,0.243243243243243,0.210509058756808,12.7379521038195,-0.00415042936524652,,0.111118884014391,-0.0389561177907533,,0.106014549697598,0.337539894304677,0,,,,
polen,2016-09-30,2016-11-30,3.29583686600433,0.0530656956261323,0.0819865866039274,0.606166788053878,0.0657332354800514,0.037037037037037,0.037037037037037,0.0628852020184028,14.4281936760857,-0.0921634973899849,0.0787766215122355,0.10634234828786,-0.0467288440803028,1.05150074852749,0.097588081670005,0.329113426277084,0,,,,
pzena,2016-09-30,2016-11-30,5.02388052084628,0.0158038384353149,0.0300755541506448,0.257908810357145,0.0890860453916375,0.0921052631578947,0.0416666666666667,0.0234908850524128,6.25449777354702,0.0708419769568926,0.0570261865102212,0.192144423723198,-0.101268248252084,-0.239986211533139,-0.0180749173646309,0.213450427242448,1,,,,
sands,2016-09-30,2016-11-30,3.93182563272433,0.0409438950744794,0.084893299740292,0.532955610824329,0.0612889635250336,0,0.0192307692307692,0.0487744068836807,14.3265920960184,-0.121817065690538,-0.00442539049438329,0.178744519011545,-0.110129455179352,0.236033654836405,0.133200559176744,0.364725903783823,0,,,,
semper-augustus,2016-09-30,2016-11-30,3.40119738166216,0.0828107123177851,0.19764548863727,0.720541407049027,0.0233207087223464,0,0,-0.000464121260008319,7.00344544946795,0.0633449700102886,0.0633670786413386,0.107890081886797,-0.0308474565123246,0.718284118522948,-0.0461385510283791,0.1853867935787,1,,,,
suvretta,2016-09-30,2016-11-30,3.25809653802148,0.0681204275957491,0.114731041213952,0.735637039151412,0.387502442200743,0.615384615384615,0.545454545454545,0.16518397272596,14.8401041091181,-0.023655764712919,,0.119870259096067,-0.0567273694226222,,0.103746236699205,0.335271581306284,0,,,,
third-avenue,2016-09-30,2016-11-30,4.70048036579242,0.0313261013868965,0.0884645046347911,0.441152655983438,0.0771165804147157,0.0272727272727273,0.0530973451327434,-0.0304397461674178,3.96002976677348,-0.0027480621201295,,0.182330584086163,-0.0796572818134119,,-0.025636704781737,0.205888639825342,1,,,,
tiger-global,2016-09-30,2016-11-30,3.25809653802148,0.117865192287017,0.198336860610291,0.912242393613657,0.218708918871674,0.307692307692308,0.1,0.299646749074296,18.0259329520673,-0.135405687310732,,0.241064010604949,-0.180044050388672,,0.266067466614887,0.497592811221966,0,,,,
trian,2016-09-30,2016-11-30,1.94591014905531,0.169813225589239,0.210515661747559,1,0.0229001944485933,0,0,-0.0251996495043937,7.86152414677154,0.0095866620288016,,0.100474809872441,-0.046818906059836,,-0.201326926529467,0.0301984180776118,1,,,,
tweedy-browne,2016-09-30,2016-11-30,3.91202300542815,0.0535330831731656,0.121035979470925,0.624901513849177,0.0395834005696563,0.02,0.02,-0.070150642008907,10.4993871805579,0.0379503823153784,-0.108762926277642,0.124130130497119,-0.0434271809955547,-1.2628533275272,-0.0284880923820612,0.203037252225018,1,,,,
valueact,2016-09-30,2016-11-30,2.56494935746154,0.110880425846341,0.193609980641447,0.934302319762911,0.116432864625746,0,0.0714285714285714,0.0420032489023245,8.79847463829443,0.0547540022204078,0.241932288203005,0.181036301253263,-0.0818982286821255,0.900330455402094,-0.063432978107519,0.16809236649956,1,,,,
yacktman,2016-09-30,2016-11-30,3.8286413964891,0.0642333589388551,0.125011163727841,0.751233830838856,0.034146537687656,0.0217391304347826,0,-0.0483150726688038,9.65018836727396,0.0304914078193821,0.0518492923959157,0.075508918435664,-0.0137721253281358,0.829550953989608,-0.00272948366338768,0.228795860943692,1,,,,
adage,2016-12-31,2017-02-28,6.52356230614951,0.00511727033605233,0.0242249253073339,0.138780202796939,0.180747267046439,0.143906020558003,0.141384388807069,0.0082679239948357,8.59112546237342,-0.00969870156046204,0.12123061520829,0.0825183726611802,-0.0169912318938497,0.631190342434991,0.0268478449410732,0.20739730298713,0,,,,
akre,2016-12-31,2017-02-28,3.49650756146648,0.0637313002445347,0.129924382168802,0.708486738948696,0.0509850541200895,0.0606060606060606,0.0606060606060606,0.0454370279058594,8.1882553596493,-0.0440137474464408,0.184309699119497,0.112738156183655,-0.0376675828995074,2.34517890274801,0.106475956754995,0.287025414801051,0,,,,
altimeter,2016-12-31,2017-02-28,2.83321334405622,0.231787815237532,0.383424233316682,0.946014949516915,0.127729610965273,0.294117647058824,0.0769230769230769,0.249545813779347,9.45375179124427,-0.0139585685121297,0.224074640282008,0.225791824042404,-0.172435852707538,0.622737626806466,-0.174698205303225,0.00585125274283135,1,,,,
berkshire-13f,2016-12-31,2017-02-28,3.85014760171006,0.103306258376934,0.192143757512829,0.80972395631082,0.116095418986655,0.0638297872340426,0.12,0.138951524226516,10.4937518751031,-0.0338928301575792,-0.0974850344066489,0.0800777964280875,-0.0236913525508519,-0.988980241391948,-0.124666827058674,0.0558826309873828,1,,,,
cantillon,2016-12-31,2017-02-28,3.36729582998647,0.0432299942890456,0.0686735643272541,0.52837671616003,0.110460183558816,0.103448275862069,0.103448275862069,0.00891453819014727,9.19337751775229,-0.00694759753795565,-0.0970804982495684,0.115248354582574,-0.0301570176642382,-0.181174137063797,0.122505392795464,0.303054850841521,0,,,,
coatue,2016-12-31,2017-02-28,4.02535169073515,0.0408150945274824,0.0829551847923452,0.528305074324359,0.201123036572116,0.178571428571429,0.08,0.0345907287948906,13.6724702688941,0.0548479959961986,,0.146999816298213,-0.038475765340187,,0.227117280074307,0.407666738120364,0,,,,
dragoneer,2016-12-31,2017-02-28,3.04452243772342,0.0781916529656541,0.124911343325926,0.81731996784718,0.245762817896362,0.285714285714286,0.117647058823529,-0.046172636068496,5.86733178873706,0.300570326694093,,0.226834532753477,-0.0972995542447499,,0.503266945570953,0.683816403617009,0,,,,
duquesne,2016-12-31,2017-02-28,3.46573590279973,0.0536019377081809,0.130365371570256,0.62543761159583,0.732241300616336,0.59375,0.682926829268293,-0.0972686968121582,8.00644624297287,0.0881152712295347,,0.108386452010839,-0.017483028476238,,0.037146768111741,0.217696226157798,0,,,,
fisher,2016-12-31,2017-02-28,6.60394382460047,0.0112653361055758,0.0296981777999942,0.223492129229691,0.0593655593257428,0.0785907859078591,0.0697674418604651,0.019502822046692,8.04935269759847,-0.0433455837502727,-0.061532092071603,0.0793150891005393,-0.0141352149158378,-1.13975715798856,0.00997467833540688,0.190524136381464,0,,,,
fundsmith,2016-12-31,2017-02-28,2.89037175789616,0.0628482003375653,0.0844877689844394,0.691524215858321,0.209729308232554,0.166666666666667,0.210526315789474,0.0373038232166221,9.17441464664294,-0.00250084706422149,0.293688188661123,0.094869091479101,-0.0366958217022465,2.46192614805671,0.10309796274906,0.283647420795117,0,,,,
gardner-russo,2016-12-31,2017-02-28,4.57471097850338,0.0624676693531978,0.101466975182891,0.732407700043705,0.103219108188081,0.0103092783505155,0.04,-0.0168732138573151,7.35872567399076,-0.0846568970151876,0.0367389641382083,0.0970271174494321,-0.0507436609107074,0.526300796744286,-0.00398880131672885,0.176560656729328,1,,,,
giverny,2016-12-31,2017-02-28,3.25809653802148,0.0810778225256517,0.182677636853875,0.764314639584017,0.373261665362936,0.153846153846154,0.153846153846154,0.0952144433413622,9.63482402931097,-0.0167444409983173,,0.12704936394233,-0.0671656529776363,,-0.0309939549881498,0.149555503057907,1,,,,
harris,2016-12-31,2017-02-28,4.79579054559674,0.0190520382117107,0.0436500418878054,0.343185007268454,0.0751520950078264,0.0495867768595041,0.0170940170940171,0.0278022573417379,10.2526459082253,0.0759320693484815,0.0704349034101364,0.113322441347215,-0.037765645071832,-0.431715222554341,0.0161487520000062,0.196698210046063,0,,,,
icahn,2016-12-31,2017-02-28,2.89037175789616,0.165655803126321,0.348158997944088,0.914535091971662,0.0623535252916554,0,0.0526315789473684,0.121961296020898,3.74877218705218,-0.0754360440019419,,0.21760972134814,-0.116471012553586,,-0.0203384193796063,0.16021103866645,1,,,,
lansdowne,2016-12-31,2017-02-28,3.80666248977032,0.0981344681977173,0.162991391534898,0.926858188504683,0.121618099325145,0.222222222222222,0.102564102564103,-0.0246998556481762,17.512430338662,-0.00181805290774978,,0.103023391732974,-0.0533580127498471,,0.116026533352891,0.296575991398948,0,,,,
lone-pine,2016-12-31,2017-02-28,3.63758615972639,0.0343925736022688,0.071010028372318,0.447411895453892,0.226590699151515,0.184210526315789,0.162162162162162,-0.156104804329632,13.917438489599,-0.010713786024897,,0.0968009688649681,-0.0213915115800217,,0.0826621626009171,0.263211620646974,0,,,,
markel-13f,2016-12-31,2017-02-28,4.89034912822175,0.0278198511121671,0.0762482504765621,0.444202886150282,0.0520864204040521,0.0526315789473684,0.0232558139534884,0.0671638573254468,8.38943674684929,-0.0236148040082079,0.0889495798964152,0.105500736546962,-0.0532818401175369,0.942567870817483,0.0533371253401507,0.233886583386208,0,,,,
marshall-wace,2016-12-31,2017-02-28,6.85435450225502,0.00584846812324,0.031749488812753,0.158728894306178,0.417267902281697,0.375527426160338,0.352297592997812,0.0800731420178982,7.314885950236,-0.0214266374169453,0.0777274809858453,0.0955429435310754,-0.0356365694306028,1.7996107564484,0.0696741533214831,0.25022361136754,0,,,,
matrix,2016-12-31,2017-02-28,2.484906649788,0.130425170099873,0.23093758078541,0.979161280972637,0.205112403848545,0.166666666666667,0.333333333333333,-0.152384431833432,8.84924659036607,0.0865587836247633,,0.200808932613616,-0.0927152488084867,,0.265853668893717,0.446403126939774,0,,,,
melvin,2016-12-31,2017-02-28,3.80666248977032,0.0315923072279115,0.069925359680301,0.430283707672479,0.371503147853265,0.311111111111111,0.295454545454545,0.0526618449630768,10.3646848184699,-0.0725094340052418,,0.108586671998494,-0.028834359627513,,0.146628371841407,0.327177829887463,0,,,,
polen,2016-12-31,2017-02-28,3.25809653802148,0.0531847636577931,0.0770291074137963,0.605305269078884,0.0822345209466699,0,0.037037037037037,0.0795376048098667,13.7473216890181,-0.112837957089547,0.0972714734302597,0.103196294268808,-0.0313995252950499,1.39365279683243,0.105875962264947,0.286425420311003,0,,,,
pzena,2016-12-31,2017-02-28,5.05624580534831,0.0155004161686331,0.0311229395426213,0.252726498000902,0.0741749828616961,0.0764331210191083,0.0460526315789474,0.0692450596045088,6.86572226488792,0.155674463759054,0.0578653482859832,0.144500942543751,-0.0381281610228006,-0.540442506376242,-0.00426720448087647,0.17628225356518,1,,,,
sands,2016-12-31,2017-02-28,3.97029191355212,0.0393231285940208,0.0863517412147846,0.526608247600158,0.0802290493062186,0.0754716981132076,0.0392156862745098,-0.168685465872562,14.228451600614,-0.0489046309190571,-0.0245702002671679,0.158986084051865,-0.0776809691049125,0.280963873302242,0.187672394804605,0.368221852850662,0,,,,
semper-augustus,2016-12-31,2017-02-28,3.3322045101752,0.0954635460791213,0.222342532094306,0.7242819107515,0.0879567485240528,0,0.0666666666666667,-0.022193796900322,8.18732247083516,-0.00872307212221451,0.124981345728505,0.0878541250483969,-0.0270873043499642,1.18104260104247,-0.0261913987402947,0.154358059305762,1,,,,
srs,2016-12-31,2017-02-28,2.83321334405622,0.180092568915165,0.364106114245479,0.940002488505099,0.375556368481148,0.294117647058824,0.368421052631579,-0.0887917042990712,13.8871093415075,0.147841830123052,,0.217691469955447,-0.0829819061625848,,0.372418064349539,0.552967522395596,0,,,,
suvretta,2016-12-31,2017-02-28,3.66356164612965,0.0454869884899081,0.105376793040742,0.547424957125752,0.563196606224531,0.769230769230769,0.653846153846154,0.106017503948292,11.2940552310033,-0.00544413000146893,,0.115458174153981,-0.0468186569495628,,0.0559695634487472,0.236519021494804,0,,,,
third-avenue,2016-12-31,2017-02-28,4.7361984483945,0.0300747139098932,0.0820037743100373,0.452294497701333,0.11414751379917,0.0701754385964912,0.0363636363636364,0.0110268286295078,4.07349435485041,0.0670653615993886,,0.137494830237183,-0.0525458281151517,,-0.0743469880705473,0.10620246997551,1,,,,
tiger-global,2016-12-31,2017-02-28,3.58351893845611,0.112290484418084,0.231820066254088,0.823975202494455,0.231806771997489,0.333333333333333,0.0769230769230769,0.150889209906994,15.2628640333312,0.0608976171119648,,0.181852833870751,-0.079638707646058,,0.396416803559367,0.576966261605424,0,,,,
trian,2016-12-31,2017-02-28,2.07944154167984,0.155587436304947,0.219467194274434,1,0.153399856591736,0.25,0.142857142857143,0.080522153945841,7.87843096781172,-0.101364547494728,,0.0930745691707353,-0.0345162593279108,,-0.21705852530578,-0.0365090672597228,1,,,,
tweedy-browne,2016-12-31,2017-02-28,3.89182029811063,0.0519042820754289,0.108461277773353,0.628232266205645,0.0899003001787129,0.0408163265306122,0.06,-0.0367804236650783,10.9223481494322,0.0532216683976234,-0.0568449529082017,0.0922761642542806,-0.0194978868458227,-1.06972457517707,-0.0199696409446254,0.160579817101431,1,,,,
valueact,2016-12-31,2017-02-28,2.63905732961526,0.115643581800993,0.197121926625915,0.941221514035379,0.0722202246077914,0.0714285714285714,0,0.057938103654083,9.38663024015399,0.120677586659899,0.188166359362561,0.1391551125394,-0.0420117260588755,0.287856857315347,-0.0327337745903021,0.147815683455755,1,,,,
yacktman,2016-12-31,2017-02-28,3.78418963391826,0.0651334906609418,0.120249047570612,0.75743658009367,0.0288168503842763,0.0227272727272727,0.0652173913043478,-0.043453973684143,9.10153699832148,-0.0461378615621591,0.123192043300987,0.0779249187169492,-0.0122673479491628,1.156929442066,-0.0402448821006641,0.140304575945393,1,,,,
adage,2017-03-31,2017-05-31,6.54534966033442,0.00502461940422277,0.0282329376762615,0.139693128153969,0.188317417824144,0.16235632183908,0.143906020558003,0.0804994517967181,8.6268391163542,0.00496655990133821,0.112996351795966,0.0740678524964335,-0.0169912318938498,0.651307787187566,-0.00183362161393838,0.160771273148906,1,,,,
akre,2017-03-31,2017-05-31,3.43398720448515,0.0690906782720988,0.133840218179439,0.742440329333783,0.0611117482772428,0.032258064516129,0.0909090909090909,0.109776884474087,9.35094953786784,-0.012459807099168,0.219914637406182,0.0941970561342201,-0.0376675828995077,1.94406531275905,0.0761625577175187,0.238767452480363,0,,,,
altimeter,2017-03-31,2017-05-31,2.94443897916644,0.209575008589867,0.340685933409563,0.944132150272319,0.0533283586621651,0.105263157894737,0,0.0869638486919049,10.8258183695423,0.312649334718145,0.377428549757271,0.195261200643953,-0.012278652558159,0.697438973521815,-0.190584299874437,-0.0279794051115923,1,,,,
berkshire-13f,2017-03-31,2017-05-31,3.8286413964891,0.0999222822469902,0.182678681398478,0.813568636674819,0.0783993857640656,0,0.0212765957446809,0.089704955557188,11.8264267434308,-0.0766993684210845,-0.177030613951994,0.0698949802390559,-0.0236913525508519,-1.50649264642689,-0.114585749057244,0.0480191457056002,1,,,,
cantillon,2017-03-31,2017-05-31,3.40119738166216,0.0414510203100494,0.0702145552704001,0.512068877787798,0.0818191965830557,0.0666666666666667,0.0344827586206897,0.0909238611078125,9.66304727753804,0.0378821551191902,-0.0174049429522737,0.093179175148162,-0.0301570176642382,0.211377629541695,0.0598111297166975,0.222416024479542,0,,,,
coatue,2017-03-31,2017-05-31,3.78418963391826,0.045237329074265,0.0910718246566557,0.560065667420607,0.20297448455824,0.136363636363636,0.321428571428571,0.206632909110957,15.5558444794446,0.177177493645229,,0.122777073125483,-0.0313871502130514,,0.0981215555476446,0.260726450310489,0,,,,
darsana,2017-03-31,2017-05-31,2.484906649788,0.109085998578711,0.218215499398064,0.941945797375131,0.212623185056947,0.0833333333333333,0.266666666666667,-0.0705251793537368,14.0098419548974,-0.0116542212394876,,0.0822620225047695,-0.027610715037978,,0.184409238280767,0.347014133043612,0,,,,
dragoneer,2017-03-31,2017-05-31,3.04452243772342,0.0736294633921839,0.126436372058221,0.782758190661132,0.251668706024815,0.19047619047619,0.19047619047619,0.282948440969636,8.96565890506138,0.545820470573498,,0.168030167952551,-0.0348082485398653,,0.417822670411294,0.580427565174139,0,,,,
duquesne,2017-03-31,2017-05-31,3.85014760171006,0.0362281378990398,0.070175323503846,0.508002558509504,0.805127596923446,0.74468085106383,0.625,0.395860550834243,12.6253777901694,-0.0427262160686446,,0.114324757059065,-0.0473377454915598,,0.165532770057896,0.328137664820741,0,,,,
fisher,2017-03-31,2017-05-31,6.59030104819669,0.0118869931785682,0.0372387100188056,0.237114116645701,0.0650511070830377,0.107142857142857,0.119241192411924,0.0836575219405644,8.05367337285744,-0.0122249516913226,-0.0439356425627531,0.0620200071004575,-0.0141352149158378,-0.792907582255889,-0.0381958214792857,0.124409073283559,1,,,,
fundsmith,2017-03-31,2017-05-31,2.89037175789616,0.0630152690661347,0.080477447121559,0.696991725758708,0.027270955509197,0,0,0.125205798105436,9.20743020315332,0.0973810732802547,0.372797599550511,0.0860971461422082,-0.0366958217022464,2.68179383687048,0.0231857956436438,0.185790690406488,0,,,,
gardner-russo,2017-03-31,2017-05-31,4.62497281328427,0.0628268301853638,0.0951616182355374,0.739475275409249,0.0339837236743514,0.0490196078431373,0,0.0892738699252894,7.24372639914523,-0.0186493568681999,0.0325733533032653,0.0866718440360422,-0.0507436609107073,0.503669453174716,-0.101160590984106,0.0614443037787384,1,,,,
giverny,2017-03-31,2017-05-31,3.25809653802148,0.0837409775246636,0.187145730329055,0.773702540527703,0.0616718136690968,0.115384615384615,0.115384615384615,0.0183379437000763,10.2669555353676,-0.0366183076056719,,0.117646633528488,-0.0671656529776363,,-0.0341747951101308,0.128430099652714,1,,,,
gotham,2017-03-31,2017-05-31,6.88141130364254,0.00327529398259928,0.0107878246777568,0.09031976612054,0.339403855561919,0.280287474332649,0.241341991341991,0.0138325762104771,5.13760745354926,-0.0297288913894712,,0.0915745265435745,-0.0336796949838174,,0.0402044454276308,0.202809340190475,0,,,,
harris,2017-03-31,2017-05-31,4.75359019110636,0.0192182000182019,0.0449545021813782,0.340225080200201,0.0772321116923787,0.0431034482758621,0.0826446280991736,0.0533224930538543,9.83657026490659,0.058920050556888,0.0416675377949102,0.0986972795253171,-0.00281762458086121,-0.274578939936692,-0.0274637345577591,0.135141160205086,1,,,,
hitchwood,2017-03-31,2017-05-31,3.68887945411394,0.0370942560477376,0.101259392237695,0.456157734291541,0.377818990965968,0.375,0.285714285714286,0.0242479519928851,11.4187550701207,0.0325782669781793,,0.123634113500867,-0.0621910464238142,,0.106663560899618,0.269268455662463,0,,,,
icahn,2017-03-31,2017-05-31,2.77258872223978,0.178370594629832,0.361157389824394,0.935924262478149,0.105122042504301,0.125,0.222222222222222,-0.115292277114133,4.03055448385558,-0.0637325124308144,,0.197678754803764,-0.0710138957448297,,0.296225549118362,0.458830443881207,0,,,,
lansdowne,2017-03-31,2017-05-31,3.80666248977032,0.102491196267555,0.170493297257785,0.928387887363089,0.15595417399015,0.266666666666667,0.266666666666667,0.0218028813578917,19.0900066345669,0.0207531215100816,,0.0974862502392518,-0.00839677638476977,,0.0665995034668615,0.229204398229706,0,,,,
lone-pine,2017-03-31,2017-05-31,3.52636052461616,0.0440666395501796,0.097623182545175,0.551460541394468,0.354409134363555,0.235294117647059,0.315789473684211,-0.00572044786238623,13.6126113611299,0.0337100459991117,0.148435568186504,0.0812846109588877,-0.0213915115800217,1.35827725990302,0.0490209907900376,0.211625885552882,0,,,,
markel-13f,2017-03-31,2017-05-31,4.89034912822175,0.026012707750024,0.065547460022407,0.433200512120508,0.0468070858818134,0.0300751879699248,0.0300751879699248,0.0675196362974397,8.79224966032479,0.00673092534410372,0.080399073658627,0.0953868665800465,-0.0532818401175369,1.03697010418132,0.0345362227433458,0.19714111750619,0,,,,
marshall-wace,2017-03-31,2017-05-31,6.93828448401696,0.00557771691352712,0.0261873879221864,0.15275035904473,0.432001076430877,0.415130940834142,0.363924050632911,0.589745479398629,6.89878733570081,0.045020667354709,0.13764462596667,0.0895267129047149,-0.0356365694306028,1.51815571851012,0.0184584513750573,0.181063346137902,0,,,,
matrix,2017-03-31,2017-05-31,2.56494935746154,0.114028631963133,0.233224787536408,0.895897498973971,0.220374055815336,0.230769230769231,0.166666666666667,0.167404846494906,9.48116517141829,0.11607971175917,,0.159258872433332,-0.092715248808487,,0.224225503480775,0.386830398243619,0,,,,
maverick,2017-03-31,2017-05-31,4.86753445045558,0.0452692280003985,0.0865710905638056,0.583085295815362,0.278083544172987,0.276923076923077,0.241935483870968,0.0193789786326023,11.1232598458391,-0.0150269881360046,,0.0810301762786118,-0.0125450286907917,,-0.0363728738722924,0.126232020890552,1,,,,
melvin,2017-03-31,2017-05-31,3.87120101090789,0.0361785402781796,0.0628510615056243,0.514250386515777,0.460337891904695,0.375,0.333333333333333,0.242859057504301,12.3166755262915,0.0348966025830049,,0.0851883350231217,-0.028834359627513,,0.095468345146078,0.258073239908923,0,,,,
pershing-square,2017-03-31,2017-05-31,1.94591014905531,0.220732118897967,0.366104577053766,1,0.114736669329655,0,0.125,0.00800479668172542,7.16873374990396,0.0981094603699577,,0.093964672895737,-0.0519518838747675,,-0.199611699392171,-0.0370068046293261,1,,,,
polen,2017-03-31,2017-05-31,3.25809653802148,0.0537397344906935,0.0800502462297881,0.609202131742823,0.0292553072526954,0,0,0.167668089189065,14.4490413438075,0.0301581477146935,0.219784897514207,0.0878661723920007,-0.0313995252950496,1.90926871795606,0.0834697104144484,0.246074605177293,0,,,,
pzena,2017-03-31,2017-05-31,5.04342511691925,0.0153540375848256,0.028468347862523,0.252458101069187,0.104329420415008,0.109677419354839,0.121019108280255,0.0107270297390045,6.61810906137889,0.0532146602144711,-0.00210074293103563,0.139435990876127,-0.0181479212570145,-0.449054535939264,-0.0194762082021088,0.143128686560736,1,,,,
ruane-cunniff,2017-03-31,2017-05-31,4.47733681447821,0.040436726932219,0.0966712677921031,0.5285117915394,0.132165150068296,0.102272727272727,0.141304347826087,-0.0038049513602788,11.1515719002724,-0.0117184676603822,,0.0916595666685261,-0.0408252270801446,,0.000964010845848712,0.163568905608693,0,,,,
sands,2017-03-31,2017-05-31,4.20469261939097,0.0402163035161574,0.0827985159829362,0.53353259956955,0.0856319444236484,0.283582089552239,0.0943396226415094,0.104063855598535,15.652838027025,0.0281544556719908,0.205427331704814,0.152429095731649,-0.0776809691049127,0.643108780117403,0.151535548760939,0.314140443523783,0,,,,
semper-augustus,2017-03-31,2017-05-31,3.3322045101752,0.0973536754646406,0.226949189253785,0.714808535428601,0.0637097309320548,0.0357142857142857,0.0357142857142857,-0.00705554306372349,7.78770474049399,-0.0208243181990835,0.0272099605552195,0.0774186087887939,-0.0270873043499642,0.89988791667475,-0.0218690850031066,0.140735809759738,1,,,,
soroban,2017-03-31,2017-05-31,3.13549421592915,0.0634647695249289,0.126971497541922,0.703238585302727,0.262043317590511,0.217391304347826,0.217391304347826,0.215577643655053,11.2998805962862,0.133548479872245,,0.100916976462231,-0.043985047988929,,-0.107645015170855,0.0549598795919899,1,,,,
srs,2017-03-31,2017-05-31,2.99573227355399,0.170350359762659,0.360333758736588,0.87398142643144,0.151718599124498,0.35,0.235294117647059,0.184611753895256,17.8378032678363,0.149740018104306,,0.152973283967096,-0.00236261518915271,,0.481141902585418,0.643746797348263,0,,,,
steadfast,2017-03-31,2017-05-31,3.91202300542815,0.0340320991420144,0.0620437586931938,0.480621430018404,0.249132058815951,0.22,0.152173913043478,-0.0243121965635214,11.2264515494309,0.0930410940949542,,0.108414539402547,-0.0159438844875993,,0.0826364916273751,0.24524138639022,0,,,,
suvretta,2017-03-31,2017-05-31,3.58351893845611,0.0523208026741339,0.112580505405825,0.620836350938907,0.396927025639351,0.444444444444444,0.487179487179487,0.065104266643083,14.2403732993637,0.0523957974130011,,0.106420295364734,-0.046818656949563,,0.0756866424327844,0.238291537195629,0,,,,
third-avenue,2017-03-31,2017-05-31,4.71849887129509,0.0339241608293025,0.0919211195928753,0.481452995671376,0.0902929526124279,0.0535714285714286,0.0701754385964912,-0.00831548098083679,4.06706077622766,-0.078845203995976,,0.108566540619868,-0.0525458281151517,,0.0248747511992324,0.187479645962077,0,,,,
tiger-global,2017-03-31,2017-05-31,3.68887945411394,0.0920339389836026,0.191352527719934,0.791704143411291,0.194752414935548,0.175,0.0833333333333333,0.215342262676924,15.1326261093937,0.234409831662193,,0.180023654921858,-0.0382785914881776,,0.194513805399474,0.357118700162319,0,,,,
trian,2017-03-31,2017-05-31,2.07944154167984,0.157722281034421,0.247446400434893,1,0.198818661366379,0,0,0.183824529545703,8.17318223192117,-0.0916740841730588,,0.0776190790504364,-0.0345162593279106,,-0.240341889654547,-0.0777369948917021,1,,,,
tweedy-browne,2017-03-31,2017-05-31,3.95124371858143,0.0505804757324369,0.108235359646143,0.623721896656123,0.0794580691489383,0.0576923076923077,0,0.0842459819412096,11.0631652145152,-0.034251674163039,-0.212476033068467,0.0702220021496182,-0.0194978868458228,-1.70581812229015,-0.0107569808160674,0.151847913946777,1,,,,
valueact,2017-03-31,2017-05-31,2.63905732961526,0.108544640689602,0.157295676013183,0.934342591217403,0.131131640088318,0.0714285714285714,0.0714285714285714,-0.0192363907349569,7.65206690350677,0.0891565602916936,0.148689468526044,0.126419095242376,-0.0108584206658942,0.710250465943067,-0.0354531234333161,0.127151771329528,1,,,,
whale-rock,2017-03-31,2017-05-31,3.2188758248682,0.051429852704917,0.0997898529788545,0.623126802330969,0.267984962286701,0.2,0.310344827586207,0.200431548948343,12.5032748592206,0.334806652885842,,0.160775279256152,-0.0232526859080632,,0.157549749108089,0.320154643870933,0,,,,
yacktman,2017-03-31,2017-05-31,3.73766961828337,0.0714276326793311,0.130480603559557,0.79858391218093,0.0517888397126788,0.0238095238095238,0.0681818181818182,-0.0286337384555476,9.44561313151562,-0.0130008808150231,0.0631317593677845,0.0528880913277236,-0.0122673479491626,1.00443933320847,-0.0889670324929953,0.0736378622698493,1,,,,
adage,2017-06-30,2017-08-31,6.5510803350434,0.00489978758095349,0.0256431507712974,0.138151673386022,0.157173295943995,0.125714285714286,0.120689655172414,0.0294836766073734,8.36895370908917,0.0199808093995041,-0.0138186293195323,0.0629435149058793,-0.0169912318938497,-0.387053343498941,-0.0146878068377996,0.200601415753157,1,,,,
akre,2017-06-30,2017-08-31,3.3322045101752,0.0773089148757314,0.146501655830454,0.789352064082232,0.0609574212382087,0.0357142857142857,0.129032258064516,0.0111423855582577,9.62506250410462,0.0118785978452491,0.272638926684351,0.0770055426821858,-0.0211500619017034,2.21692622368916,0.0499883681295353,0.265277590720492,0,,,,
altimeter,2017-06-30,2017-08-31,3.13549421592915,0.20496317748228,0.323721884121723,0.938184924789217,0.0367030955619309,0.217391304347826,0.0526315789473684,0.119157063247026,10.8301424084312,0.121925289541249,0.110890547428457,0.171283749592036,-0.0827579734913061,0.240779780936766,-0.00233678444901311,0.212952438141944,1,,,,
berkshire-13f,2017-06-30,2017-08-31,3.85014760171006,0.0950944774839463,0.171991683253241,0.794800591961368,0.0416643446954246,0.0425531914893617,0.0217391304347826,0.00166570043740056,10.952897963238,-0.0840014801722897,-0.181895637902672,0.0698241795233861,-0.023013584855229,-1.54029926795887,-0.0662989664413166,0.14899025614964,1,,,,
cantillon,2017-06-30,2017-08-31,3.40119738166216,0.0411174556217237,0.0648688137651903,0.514776118881189,0.0330496431541942,0.0333333333333333,0.0333333333333333,0.0236532883313823,9.63072762986773,0.0657975010420168,0.0338707732792952,0.0718834048544123,-0.0301570176642382,0.558355685000136,0.0182589034209448,0.233548126011901,0,,,,
coatue,2017-06-30,2017-08-31,3.80666248977032,0.0449978569888806,0.0898566283044174,0.572026835547095,0.122378876250369,0.155555555555556,0.136363636363636,0.0667033783144435,15.4326080019902,0.229932607489866,,0.106547024809145,-0.0313871502130514,,-0.0441360637216307,0.171153158869326,1,,,,
darsana,2017-06-30,2017-08-31,2.484906649788,0.117375443453116,0.236229165059335,0.949508768034263,0.234649541240616,0.333333333333333,0.333333333333333,-0.0789740241314588,11.9982524774864,0.0585963462017322,,0.0871459594372023,-0.0238540529745088,,0.125688639722002,0.340977862312959,0,,,,
dragoneer,2017-06-30,2017-08-31,3.13549421592915,0.0788421268409422,0.114658052175469,0.834812658898487,0.17312667108491,0.130434782608696,0.0476190476190476,0.0350727669800246,9.42513064508916,0.472775686069726,,0.120318049705373,-0.0348082485398654,,0.389603996135664,0.60489321872662,0,,,,
duquesne,2017-06-30,2017-08-31,3.52636052461616,0.0498959242100467,0.0972114094049631,0.623223341754382,0.446799076478477,0.323529411764706,0.51063829787234,0.20243564172509,18.0446688866802,-0.0250091040793001,,0.11292166105893,-0.0582943146655528,,0.118775054243315,0.334064276834272,0,,,,
egerton,2017-06-30,2017-08-31,3.43398720448515,0.0492340144756633,0.104030987872781,0.601039859753369,0.232391753113235,0.32258064516129,0.16,0.0758118870151078,13.5335020083711,0.156154015197185,,0.0799330487691741,-0.0110947633747601,,-0.0372725130607068,0.17801670953025,1,,,,
fisher,2017-06-30,2017-08-31,6.63068338564237,0.0108618831692285,0.0382162800631096,0.229964691032929,0.147838675877268,0.130606860158311,0.0947802197802198,0.0602608083226065,6.78480447947679,0.00460039861742009,-0.0101074150279071,0.0471328184134891,-0.0141352149158378,-0.320113139932373,-0.0665930126648251,0.148696209926132,1,,,,
fundsmith,2017-06-30,2017-08-31,2.94443897916644,0.0630553328356511,0.0843597610015437,0.706742661425774,0.0643233424677148,0.0526315789473684,0,0.102559424501171,9.71070237620635,0.0426300045551367,0.407275552047974,0.0915476673536097,-0.0366958217022464,3.25103367244622,0.0364584237598584,0.251747646350815,0,,,,
gardner-russo,2017-06-30,2017-08-31,4.62497281328427,0.0640974930637669,0.103563058440358,0.747630808766847,0.0249251632753624,0.0196078431372549,0.0196078431372549,0.0474609317606209,6.81204579815203,0.00338477669258072,0.0783137097676914,0.0869617355948268,-0.0416817543205906,1.31854833951346,-0.137656164107975,0.0776330584829817,1,,,,
giverny,2017-06-30,2017-08-31,3.29583686600433,0.0810120691872598,0.189282769991756,0.742552090910561,0.0530855893626926,0.037037037037037,0,0.0270522554878724,10.4996265942486,-0.0359641686456605,,0.110689621959719,-0.0338489748403299,,-0.0118165899225022,0.203472632668454,1,,,,
gotham,2017-06-30,2017-08-31,6.85540879860993,0.00335886289822782,0.00956664817253065,0.0829302116578132,0.35768090867405,0.234984193888303,0.254620123203285,-0.09950719072629,5.54564451877005,-0.0432438618315286,,0.0632376967820565,-0.0336796949838173,,0.0211526756031947,0.236441898194151,0,,,,
harris,2017-06-30,2017-08-31,4.78749174278205,0.0207632279070037,0.0497507310371268,0.362866829094576,0.0621663207585947,0.0666666666666667,0.0344827586206897,0.015548214426169,9.78338940164007,0.0772391442585846,0.0702917471256325,0.0708538267022267,-0.00281762458086121,0.0348583423693244,-0.0914853986954589,0.123803823895498,1,,,,
hitchwood,2017-06-30,2017-08-31,3.52636052461616,0.0369778818580955,0.0777313593367056,0.463380619293543,0.447882279185652,0.382352941176471,0.475,-0.0751237221768937,11.7720250157983,-0.00361861802286126,,0.109940126673363,-0.0585522302163823,,0.137485860716374,0.352775083307331,0,,,,
icahn,2017-06-30,2017-08-31,2.77258872223978,0.201347856173022,0.394383094777688,0.941722484666362,0.0634916973458702,0,0,-0.0194275902690902,3.67471934421826,0.0545070660978815,,0.195815235108378,-0.07101389574483,,0.24208627322827,0.457375495819227,0,,,,
lansdowne,2017-06-30,2017-08-31,3.76120011569356,0.106878249979674,0.180788349316528,0.925435747817829,0.144074735250623,0.209302325581395,0.244444444444444,-0.000507195962368575,17.2939926926079,0.0606140632288326,0.214908639462726,0.0711817989055576,-0.0168938015465616,1.00834743191823,0.0774024472196819,0.292691669810639,0,,,,
light-street,2017-06-30,2017-08-31,2.99573227355399,0.0801588709738616,0.194447854374551,0.747310295845536,0.427518551084519,0.05,0.387096774193548,-0.311201545587804,9.6270539957561,0.343547988687276,,0.169818320699642,-0.0569050480798528,,0.392198028798364,0.60748725138932,0,,,,
lone-pine,2017-06-30,2017-08-31,3.49650756146648,0.0443210469901658,0.0835588711013786,0.564730711869783,0.330777302256907,0.333333333333333,0.352941176470588,0.0341924357388714,14.4692419247109,0.0817694655996725,0.188803295773698,0.076258096394507,-0.0213915115800217,1.62189326467201,-0.0387672820652947,0.176521940525662,1,,,,
markel-13f,2017-06-30,2017-08-31,4.92725368515721,0.0252750542029835,0.066078351831211,0.424197945419637,0.0383397371896501,0.036231884057971,0,0.0547599970580313,8.95883673026285,0.0171332387369322,0.0731696912536675,0.0935403235259774,-0.0313838331837221,1.01132036796228,0.0176874610850114,0.232976683675968,0,,,,
marshall-wace,2017-06-30,2017-08-31,7.21890970761906,0.00439068536868307,0.0211647118618676,0.13655235006409,0.434450351953457,0.486446886446886,0.32007759456838,-0.426266689106587,7.10909246907338,0.0444273641895014,0.144946831597837,0.0774100353647283,-0.0356365694306028,1.67702685383827,0.0219945837680133,0.23728380635897,0,,,,
matrix,2017-06-30,2017-08-31,2.89037175789616,0.0906144200819839,0.193376804037034,0.803228200812231,0.115977344204476,0.277777777777778,0,0.198128645340835,8.52819486742228,0.255031526408645,,0.162564646706911,-0.0927152488084868,,0.0823343578772658,0.297623580468223,0,,,,
maverick,2017-06-30,2017-08-31,5.18178355029209,0.0391922119554813,0.083062587643364,0.521277276019171,0.33953223957113,0.443820224719101,0.238461538461538,0.0174518760108864,10.5581964475223,-0.0354896593435638,,0.0629375127307561,-0.0125450286907918,,-0.0323659751047292,0.182923247486227,1,,,,
melvin,2017-06-30,2017-08-31,3.89182029811063,0.0365866739376426,0.0757514926858145,0.514236387835323,0.368222780206154,0.346938775510204,0.333333333333333,0.0784300364611933,13.4440801545534,0.0486427412460778,,0.0674013359712879,-0.0135277471254094,,0.0384076732735591,0.253696895864516,0,,,,
pershing-square,2017-06-30,2017-08-31,1.94591014905531,0.239838743235578,0.407094202244337,1,0.110886599618603,0.142857142857143,0.142857142857143,0.0089824190938158,7.09377860267084,-0.12990184618969,,0.130470721723431,-0.11703987122331,,-0.0587001356400277,0.156589086950929,1,,,,
polen,2017-06-30,2017-08-31,3.36729582998647,0.0599021850148433,0.0855129418249125,0.672288068745292,0.0944533956429479,0.137931034482759,0.0384615384615385,0.06193527123927,15.1552578188962,0.0445467265237575,0.234427256966464,0.0746988498801881,-0.0228825764137042,2.03328274088504,0.128946333998421,0.344235556589378,0,,,,
pzena,2017-06-30,2017-08-31,5.02388052084628,0.0158160243660925,0.0306408633117793,0.263314123047973,0.0564234219251838,0.0328947368421053,0.0516129032258065,0.0296834959787397,6.43738442149938,0.0335780013380611,0.00270671326706295,0.121583411060259,-0.0181479212570146,-0.418062271527292,-0.0771338221436317,0.138155400447325,1,,,,
ruane-cunniff,2017-06-30,2017-08-31,4.24849524204936,0.0392152936011771,0.0867068401748279,0.510518510597142,0.10636120447582,0.0285714285714286,0.227272727272727,0.0194468996145447,12.1007817525032,-0.0315656608892027,,0.0854717547812246,-0.0209731766402383,,0.031327799721523,0.24661702231248,0,,,,
sands,2017-06-30,2017-08-31,4.23410650459726,0.0378880639009528,0.0709215952179177,0.515859406682926,0.0847450680685114,0.0434782608695652,0.0149253731343284,0.0436792488920952,15.1707580859525,0.0872761382042448,0.177767950784743,0.120238726381487,-0.0776809691049126,0.49776449144197,0.0878012240831506,0.303090446674107,0,,,,
semper-augustus,2017-06-30,2017-08-31,3.3322045101752,0.103425815448156,0.23696642418749,0.723258797231589,0.0646817956486583,0.0714285714285714,0.0714285714285714,-0.0280699455704061,7.96985781553659,-0.0187377423557396,0.012502725662578,0.0758248788047845,-0.0167374688163949,0.804072840789942,-0.0696275457897422,0.145661676801214,1,,,,
soroban,2017-06-30,2017-08-31,3.09104245335832,0.0747302776419364,0.145378211607678,0.759790710087023,0.15852406558434,0.0909090909090909,0.130434782608696,0.149730103984085,11.68346496952,0.110115783356308,,0.0932274440592641,-0.0439850479889291,,-0.217050727214137,-0.00176150462318077,1,,,,
srs,2017-06-30,2017-08-31,2.99573227355399,0.156839033040353,0.339995311203731,0.87728950800785,0.162878270195612,0.05,0.05,-0.00794895443996895,15.5364967627225,0.293579970756504,,0.159977570159959,-0.0127064173526222,,0.252449114148339,0.467738336739295,0,,,,
steadfast,2017-06-30,2017-08-31,3.8286413964891,0.0362704578806871,0.0710077553347121,0.49706069466072,0.265673197116045,0.173913043478261,0.24,0.0407212996354749,10.3933371749681,0.0984780292937272,,0.0837687533779147,-0.0159438844875992,,0.139450931236199,0.354740153827156,0,,,,
suvretta,2017-06-30,2017-08-31,2.94443897916644,0.0749956797571206,0.10997050904598,0.802777927598685,0.314522342919929,0.105263157894737,0.527777777777778,0.042137356872369,15.7762087912429,0.0500763270523999,,0.0928215030071859,-0.0468186569495629,,0.00114907038018938,0.216438292971146,0,,,,
third-avenue,2017-06-30,2017-08-31,4.74493212836325,0.0328338258150534,0.0842252197910717,0.482124460197398,0.071572640795249,0.0782608695652174,0.0535714285714286,0.0269702488743909,4.01941154176698,-0.083198205016832,,0.099034127056657,-0.037242855018129,,-0.0609419238240503,0.154347298766906,1,,,,
third-point,2017-06-30,2017-08-31,3.46573590279973,0.0786695247474529,0.220002194579813,0.658137556900863,0.221684199265501,0.25,0.351351351351351,0.106257579642577,12.9453523922604,0.0587634976748375,,0.0943240315363731,-0.0459910677208121,,-0.0999284380023971,0.11536078458856,1,,,,
tiger-global,2017-06-30,2017-08-31,3.73766961828337,0.089399620118781,0.170062594557555,0.806179228940483,0.141634813501169,0.119047619047619,0.075,0.150352485003979,14.5595610739074,0.319958620169303,,0.141000651850481,-0.0382785914881775,,0.0873121368247847,0.302601359415741,0,,,,
trian,2017-06-30,2017-08-31,2.07944154167984,0.155481603549184,0.24706647440343,1,0.019274308506752,0,0,-0.00494110610823383,7.62399716233091,-0.137560832065922,,0.0847674533392237,-0.0278086679506624,,-0.191794491972797,0.0234947306181599,1,,,,
tweedy-browne,2017-06-30,2017-08-31,3.93182563272433,0.0512965052265344,0.0973936663570995,0.631459962038178,0.0532485365652722,0,0.0192307692307692,-0.0338499426192913,10.8987560984085,-0.0290997934297599,-0.177722051492975,0.0730908065486695,-0.0124644032325354,-1.50002150439363,-0.0408407188694761,0.174448503721481,1,,,,
valueact,2017-06-30,2017-08-31,2.70805020110221,0.101492136102045,0.152940038275209,0.913293510893284,0.0569651836833863,0.0666666666666667,0,-0.064874766259445,6.80872552558733,0.0278448558371692,0.093379072876998,0.106849030599819,-0.0309692502744462,0.346384058905121,-0.00189954506087045,0.213389677530086,1,,,,
viking,2017-06-30,2017-08-31,3.97029191355212,0.0408343771007377,0.0910166194721805,0.550580645057011,0.330495006647042,0.30188679245283,0.421875,-0.421716674694335,14.7104813918402,0.0770006155525025,,0.0966824022241782,-0.0403764526909121,,0.0821917140933546,0.297480936684311,0,,,,
whale-rock,2017-06-30,2017-08-31,3.3322045101752,0.0527426011530512,0.120461844201031,0.610730616764586,0.337376139698127,0.392857142857143,0.32,-0.0262144569519191,11.919682310732,0.289462380897837,,0.171739934646255,-0.0312743086917354,,0.181112425595549,0.396401648186505,0,,,,
yacktman,2017-06-30,2017-08-31,3.78418963391826,0.0703969387622554,0.13109984125549,0.794908146480959,0.0389465017305194,0.0909090909090909,0.0476190476190476,-0.0414573974133948,9.47286000264136,-0.0203279801417299,0.0816121552322097,0.0516056370027759,-0.00880186057528187,1.27212161464446,-0.0705147552701257,0.144774467320831,1,,,,
adage,2017-09-30,2017-11-30,6.56103066589657,0.00512012224339023,0.0267380535491529,0.140938030537065,0.167973210177919,0.137199434229137,0.128571428571429,0.00697435230058374,8.49063377647195,0.0414609440066263,-0.02844859829969,0.0494006165270816,-0.000903776575031712,-0.315563669241964,-0.00112367923778155,0.0586704930358818,1,,,,
akre,2017-09-30,2017-11-30,3.25809653802148,0.077369542934927,0.135631747855877,0.801713632617941,0.0382468733796678,0,0.0714285714285714,0.106515694566908,9.88857617711044,0.107495339800687,0.192958110152757,0.0625347125716363,-0.00711542346377492,2.04224670318745,0.0730270951057207,0.132821267379384,0,,,,
altimeter,2017-09-30,2017-11-30,2.99573227355399,0.21522300771641,0.307737132188683,0.966978020202174,0.127785459460079,0.1,0.217391304347826,-0.130020250822125,11.7446490666048,-0.215549547009463,-0.120965021930723,0.148671155331579,-0.14178841480181,-0.116682481845051,0.185308241175819,0.245102413449483,0,,,,
berkshire-13f,2017-09-30,2017-11-30,3.85014760171006,0.0859453654857659,0.144093807224585,0.794709370084722,0.100943207525829,0.0212765957446809,0.0212765957446809,0.0914943288768959,11.7060687448377,-0.0775353868100076,-0.210075907554557,0.0620601649352316,-0.023013584855229,-1.78265319751277,-0.0663842070657517,-0.00659003479208839,1,,,,
cantillon,2017-09-30,2017-11-30,3.43398720448515,0.0397568817407321,0.0627324049872745,0.501320832223769,0.0776547117718535,0.0645161290322581,0.0333333333333333,0.0706891567613624,9.51467888019115,0.103617604270149,0.0171883135197496,0.0501034050508919,0,0.543720081515024,0.03433934640667,0.0941335186803333,0,,,,
coatue,2017-09-30,2017-11-30,3.80666248977032,0.0514826076721037,0.0921518889740529,0.636673727000009,0.120910410751806,0.111111111111111,0.111111111111111,0.0985322109774354,15.512620386688,0.220463318777801,0.265324988407853,0.102445054023633,-0.00321439688149283,1.16719754705691,-0.0901380047007751,-0.0303438324271118,1,,,,
darsana,2017-09-30,2017-11-30,2.77258872223978,0.0875912549573392,0.184135232953943,0.818133611550732,0.321921281461018,0.3125,0.0833333333333333,0.37578247040159,13.9759287961038,0.138459953659438,,0.0678138366905226,-0.00491664644555034,,0.125425616144616,0.185219788418279,0,,,,
dragoneer,2017-09-30,2017-11-30,2.99573227355399,0.0728046759246709,0.117275421489827,0.789898356706587,0.169006790315315,0.2,0.304347826086957,0.0471057883169762,9.07695286731235,0.320428157093816,,0.132461865643357,-0.0170913727383125,,0.256030619745172,0.315824792018835,0,,,,
duquesne,2017-09-30,2017-11-30,3.61091791264422,0.0538729506541973,0.102685477426043,0.650716456321477,0.223401115754115,0.378378378378378,0.323529411764706,0.163801169516456,18.1050147621432,-0.0587642580833405,,0.103907618760339,-0.0582943146655527,,0.0356262090369416,0.0954203813106049,0,,,,
egerton,2017-09-30,2017-11-30,3.46573590279973,0.0473152113431942,0.081438512217932,0.581942245820209,0.164728368441162,0.1875,0.161290322580645,0.114268014948671,14.4179821896682,0.106131979042928,,0.0677935029365133,-0.00321522746737324,,-0.0397862403178462,0.0200079319558172,1,,,,
eminence,2017-09-30,2017-11-30,3.76120011569356,0.0312291559691587,0.0694151874696302,0.426014735479719,0.198013990783447,0.186046511627907,0.204545454545455,0.0502637371055671,7.84802721392344,0.134839199220738,,0.0677926261036002,-0.00249806023932453,,-0.099647518087192,-0.0398533458135286,1,,,,
fisher,2017-09-30,2017-11-30,6.67582322163485,0.0109894192045009,0.037499344292738,0.231914219183792,0.0384645613916537,0.1437578814628,0.104221635883905,0.0723895016402523,6.87245523167435,0.0258808593464018,-0.0363549860689901,0.0334358099241663,0,-0.181599601018519,-0.0326578286727451,0.0271363436009182,1,,,,
fundsmith,2017-09-30,2017-11-30,2.83321334405622,0.0755305205194102,0.153391617461535,0.761760503299724,0.125675622762789,0,0.105263157894737,0.0796701701045731,9.69938571894587,0.135196573158782,0.301786154303136,0.082905060148691,-0.00608040248283903,3.39894184307914,0.0871971845325645,0.146991356806228,0,,,,
gardner-russo,2017-09-30,2017-11-30,4.62497281328427,0.0640602886039793,0.0956124085311339,0.747400365988633,0.033053846267738,0.0196078431372549,0.0196078431372549,0.0425300678984679,6.95257984357777,0.0341643200950516,-0.0158742727778443,0.0623749295811376,0,1.07505500911826,-0.0301386250044857,0.0296555472691776,1,,,,
giverny,2017-09-30,2017-11-30,3.43398720448515,0.0815255191344891,0.189526497884377,0.741964139607733,0.026775341266051,0.129032258064516,0,0.101081941527588,10.1752212053206,-0.00533364768263706,,0.0584655694104947,-0.0215179861339618,,-0.0136138543758898,0.0461803178977736,1,,,,
gotham,2017-09-30,2017-11-30,6.7990558620588,0.00344257771286323,0.00988602567351202,0.0870276798148552,0.315957244845364,0.20066889632107,0.244467860906217,-0.0457202497701052,5.70914319740605,0.0213303320774709,,0.0552376400278708,-0.00129233241778948,,-0.000203180008330084,0.0595909922653332,1,,,,
harris,2017-09-30,2017-11-30,4.82028156560504,0.0209733491265892,0.050929333277048,0.369065681657152,0.0755178844970441,0.0806451612903226,0.05,0.0645229117981122,10.1195067068429,0.0286123002278471,0.0343411697182967,0.0464436111201431,-0.0028176245808611,-0.600676542516193,-0.0835720001390467,-0.0237778278653834,1,,,,
hitchwood,2017-09-30,2017-11-30,3.66356164612965,0.0325164688482206,0.0583989005134725,0.426449623172952,0.378319616529838,0.41025641025641,0.323529411764706,-0.0383432346661042,11.8414493946117,0.157114468694499,,0.0813974224339881,-0.00701586608281435,,-0.0235171750106427,0.0362769972630206,1,,,,
icahn,2017-09-30,2017-11-30,2.77258872223978,0.198181141555423,0.396233035079474,0.934814725301377,0.0445417892949355,0,0,0.0832309796442175,2.96984173077871,-0.0404933484439503,,0.112852635707363,-0.0710138957448297,,0.149081652461981,0.208875824735645,0,,,,
lansdowne,2017-09-30,2017-11-30,3.80666248977032,0.114178024960823,0.201121643791736,0.942005742534289,0.19251433715486,0.177777777777778,0.13953488372093,-0.190963135299441,16.3046855159012,0.0953698879331583,0.241666581240887,0.0849741215466209,-0.0168938015465616,1.058098870489,-0.00254170759749576,0.0572524646761676,1,,,,
light-street,2017-09-30,2017-11-30,3.04452243772342,0.0570223238067931,0.0815554448003794,0.647830359690832,0.286657760514516,0.19047619047619,0.15,0.0868882465759149,10.3515044393622,0.47613267741448,,0.149996834420332,-0.00582445227677109,,0.0837738227631245,0.143567995036788,0,,,,
lone-pine,2017-09-30,2017-11-30,3.40119738166216,0.0452001071894459,0.0749571361218126,0.568906761365673,0.248030506938189,0.266666666666667,0.333333333333333,0.0319070374870623,16.1526292799381,0.0855482833638552,0.057127443191726,0.0616707284596837,-0.00595808498517503,0.918320424273538,0.0108481307198739,0.0706423029935372,0,,,,
markel-13f,2017-09-30,2017-11-30,4.93447393313069,0.0258418825467099,0.0741568188180352,0.425684099784454,0.0360990044154459,0.0215827338129496,0.0144927536231884,0.0688010990909322,8.7488809549503,0.0669172021563904,0.0441965393788375,0.0488394143769035,-0.0037688265997271,0.738479427042709,0.0213301900989411,0.0811243623726044,0,,,,
marshall-wace,2017-09-30,2017-11-30,7.18538701558042,0.00451489717020984,0.0244018873155662,0.142732168748595,0.397488992721469,0.362878787878788,0.383882783882784,0.103381259104488,7.17911237857211,0.0704494431895968,0.0899945282013855,0.0540544768700378,-0.0075932030978334,1.55043418509075,0.029347044939079,0.0891412172127423,0,,,,
matrix,2017-09-30,2017-11-30,2.83321334405622,0.098895034588719,0.220933816805121,0.820874661857529,0.0867426029021919,0.0588235294117647,0.111111111111111,0.0605130130509044,8.40877123982375,0.098586003552534,,0.165830175881863,-0.0389403791098638,,0.0918962898601376,0.151690462133801,0,,,,
maverick,2017-09-30,2017-11-30,5.17048399503815,0.0372222619950208,0.082507181638152,0.49965852481196,0.340333144705308,0.357954545454545,0.365168539325843,-0.0119817139972915,12.5496773433814,-0.0217504694394245,,0.0636149214391234,-0.00280440203870658,,-0.0423486529946058,0.0174455192790575,1,,,,
melvin,2017-09-30,2017-11-30,3.8286413964891,0.0362325997836916,0.0831532944562769,0.496980450329684,0.339691855596425,0.282608695652174,0.326530612244898,0.161796899933219,13.9056248256316,0.106014549697598,,0.0618955862945097,0,,-0.0483748915485935,0.0114192807250698,1,,,,
pershing-square,2017-09-30,2017-11-30,1.79175946922806,0.206854610738942,0.331016168467421,1,0.180193299188493,0,0.142857142857143,-0.162164448192463,8.33992106609268,-0.14520310280375,,0.11947352852056,-0.11703987122331,,0.0551463920232616,0.114940564296925,0,,,,
polen,2017-09-30,2017-11-30,3.55534806148941,0.0567489950226269,0.0817056175354097,0.636625972161713,0.0721088891507601,0.2,0.0344827586206897,0.0829256367856123,16.2064536918881,0.097588081670005,0.156873111903627,0.067213567118695,-0.00290011984772376,1.91507853937835,0.125079825238658,0.184873997512321,0,,,,
pzena,2017-09-30,2017-11-30,5.01727983681492,0.0165461194342832,0.0376724546635103,0.280395862832244,0.103080581987743,0.0662251655629139,0.0723684210526316,0.0354401728318031,6.45957741439171,-0.0180749173646309,0.0615163785245659,0.0750161573166179,-0.0181479212570146,-0.703436703922385,-0.0975001022204773,-0.037705929946814,1,,,,
ruane-cunniff,2017-09-30,2017-11-30,4.23410650459726,0.0426979498757417,0.0921568649781241,0.54981340052392,0.1110769678114,0.0579710144927536,0.0714285714285714,0.0544698931749453,12.9662728926121,-0.0143499080587753,,0.0488857637994297,-0.00798891616087816,,-0.0481213376538565,0.0116728346198068,1,,,,
sands,2017-09-30,2017-11-30,4.24849524204936,0.0389875154000635,0.0772940243001677,0.527079185029302,0.0803033297634321,0.0285714285714286,0.0144927536231884,0.00346424299777135,15.2403261212947,0.133200559176744,0.0893762948074098,0.0913334704521658,-0.00090671508094109,0.384273548655988,0.0655354553399343,0.125329627613598,0,,,,
semper-augustus,2017-09-30,2017-11-30,3.25809653802148,0.110891448081728,0.24693640592529,0.749691237048596,0.0485601362972228,0,0.0714285714285714,0.0379397424559635,8.28855839132654,-0.0461385510283791,-0.0170985930471792,0.0485938949694708,-0.0167374688163949,0.656802125004363,0.0554461494786756,0.115240321752339,0,,,,
soroban,2017-09-30,2017-11-30,2.94443897916644,0.0823627205815149,0.158166839246889,0.797424743175145,0.125390115448388,0.0526315789473684,0.181818181818182,-0.0515954764862296,12.7172983393401,0.0865849660592104,,0.0593978470643339,-0.015851737848128,,-0.155942594478084,-0.0961484222044211,1,,,,
srs,2017-09-30,2017-11-30,3.04452243772342,0.191633102486519,0.39265925077224,0.900229789149834,0.145276307865359,0.19047619047619,0.15,0.159215219761494,14.3939570632464,0.118865613281133,,0.158201801677523,-0.0367168791080109,,0.192313594374319,0.252107766647982,0,,,,
steadfast,2017-09-30,2017-11-30,3.80666248977032,0.0362030288228694,0.0632279724439284,0.488435908398082,0.262373820501065,0.266666666666667,0.282608695652174,0.145325440799996,11.4844807642263,-0.0223963073967811,,0.0506430683799041,-0.00314119616155761,,0.141479657163132,0.201273829436795,0,,,,
suvretta,2017-09-30,2017-11-30,2.77258872223978,0.0817076915167047,0.110374666244406,0.854652942611208,0.174627418252265,0.1875,0.315789473684211,0.0545835377532101,17.0265892078769,0.103746236699205,,0.0784336695636161,-0.00562824552319219,,0.0122470679230739,0.0720412401967372,0,,,,
third-avenue,2017-09-30,2017-11-30,4.70048036579242,0.034467365364298,0.0864454787461811,0.490469519500434,0.0838143545958227,0.0272727272727273,0.0695652173913044,-0.013199463568357,3.85160729948985,-0.025636704781737,,0.0856151971037352,-0.0281806320086947,,-0.161501019404649,-0.101706847130986,1,,,,
third-point,2017-09-30,2017-11-30,3.61091791264422,0.0795665882995704,0.216255540878412,0.65193738991267,0.226698934982932,0.297297297297297,0.1875,0.0530310280408477,13.1509758292247,0.140439212317269,,0.0696473681326241,0,,-0.115623983172907,-0.0558298108992441,1,,,,
tiger-global,2017-09-30,2017-11-30,3.8286413964891,0.0690479033717533,0.130255627424872,0.728912034266909,0.171722326063934,0.195652173913043,0.119047619047619,0.245215147570925,13.8311821404092,0.266067466614887,,0.130520885541981,-0.0198179212955922,,0.0211059383935401,0.0809001106672034,0,,,,
trian,2017-09-30,2017-11-30,2.07944154167984,0.161193604579655,0.265637888893664,1,0.107807492534316,0.125,0.125,-0.0216127630942204,7.82672767303765,-0.201326926529467,,0.0733289652794437,-0.0339478406112378,,-0.0647133646030976,-0.00491919232943433,1,,,,
tweedy-browne,2017-09-30,2017-11-30,3.97029191355212,0.0507299670772763,0.0957803330636003,0.620798455041854,0.0564665291708898,0.0754716981132076,0.0392156862745098,0.0879123736845662,10.5836661476006,-0.0284880923820612,-0.0921142044441354,0.0631625266426306,-0.00877059150360926,-1.20669856769154,-0.0197958858983616,0.0399982863753017,1,,,,
valinor,2017-09-30,2017-11-30,3.52636052461616,0.0385810468486179,0.0724892411300129,0.487297581851055,0.268815698535117,0.176470588235294,0.2,-0.0537259812669939,11.574411115824,0.0380006816528246,,0.0505428948220769,0,,-0.153352453839583,-0.09355828156592,1,,,,
valueact,2017-09-30,2017-11-30,2.63905732961526,0.0952099004849367,0.137842688349674,0.913523153858382,0.269161327881877,0.0714285714285714,0.133333333333333,-0.115091090000965,6.45332454530894,-0.063432978107519,0.0695925375019817,0.0763959615080178,-0.0309692502744462,-0.228926073974655,-0.0788227233165036,-0.0190285510428403,1,,,,
viking,2017-09-30,2017-11-30,4.07753744390572,0.0381156711790741,0.093010028814891,0.516096116458209,0.402989416310383,0.355932203389831,0.283018867924528,0.0393290166989933,14.5186944553188,0.205470084737661,,0.0791977737258686,-0.00179527463918194,,-0.00878896480403126,0.0510052074696321,1,,,,
whale-rock,2017-09-30,2017-11-30,3.46573590279973,0.0478862128002763,0.0900036233087929,0.588621017195158,0.290934012619803,0.3125,0.214285714285714,0.282400668389138,11.3358997118758,0.287588188415617,,0.163249274902139,-0.0312743086917353,,0.0659605082607417,0.125754680534405,0,,,,
yacktman,2017-09-30,2017-11-30,3.8286413964891,0.0689154374599612,0.13539061706431,0.784594765922411,0.0322633115100741,0.0652173913043478,0.0227272727272727,0.00696797791283973,9.64779908314098,-0.00272948366338768,-0.00432095049324072,0.0476040828387085,0,0.814236635873361,0.0803404841029253,0.140134656376589,0,,,,
adage,2017-12-31,2018-02-28,6.54821910276237,0.00559729122098625,0.0269005768607374,0.153528128843953,0.180004104941471,0.130372492836676,0.141442715700141,0.0719258755786083,9.04875950462273,0.0268478449410732,-0.00133248270920244,0.0755194872539079,-0.0331624917596356,-0.163483824526475,-0.0155970132461639,0.0321560834367277,1,,,,
akre,2017-12-31,2018-02-28,3.17805383034795,0.0787099241471234,0.134087336284421,0.812128758800925,0.0337010451418953,0,0.0769230769230769,0.0545883167821467,8.8379129808623,0.106475956754995,0.18246845542641,0.0957884257341437,-0.0331601382490001,1.93087775075032,0.108507629398825,0.156260726081716,0,,,,
altimeter,2017-12-31,2018-02-28,3.13549421592915,0.234795957985402,0.396521650016059,0.970751031154385,0.122606182824997,0.173913043478261,0.05,-0.105632424526298,9.26338704633433,-0.174698205303225,-0.163971666441959,0.17540936480008,-0.14178841480181,-0.342681674898382,0.143939949062916,0.191693045745808,0,,,,
berkshire-13f,2017-12-31,2018-02-28,3.87120101090789,0.0914738248462585,0.146303453354875,0.806817323853156,0.0533923578690073,0.0208333333333333,0,0.0735660462362398,12.4387598549711,-0.124666827058674,-0.189927390940929,0.0868475553795766,-0.053597725420897,-1.59076970342948,-0.107210781651637,-0.0594576849687449,1,,,,
cantillon,2017-12-31,2018-02-28,3.43398720448515,0.0394153907226383,0.0647771744885155,0.493750661792871,0.0306668961678782,0,0,-0.017929439740376,9.36425245417077,0.122505392795464,0.0813949706127384,0.0727191158248731,-0.00690968612980336,1.23936974751074,0.0521942907774138,0.0999473874603054,0,,,,
coatue,2017-12-31,2018-02-28,3.76120011569356,0.0453479508348556,0.0751028316307866,0.575048877547707,0.179813185977969,0.209302325581395,0.244444444444444,0.0428750600339703,15.8643070069491,0.227117280074307,0.352944507791898,0.132205102306118,-0.00821734904590976,1.25191757485817,-0.0658485958745861,-0.0180954991916945,1,,,,
darsana,2017-12-31,2018-02-28,2.70805020110221,0.0948504042076922,0.185282569673775,0.859986802900273,0.0897293154173533,0,0.0625,0.109453322510561,13.8521724055517,0.247705556181252,,0.13289889728998,-0.0120936793086811,,0.100318140448979,0.148071237131871,0,,,,
dragoneer,2017-12-31,2018-02-28,2.99573227355399,0.074006283823296,0.108744187113123,0.793420770290435,0.263882078074817,0.3,0.3,0.00182148666253113,8.9679703585767,0.503266945570953,,0.115467305121647,-0.0170913727383126,,0.229754934211596,0.277508030894488,0,,,,
duquesne,2017-12-31,2018-02-28,3.40119738166216,0.0759718571934977,0.139179168239812,0.737470240450606,0.444225120043021,0.533333333333333,0.621621621621622,-0.102765733658369,18.9915506319383,0.037146768111741,0.0745395548789287,0.153956958156233,-0.0394671916881667,0.405402069801825,-0.0236694096668497,0.0240836870160419,1,,,,
egerton,2017-12-31,2018-02-28,3.46573590279973,0.0417875869841446,0.0693170557455621,0.527203690397298,0.23979285668955,0.21875,0.21875,0.0214068809505319,14.6204473891591,0.0754809599460556,,0.0719693702149581,-0.0185004798362155,,-0.0274727137983474,0.0202803828845442,1,,,,
eminence,2017-12-31,2018-02-28,3.66356164612965,0.0356246828454428,0.0745375771837531,0.466543076765736,0.251797243059854,0.205128205128205,0.27906976744186,0.0237185284216373,8.3427530061415,0.0588564883925468,,0.0959445694526474,-0.0443163018554809,,-0.0395543047487584,0.00819879193413323,1,,,,
fisher,2017-12-31,2018-02-28,6.76849321164863,0.0111958597687327,0.0359060357408231,0.239075995469758,0.0626889358459863,0.15632183908046,0.0744010088272383,0.0712447197903266,7.11615811249454,0.00997467833540688,-0.0237966099128276,0.0813220410794071,-0.0413843687887215,-0.286232607470752,-0.02718275958363,0.0205703370992616,1,,,,
fundsmith,2017-12-31,2018-02-28,2.89037175789616,0.0638124975497563,0.0912686159392199,0.699114318236098,0.116357000935002,0.0555555555555556,0,0.121776775852627,10.60904225908,0.10309796274906,0.348680387518566,0.111763790265125,-0.0306674523715598,3.37508713733614,0.106610597539186,0.154363694222078,0,,,,
gardner-russo,2017-12-31,2018-02-28,5.26785815906333,0.0629971027715245,0.095903607223564,0.735828312072881,0.0240226104080468,0.474226804123711,0,0.02682842426629,7.00701080565425,-0.00398880131672885,-0.00621325414595603,0.0800237161141598,-0.0377313715125124,0.628933497326663,-0.0306598076847153,0.0170932889981763,1,,,,
giverny,2017-12-31,2018-02-28,3.55534806148941,0.0786507153462203,0.194766995192835,0.714449755251663,0.0713595728440336,0.114285714285714,0,0.0629637142084492,10.4820842570845,-0.0309939549881498,,0.105184101624946,-0.05491207293706,,-0.0165577387894262,0.0311953578934654,1,,,,
gotham,2017-12-31,2018-02-28,6.82328612235569,0.00358039447641913,0.0100207457973278,0.0897481547915879,0.334934448854028,0.274211099020675,0.256410256410256,0.01090409021217,6.28640774161245,0.0762652400565345,,0.0873777895919514,-0.0310933072141441,,-0.0282203733839691,0.0195327232989224,1,,,,
greenlight,2017-12-31,2018-02-28,3.76120011569356,0.0841206130972865,0.192638847522541,0.774194861454586,0.302306965208589,0.511627906976744,0.416666666666667,-0.0476232186287169,7.32171015175913,0.0292098244823881,,0.0954629570163808,-0.0438386005154529,,-0.131199586986573,-0.0834464903036815,1,,,,
harris,2017-12-31,2018-02-28,4.86753445045558,0.0208269223584962,0.0495491133085756,0.359848584342864,0.0951649538643441,0.138461538461538,0.0967741935483871,0.0294678893485988,10.6065110009868,0.0161487520000062,0.0383943994499458,0.0910194651966904,-0.0440849029371589,-0.510819069031609,-0.067692754117918,-0.0199396574350264,1,,,,
hitchwood,2017-12-31,2018-02-28,3.78418963391826,0.0305049072941969,0.0526345596952704,0.423546254209591,0.493947467614772,0.454545454545455,0.384615384615385,0.130204195473729,11.5021151564773,0.148499390543527,,0.116829205148375,-0.0375954052232754,,0.0718654632832374,0.119618559966129,0,,,,
icahn,2017-12-31,2018-02-28,2.83321334405622,0.182220243879276,0.369306004490829,0.927908440828465,0.096928815998289,0.176470588235294,0.125,0.0642298540995678,2.90139391147714,-0.0203384193796063,-0.334385881606491,0.158467135098366,-0.081589427184483,-2.21231687804725,0.217928095943776,0.265681192626668,0,,,,
lansdowne,2017-12-31,2018-02-28,3.78418963391826,0.105121374316809,0.186653245038263,0.911037899584955,0.123825723522853,0.181818181818182,0.2,0.121037118377735,15.3667324099607,0.116026533352891,0.322996866515083,0.119396863790923,-0.0236857813282551,1.27479192739461,-0.105311855906943,-0.0575587592240515,1,,,,
light-street,2017-12-31,2018-02-28,3.04452243772342,0.0687374160370392,0.107415738973015,0.749686727541487,0.385650976523494,0.333333333333333,0.333333333333333,-0.311808151956079,11.6432138940624,0.480205049588313,,0.13641937998695,-0.00582445227677109,,0.15670000436035,0.204453101043241,0,,,,
lone-pine,2017-12-31,2018-02-28,3.43398720448515,0.0396156141037668,0.0581007313152058,0.497624693849691,0.331342340392908,0.258064516129032,0.233333333333333,-0.0585781558458467,15.8046127908248,0.0826621626009171,0.0770878757303399,0.104442822098612,-0.0408483257664598,1.01941669490113,0.0519397891654296,0.0996928858483211,0,,,,
markel-13f,2017-12-31,2018-02-28,4.92725368515721,0.0252716329491745,0.0611329233122029,0.426799333518991,0.043233760492523,0.0072463768115942,0.0143884892086331,0.0530965644379998,9.36417164246031,0.0533371253401507,0.0464875771062459,0.0925853994892319,-0.0419465305355541,0.47538790855645,-0.00680739420790397,0.0409457024749876,1,,,,
marshall-wace,2017-12-31,2018-02-28,7.29573507274928,0.00434089871733555,0.0219434501358077,0.134969664979132,0.393315354588038,0.432835820895522,0.366666666666667,0.16429954658208,7.64758189600826,0.0696741533214831,0.103205578891343,0.080234076561884,-0.0217859899790139,2.00539540925011,0.0220607531498708,0.0698138498327624,0,,,,
matrix,2017-12-31,2018-02-28,2.99573227355399,0.112953062707834,0.261159859037494,0.833377076131394,0.213542310855261,0.25,0.117647058823529,-0.110411546832099,10.2922047477183,0.265853668893717,,0.17800260826045,-0.0389403791098638,,0.0450893242512152,0.0928424209341068,0,,,,
maverick,2017-12-31,2018-02-28,5.16478597392351,0.0342181023949017,0.0778648389500137,0.487838817362585,0.279417763931485,0.308571428571429,0.3125,0.00538146175155022,12.8894874528543,-0.0239429106896373,,0.0717720927272168,-0.0301296516337459,,-0.0198358287316397,0.0279172679512519,1,,,,
melvin,2017-12-31,2018-02-28,4.00733318523247,0.0353408950368757,0.101271509775183,0.46923827465237,0.375829729405464,0.236363636363636,0.0869565217391304,0.17902481938136,12.3646454927345,0.146628371841407,,0.117780317920844,-0.038109603560514,,-0.028126727286688,0.0196263693962036,1,,,,
pershing-square,2017-12-31,2018-02-28,1.94591014905531,0.176235142012029,0.2774288014505,1,0.120919777057573,0.142857142857143,0,0.13830834418527,8.31101265986597,-0.184448636112125,,0.113574840360987,-0.11703987122331,,0.217516327870696,0.265269424553588,0,,,,
polen,2017-12-31,2018-02-28,3.97029191355212,0.0554045351738879,0.0828830913007508,0.635924649410389,0.050804072794848,0.358490566037736,0.0285714285714286,0.0796212927746015,15.6661063963076,0.105875962264947,0.159244440907612,0.112316609767385,-0.0377552665599609,1.34405947648222,0.137553035008107,0.185306131690999,0,,,,
pzena,2017-12-31,2018-02-28,5.04985600724954,0.017615995388177,0.0456134464581299,0.298063089809914,0.0637159302394263,0.0576923076923077,0.0264900662251656,0.0746352176006672,6.87331670945268,-0.00426720448087647,0.0683256349706102,0.104684884402773,-0.0426047998971452,-0.264636437047463,-0.101518791920426,-0.0537656952375349,1,,,,
ruane-cunniff,2017-12-31,2018-02-28,4.18965474202643,0.0453245424304787,0.089778806184284,0.565709840480525,0.0956968634583647,0.0606060606060606,0.101449275362319,0.0666499344383717,14.2652852239495,0.0017878997419479,,0.100760573778333,-0.0441755648639018,,-0.0580254524356536,-0.010272355752762,1,,,,
sands,2017-12-31,2018-02-28,4.21950770517611,0.0407504297194231,0.0757759805495017,0.54535639575174,0.0686511735828393,0.0588235294117647,0.0857142857142857,-0.0119524740101976,15.1817291938568,0.187672394804605,0.184556988097518,0.115649142432089,-0.0106540477779238,0.725506588993066,0.0720903314960767,0.119843428178968,0,,,,
semper-augustus,2017-12-31,2018-02-28,3.25809653802148,0.125099615805489,0.265333782620091,0.779055748998465,0.057824073829524,0,0,-0.0124423956555234,8.67512823392864,-0.0261913987402947,0.0180142395178338,0.0920883652020034,-0.0380191898411988,0.348510087558186,-0.00948636879547103,0.0382667278874206,1,,,,
soroban,2017-12-31,2018-02-28,2.83321334405622,0.0979006872817581,0.180348470335707,0.901541643105259,0.1759925581447,0.176470588235294,0.263157894736842,-0.0964815244863226,14.1482380529237,0.0417963600391544,,0.0817390695887871,-0.0323324010789381,,-0.106439925827401,-0.0586868291445089,1,,,,
srs,2017-12-31,2018-02-28,2.94443897916644,0.2055924542031,0.402417568028201,0.943374005453895,0.263631051306583,0.263157894736842,0.333333333333333,-0.230469639954399,12.1828473532811,0.372418064349539,,0.229160775518208,-0.0367168791080108,,0.0417383200450634,0.089491416727955,0,,,,
steadfast,2017-12-31,2018-02-28,3.8286413964891,0.0355649433333901,0.0652955215201879,0.485558941999368,0.245915894194022,0.282608695652174,0.266666666666667,0.0130265110199127,11.1175876162948,0.0183452662439751,,0.0767968563893245,-0.0226772182463207,,0.140714851285512,0.188467947968404,0,,,,
suvretta,2017-12-31,2018-02-28,3.3322045101752,0.0551233121034673,0.0936428673579257,0.662138853004826,0.458036098305535,0.607142857142857,0.3125,0.216457732653758,13.9890824724113,0.0559695634487472,,0.106624004234228,-0.0354265445887615,,0.0269152686232006,0.0746683653060922,0,,,,
third-avenue,2017-12-31,2018-02-28,4.52178857704904,0.0395391963980964,0.0901517712731422,0.512844659671985,0.130450091089108,0.0326086956521739,0.190909090909091,-0.0633668589362929,4.15045496805523,-0.0743469880705473,,0.101551590283068,-0.0445268707257892,,-0.115372381679901,-0.0676192849970092,1,,,,
third-point,2017-12-31,2018-02-28,3.76120011569356,0.0607763041330637,0.172511201730035,0.610737277369299,0.20797173818805,0.302325581395349,0.189189189189189,0.125620304067138,13.1708062836292,0.0871987826812845,,0.107700472901973,-0.0514277220342545,,-0.0690451027092485,-0.0212920060263569,1,,,,
tiger-global,2017-12-31,2018-02-28,3.89182029811063,0.0698007870157612,0.134792105914786,0.733331513897497,0.111013375261475,0.183673469387755,0.130434782608696,-0.154974045883246,14.2499899252731,0.396416803559367,,0.180409566223635,-0.0198179212955921,,-0.0590725019372866,-0.011319405254395,1,,,,
trian,2017-12-31,2018-02-28,1.94591014905531,0.190317972126922,0.294671429854957,1,0.113631011281294,0,0.125,-0.0938831312480405,8.11902832583226,-0.21705852530578,,0.0806922608003347,-0.0613752569350492,,0.0631863758521168,0.110939472535008,0,,,,
tweedy-browne,2017-12-31,2018-02-28,3.91202300542815,0.0543878721498953,0.107525383984955,0.644392792815519,0.0551184774374536,0.04,0.0943396226415094,-0.00802674268625818,11.3581020777427,-0.0199696409446254,-0.0286915429294466,0.0916526498520416,-0.0408484395839769,-0.756308779969895,-0.0516512109141707,-0.00389811423127913,1,,,,
valinor,2017-12-31,2018-02-28,3.46573590279973,0.0371030582961192,0.0606664785326527,0.458133900554321,0.280686763595538,0.25,0.294117647058824,0.0468016143049498,12.2479195717898,-0.0234533338403312,,0.0599980122885737,-0.034269096931785,,-0.0492460485635285,-0.00149295188063689,1,,,,
valueact,2017-12-31,2018-02-28,2.56494935746154,0.112121450653728,0.18409979607807,0.974764838168714,0.169062717125839,0.153846153846154,0.214285714285714,-0.00946815416631079,7.55079542099447,-0.0327337745903021,0.131363390741921,0.120525080217876,-0.0539255126297172,0.141641482963693,-0.115096572104305,-0.067343475421413,1,,,,
viking,2017-12-31,2018-02-28,4.07753744390572,0.0353808965453798,0.0765403152785616,0.484884145476895,0.273597133560218,0.322033898305085,0.322033898305085,0.0517016971212371,14.2997229516295,0.215956430909094,,0.119083591596008,-0.0292677133514767,,0.0150212371874841,0.0627743338703757,0,,,,
whale-rock,2017-12-31,2018-02-28,3.3322045101752,0.0559956632256942,0.123978342166759,0.640333307076868,0.235479411938869,0.142857142857143,0.25,0.117662954700929,14.1121615260258,0.301752839799156,,0.184584961869364,-0.0312743086917352,,0.134447983742349,0.182201080425241,0,,,,
yacktman,2017-12-31,2018-02-28,3.78418963391826,0.0738903823697836,0.134244051080979,0.80525251614251,0.0509127299602143,0.0454545454545455,0.0869565217391304,0.00302446040651961,10.1734379835863,-0.0402448821006641,0.010310572602747,0.070416014405616,-0.0424780389655657,0.914679932268764,0.0911414161774221,0.138894512860314,0,,,,
adage,2018-03-31,2018-05-31,6.57228254269401,0.00557546479104818,0.026095658700294,0.156819724040649,0.157987280331402,0.141258741258741,0.120343839541547,-0.0286857013134643,8.86616207225059,-0.00183362161393838,-0.0428267901631864,0.0930238034306906,-0.0692977918890874,-0.538448987409634,0.0112674218979278,0.0333106699192156,0,0.63265306122449,0.436170212765957,0.736256416482368,0.321584403514862
akre,2018-03-31,2018-05-31,3.17805383034795,0.0799918637044564,0.134592884576644,0.809142945635919,0.0328196103699173,0.0416666666666667,0.0416666666666667,0.0529142089916567,9.40581076939936,0.0761625577175187,0.17936743093968,0.100248686449074,-0.0380517210911979,1.92866165998771,0.234251220321419,0.256294468342707,0,0.346938775510204,0.436170212765957,0.296006302086514,0.584405481815338
altimeter,2018-03-31,2018-05-31,3.2188758248682,0.227776639658391,0.403209337482531,0.944596193213817,0.27450521273712,0.36,0.304347826086957,0.0617297425530226,11.1284092568294,-0.190584299874437,0.00134565184883356,0.146782147892582,-0.136399117161204,0.0055807938146042,0.0269145926491889,0.0489578406704767,0,0.959183673469388,0.436170212765957,0.681876771870364,0.230213150382042
berkshire-13f,2018-03-31,2018-05-31,3.8286413964891,0.102264284557387,0.212733319813975,0.806779829159427,0.0821468313632702,0.0434782608695652,0.0833333333333333,-0.0120932677770395,11.3936917595572,-0.114585749057244,-0.224992410865279,0.106131619367277,-0.108651705331659,-1.53411914110304,-0.0836341989192257,-0.061590950897938,1,0.938775510204082,0.436170212765957,0.808571418991195,0.656343400478363
cantillon,2018-03-31,2018-05-31,3.46573590279973,0.0378629658509845,0.0684121774269175,0.474957388099359,0.0796363234230844,0.0625,0.032258064516129,0.0411244488195731,9.74564534508677,0.0598111297166975,0.126310855721612,0.0782235574591887,-0.0190556172339794,1.42931188746314,0.0833238203134341,0.105367068334722,0,0.428571428571429,0.436170212765957,0.236241976547431,0.230017364025116
coatue,2018-03-31,2018-05-31,4.8283137373023,0.0541394355034421,0.0840242232113892,0.663293595602795,0.251006258357244,0.776,0.348837209302326,-0.0539623095356855,15.4184015997283,0.0981215555476446,0.299812408715559,0.159055460725476,-0.0630392634779098,1.12471064247207,-0.00869020479677445,0.0133530432245133,1,0.26530612244898,0.436170212765957,0.178617910906208,0.334554612636566
darsana,2018-03-31,2018-05-31,2.70805020110221,0.0900204318396356,0.15945275854831,0.857799035836432,0.17899230570849,0.133333333333333,0.133333333333333,0.108595786135269,14.6966757208539,0.184409238280767,,0.149069961943265,-0.0426960364448876,,0.0654988967608155,0.0875421447821032,0,0.142857142857143,0.436170212765957,0.224296517944583,0.296250641345978
dragoneer,2018-03-31,2018-05-31,2.94443897916644,0.0816810234267916,0.154460360614351,0.80747919886775,0.299599113137023,0.315789473684211,0.35,0.145130787527034,11.2865052256071,0.417822670411294,0.547713561519336,0.133470707319521,-0.0170913727383126,0.415789133805724,0.0726538446872441,0.0946970927085319,0,0.0408163265306122,0.436170212765957,0.990627423273542,0.32244884967804
duquesne,2018-03-31,2018-05-31,3.09104245335832,0.0914696597256177,0.148507684937721,0.867697623932295,0.392837573103368,0.5,0.633333333333333,-0.0917848756600974,19.4797636695861,0.165532770057896,0.152486711655139,0.150425156677492,-0.0539267826229659,0.853572795114473,-0.00905110124526628,0.0129921467760215,1,0.163265306122449,0.436170212765957,0.0443554470166267,0.373834818601608
egerton,2018-03-31,2018-05-31,3.46573590279973,0.0399472976141733,0.0581212045906729,0.509845229443731,0.235305517702485,0.125,0.125,0.0729765193413151,14.6694087150072,0.0285558987543273,,0.0849179114733445,-0.0453201923526988,,0.0254667311228454,0.0475099791441332,0,0.510204081632653,0.436170212765957,0.204299784186071,0.106826320290565
eminence,2018-03-31,2018-05-31,3.63758615972639,0.0393573382967186,0.0965641586331141,0.503501228680001,0.189014799116887,0.105263157894737,0.128205128205128,-0.0226391524523476,9.26082973331225,-0.0216257098704421,,0.0915349544647855,-0.065629993895158,,0.0449921094467212,0.067035357468009,0,0.693877551020408,0.436170212765957,0.552176990376221,0.161039739847183
fisher,2018-03-31,2018-05-31,6.91274282049318,0.0105171587392105,0.0327481408241656,0.237688605785098,0.105641648321133,0.245771144278607,0.128735632183908,0.116959463155583,7.14070985162986,-0.0381958214792857,-0.0715022381826231,0.088232207676746,-0.061334881693071,-0.562093345217143,0.0199313174795848,0.0419745655008726,0,0.836734693877551,0.436170212765957,0.759412286493344,0.340079337358475
fundsmith,2018-03-31,2018-05-31,2.83321334405622,0.0672197760254938,0.0952224089929573,0.721716990484585,0.157520843251225,0.0588235294117647,0.111111111111111,0.0391377438954804,14.0422041958374,0.0231857956436438,0.377720455704543,0.119637167015322,-0.0567289734062164,4.21402180079628,0.148740975784602,0.17078422380589,0,0.551020408163265,0.436170212765957,0.00972287547600966,0.221468344330788
gardner-russo,2018-03-31,2018-05-31,4.60517018598809,0.0652594155490876,0.109332200866136,0.749110236737412,0.0373862271117797,0.01,0.489690721649485,-0.0131188274648889,6.90183249406435,-0.101160590984106,-0.0505881679700717,0.0798363868427963,-0.0710060474549964,0.773930121899516,0.0669659193044923,0.08900916732578,0,0.897959183673469,0.436170212765957,0.27339620127538,0.776113867759705
giverny,2018-03-31,2018-05-31,3.55534806148941,0.0796872789778851,0.197543906158578,0.718357908999742,0.0245125850965589,0,0,0.0243475015242357,10.0718859999705,-0.0341747951101308,,0.113826660070547,-0.0979625264104985,,0.0806651127109859,0.102708360732274,0,0.775510204081633,0.436170212765957,0.833054960054965,0.464993745088577
gotham,2018-03-31,2018-05-31,6.83410873881384,0.00354329572356756,0.011288943175088,0.0875305744542339,0.374099614524635,0.260495156081808,0.252448313384113,0.0374429317469192,6.27126951092903,0.0402044454276308,,0.107270420317562,-0.0792655645149634,,0.00186825025340175,0.0239114982746895,0,0.469387755102041,0.436170212765957,0.637951426842421,0.456235766410828
greenlight,2018-03-31,2018-05-31,3.55534806148941,0.0928192445850646,0.205991860658647,0.790515481592736,0.138683377746216,0.257142857142857,0.395348837209302,-0.321623935262885,6.72072699618399,0.068816067096701,,0.116139820287564,-0.0781256158468502,,-0.198479489288969,-0.176436241267682,1,0.387755102040816,0.436170212765957,0.802786827946417,0.538477599620819
harris,2018-03-31,2018-05-31,4.85981240436167,0.0203816206350644,0.0457837553881595,0.357856491276078,0.105460977229074,0.10077519379845,0.107692307692308,-0.0192401698316591,10.2274595258266,-0.0274637345577591,-0.013106154203915,0.109424707764202,-0.089240614889754,-0.892388417478456,-0.0600817500115581,-0.0380385019902703,1,0.755102040816326,0.436170212765957,0.752922548233965,0.329847186803818
hitchwood,2018-03-31,2018-05-31,3.49650756146648,0.0395091751574177,0.0650686375237735,0.508650002228296,0.663994030659602,0.424242424242424,0.568181818181818,-0.473570737887332,12.3619239705576,0.106663560899618,,0.125157064771305,-0.0580114971540562,,0.0581154096808162,0.0801586577021039,0,0.244897959183673,0.436170212765957,0.0684320955872971,0.194426596164703
icahn,2018-03-31,2018-05-31,2.77258872223978,0.238930379211854,0.447586641717402,0.947810844183535,0.176814103861054,0.0625,0.117647058823529,-0.118783711316628,2.3487769895863,0.296225549118362,-0.126242023193562,0.155769198020171,-0.081589427184483,-0.941845881312767,0.0187031982057037,0.0407464462269915,0,0.0612244897959184,0.436170212765957,0.992897703777673,0.5809006690979
lansdowne,2018-03-31,2018-05-31,3.73766961828337,0.105649046386194,0.157645065210151,0.937278068498166,0.117464345964879,0.261904761904762,0.295454545454545,-0.125694964306139,15.6707440192316,0.0665995034668615,0.181760204006782,0.136824137076004,-0.0791662521952334,0.780285502337312,-0.0698714746219335,-0.0478282266006457,1,0.408163265306122,0.436170212765957,0.311159981272772,0.573536694049835
light-street,2018-03-31,2018-05-31,3.17805383034795,0.0575328710193862,0.0973522268685061,0.668571845954385,0.387119588517455,0.416666666666667,0.333333333333333,0.407623544909541,11.398486204189,0.271701753412713,,0.149745124977518,-0.0394418337894967,,0.106293611444182,0.12833685946547,0,0.0816326530612245,0.436170212765957,0.252478491702958,0.120305776596069
lone-pine,2018-03-31,2018-05-31,3.40119738166216,0.0428805224129057,0.0623237431652877,0.533877498679538,0.249481961323213,0.266666666666667,0.290322580645161,0.0303242288645905,16.6923036484364,0.0490209907900376,0.107962702482355,0.108870491748624,-0.0518167802303275,1.13878308911326,0.0528951974807365,0.0749384455020243,0,0.448979591836735,0.436170212765957,0.0432590935383219,0.137082174420357
markel-13f,2018-03-31,2018-05-31,4.91998092582813,0.0248329153027132,0.0622021793716841,0.41601807582425,0.0467148024630784,0.0583941605839416,0.0652173913043478,-0.00681409500778657,9.3063123003163,0.0345362227433458,0.0428685827595314,0.0995775575364468,-0.062154711196433,0.539979669557572,0.046980537676354,0.0690237856976417,0,0.489795918367347,0.436170212765957,0.536457901117969,0.561969697475433
marshall-wace,2018-03-31,2018-05-31,7.37775890822787,0.00439509102017785,0.0216561734838212,0.133280838153954,0.410791730727405,0.39625,0.344640434192673,0.0910658027333761,7.45600109256568,0.0184584513750573,0.0590391956674877,0.0884960359733159,-0.0406945192485233,1.14359027046232,0.0622059214567244,0.0842491694780122,0,0.571428571428571,0.436170212765957,0.271571864282253,0.320618569850922
matrix,2018-03-31,2018-05-31,3.04452243772342,0.0908317877798831,0.205505902162909,0.804811837028636,0.160515961623766,0.238095238095238,0.2,0.0260494733157961,9.04630753869543,0.224225503480775,0.456918984976328,0.18652497685489,-0.0389403791098639,1.06882231443655,-0.0490498247352493,-0.0270065767139615,1,0.102040816326531,0.436170212765957,0.893488366205567,0.343836337327957
maverick,2018-03-31,2018-05-31,5.38449506278909,0.0293228524066556,0.0633810205368692,0.467142312743555,0.322288799110842,0.44954128440367,0.314285714285714,-0.0222057562438326,13.882381157199,-0.0363728738722924,,0.0711746156332655,-0.0360084357599051,,-0.0555117273310579,-0.0334684793097702,1,0.816326530612245,0.436170212765957,0.256925662903809,0.193800210952759
melvin,2018-03-31,2018-05-31,3.98898404656427,0.0356360306496156,0.0790182329185945,0.49393236355616,0.274117262890542,0.222222222222222,0.236363636363636,0.184540800270523,12.9438095029727,0.095468345146078,0.272264030038865,0.126656388703471,-0.0521539234847176,2.84507130000501,-0.0020432419023299,0.0200000061189579,1,0.285714285714286,0.436170212765957,0.0496839391929048,0.28793865442276
pershing-square,2018-03-31,2018-05-31,1.94591014905531,0.186573247467336,0.28648559491594,1,0.133802037332028,0.142857142857143,0.142857142857143,-0.195050376392102,7.49455675486399,-0.199611699392171,,0.106193684212172,-0.0786122647766242,,0.201310814628799,0.223354062650086,0,0.979591836734694,0.436170212765957,0.451788578527356,0.396548628807068
polen,2018-03-31,2018-05-31,4.02535169073515,0.0577000130896322,0.0991002533015188,0.642748256533603,0.137411849557385,0.107142857142857,0.0566037735849057,0.046260284397827,16.1032271651204,0.0834697104144484,0.199876764411752,0.12832679298705,-0.0575642390491535,1.63555713192001,0.122086561296902,0.14412980931819,0,0.306122448979592,0.436170212765957,0.124906633224899,0.415094763040543
pzena,2018-03-31,2018-05-31,5.05624580534831,0.0177490095839872,0.044577581135044,0.294209808259775,0.0903334443822278,0.0764331210191083,0.0705128205128205,-0.0359903474699376,6.49689830043929,-0.0194762082021088,-0.0271212131761347,0.114644693824709,-0.084524946173156,-1.12233138175054,-0.0794107878767932,-0.0573675398555054,1,0.673469387755102,0.436170212765957,0.870519689049399,0.46591255068779
ruane-cunniff,2018-03-31,2018-05-31,4.07753744390572,0.0517201965364509,0.0912047739590632,0.625797669803548,0.199640086545446,0.101694915254237,0.196969696969697,-0.112073311532034,15.3267635230408,0.000964010845848712,,0.115504789149458,-0.0835852613720553,,0.0135133759248745,0.0355566239461622,0,0.612244897959184,0.436170212765957,0.231874293953463,0.329819470643997
sands,2018-03-31,2018-05-31,4.20469261939097,0.0407367176618717,0.0816251644379379,0.536296698510946,0.119382656773636,0.0447761194029851,0.0588235294117647,0.0247376229244782,16.0920828493908,0.151535548760939,0.214653336627974,0.128865878513276,-0.0316167367424969,0.663003497202008,0.0388974547788656,0.0609407028001533,0,0.204081632653061,0.436170212765957,0.37936928054552,0.406129151582718
semper-augustus,2018-03-31,2018-05-31,3.25809653802148,0.114634032185727,0.251754721574902,0.76784807484957,0.0665166861596295,0,0,0.0736719619875103,8.24966088136065,-0.0218690850031066,-0.00671750352593564,0.093469198743651,-0.0584210483974377,0.607659575197515,0.0488002478771719,0.0708434958984597,0,0.714285714285714,0.436170212765957,0.747695727950014,0.580134570598602
soroban,2018-03-31,2018-05-31,2.63905732961526,0.100565814399057,0.172965035786341,0.897873161242689,0.236828254605791,0.357142857142857,0.470588235294118,-0.0633908819266055,12.9389877879966,-0.107645015170855,,0.104550145651595,-0.106892976069567,,-0.0146322693153042,0.00741097870598358,1,0.918367346938776,0.436170212765957,0.297694220296778,0.275225907564163
srs,2018-03-31,2018-05-31,2.94443897916644,0.214072415917296,0.417133166769736,0.948771458971938,0.142489307349287,0.157894736842105,0.157894736842105,0.277646018078845,16.1814986866092,0.481141902585418,,0.226794005119954,-0.0367168791080109,,-0.0547861709635848,-0.032742922942297,1,0.0204081632653061,0.436170212765957,0.666858344640028,0.296250641345978
steadfast,2018-03-31,2018-05-31,3.76120011569356,0.0372079987381912,0.0699017901120841,0.50514511526126,0.253701367341545,0.162790697674419,0.217391304347826,-0.0635717468717566,10.2284227762717,0.0826364916273751,,0.0934591044829503,-0.0226772182463207,,0.0456862636728275,0.0677295116941153,0,0.326530612244898,0.436170212765957,0.303432172565102,0.25405365228653
suvretta,2018-03-31,2018-05-31,2.89037175789616,0.0748302351794415,0.1112696970151,0.802434915053353,0.370513296691313,0.388888888888889,0.607142857142857,-0.0887896669246313,18.3024529981519,0.0756866424327844,0.131162644256248,0.114368594218235,-0.0413125314617365,1.38386445402954,-0.00216290753552226,0.0198803404857655,1,0.36734693877551,0.436170212765957,0.0171236063298875,0.317393273115158
third-avenue,2018-03-31,2018-05-31,4.35670882668959,0.0415470742541912,0.0900074729404775,0.543101672178533,0.142843618724221,0.0641025641025641,0.206521739130435,-0.0576157520047873,4.23664650651479,0.0248747511992324,,0.0921672737598436,-0.0445268707257892,,-0.156997468602388,-0.1349542205811,1,0.530612244897959,0.436170212765957,0.732673683183819,0.419273644685745
third-point,2018-03-31,2018-05-31,3.63758615972639,0.0665519509549586,0.18532107114604,0.648134612317618,0.25754544821864,0.315789473684211,0.395348837209302,-0.06545861755734,13.3138761668938,0.0165449731224214,,0.111363224147873,-0.0730847279782182,,-0.0440968978290703,-0.0220536498077826,1,0.591836734693878,0.436170212765957,0.496419777859202,0.341185629367828
tiger-global,2018-03-31,2018-05-31,3.97029191355212,0.0650654067137065,0.116132914945998,0.732280273759207,0.240186271122359,0.245283018867925,0.183673469387755,0.174456936410372,15.9412798151078,0.194513805399474,,0.189328214068145,-0.0462596074753409,,-0.0516767811634502,-0.0296335331421625,1,0.122448979591837,0.436170212765957,0.0754481944393654,0.51093989610672
tiger-management,2018-03-31,2018-05-31,4.23410650459726,0.0355407488054227,0.0599121255214118,0.475573534449139,0.225261960975006,0.27536231884058,0.21875,0.250801277429242,12.6703787677703,-0.0437106329570328,,0.123565542242035,-0.0746539738080872,,0.0650529737993589,0.0870962218206467,0,0.857142857142857,0.436170212765957,0.166647660337132,0.22316637635231
trian,2018-03-31,2018-05-31,1.94591014905531,0.20291064876607,0.303166437178149,1,0.0829365822889125,0,0,-0.175918630969127,7.70750725032406,-0.240341889654547,,0.0776944321094931,-0.0838294978388514,,0.104991185174709,0.127034433195997,0,1,0.436170212765957,0.670294938580943,0.552867531776428
tweedy-browne,2018-03-31,2018-05-31,3.8286413964891,0.0616106033754951,0.12770094028029,0.692620272646375,0.0775538029738405,0.0217391304347826,0.1,-0.110477420054732,10.8418999504536,-0.0107569808160674,-0.0561788883573088,0.104092108118797,-0.0794808038585506,-0.745041443225989,-0.072000689341871,-0.0499574413205832,1,0.653061224489796,0.436170212765957,0.74140102963191,0.640069842338562
valinor,2018-03-31,2018-05-31,3.55534806148941,0.0361304472600344,0.0614716528332261,0.457762150116638,0.197454710950559,0.171428571428571,0.09375,-0.0133919411886272,12.6773887217503,-0.0236630926723626,,0.073026396399992,-0.058811672699958,,-0.0400058892126888,-0.017962641191401,1,0.73469387755102,0.436170212765957,0.347525759340604,0.11592110991478
valueact,2018-03-31,2018-05-31,2.484906649788,0.117296505294919,0.194436499479542,0.985413445447064,0.156851305543834,0.0833333333333333,0.153846153846154,0.00923329149298428,6.18875071166334,-0.0354531234333161,0.0605617883382922,0.1302786076818,-0.0973226419807682,-0.164698093133956,-0.134400176499651,-0.112356928478364,1,0.795918367346939,0.436170212765957,0.808360254616757,0.451256632804871
viking,2018-03-31,2018-05-31,4.07753744390572,0.0376003167721823,0.0899320411361533,0.50938387785374,0.309545816898555,0.389830508474576,0.389830508474576,0.0208311190387521,15.5757611378298,0.126864490989411,,0.129555350276967,-0.0540234860299047,,-0.00932316719158741,0.0127200808297003,1,0.224489795918367,0.436170212765957,0.153283087030073,0.332365363836288
whale-rock,2018-03-31,2018-05-31,3.40119738166216,0.0441156742459874,0.0906458111005674,0.547015908382827,0.331625782107376,0.3,0.25,0.322088921685362,11.9144450888478,0.157549749108089,,0.188615310821882,-0.0391270325465611,,0.181596672520991,0.203639920542279,0,0.183673469387755,0.436170212765957,0.0648438167267656,0.123623192310333
yacktman,2018-03-31,2018-05-31,3.80666248977032,0.0732451027278942,0.125450395310992,0.798450644244795,0.033955117942942,0.0222222222222222,0,-0.065370483071345,10.4082223246303,-0.0889670324929953,-0.0106308927341367,0.0792980031905303,-0.0718315028151013,1.33826948938163,0.168243057536036,0.190286305557323,0,0.877551020408163,0.436170212765957,0.184142264950768,0.661947846412659
adage,2018-06-30,2018-08-31,6.59167373200866,0.00590917008317384,0.0276565125013767,0.161905863178086,0.19050589679128,0.164609053497942,0.148251748251748,0.0161964662459398,9.47029926688232,-0.0146878068377996,0.0254829210229754,0.100578770220402,-0.0692977918890873,0.44709683899887,0.0073346705639709,0.0135218424940987,0,0.58,0.440366972477064,0.461071171853868,0.327668517827988
akre,2018-06-30,2018-08-31,3.13549421592915,0.0809798273972695,0.132314229097718,0.809099552218028,0.0671964441167355,0.0434782608695652,0.0833333333333333,0.0381443722988361,8.94209822602744,0.0499883681295353,0.127762709846227,0.0946806544312006,-0.0380517210911981,0.994253716657899,0.266480149849678,0.272667321779805,0,0.32,0.440366972477064,0.494494838854583,0.568863987922669
altimeter,2018-06-30,2018-08-31,3.2188758248682,0.216703674388286,0.383706826654965,0.952185729312532,0.0591080812007057,0.16,0.16,0.0533120027365322,10.7351166905701,-0.00233678444901311,-0.0630600203408124,0.158110237580505,-0.0596754001930574,-0.385503816242474,0.00383031331452577,0.0100174852446535,0,0.52,0.440366972477064,0.699703315280903,0.383825480937958
appaloosa,2018-06-30,2018-08-31,3.87120101090789,0.0900009873782792,0.243262426365511,0.671659628240619,0.13537522329884,0.125,0.207547169811321,-0.106154814478285,15.6374900203913,-0.0255102132287771,,0.135023024509574,-0.0649334146072938,,-0.125717681250285,-0.119530509320158,1,0.6,0.440366972477064,0.38252500274734,0.547503888607025
berkshire-13f,2018-06-30,2018-08-31,3.78418963391826,0.111157599756688,0.238424271807134,0.819657623451702,0.0384708130932896,0,0.0434782608695652,0.0347024770705052,11.3737642440761,-0.0662989664413166,-0.233691277120463,0.116308852403993,-0.10865170533166,-0.68978636628176,-0.0676426759539004,-0.0614555040237726,1,0.78,0.440366972477064,0.710554302819557,0.690621078014374
cantillon,2018-06-30,2018-08-31,3.52636052461616,0.0365134277871567,0.0672426755300199,0.464661875612533,0.104828743310311,0.117647058823529,0.0625,0.0542946483262444,9.97905317915055,0.0182589034209448,0.126475127452102,0.0749392317046494,-0.0190556172339793,1.13648274287925,0.150184025085689,0.156371197015816,0,0.44,0.440366972477064,0.317245898516605,0.190407708287239
coatue,2018-06-30,2018-08-31,4.67282883446191,0.0588191381798886,0.102978033950572,0.674940981802575,0.272686653671957,0.383177570093458,0.472,-0.0175697870525444,17.4970874605726,-0.0441360637216307,0.189837860634206,0.162786097003138,-0.0630392634779099,0.367977844113231,0.0812875503123942,0.0874747222425219,0,0.7,0.440366972477064,0.100471753280059,0.194850772619247
darsana,2018-06-30,2018-08-31,2.70805020110221,0.0844752255579961,0.161243652591344,0.806232652449639,0.163496358593069,0.2,0.2,0.101903738721133,14.0794844307251,0.125688639722002,,0.152832500631182,-0.042696036444888,,0.0561335837585087,0.0623207556886364,0,0.18,0.440366972477064,0.159496700719101,0.320431232452393
dragoneer,2018-06-30,2018-08-31,3.09104245335832,0.0913195223439048,0.175498609957124,0.815776373127474,0.359858971689685,0.318181818181818,0.210526315789474,0.480231642622862,11.6530186542702,0.389603996135664,1.48661769914634,0.167140150067707,-0.0224478341130984,1.16565409663124,-0.00232267828764098,0.00386449364248679,1,0.04,0.440366972477064,0.999904162685294,0.240924075245857
duquesne,2018-06-30,2018-08-31,3.49650756146648,0.0780288117865369,0.142173272710685,0.769263853818257,0.345955436413971,0.575757575757576,0.363636363636364,0.135089639845459,22.9314336220134,0.118775054243315,0.173527907852321,0.159501619750321,-0.053926782622966,0.806994695836501,0.00286934309212224,0.00905651502225001,0,0.2,0.440366972477064,0.0395423506182652,0.265857428312302
egerton,2018-06-30,2018-08-31,3.43398720448515,0.0446832356682967,0.101969963546895,0.537945001131082,0.250115621531423,0.161290322580645,0.1875,0.0620435286230309,16.2075550295358,-0.0372725130607068,,0.0818962888015585,-0.0453201923526987,,0.066235476300717,0.0724226482308448,0,0.64,0.440366972477064,0.212199792935638,0.134255886077881
eminence,2018-06-30,2018-08-31,3.80666248977032,0.0366730365266615,0.0933400239660629,0.495779588565969,0.174805810625271,0.244444444444444,0.105263157894737,0.126795380152127,9.4718074009356,-0.0442660738894245,,0.0954615855837383,-0.0656299938951582,,0.0550560042343902,0.0612431761645179,0,0.72,0.440366972477064,0.59734810398357,0.247135281562805
fisher,2018-06-30,2018-08-31,6.6945620585211,0.0122175191696174,0.0349072608259061,0.263660228995819,0.119145494390461,0.107673267326733,0.282587064676617,-0.110960013499025,7.83936725919859,-0.0665930126648251,-0.11756954735621,0.0945805889066565,-0.061334881693071,-0.650640342595841,0.0200793678769334,0.0262665398070612,0,0.8,0.440366972477064,0.624746458638854,0.442085325717926
fundsmith,2018-06-30,2018-08-31,2.83321334405622,0.0673464957991637,0.0942588474886379,0.724151573696022,0.116097518155565,0.0588235294117647,0.0588235294117647,0.102236349425476,11.826029786062,0.0364584237598584,0.350435000986673,0.115144509281746,-0.0567289734062165,3.24582046404367,0.175490767742526,0.181677939672654,0,0.36,0.440366972477064,0.047248331079818,0.204577594995499
gardner-russo,2018-06-30,2018-08-31,4.58496747867057,0.0670844988867666,0.124185597809628,0.754265117002016,0.0395011882431393,0.0204081632653061,0.04,-0.0449266880417376,6.93393499960959,-0.137656164107975,-0.146044214905228,0.0827149664746808,-0.0710060474549964,0.395161254314017,0.104775535921984,0.110962707852111,0,0.94,0.440366972477064,0.443373929601804,0.790864288806915
giverny,2018-06-30,2018-08-31,3.58351893845611,0.0758493907565392,0.184287311560898,0.70797535246914,0.0924849631503594,0.0555555555555556,0.0285714285714286,0.174212470480844,10.9317940999804,-0.0118165899225022,-0.129037471840177,0.120704948986854,-0.0979625264104985,-1.61062235704096,0.0416681107503831,0.0478552826805109,0,0.56,0.440366972477064,0.939627636553995,0.480281263589859
gotham,2018-06-30,2018-08-31,6.75925527066369,0.00381165769341929,0.012737839113895,0.0942266257256081,0.350899309107479,0.252900232018562,0.306781485468245,-0.0326149357790914,6.36448718202552,0.0211526756031947,,0.113356908787841,-0.0792655645149631,,0.0292196718370026,0.0354068437671304,0,0.42,0.440366972477064,0.485947869421571,0.4274722635746
greenlight,2018-06-30,2018-08-31,3.36729582998647,0.121037318602585,0.265856621726764,0.855682644354026,0.143013260271244,0.206896551724138,0.342857142857143,-0.240708060148544,6.04945153760794,-0.160343246329495,,0.139271722013205,-0.0865437742064391,,-0.0278037924346476,-0.0216166205045198,1,0.96,0.440366972477064,0.678345441103996,0.391010731458664
harris,2018-06-30,2018-08-31,4.8283137373023,0.0200066903448307,0.0443531422249898,0.351441214258079,0.0915352576492288,0.048,0.0775193798449612,0.0325662124537886,9.9121648880961,-0.0914853986954589,-0.0358370246751094,0.112094967523417,-0.0892406148897541,-1.18654232979359,-0.0422933501402047,-0.0361061782100769,1,0.88,0.440366972477064,0.812961461288263,0.378024578094482
hitchwood,2018-06-30,2018-08-31,3.61091791264422,0.0415430454367638,0.0762764146711646,0.535290430807234,0.569685375004405,0.486486486486487,0.424242424242424,-0.020106082867174,14.0331293281963,0.137485860716374,,0.155792768345673,-0.0580114971540563,,0.0645198938758403,0.070707065805968,0,0.14,0.440366972477064,0.0409413715491921,0.15767614543438
icahn,2018-06-30,2018-08-31,3.04452243772342,0.267682761255482,0.489727329523173,0.902088845084806,0.0984856789435284,0.238095238095238,0,0.182194973656583,2.51980627130665,0.24208627322827,-0.0897824885228541,0.155994011611756,-0.0815894271844829,-1.03670081688881,-0.0476282962985458,-0.041441124368418,1,0.08,0.440366972477064,0.995555759005667,0.555392682552338
lansdowne,2018-06-30,2018-08-31,3.85014760171006,0.0871849414306586,0.144227588727909,0.85018788611663,0.131674312177614,0.25531914893617,0.166666666666667,0.0239415830824824,15.98573094261,0.0774024472196819,0.0986750534379013,0.146507722201303,-0.0791662521952332,0.00378333924448684,-0.0423436263662499,-0.0361564544361221,1,0.3,0.440366972477064,0.420454370959286,0.566675186157227
light-street,2018-06-30,2018-08-31,3.17805383034795,0.0621850775753868,0.127482020244501,0.689204176424602,0.299395733084538,0.25,0.25,0.073998794464446,11.5971110293357,0.392198028798364,,0.197543700807095,-0.039441833789497,,-0.0678150353839121,-0.0616278634537843,1,0.02,0.440366972477064,0.113205201407496,0.224288091063499
lone-pine,2018-06-30,2018-08-31,3.3322045101752,0.0442523401431602,0.0652118624235567,0.543297010383891,0.159293172616747,0.107142857142857,0.166666666666667,-0.0432815928606616,16.8302821227255,-0.0387672820652947,0.0677605556341785,0.106857313972771,-0.0518167802303278,0.521682735788455,0.107157338884965,0.113344510815092,0,0.66,0.440366972477064,0.0749118615206523,0.14943490922451
markel-13f,2018-06-30,2018-08-31,4.89034912822175,0.0245055037252282,0.065708211236808,0.411971754728499,0.0501418157328363,0.0827067669172932,0.109489051094891,0.035123576572523,9.29776979523756,0.0176874610850114,0.0464179852379293,0.103227089107409,-0.0621547111964331,0.592448149009255,0.0611544270971984,0.0673415990273261,0,0.46,0.440366972477064,0.520045616788423,0.518428027629852
marshall-wace,2018-06-30,2018-08-31,7.36264527041783,0.00452011075210927,0.0229721993803371,0.13645489138926,0.337032398430984,0.376269035532995,0.385625,0.0645462154041921,7.34394900264581,0.0219945837680133,0.019227851030303,0.0856308917641687,-0.0406945192485232,0.526862471147469,0.0953765320941001,0.101563704024228,0,0.4,0.440366972477064,0.471342216804566,0.407549291849136
matrix,2018-06-30,2018-08-31,2.99573227355399,0.0944670271010688,0.222438481067327,0.795958737812354,0.115849806639035,0.05,0.0952380952380952,0.202469786922218,8.28557343558431,0.0823343578772658,0.333994830992634,0.1908485017479,-0.0391480683772252,0.353401308156896,-0.0877366353846231,-0.0815494634544953,1,0.26,0.440366972477064,0.817570173103015,0.459168553352356
maverick,2018-06-30,2018-08-31,5.45958551414416,0.0265153324549453,0.0558610273351233,0.425502206866224,0.305192059194846,0.412765957446809,0.36697247706422,0.0989343304992849,13.9294397789522,-0.0323659751047292,,0.0742365854964802,-0.0360084357599051,,-0.0619390802017104,-0.0557519082715826,1,0.62,0.440366972477064,0.310468774485321,0.218875005841255
melvin,2018-06-30,2018-08-31,3.89182029811063,0.0426226605959097,0.0963300697627425,0.54762505389232,0.358852270367811,0.244897959183673,0.314814814814815,0.0131245191284678,14.5406515517706,0.0384076732735591,0.10426589948751,0.130111520679163,-0.0521539234847175,1.15925647762032,0.0674983939222,0.0736855658523277,0,0.34,0.440366972477064,0.0493605969237091,0.312850505113602
pershing-square,2018-06-30,2018-08-31,2.07944154167984,0.150442221856292,0.21652761093636,1,0.195879531669808,0.125,0,0.183406464530762,9.02740894650533,-0.0587001356400277,,0.0713831523198272,-0.0326863439998946,,0.363723636281209,0.369910808211337,0,0.74,0.440366972477064,0.626455726759329,0.298576325178146
polen,2018-06-30,2018-08-31,4.07753744390572,0.0580860804303194,0.0872024225806464,0.653021219415427,0.0406101726801881,0.0508474576271187,0,0.100065825276161,17.4577692416669,0.128946333998421,0.193609171646913,0.129658809827453,-0.0575642390491536,1.11101901087804,0.103844396964833,0.110031568894961,0,0.16,0.440366972477064,0.181707426867593,0.570968627929688
pzena,2018-06-30,2018-08-31,5.08140436498446,0.0166805069525673,0.0383621424006434,0.266221912975424,0.10673617242569,0.093167701863354,0.0700636942675159,0.011446130877246,6.0671373938716,-0.0771338221436317,-0.0903947795666594,0.113941554861961,-0.0915150497888188,-1.68489637619695,-0.0605749678229589,-0.0543877958928311,1,0.86,0.440366972477064,0.924817589064418,0.486947536468506
ruane-cunniff,2018-06-30,2018-08-31,4.11087386417331,0.0517394037012459,0.0854429166308305,0.629022067887962,0.0952774403083275,0.114754098360656,0.0847457627118644,0.0229951103431854,15.9328180993951,0.031327799721523,,0.12030757961874,-0.0835852613720554,,-0.00886469307587233,-0.00267752114574456,1,0.38,0.440366972477064,0.25640052041448,0.429185450077057
sands,2018-06-30,2018-08-31,4.18965474202643,0.0407054060202813,0.0847976407572595,0.531347028068061,0.0712122956844703,0.0454545454545455,0.0597014925373134,0.0324950907172458,16.0266560380336,0.0878012240831506,0.223752628761815,0.127290380502498,-0.0316167367424968,0.0102360680580826,0.0414133176514663,0.047600489581594,0,0.22,0.440366972477064,0.527377833742205,0.536320388317108
semper-augustus,2018-06-30,2018-08-31,3.36729582998647,0.0910358296564124,0.214997591326272,0.721375884483762,0.134232506940614,0.172413793103448,0.0769230769230769,0.106056596943162,8.15211556628858,-0.0696275457897422,-0.0258634114031199,0.101159655775605,-0.0650679760176457,1.01872990896243,0.0998112364645024,0.10599840839463,0,0.82,0.440366972477064,0.476429238026232,0.444088876247406
soroban,2018-06-30,2018-08-31,2.63905732961526,0.101967359497369,0.164975264340198,0.950456204150318,0.57382160873775,0.428571428571429,0.428571428571429,-0.675412063583786,12.4443120545006,-0.217050727214137,,0.0989792953380596,-0.106892976069567,,0.109990337235191,0.116177509165319,0,1,0.440366972477064,0.107180800983308,0.266264110803604
srs,2018-06-30,2018-08-31,3.17805383034795,0.171195451895219,0.354817277606539,0.884036353292827,0.242110272342677,0.25,0.0526315789473684,0.0537445060133545,15.5697635357261,0.252449114148339,,0.235893379635241,-0.0768338173925224,,-0.080752133056859,-0.0745649611267313,1,0.06,0.440366972477064,0.20958013035903,0.315804958343506
steadfast,2018-06-30,2018-08-31,3.71357206670431,0.0376454466358035,0.0672070999793004,0.509193748706272,0.170191346289443,0.146341463414634,0.186046511627907,0.0860483663032805,12.0070527151038,0.139450931236199,,0.10450653002938,-0.0226772182463209,,-0.0056567312187303,0.000530440711397469,1,0.12,0.440366972477064,0.259668637495986,0.262609601020813
suvretta,2018-06-30,2018-08-31,2.94443897916644,0.0704732759501275,0.115457327738376,0.74458571121686,0.321545372534214,0.368421052631579,0.333333333333333,-0.0362083533710627,16.8527595234537,0.00114907038018938,0.0377419809354769,0.112755188324358,-0.0413125314617365,0.472194248031712,0.0542195429594829,0.0604067148896107,0,0.48,0.440366972477064,0.0570885480857261,0.239908054471016
third-avenue,2018-06-30,2018-08-31,4.33073334028633,0.0426859069870772,0.091133435951586,0.557306840968974,0.108793557817484,0.0789473684210526,0.102564102564103,0.0258245448586191,3.77920270079343,-0.0609419238240503,,0.0844229275484138,-0.0445268707257893,,-0.158272632673714,-0.152085460743586,1,0.76,0.440366972477064,0.778768717738582,0.45584762096405
third-point,2018-06-30,2018-08-31,3.61091791264422,0.0683447108270661,0.186339583534283,0.663566147523884,0.263392663375961,0.351351351351351,0.368421052631579,0.121417238425344,13.2325185369415,-0.0999284380023971,,0.113357498321181,-0.0730847279782181,,0.105891093037519,0.112078264967646,0,0.9,0.440366972477064,0.447081154429424,0.264365673065186
tiger-global,2018-06-30,2018-08-31,4.0943445622221,0.0585100231798616,0.112956997581923,0.683781514244461,0.178478532107793,0.183333333333333,0.0754716981132076,0.245322845336731,15.9472565198612,0.0873121368247847,,0.184479334263505,-0.0462596074753409,,0.0197555809640365,0.0259427528941643,0,0.24,0.440366972477064,0.061710888262399,0.429846167564392
tiger-management,2018-06-30,2018-08-31,4.06044301054642,0.0498776787498559,0.0793326444301139,0.65148230735961,0.338145664917729,0.224137931034483,0.347826086956522,-0.557629612731333,15.197992339189,-0.00714549080507593,,0.138395231210319,-0.0746539738080872,,0.0730616336706455,0.0792488056007732,0,0.54,0.440366972477064,0.040117837217976,0.230262711644173
trian,2018-06-30,2018-08-31,2.07944154167984,0.201716275949078,0.294890574523737,1,0.0652249933572052,0.125,0,0.0121696428029531,7.04958270422649,-0.191794491972797,-0.341394567193367,0.0907610636412736,-0.0838294978388513,-0.935487170489728,0.126982776513391,0.133169948443519,0,0.98,0.440366972477064,0.584122309379573,0.658448338508606
tweedy-browne,2018-06-30,2018-08-31,3.78418963391826,0.0605691729961642,0.120088383618708,0.688063737612996,0.0579088820214082,0.0227272727272727,0.0652173913043478,-0.0144739413542804,11.948604341634,-0.0408407188694761,-0.0275967219238705,0.104866974158317,-0.0794808038585507,-0.149470290605626,-0.108406442632315,-0.102219270702188,1,0.68,0.440366972477064,0.563433439097939,0.604644417762756
valinor,2018-06-30,2018-08-31,3.43398720448515,0.0382681383926876,0.0651155065343846,0.469125311059772,0.265596395562639,0.225806451612903,0.314285714285714,-0.0534979943145557,12.5713213045968,-0.100823080827052,,0.0768162307185931,-0.0588116726999579,,-0.042011394388311,-0.0358242224581833,1,0.92,0.440366972477064,0.22999246050593,0.125039502978325
valueact,2018-06-30,2018-08-31,2.83321334405622,0.104482725341269,0.152512709588605,0.945871577821228,0.208384310674229,0.352941176470588,0.0833333333333333,0.102051937959883,5.71593817127671,-0.00189954506087045,0.0596337128452434,0.125665370773416,-0.0973226419807682,-0.321901701821217,-0.127538013716698,-0.121350841786571,1,0.5,0.440366972477064,0.885260729168115,0.462200403213501
viking,2018-06-30,2018-08-31,4.0943445622221,0.0370520978375459,0.0761455700761044,0.523706476283848,0.335238571852567,0.266666666666667,0.254237288135593,0.0505125394674239,15.1430986285461,0.0821917140933546,,0.12067303895282,-0.0540234860299048,,-0.0298663533761691,-0.0236791814460414,1,0.28,0.440366972477064,0.132692002346076,0.374820202589035
whale-rock,2018-06-30,2018-08-31,3.49650756146648,0.0437686845674252,0.0862342382940614,0.560475082936783,0.331498147403509,0.333333333333333,0.266666666666667,0.172446314801802,12.9604748541851,0.181112425595549,,0.176313295905588,-0.0391270325465609,,0.177120916361007,0.183308088291135,0,0.1,0.440366972477064,0.0625363243230397,0.145822018384933
yacktman,2018-06-30,2018-08-31,3.66356164612965,0.0797737045430868,0.150224401905552,0.789198763428702,0.13420491684342,0.0256410256410256,0.155555555555556,-0.188904744355926,10.7543509864489,-0.0705147552701257,0.0183449955509992,0.0919443510781329,-0.0718315028151016,2.08327400990338,0.139840916691017,0.146028088621145,0,0.84,0.440366972477064,0.0606297528786311,0.421239763498306
adage,2018-09-30,2018-11-30,6.56244409369372,0.00633486555921059,0.0300277486384009,0.171366603263983,0.154520730331239,0.0988700564971751,0.12482853223594,0.0260879386229204,9.25377640970438,-0.00112367923778155,0.0349147102773421,0.123225565386762,-0.0692977918890874,0.792469193265535,-0.0023166667672487,0.147649522778944,1,0.5,0.449197860962567,0.220736066181305,0.379677206277847
akre,2018-09-30,2018-11-30,3.17805383034795,0.0787789920917563,0.138457592137615,0.797039042803954,0.043102581787072,0.0416666666666667,0,0.0788021562262895,9.24736352286702,0.0730270951057207,0.168526541377508,0.120450872904104,-0.0552978835310323,1.40055509542833,0.157129178206503,0.307095367752696,0,0.24,0.449197860962567,0.389903559761571,0.497024714946747
altimeter,2018-09-30,2018-11-30,3.17805383034795,0.220079456787763,0.405178059362249,0.94120578834741,0.0894467575145054,0.166666666666667,0.2,0.185292748750926,10.3044746632657,0.185308241175819,0.0290804575681668,0.162765119331286,-0.0631919902585999,0.0608847963793325,-0.111973862813286,0.0379923267329064,1,0.06,0.449197860962567,0.709707771713375,0.34726282954216
appaloosa,2018-09-30,2018-11-30,3.61091791264422,0.108770580840877,0.286182956517338,0.698006220772572,0.177087678667684,0.0810810810810811,0.291666666666667,-0.428868884270204,13.3410482232026,-0.148610609864522,,0.182357056495269,-0.177193329129664,,-0.122932339022034,0.0270338505241582,1,0.92,0.449197860962567,0.484013243885571,0.209996685385704
berkshire-13f,2018-09-30,2018-11-30,3.8286413964891,0.1140071302762,0.257870397959187,0.803173748250143,0.0835251413855927,0.0869565217391304,0.0454545454545455,0.122101500342713,11.9708807671437,-0.0663842070657517,-0.199203027724338,0.124650006776021,-0.10865170533166,-1.18040148534612,0.0172963848554357,0.167262574401628,0,0.78,0.449197860962567,0.793862861842602,0.610823929309845
cantillon,2018-09-30,2018-11-30,3.52636052461616,0.0355414800419285,0.0632526743102577,0.460268153622346,0.0705873146852057,0.0294117647058824,0.0294117647058824,-0.0436528881522195,9.46142700734236,0.03433934640667,0.138892820625232,0.114624574529238,-0.0779381651226228,1.2265116176153,0.0831087535918284,0.233074943138021,0,0.36,0.449197860962567,0.295365014619722,0.395413726568222
coatue,2018-09-30,2018-11-30,4.70048036579242,0.0514663954103042,0.0764428661448806,0.641443642558178,0.293634614469608,0.490909090909091,0.476635514018692,-0.220400489090535,16.5681425784005,-0.0901380047007751,0.0331947526830828,0.198039656966416,-0.134685374344695,-0.195457515299625,0.149059211732378,0.299025401278571,0,0.84,0.449197860962567,0.134160571036578,0.192799493670464
darsana,2018-09-30,2018-11-30,2.77258872223978,0.091348879827258,0.172424116554464,0.856486281025416,0.175914591383855,0.125,0.0666666666666667,-0.00214570920294156,11.3491332868328,0.125425616144616,,0.173727247793554,-0.0585952850364756,,0.0884860665105799,0.238452256056773,0,0.12,0.449197860962567,0.20392627248917,0.257763683795929
dragoneer,2018-09-30,2018-11-30,3.04452243772342,0.100934545392596,0.175613354265329,0.887378463326033,0.169437387923274,0.142857142857143,0.181818181818182,0.0715140878749212,11.4700845983374,0.256030619745172,0.921713940244413,0.242842494656076,-0.157111276739941,1.32254208150009,-0.0772823293506639,0.0726838601955288,1,0.02,0.449197860962567,0.999419265664149,0.267011106014252
duquesne,2018-09-30,2018-11-30,3.68887945411394,0.0882881707564194,0.191638952250084,0.765297193448925,0.356430398215659,0.45,0.333333333333333,0.015464759030323,20.3467984917527,0.0356262090369416,0.124731133915004,0.212859559116565,-0.128676811135804,0.0983513683688043,0.0291197545615486,0.179085944107741,0,0.34,0.449197860962567,0.214521451686666,0.340766221284866
egerton,2018-09-30,2018-11-30,3.29583686600433,0.0571672319269796,0.12409337620365,0.652986393631069,0.26396857431839,0.111111111111111,0.225806451612903,0.0302020831450576,14.5488907557837,-0.0397862403178462,,0.129532510926957,-0.100544371027394,,0.106998368668836,0.256964558215029,0,0.68,0.449197860962567,0.248841868483826,0.198722958564758
eminence,2018-09-30,2018-11-30,3.68887945411394,0.038556001856452,0.0766237662253338,0.503433980470012,0.240992599701942,0.1,0.2,-0.143297181758992,8.81896698674193,-0.099647518087192,,0.129551770923485,-0.107481369200367,,0.124278289420453,0.274244478966646,0,0.88,0.449197860962567,0.355575778979152,0.202269494533539
fisher,2018-09-30,2018-11-30,6.70073110954781,0.0129853707444528,0.03815533314173,0.27282592546667,0.0924562052712212,0.0885608856088561,0.0829207920792079,0.0671411884345133,7.90551059978479,-0.0326578286727451,-0.0998835363235848,0.12063361819162,-0.0685022492837976,-1.27578274399612,0.017901888089825,0.167868077636018,0,0.66,0.449197860962567,0.871671411863574,0.376498252153397
fundsmith,2018-09-30,2018-11-30,2.83321334405622,0.0663948678398978,0.0926194708072035,0.710530668365807,0.115951344464408,0.0588235294117647,0.0588235294117647,0.104019764687937,13.3788185385157,0.0871971845325645,0.344132937350818,0.122369635836756,-0.0567289734062166,3.69051488823317,0.0559327226956319,0.205898912241824,0,0.18,0.449197860962567,0.0107887792335417,0.226760864257813
gardner-russo,2018-09-30,2018-11-30,4.55387689160054,0.0700838152342883,0.134438108877155,0.761848515590589,0.0361329553478962,0.0315789473684211,0.0612244897959184,0.00908185129645388,7.02917787017384,-0.0301386250044857,-0.100024297632056,0.0979453155794134,-0.0710060474549964,0.148130641348051,0.0180907135887686,0.168056903134961,0,0.64,0.449197860962567,0.529988055277879,0.731894195079804
giverny,2018-09-30,2018-11-30,3.58351893845611,0.0766017507961131,0.196993218492714,0.69716476605555,0.0965698302598649,0.138888888888889,0.138888888888889,-0.00663264196452395,10.4741642576407,-0.0136138543758898,-0.0772209741972986,0.155361682286581,-0.0979625264104986,-1.78575492618352,0.0828816594429507,0.232847848989143,0,0.58,0.449197860962567,0.956615939852463,0.398824274539948
gotham,2018-09-30,2018-11-30,6.82110747225647,0.00388139415266396,0.0117370603487862,0.0989436977140036,0.305300868719087,0.239912758996728,0.191415313225058,0.0453857122321163,6.38457717180018,-0.000203180008330084,,0.129512957274581,-0.0792655645149634,,0.0342158460674232,0.184182035613616,0,0.48,0.449197860962567,0.462901507900885,0.387349486351013
greenlight,2018-09-30,2018-11-30,2.99573227355399,0.125194880932731,0.216315135219127,0.88604376802978,0.249004492767,0.25,0.482758620689655,-0.280786770348518,4.81502965835467,-0.165079887962511,,0.11941979901626,-0.123634235584036,,-0.0095477793018709,0.140418410244322,1,1,0.449197860962567,0.714689218150446,0.372367858886719
harris,2018-09-30,2018-11-30,4.81218435537242,0.0193764054974814,0.0440648604555013,0.343265538682198,0.0607707954362154,0.032520325203252,0.048,0.0280863091462247,9.8848533429822,-0.0835720001390467,-0.0870227634424297,0.139253519824233,-0.113142734389673,-1.58031413895194,-0.000564191665821973,0.149401997880371,1,0.82,0.449197860962567,0.875984112003039,0.358072698116303
hitchwood,2018-09-30,2018-11-30,3.97029191355212,0.0257978994724004,0.0455123012874175,0.375597654785368,0.480535346563478,0.471698113207547,0.243243243243243,0.460427054892893,8.72688741814296,-0.0235171750106427,,0.234743929140812,-0.15978214684673,,0.159562234167216,0.309528423713409,0,0.62,0.449197860962567,0.079985849771967,0.182837396860123
icahn,2018-09-30,2018-11-30,2.99573227355399,0.258576719553614,0.4789807103652,0.902798450420884,0.0482970760050798,0,0.0476190476190476,0.0434946768970095,2.74787991673927,0.149081652461981,-0.141125878568797,0.184122870251367,-0.0880978988498752,-0.435207983183089,-0.0848126582483557,0.065153531297837,1,0.08,0.449197860962567,0.730742770401225,0.666853547096252
lansdowne,2018-09-30,2018-11-30,3.66356164612965,0.0856541408585116,0.176258128578224,0.819557194290813,0.175798020973392,0.0512820512820513,0.212765957446809,-0.111728762996973,12.7541906372204,-0.00254170759749576,-0.000698890534162444,0.17776624894646,-0.108625094198459,-0.792096889412512,-0.0210237423975477,0.128942447148645,1,0.52,0.449197860962567,0.650150022781925,0.224965140223503
light-street,2018-09-30,2018-11-30,3.09104245335832,0.0709409800637293,0.140360540853981,0.754309914147586,0.274015977421466,0.181818181818182,0.25,-0.00716408527949299,9.59443552016588,0.0837738227631245,,0.296751429937788,-0.210303392820573,,-0.00378587331042674,0.146180316235766,1,0.2,0.449197860962567,0.0769860258627856,0.267183005809784
lone-pine,2018-09-30,2018-11-30,3.2188758248682,0.0510884870985667,0.0824969237396645,0.598895165029913,0.175100369724986,0.12,0.214285714285714,0.027547914220099,17.5122830469231,0.0108481307198739,0.0419327729823282,0.147825826283127,-0.0909823422620393,0.147833273466497,0.131427938767696,0.281394128313889,0,0.46,0.449197860962567,0.113624953828674,0.134187981486321
markel-13f,2018-09-30,2018-11-30,4.87519732320115,0.0246377035154524,0.0618699425703839,0.412224330506404,0.0448779435324181,0.0305343511450382,0.0451127819548872,0.0845921102251427,9.15635753928776,0.0213301900989411,0.0866439918615613,0.13578016491667,-0.075519832170226,0.637657775522363,0.0307755996807109,0.180741789226904,0,0.4,0.449197860962567,0.43072755445532,0.49375382065773
marshall-wace,2018-09-30,2018-11-30,7.27724772663148,0.00527221682413125,0.0236676339963949,0.157235459432159,0.365700398286449,0.363510711817554,0.415609137055838,0.0629674483824084,7.18101795567595,0.029347044939079,0.0732271023560553,0.125646606714959,-0.0777291372563372,1.24921516065831,0.0460343473604239,0.196000536906617,0,0.38,0.449197860962567,0.185538296244397,0.477834492921829
matrix,2018-09-30,2018-11-30,3.04452243772342,0.0809678890414268,0.184863872090981,0.777482213652592,0.0854011372497248,0.0476190476190476,0,0.139827476746678,8.96650135993263,0.0918962898601376,0.147660896132687,0.273306321816261,-0.180135428482229,-0.131989634817508,-0.106480672649524,0.0434855168966685,1,0.16,0.449197860962567,0.730993309089108,0.427751541137695
maverick,2018-09-30,2018-11-30,5.47227067367148,0.02493089025914,0.0540029502631018,0.411603621865283,0.374236066781785,0.294117647058824,0.285106382978723,-0.0621632660662002,10.4110678775707,-0.0423486529946058,,0.116556564105465,-0.0952145113244011,,0.00812868584965795,0.158094875395851,0,0.7,0.449197860962567,0.426991619647357,0.294559836387634
melvin,2018-09-30,2018-11-30,3.87120101090789,0.041846768795869,0.111854728595443,0.525122154929862,0.39025028279906,0.25,0.26530612244898,0.0340878552394095,13.1853302966929,-0.0483748915485935,0.0463931015635506,0.180092002236829,-0.122119572083273,-0.0569411849799887,0.0878024896437357,0.237768679189928,0,0.74,0.449197860962567,0.269355148746497,0.219130471348763
pershing-square,2018-09-30,2018-11-30,1.94591014905531,0.166352514034624,0.237222964567111,1,0.150161345187895,0,0.125,-0.108341886883378,9.51073910672872,0.0551463920232616,,0.103315241735709,-0.0588489185731574,,0.228975405003913,0.378941594550106,0,0.32,0.449197860962567,0.464910531954735,0.495710998773575
polen,2018-09-30,2018-11-30,4.06044301054642,0.0549488066500978,0.0899605670835443,0.631316973799731,0.0769929224866555,0.0517241379310345,0.0677966101694915,0.120640773307869,16.2910825575317,0.125079825238658,0.14918766098629,0.168105881169816,-0.0888754773728102,0.887968832574896,0.105139946886794,0.255106136432987,0,0.14,0.449197860962567,0.154269801643751,0.499600023031235
pzena,2018-09-30,2018-11-30,5.20948615284142,0.01696599822697,0.0385520598080777,0.272844054705661,0.0717075141661626,0.207650273224044,0.0993788819875776,0.033086948646961,5.93356829326798,-0.0975001022204773,-0.0673166745803028,0.119758262818113,-0.127715036907995,-1.19621098472124,-0.0281408266927241,0.121825362853469,1,0.86,0.449197860962567,0.946143359697153,0.515078485012054
ruane-cunniff,2018-09-30,2018-11-30,4.11087386417331,0.0533739169369161,0.0925335478872422,0.631841975784684,0.0588326603440492,0.0655737704918033,0.0655737704918033,-0.0263587918856782,15.2884638610376,-0.0481213376538565,,0.160540332455702,-0.111429570283053,,0.0729692115136924,0.222935401059885,0,0.72,0.449197860962567,0.175538786223532,0.336075216531754
sands,2018-09-30,2018-11-30,4.21950770517611,0.0392989235589616,0.0825652963727384,0.523370955242315,0.0655003284590842,0.0735294117647059,0.0454545454545455,0.0124956943616053,15.6681912084518,0.0655354553399343,0.0646091413800418,0.201659161600748,-0.133039035913764,-0.261888206982322,0.097968295676063,0.247934485222256,0,0.28,0.449197860962567,0.378863028593401,0.584996581077576
semper-augustus,2018-09-30,2018-11-30,3.36729582998647,0.0968463172042428,0.227304187334179,0.723099550121121,0.0687434267356283,0.0689655172413793,0.0689655172413793,0.0813186588160776,8.07590264159649,0.0554461494786756,0.102108150706236,0.113965451675669,-0.0650679760176457,1.71097865774958,-0.0255243284037334,0.124441861142459,1,0.3,0.449197860962567,0.323037108513728,0.555994689464569
soroban,2018-09-30,2018-11-30,2.83321334405622,0.0840283292604982,0.159525852839724,0.818959353985095,0.313888831009354,0.352941176470588,0.214285714285714,0.0117801109225343,14.1377843348224,-0.155942594478084,,0.143416188074539,-0.165966732485664,,0.148749265295172,0.298715454841365,0,0.96,0.449197860962567,0.403600130850446,0.160979866981506
srs,2018-09-30,2018-11-30,3.04452243772342,0.143890958893053,0.271952890260775,0.905647657131875,0.128563389525678,0.0952380952380952,0.208333333333333,-0.160002230935533,15.1674903749907,0.192313594374319,,0.277246225614263,-0.171096623135792,,0.0159230307351904,0.165889220281383,0,0.04,0.449197860962567,0.0834065232208067,0.404100745916367
steadfast,2018-09-30,2018-11-30,3.66356164612965,0.0369838582884825,0.0587635504744208,0.484174559634958,0.160661170881156,0.102564102564103,0.146341463414634,0.118541888082981,10.6263057507039,0.141479657163132,,0.168322554997778,-0.105767934930535,,0.0362411717076274,0.18620736125382,0,0.1,0.449197860962567,0.221633496255459,0.323331832885742
suvretta,2018-09-30,2018-11-30,3.04452243772342,0.0649803840422046,0.106708566997984,0.70726483268709,0.334147489134496,0.285714285714286,0.210526315789474,0.142499792659543,14.8743013288543,0.0122470679230739,0.103990753720934,0.157723138213145,-0.101533353715063,0.61875728863249,0.047571472745035,0.197537662291228,0,0.44,0.449197860962567,0.14539112330276,0.133685886859894
third-avenue,2018-09-30,2018-11-30,4.29045944114839,0.0422173685600528,0.10003806584827,0.553254347639466,0.125578778195065,0.0136986301369863,0.0526315789473684,-0.130375466504025,3.76923963185694,-0.161501019404649,-0.245193392318025,0.119694913780817,-0.132140559358323,-2.03232768156434,-0.103891999583741,0.046074189962452,1,0.98,0.449197860962567,0.945753657019042,0.50012218952179
third-point,2018-09-30,2018-11-30,3.43398720448515,0.0773391504875225,0.193992498486989,0.697879212750755,0.307371186296767,0.225806451612903,0.351351351351351,0.00282421659592649,11.3065962090923,-0.115623983172907,,0.178045328834283,-0.173765892047206,,0.0943989486044408,0.244365138150633,0,0.9,0.449197860962567,0.424287992211558,0.172941729426384
tiger-global,2018-09-30,2018-11-30,4.20469261939097,0.0547235640635514,0.113683384399152,0.651874938989593,0.133125778455888,0.119402985074627,0.0166666666666667,0.100913780511998,15.5046898898212,0.0211059383935401,0.123074394541494,0.232378271381453,-0.14172089611106,-0.262764691663063,0.122367497858633,0.272333687404826,0,0.42,0.449197860962567,0.452592871508178,0.497253686189652
tiger-management,2018-09-30,2018-11-30,4.02535169073515,0.0440343323355429,0.0802599936735635,0.572763547530213,0.234028667028908,0.357142857142857,0.379310344827586,0.30683214641568,14.7068134958897,-0.00661824043071408,,0.179889986641865,-0.105015531465891,,0.166731865130873,0.316698054677065,0,0.54,0.449197860962567,0.0946780285405873,0.197202727198601
trian,2018-09-30,2018-11-30,2.19722457733622,0.192111044674115,0.305189164207283,1,0.0575549330819947,0.111111111111111,0,0.0298027920084689,7.33986500479335,-0.0647133646030976,-0.295814052323645,0.0863165913904142,-0.0838294978388513,-0.542945010438715,0.0959243267965994,0.245890516342792,0,0.76,0.449197860962567,0.345572798933868,0.747546255588532
tweedy-browne,2018-09-30,2018-11-30,3.80666248977032,0.06222224209766,0.127745668223595,0.699799306915775,0.0412643479570357,0.0222222222222222,0,0.0305365650136929,10.4912671387675,-0.0197958858983616,-0.011463728121968,0.131564776734343,-0.0794808038585507,-0.332529678865376,-0.132938620172586,0.0170275693736067,1,0.6,0.449197860962567,0.672007115118052,0.565248906612396
valinor,2018-09-30,2018-11-30,3.40119738166216,0.0386618959413246,0.0707673777940984,0.472328747124386,0.153357219242271,0.1,0.129032258064516,-0.128240293490494,12.4225469716161,-0.153352453839583,,0.135302448206069,-0.127428685942977,,0.0585761960285968,0.208542385574789,0,0.94,0.449197860962567,0.237905523222438,0.194567501544952
valueact,2018-09-30,2018-11-30,2.94443897916644,0.114994436924334,0.185066123113206,0.965792192707827,0.171107980621357,0.263157894736842,0.176470588235294,-0.0830536564517071,6.31972347943989,-0.0788227233165036,-0.111125188055218,0.17553758481214,-0.138230533342142,-1.39980392107042,-0.00567751963064603,0.144288669915547,1,0.8,0.449197860962567,0.86015072059601,0.29661175608635
viking,2018-09-30,2018-11-30,4.15888308335967,0.0427054321356651,0.0864313588607473,0.572185468085675,0.304938043989087,0.296875,0.25,0.0334494719919507,13.959102458467,-0.00878896480403126,,0.154553483078038,-0.0994730450289673,,-0.0375042063525716,0.112461983193621,1,0.56,0.449197860962567,0.174365314151371,0.231570020318031
whale-rock,2018-09-30,2018-11-30,3.55534806148941,0.0418104985627344,0.0914634758037998,0.512961004074035,0.310668380586257,0.314285714285714,0.272727272727273,0.248925474530903,11.7517892871275,0.0659605082607417,,0.243397154327392,-0.14726143324057,,0.236259298078576,0.386225487624768,0,0.26,0.449197860962567,0.0633885738044268,0.203602120280266
yacktman,2018-09-30,2018-11-30,3.76120011569356,0.0786892706688037,0.154311073197304,0.785731325691751,0.0296337267084078,0.0930232558139535,0,0.0358393205555139,11.0170785957058,0.0803404841029253,0.147311177024651,0.0963728794460903,-0.0718315028151013,2.49132853294535,0.00188329890254124,0.151849488448734,0,0.22,0.449197860962567,0.124438441930218,0.800924360752106
abrams,2018-12-31,2019-02-28,2.94443897916644,0.080305968074542,0.123026813843626,0.820704528699838,0.341383294432116,0.105263157894737,0.227272727272727,-0.446817883116223,7.68609066986674,-0.0304791253534907,,0.182437286581611,-0.160826601420795,,-0.116817573926665,-0.0491250615981372,1,0.653846153846154,0.459715639810427,0.264914059657026,0.174368992447853
adage,2018-12-31,2019-02-28,6.55677835615804,0.00593127635661945,0.0275431260883295,0.155830259681819,0.195046265997617,0.136363636363636,0.141242937853107,-0.216748398283627,8.97046701133015,-0.0155970132461639,-0.000246916919352969,0.163743605369783,-0.128672547167258,0.471029291157426,0.0115625727940604,0.0792550851225881,0,0.5,0.459715639810427,0.198627105879313,0.31655278801918
akre,2018-12-31,2019-02-28,3.2188758248682,0.079959722783567,0.141506354455447,0.808075434548204,0.0475569433311983,0.04,0,-0.0807278572081225,9.71998640116537,0.108507629398825,0.254384705442752,0.142185626289231,-0.0759705195312662,2.43795791337846,0.171370675982204,0.239063188310732,0,0.173076923076923,0.459715639810427,0.136775388523159,0.455692738294601
altimeter,2018-12-31,2019-02-28,3.2188758248682,0.196189852448544,0.355427782149912,0.941779956869175,0.144363108579077,0.24,0.208333333333333,0.0692916593435133,13.9264184332443,0.143939949062916,-0.065448253230888,0.191929785482775,-0.113776457807326,-0.0252626872372665,-0.0842051267884354,-0.0165126144599076,1,0.0961538461538462,0.459715639810427,0.158476221050669,0.369591623544693
appaloosa,2018-12-31,2019-02-28,3.13549421592915,0.10431921945138,0.250970652529629,0.795344822642726,0.320367685718802,0.173913043478261,0.486486486486487,-1.03413288981769,11.9662528313788,-0.143996291757873,,0.265500009054481,-0.273573025699121,,0.00782795421928662,0.0755204665478144,0,1,0.459715639810427,0.258992116036034,0.171328157186508
berkshire-13f,2018-12-31,2019-02-28,3.87120101090789,0.0995835797522083,0.215060178247015,0.800751386656491,0.0671413633635151,0.0625,0.0217391304347826,-0.188406886446185,11.2702767957537,-0.107210781651637,-0.344131451860405,0.190092303974375,-0.190131359478269,-2.23248658677293,0.0657551437099337,0.133447656038461,0,0.923076923076923,0.459715639810427,0.624753162287852,0.570624470710754
cantillon,2018-12-31,2019-02-28,3.52636052461616,0.0354651009994173,0.0594900313065409,0.470025245341585,0.0687790363279404,0.0294117647058824,0.0294117647058824,-0.0705951537358105,9.2465813423927,0.0521942907774138,0.240087810377076,0.152994972750643,-0.1027215853282,2.43592611295841,0.0874705042271059,0.155163016555634,0,0.307692307692308,0.459715639810427,0.0559069347384203,0.321757823228836
coatue,2018-12-31,2019-02-28,4.70048036579242,0.0520649521254943,0.0869992152696913,0.638723598714101,0.203895952259921,0.427272727272727,0.427272727272727,-0.124448155372775,16.6937818103241,-0.0658485958745861,0.26079103216581,0.238634407985036,-0.202649908277232,0.372685827337005,0.167323991023705,0.235016503352232,0,0.788461538461538,0.459715639810427,0.767812038300391,0.232464700937271
darsana,2018-12-31,2019-02-28,2.484906649788,0.116344426597774,0.203597191231951,0.95959770502078,0.172504226839519,0,0.25,-0.288667638594045,10.8769961093466,0.100318140448979,,0.228178308687156,-0.14079782684566,,0.0639742138860479,0.131666726214576,0,0.211538461538462,0.459715639810427,0.13002906422488,0.308477520942688
dragoneer,2018-12-31,2019-02-28,3.2188758248682,0.0893359955801921,0.179377558050006,0.851051742357412,0.292683265311689,0.28,0.142857142857143,0.0459654567557857,9.88350800028678,0.229754934211596,1.8106110035754,0.344046986389487,-0.230952249140983,2.08695586880071,-0.0605598317144253,0.00713268061410242,1,0.0192307692307692,0.459715639810427,0.999999999170885,0.36576110124588
duquesne,2018-12-31,2019-02-28,3.40119738166216,0.116886428290523,0.288233143573406,0.776101309067002,0.395470506587471,0.4,0.55,-0.256750267021715,19.4861532600715,-0.0236694096668497,0.122740734546014,0.206183870190523,-0.168396192028627,0.0413532737478972,0.128838066263105,0.196530578591633,0,0.557692307692308,0.459715639810427,0.661199722245225,0.230228811502457
egerton,2018-12-31,2019-02-28,3.25809653802148,0.0666319775471658,0.160558557612374,0.692776668749164,0.270261856503231,0.230769230769231,0.259259259259259,-0.114738046843877,13.8709893233376,-0.0274727137983474,,0.202268126739676,-0.171422267670475,,0.11105111165319,0.178743623981718,0,0.596153846153846,0.459715639810427,0.252524913489586,0.179519161581993
eminence,2018-12-31,2019-02-28,3.78418963391826,0.0332225384455679,0.068625550389842,0.439994612398257,0.270523825438709,0.25,0.175,-0.168964644394195,9.47797331190749,-0.0395543047487584,,0.156944555062622,-0.153672771385979,,0.0586048059064422,0.12629731823497,0,0.692307692307692,0.459715639810427,0.371314107106727,0.198984801769257
fisher,2018-12-31,2019-02-28,6.6945620585211,0.0124934180844747,0.0335582213113832,0.258700337773127,0.0785599548423818,0.0940594059405941,0.0996309963099631,-0.11782636464689,7.97313688558382,-0.02718275958363,-0.0805656470431386,0.135499508819797,-0.113794326384133,0.140950881945924,0.0506610341088427,0.11835354643737,0,0.576923076923077,0.459715639810427,0.303428861550386,0.383615016937256
fundsmith,2018-12-31,2019-02-28,3.46573590279973,0.0610223850137407,0.0871580728996243,0.679249580545347,0.0574428305530597,0.46875,0,0.0463426450160022,12.6836642119023,0.106610597539186,0.308103138683467,0.170219010018955,-0.0999063412321911,2.65792947469176,0.0283456370826479,0.0960381494111757,0,0.192307692307692,0.459715639810427,0.0806812130263418,0.315523356199265
gardner-russo,2018-12-31,2019-02-28,4.47733681447821,0.0705351586132993,0.12651072767223,0.761904030547003,0.0420894076856607,0.0227272727272727,0.0947368421052632,-0.138055237046107,7.63020743871725,-0.0306598076847153,-0.15256219279921,0.132839292420302,-0.0990917818492487,-0.147703950360766,-0.0108812189051236,0.0568112934234042,1,0.673076923076923,0.459715639810427,0.240326881708995,0.708562672138214
giverny,2018-12-31,2019-02-28,3.55534806148941,0.0823442448303285,0.217454513821155,0.683087471595852,0.108332116247016,0.0285714285714286,0.0555555555555556,-0.151884443520622,10.6617243888165,-0.0165577387894262,-0.0854372470559111,0.158093828899507,-0.124115343071793,-0.457929614752088,0.0595438316224542,0.127236343950982,0,0.519230769230769,0.459715639810427,0.617639155242468,0.416803896427155
gotham,2018-12-31,2019-02-28,6.87212810133899,0.00361748995860748,0.0119387157939818,0.0948460327094831,0.34537715797365,0.27979274611399,0.242093784078517,-0.117952540376532,6.30220313345448,-0.0282203733839691,,0.162124976323909,-0.13057740058349,,0.0152148976381392,0.0829074099666669,0,0.634615384615385,0.459715639810427,0.408972305897421,0.254287093877792
greenlight,2018-12-31,2019-02-28,2.99573227355399,0.132005992214426,0.289129580540883,0.863538109390955,0.274459853004381,0.3,0.3,-0.538750182388506,4.16619447393387,-0.131199586986573,,0.293511679663991,-0.267683570731678,,-0.041806367898411,0.0258861444301168,1,0.980769230769231,0.459715639810427,0.397572286608616,0.251418173313141
harris,2018-12-31,2019-02-28,4.8283137373023,0.0199702332193516,0.047943768879794,0.342909907540573,0.118203459203703,0.056,0.040650406504065,-0.249890001414874,9.91374019144314,-0.067692754117918,0.00744916329526368,0.194098642626016,-0.155679377654625,-0.394345610020419,-0.047063439468027,0.0206290728605007,1,0.807692307692308,0.459715639810427,0.505702022872884,0.23007570207119
hitchwood,2018-12-31,2019-02-28,2.94443897916644,0.706989890729419,0.839662031130912,0.960762543283457,0.897588579120956,0.421052631578947,0.792452830188679,-0.158813590113751,11.8092169278937,0.0718654632832374,,0.314313873091941,-0.238881882492639,,0.0622671224762772,0.129959634804805,0,0.269230769230769,0.459715639810427,6.27464033123527e-05,0.265234380960465
icahn,2018-12-31,2019-02-28,2.89037175789616,0.275113028947439,0.490278785367374,0.945464975358784,0.12005623895343,0.166666666666667,0.25,-0.210739326875587,3.04812099404598,0.217928095943776,0.184049370152414,0.282058255145292,-0.213216512900905,0.21288009546748,-0.167479283617228,-0.0997867712887007,1,0.0384615384615385,0.459715639810427,0.898009625195311,0.487652033567429
lansdowne,2018-12-31,2019-02-28,3.55534806148941,0.105711921038078,0.234246730777831,0.848585699432994,0.196306677772895,0.142857142857143,0.230769230769231,-0.468020643861925,10.7483501890329,-0.105311855906943,-0.0212934702545725,0.216528108775956,-0.189627060250358,-0.766196455365851,-0.0533142158493064,0.0143782964792214,1,0.884615384615385,0.459715639810427,0.785354160605907,0.276221394538879
light-street,2018-12-31,2019-02-28,3.25809653802148,0.0518837737299072,0.0913545651607792,0.608597019523843,0.46624367967815,0.423076923076923,0.318181818181818,-0.0711314935783288,10.3368137954306,0.15670000436035,,0.363288166592992,-0.290712462792748,,-0.0675785735712964,0.000113938757231366,1,0.0769230769230769,0.459715639810427,0.0218167587898775,0.216994896531105
lone-pine,2018-12-31,2019-02-28,3.2188758248682,0.0519549195933393,0.0785407600380209,0.608393700019769,0.275361145616031,0.24,0.24,-0.274510585573039,17.2123926601331,0.0519397891654296,0.178947942455506,0.213071531553851,-0.161435913494914,0.512922267955935,0.198217510806422,0.26591002313495,0,0.326923076923077,0.459715639810427,0.227893672957658,0.185592949390411
markel-13f,2018-12-31,2019-02-28,4.88280192258637,0.0253806748523886,0.0640786638126629,0.419797062067703,0.0429769139522921,0.0378787878787879,0.0305343511450382,-0.124802256937157,9.57858996598468,-0.00680739420790397,0.0301337415851596,0.144318356570281,-0.108750281005096,0.834561077762804,0.0340749725585452,0.101767484887073,0,0.461538461538462,0.459715639810427,0.205743014422475,0.331822216510773
marshall-wace,2018-12-31,2019-02-28,7.5923661285198,0.00515815630808921,0.0265207484182707,0.156090518926561,0.401519623873117,0.48814926878467,0.298548721492744,-0.24487064083,7.27029060642136,0.0220607531498708,0.0994187124397135,0.161503400957956,-0.122995236497061,1.72390692117619,0.0566281203895312,0.124320632718059,0,0.403846153846154,0.459715639810427,0.0901350528062525,0.429946184158325
matrix,2018-12-31,2019-02-28,2.94443897916644,0.0903252620470258,0.177343485230818,0.808157164253421,0.172892271597721,0.105263157894737,0.19047619047619,-0.293354531119835,9.32500284076886,0.0450893242512152,0.574559778979202,0.306555632357509,-0.228459111562436,0.533398377041956,-0.0885841345993759,-0.0208916222708481,1,0.346153846153846,0.459715639810427,0.996132703857651,0.414280325174332
maverick,2018-12-31,2019-02-28,5.54907608489522,0.0212617888883659,0.0470172634449438,0.372346250700605,0.315632968395846,0.33852140077821,0.285714285714286,-0.165659128513733,10.3183283651152,-0.0198358287316397,,0.187862367256352,-0.16800416799256,,-0.0480128255277667,0.019679686800761,1,0.538461538461538,0.459715639810427,0.323473657243843,0.197358146309853
melvin,2018-12-31,2019-02-28,3.71357206670431,0.0398741706941598,0.0753183565521109,0.524726247179356,0.399995270379294,0.292682926829268,0.395833333333333,-0.199129810374847,11.9337777416023,-0.028126727286688,0.0499712263527121,0.243995172117231,-0.204503098462861,-1.11461352482716,0.0904742208108883,0.158166733139416,0,0.615384615384615,0.459715639810427,0.738211833905398,0.137883231043816
pershing-square,2018-12-31,2019-02-28,2.19722457733622,0.12836581043761,0.172822204082071,1,0.259011646010563,0.222222222222222,0,0.134286403458928,8.7875428527497,0.217516327870696,,0.198097006502588,-0.101524662101301,,0.0632310442026195,0.130923556531147,0,0.0576923076923077,0.459715639810427,0.142393738499986,0.306430250406265
polen,2018-12-31,2019-02-28,4.06044301054642,0.0565079861256366,0.0940807773107874,0.654264072848762,0.0704699099626727,0.0344827586206897,0.0344827586206897,-0.135815802675933,17.3296401247182,0.137553035008107,0.194522230531242,0.180820848435058,-0.129095252893052,1.18207241365093,0.116678713811688,0.184371226140215,0,0.134615384615385,0.459715639810427,0.230061050940363,0.555842936038971
pzena,2018-12-31,2019-02-28,5.20948615284142,0.0172499358522234,0.0335629437951489,0.279149870231483,0.0978060175474318,0.120218579234973,0.120218579234973,-0.18382974301418,5.98443268774351,-0.101518791920426,0.0155209886080191,0.193829258292436,-0.161982926851062,-0.264575963461811,-0.108911218560905,-0.0412187062323771,1,0.865384615384615,0.459715639810427,0.577142292554248,0.434060126543045
ruane-cunniff,2018-12-31,2019-02-28,4.04305126783455,0.0526751413733167,0.0947733081719598,0.621234202806323,0.0833810905422808,0.140350877192982,0.19672131147541,-0.179777137543974,15.3597445915066,-0.0580254524356536,,0.16678143615723,-0.169863279153678,,0.0549906880871402,0.122683200415668,0,0.75,0.459715639810427,0.32732282241878,0.33963418006897
sands,2018-12-31,2019-02-28,4.26267987704132,0.0382067399225096,0.0777398791554152,0.525229343395485,0.0788903303267772,0.0985915492957746,0.0588235294117647,-0.232538272891252,14.7352087264307,0.0720903314960767,0.301052456929536,0.234572918496463,-0.165441764586308,0.553733014481835,0.0895404982005318,0.15723301052906,0,0.25,0.459715639810427,0.802091210451104,0.454019904136658
semper-augustus,2018-12-31,2019-02-28,3.3322045101752,0.104689923687802,0.237446119651311,0.739305834816181,0.0701223350465953,0,0.0344827586206897,-0.107753759258683,8.41033860306163,-0.00948636879547103,-0.0593425808036394,0.114709720061077,-0.0680102355640253,1.51642081652726,0.0192721576164549,0.0869646699449827,0,0.480769230769231,0.459715639810427,0.0328971048741595,0.552817285060883
senator,2018-12-31,2019-02-28,3.40119738166216,0.043731806690356,0.0608916679092362,0.551589676128311,0.424687141098739,0.266666666666667,0.435897435897436,-0.77166593584495,10.5246796609248,-0.0792027566626557,,0.19498447655186,-0.183119624080772,,0.0051346832654704,0.0728271955939982,0,0.846153846153846,0.459715639810427,0.109764670624488,0.111670650541782
soroban,2018-12-31,2019-02-28,2.89037175789616,0.0714113151018182,0.117962124091515,0.753694189150357,0.205960968549223,0.222222222222222,0.176470588235294,-0.135338610112147,12.7512066117293,-0.106439925827401,,0.204116551130313,-0.168538074507632,,0.127774769511577,0.195467281840105,0,0.903846153846154,0.459715639810427,0.140209234765542,0.146360233426094
srs,2018-12-31,2019-02-28,3.09104245335832,0.135032510219423,0.299394964707587,0.863307389747637,0.221461472668746,0.136363636363636,0.0952380952380952,-0.364145532104148,14.3900856752657,0.0417383200450634,0.829543450921904,0.264470450774934,-0.238801458379974,1.16233708845336,0.0760983447756588,0.143790857104187,0,0.365384615384615,0.459715639810427,0.999920397877571,0.354499608278275
steadfast,2018-12-31,2019-02-28,3.68887945411394,0.0415963396431981,0.06473825334742,0.546865074174873,0.288621204953945,0.25,0.230769230769231,-0.261850346860479,10.8876530225671,0.140714851285512,,0.218740489382075,-0.175418539657079,,0.0117895043762835,0.0794820167048112,0,0.115384615384615,0.459715639810427,0.142748980785946,0.275311082601547
suvretta,2018-12-31,2019-02-28,2.94443897916644,0.108471159438537,0.170565237856815,0.916423318272716,0.645883354219841,0.526315789473684,0.571428571428571,-1.17150408236659,14.8062592005181,0.0269152686232006,0.109816999129301,0.183844417518035,-0.141893284620886,0.443376719566784,0.0136740018564003,0.0813665141849281,0,0.384615384615385,0.459715639810427,0.163824666980744,0.237584158778191
third-avenue,2018-12-31,2019-02-28,4.11087386417331,0.0441900274175854,0.0849743671395053,0.58073724681337,0.171345763794789,0.0819672131147541,0.232876712328767,-0.358412894985021,4.26995447267754,-0.115372381679901,-0.192532077539479,0.212197637371633,-0.227209797504285,-1.68452215727727,-0.132749325876451,-0.0650568135479228,1,0.961538461538461,0.459715639810427,0.757440960014579,0.376755177974701
third-point,2018-12-31,2019-02-28,3.09104245335832,0.117162820817547,0.283167239773953,0.77517830858063,0.364352964995354,0.0454545454545455,0.32258064516129,-0.787582440877974,10.3813598775732,-0.0690451027092485,,0.21246695959301,-0.169187411730908,,0.0840568846660088,0.151749396994537,0,0.826923076923077,0.459715639810427,0.318455205447164,0.191544264554977
tiger-global,2018-12-31,2019-02-28,4.18965474202643,0.0534433159619155,0.0967805843487966,0.663577540639341,0.156667911606107,0.0606060606060606,0.0746268656716418,-0.33977503213821,14.1163633845202,-0.0590725019372866,0.505211207829508,0.24347137474417,-0.219527955906831,0.602861913880736,0.193827351301974,0.261519863630502,0,0.769230769230769,0.459715639810427,0.991821094859726,0.241563841700554
tiger-management,2018-12-31,2019-02-28,3.29583686600433,0.0667351086496444,0.114720945909299,0.735810973105741,0.3246810350318,0.0740740740740741,0.553571428571429,-0.709550596889446,14.5374319120416,0.0100514609767973,,0.234492202758099,-0.181283791857169,,0.17726071364995,0.244953225978478,0,0.442307692307692,0.459715639810427,0.0528792633309102,0.182142972946167
trian,2018-12-31,2019-02-28,2.19722457733622,0.207916503622514,0.377263739632917,1,0.112928109901527,0,0,-0.112645405569756,6.67578214315409,0.0631863758521168,-0.320568791140464,0.131753586311046,-0.0834746906373661,-0.388213483348337,0.00510561958137144,0.0727981319098992,0,0.288461538461538,0.459715639810427,0.0377425940839983,0.697018504142761
tweedy-browne,2018-12-31,2019-02-28,3.85014760171006,0.0637028462577186,0.126434242084981,0.716604102801601,0.0581716078394199,0.0425531914893617,0,-0.161247370352275,10.6233195034263,-0.0516512109141707,-0.041447351093839,0.162316879198825,-0.129387129361227,-0.0423142667633439,-0.143650021639537,-0.0759575093110093,1,0.730769230769231,0.459715639810427,0.367442319787818,0.443328946828842
valinor,2018-12-31,2019-02-28,3.36729582998647,0.0405511050507492,0.0605026174534648,0.494974508873568,0.119615281021234,0,0.0333333333333333,-0.27057499553975,10.9262665994974,-0.0492460485635285,,0.199784978382105,-0.186872435451922,,0.000455767865492257,0.06814828019402,0,0.711538461538462,0.459715639810427,0.167011273640791,0.127504765987396
valueact,2018-12-31,2019-02-28,3.04452243772342,0.118038399758161,0.204407975011985,0.948566899348609,0.110909843683827,0.19047619047619,0.105263157894737,-0.235991258038172,6.47020118869681,-0.115096572104305,-0.0827073802289294,0.281470754084472,-0.255292565876714,-1.90135495366395,-0.0417101844364709,0.0259823278920569,1,0.942307692307692,0.459715639810427,0.917174904437339,0.432277947664261
viking,2018-12-31,2019-02-28,4.04305126783455,0.0413092193079183,0.0794560017430383,0.554150442125794,0.412811197254472,0.263157894736842,0.34375,-0.0275674954736407,17.4388312445313,0.0150212371874841,,0.20246376732237,-0.170749971621969,,-0.0231119116920613,0.0445806006364664,1,0.423076923076923,0.459715639810427,0.0834328942448839,0.298710256814957
whale-rock,2018-12-31,2019-02-28,3.3322045101752,0.0507371736214914,0.117888344032354,0.586439112659749,0.233248964741591,0.107142857142857,0.285714285714286,-0.372627428521214,13.4643207777592,0.134447983742349,,0.299379322801589,-0.212267267329855,,0.121159550933512,0.18885206326204,0,0.153846153846154,0.459715639810427,0.0406665466292511,0.284439355134964
yacktman,2018-12-31,2019-02-28,3.76120011569356,0.0782514066512086,0.143441835063364,0.776184394638774,0.0445168333894856,0.0232558139534884,0.0232558139534884,-0.061499043539243,9.72235796341132,0.0911414161774221,0.018726770530594,0.129964595864821,-0.0765540786227452,1.52733108640902,-0.0165155001794881,0.0511770121490397,1,0.230769230769231,0.459715639810427,0.0522958238298567,0.777574717998505
abrams,2019-03-31,2019-05-31,2.94443897916644,0.0883222858452069,0.178915591763096,0.825021266843916,0.31422427903346,0.157894736842105,0.157894736842105,0.386214721247098,10.0483314128346,-0.0617468035057357,,0.20228045286665,-0.160826601420795,,-0.152562321216772,-0.0240932715697337,1,0.814814814814815,0.454352441613588,0.265818580064711,0.209920287132263
adage,2019-03-31,2019-05-31,6.53087762772589,0.00614418204599472,0.0284032549152233,0.165899705752363,0.166253600917397,0.0962099125364431,0.119318181818182,0.102619423240646,9.11716564572886,0.0112674218979278,0.0192615225336981,0.178801549602013,-0.128672547167258,0.366020920526574,0.0138786145415559,0.142347664188594,0,0.518518518518519,0.454352441613588,0.260858534510911,0.430366486310959
akre,2019-03-31,2019-05-31,3.2188758248682,0.083294965921428,0.149450644076647,0.811902752124542,0.0384965799044978,0,0,0.181843276662181,9.60870347949865,0.234251220321419,0.417594577058293,0.15384701232555,-0.0759705195312661,2.88106430926621,0.0860560252225696,0.214525074869608,0,0.0185185185185185,0.454352441613588,0.396993576182458,0.338223606348038
altimeter,2019-03-31,2019-05-31,3.17805383034795,0.185704051065207,0.318531119804854,0.955117854770238,0.104833481667331,0.166666666666667,0.2,0.0612770656210385,14.8253298062447,0.0269145926491889,0.11855906654064,0.251989505598633,-0.113776457807326,0.422321328755104,-0.114416283895081,0.014052765751957,1,0.425925925925926,0.454352441613588,0.207557597790202,0.507361710071564
appaloosa,2019-03-31,2019-05-31,3.13549421592915,0.113062633742191,0.231728174206736,0.870064945391464,0.254528399807806,0.347826086956522,0.347826086956522,0.529019978149315,16.3645076843406,-0.220737623705407,,0.293448259263771,-0.262808578182268,,0.106369879522709,0.234838929169747,0,0.981481481481481,0.454352441613588,0.171001423547706,0.182065695524216
berkshire-13f,2019-03-31,2019-05-31,3.87120101090789,0.105021234140316,0.237660982319418,0.79549708390221,0.050339347922347,0.0208333333333333,0.0208333333333333,0.0858854592881839,10.985433632505,-0.0836341989192257,-0.318562040297899,0.212456421786252,-0.190131359478269,-2.74961419132434,-0.00435968456781981,0.124109365079218,1,0.907407407407407,0.454352441613588,0.815729174559492,0.592497825622559
cantillon,2019-03-31,2019-05-31,3.46573590279973,0.0369986878079117,0.0646081663438269,0.476910721057939,0.0562303796706837,0,0.0588235294117647,0.127073426997993,9.5742338366119,0.0833238203134341,0.244713589098471,0.168617067344139,-0.1027215853282,2.51580251681625,0.0794808409671215,0.20794989061416,0,0.166666666666667,0.454352441613588,0.0568059983497411,0.197311043739319
coatue,2019-03-31,2019-05-31,4.75359019110636,0.052084954071687,0.0816956715514785,0.637851634827825,0.270931675938315,0.336206896551724,0.3,0.0694658287084915,17.9631494825925,-0.00869020479677445,0.332422086324929,0.262220686132646,-0.202649908277233,0.423485941525104,0.252883278641982,0.38135232828902,0,0.592592592592593,0.454352441613588,0.781708727368649,0.27705055475235
darsana,2019-03-31,2019-05-31,2.39789527279837,0.114614012330016,0.205626092849628,0.968436817846539,0.0446982708625916,0,0.0833333333333333,0.11103705339447,9.45999206221427,0.0654988967608155,0.311478417291644,0.247535299832644,-0.14079782684566,0.991995057668741,0.0405836647353035,0.169052714382342,0,0.240740740740741,0.454352441613588,0.663060901798282,0.463574320077896
dragoneer,2019-03-31,2019-05-31,3.2188758248682,0.115489682729157,0.254393356566156,0.879193356082223,0.142400627096753,0.16,0.16,0.253304941069627,11.8878860047147,0.0726538446872441,1.58770932825596,0.346431290616876,-0.230952249140983,2.59296836824104,0.186906600445988,0.315375650093027,0,0.203703703703704,0.454352441613588,0.999997963798525,0.452210128307343
duquesne,2019-03-31,2019-05-31,4.11087386417331,0.0604480534523047,0.176827146777138,0.605576308849215,0.446405379958065,0.655737704918033,0.3,0.751037672018892,16.2377975658919,-0.00905110124526628,0.129126005094523,0.215271236438666,-0.168396192028627,0.189712177333721,0.057703286736585,0.186172336383623,0,0.611111111111111,0.454352441613588,0.671155751827234,0.470186769962311
egerton,2019-03-31,2019-05-31,3.25809653802148,0.0513958840708134,0.0912892098785263,0.621819120380367,0.271755885817758,0.153846153846154,0.153846153846154,0.163971961173994,14.1733154736816,0.0254667311228454,,0.212174976181688,-0.171422267670475,,0.0533235770616213,0.181792626708659,0,0.444444444444444,0.454352441613588,0.125477885010038,0.178677886724472
eminence,2019-03-31,2019-05-31,3.73766961828337,0.0360674286233683,0.0910460394455341,0.467423098161751,0.355646704526488,0.285714285714286,0.318181818181818,0.237047280338574,8.50704538097575,0.0449921094467212,,0.16955432422885,-0.153672771385979,,-0.0883295201808352,0.040139529466203,1,0.388888888888889,0.454352441613588,0.35047166397541,0.293414264917374
fisher,2019-03-31,2019-05-31,6.69332366826995,0.0124935552482438,0.0335584055672502,0.25870175820166,5.49060254717571e-06,0,0.00123762376237624,-5.490617620367e-06,7.85149427022429,0.0199313174795848,-0.0340652136851808,0.151459668952153,-0.113794326384133,-0.113469844907455,0.0561108350276011,0.184579884674639,0,0.462962962962963,0.454352441613588,0.548900060754707,0.531014859676361
fundsmith,2019-03-31,2019-05-31,3.43398720448515,0.0605353735801251,0.0905084912194247,0.676931052612079,0.0550841350122981,0,0.03125,0.119427427601294,12.2830327108508,0.148740975784602,0.372757128194503,0.175573117483711,-0.099906341232191,2.86749163685668,0.0537698276547788,0.182238877301817,0,0.0925925925925926,0.454352441613588,0.120595707349404,0.194606497883797
gardner-russo,2019-03-31,2019-05-31,4.53259949315326,0.0710228181628625,0.136019525756665,0.771042496206937,0.0400850070545146,0.0860215053763441,0.0340909090909091,0.0664339825107605,7.79647471813336,0.0669659193044923,-0.0599214045288723,0.146813671393411,-0.0990917818492488,-0.221393570053088,-0.157855025233019,-0.0293859755859811,1,0.222222222222222,0.454352441613588,0.620406191616969,0.749396204948425
giverny,2019-03-31,2019-05-31,3.66356164612965,0.0726802924359261,0.191759765161222,0.663907073956091,0.0823038179476489,0.128205128205128,0.0285714285714286,0.138903346259984,11.2190234093149,0.0806651127109859,0.0210431098688334,0.179683581499928,-0.124115343071793,0.427001915672002,-0.0858977653922893,0.0425712842547489,1,0.185185185185185,0.454352441613588,0.434981982048881,0.620109140872955
glenview,2019-03-31,2019-05-31,3.80666248977032,0.0371666160659229,0.0630952142985645,0.522348735254391,0.28312888657009,0.222222222222222,0.270833333333333,0.0879660250493624,8.26797850589253,-0.0719927093136897,,0.258371703986914,-0.17996648823336,,-0.0528338895874437,0.0756351600595944,1,0.851851851851852,0.454352441613588,0.100128674933809,0.105533510446548
gotham,2019-03-31,2019-05-31,7.05617528410041,0.0036750270075776,0.0156573009821952,0.101779779313282,0.27629035451698,0.275862068965517,0.129533678756477,0.0592300092367331,6.30372536438529,0.00186825025340175,0.01484532915969,0.177423901400721,-0.13057740058349,-0.0580775044990528,0.0178029012314354,0.146271950878474,0,0.537037037037037,0.454352441613588,0.452130548208595,0.508820176124573
greenlight,2019-03-31,2019-05-31,2.89037175789616,0.12224202318236,0.240316817616764,0.884040490143847,0.115180095078412,0.0555555555555556,0.15,0.0185687803807574,3.88736494405967,-0.198479489288969,,0.309895153489061,-0.222789229639448,,-0.143031851184469,-0.014562801537431,1,0.962962962962963,0.454352441613588,0.195626656637697,0.410387754440308
harris,2019-03-31,2019-05-31,4.85203026391962,0.0203203313864694,0.0482677761633127,0.351358726803309,0.07034949403505,0.0546875,0.032,0.0946100267368954,10.035412522605,-0.0600817500115581,-0.0499712443949301,0.21364024260146,-0.155679377654625,-0.432364712902445,-0.12681552994726,0.00165351969977822,1,0.796296296296296,0.454352441613588,0.275069167861539,0.281849384307861
hitchwood,2019-03-31,2019-05-31,3.85014760171006,0.0291152604143391,0.0557843789679053,0.398209740386685,0.894115709886398,0.702127659574468,0.263157894736842,0.14042006843968,11.907390300687,0.0581154096808162,0.261693417061488,0.320726499598331,-0.238881882492639,-0.423963741042156,0.132821549239591,0.261290598886629,0,0.296296296296296,0.454352441613588,0.415967354320524,0.339207708835602
icahn,2019-03-31,2019-05-31,2.77258872223978,0.308224704040173,0.527721274233161,0.950228887068163,0.0883105525737972,0.0625,0.166666666666667,0.165538746407053,2.5827734932445,0.0187031982057037,0.295120283356053,0.279938113462999,-0.213216512900906,1.47064472388269,-0.392494149369924,-0.264025099722886,1,0.481481481481482,0.454352441613588,0.410737674664365,0.468673229217529
lansdowne,2019-03-31,2019-05-31,3.55534806148941,0.108544026970061,0.241711662583607,0.843156064178637,0.167894842099329,0.257142857142857,0.257142857142857,-0.26939037158528,8.77404920671864,-0.0698714746219335,0.00313207862856457,0.267457159711022,-0.189627060250358,-0.635325061248466,-0.354993180533661,-0.226524130886622,1,0.833333333333333,0.454352441613588,0.682261101968543,0.35133022069931
light-street,2019-03-31,2019-05-31,3.09104245335832,0.0615938832664304,0.0938591966286357,0.703377923685956,0.343938628010347,0.181818181818182,0.307692307692308,0.124271517570651,11.1024333715829,0.106293611444182,,0.36111825469814,-0.290712462792748,,0.0662906765361848,0.194759726183223,0,0.12962962962963,0.454352441613588,0.0303259804968906,0.153491392731667
lone-pine,2019-03-31,2019-05-31,3.36729582998647,0.0461645532664343,0.070538712292051,0.560912064988769,0.172663457347663,0.241379310344828,0.12,0.14684457746819,17.246797226104,0.0528951974807365,0.179492775234271,0.239014770911654,-0.161435913494914,0.230668199654807,0.282567751310713,0.411036800957751,0,0.314814814814815,0.454352441613588,0.334203622025082,0.191444396972656
markel-13f,2019-03-31,2019-05-31,4.89034912822175,0.0230008709194764,0.0574731117470346,0.396106136848324,0.0494110011491161,0.0075187969924812,0,0.131074120341549,9.71022042711157,0.046980537676354,0.117306794934807,0.167317374887543,-0.108750281005096,1.53092056643385,-0.041184199815487,0.0872848498315511,1,0.351851851851852,0.454352441613588,0.13147250277893,0.31434577703476
marshall-wace,2019-03-31,2019-05-31,7.67693714581808,0.005028183126468,0.0256590657301172,0.146195468405588,0.385834735169835,0.369786839666358,0.314170448814927,0.201572987604301,6.90158375491844,0.0622059214567244,0.167288242195127,0.166342595163492,-0.122995236497061,1.97894573384706,0.0495649435874675,0.178033993234506,0,0.277777777777778,0.454352441613588,0.156992215774772,0.375740438699722
matrix,2019-03-31,2019-05-31,2.99573227355399,0.0894402361465909,0.19018414888513,0.800473593520852,0.127796779533923,0.2,0.157894736842105,0.21688064940375,12.0084189662497,-0.0490498247352493,0.347975164603343,0.316880382070701,-0.228459111562436,0.159008604336068,0.036840747490348,0.165309797137386,0,0.703703703703704,0.454352441613588,0.903701454239121,0.403941541910172
maverick,2019-03-31,2019-05-31,5.61312810638807,0.0215157328903052,0.0545568147221718,0.377207784768433,0.390729804247704,0.332116788321168,0.287937743190661,0.101739799231596,9.65326534682242,-0.0555117273310579,-0.134731979980264,0.223360002515804,-0.16800416799256,-1.62385798189503,-0.00701278373992034,0.121456265907118,1,0.777777777777778,0.454352441613588,0.527968007003245,0.221851781010628
melvin,2019-03-31,2019-05-31,3.85014760171006,0.0343650992528209,0.0571773875707815,0.492481015770362,0.35293585749043,0.319148936170213,0.219512195121951,0.178539271523788,12.6791524844532,-0.0020432419023299,0.157584445024849,0.260456148847811,-0.204503098462861,-0.151185922069117,0.0491745741144234,0.177643623761462,0,0.555555555555556,0.454352441613588,0.446684294355272,0.262567639350891
pershing-square,2019-03-31,2019-05-31,2.07944154167984,0.146156597195766,0.196989406121983,1,0.0872430985720992,0,0.111111111111111,0.119963759729673,9.85634355996287,0.201310814628799,0.103528025765567,0.208058764512808,-0.1015246621013,0.562817272931123,-0.00262624466379183,0.125842804983246,1,0.037037037037037,0.454352441613588,0.140734573844574,0.50004655122757
polen,2019-03-31,2019-05-31,4.07753744390572,0.0553512373643947,0.0935762554759967,0.630927591414339,0.065347771063085,0.0508474576271187,0.0344827586206897,0.221221692790572,17.2473815767359,0.122086561296902,0.324925879966575,0.188219708158856,-0.129095252893052,2.44943071275794,0.154731825797697,0.283200875444735,0,0.111111111111111,0.454352441613588,0.135093442205622,0.42906728386879
pzena,2019-03-31,2019-05-31,5.14166355650266,0.0171122292918534,0.0328513065793189,0.278715034392027,0.106518645208653,0.064327485380117,0.12568306010929,0.0718111398205158,6.04923112776939,-0.0794107878767932,-0.074080646912077,0.218417609304787,-0.161982926851062,-0.0741699019935098,-0.288570771092972,-0.160101721445933,1,0.888888888888889,0.454352441613588,0.126603484616327,0.403877556324005
ruane-cunniff,2019-03-31,2019-05-31,3.93182563272433,0.0531036486579016,0.098515335997186,0.634588627219238,0.0638727457992836,0.0196078431372549,0.12280701754386,0.0759685943751684,15.605532210477,0.0135133759248745,0.00571989945108803,0.189840232584596,-0.169863279153678,-0.0338714547078197,0.0694049592752387,0.197874008922277,0,0.5,0.454352441613588,0.329864653575072,0.506887674331665
sands,2019-03-31,2019-05-31,4.26267987704132,0.0387029944354809,0.0806575941727269,0.528060972839561,0.0959248683345572,0.0704225352112676,0.0704225352112676,0.146489068248455,14.9602762433476,0.0388974547788656,0.283845504878385,0.24051088129947,-0.165441764586308,0.334595992520852,0.204728082953375,0.333197132600414,0,0.407407407407407,0.454352441613588,0.76389516244796,0.367183029651642
semper-augustus,2019-03-31,2019-05-31,3.3322045101752,0.0972583921252323,0.223733436538213,0.727741840364166,0.0758808965638521,0.0357142857142857,0.0357142857142857,0.0446860673297865,8.78404993150391,0.0488002478771719,0.0141221087114955,0.135913973702678,-0.0680102355640253,1.7622872250527,-0.086182726701119,0.0422863229459192,1,0.333333333333333,0.454352441613588,0.0641153298867394,0.458527565002441
senator,2019-03-31,2019-05-31,3.63758615972639,0.0338810527029671,0.0547844585808048,0.444585853138567,0.463465323461617,0.552631578947369,0.433333333333333,0.21205311100132,11.127493727917,-0.0549578027787886,,0.202811983982545,-0.183119624080772,,-0.0168255845469083,0.11164346510013,1,0.759259259259259,0.454352441613588,0.150954276720744,0.1072928160429
soroban,2019-03-31,2019-05-31,2.89037175789616,0.0780880563951541,0.140376515802796,0.801423583241321,0.280432434834941,0.222222222222222,0.222222222222222,0.166218818308677,11.8197282250176,-0.0146322693153042,-0.00702975880755502,0.229113856243077,-0.151856925147069,-0.302409502520195,-0.00237089064660898,0.126098159000429,1,0.648148148148148,0.454352441613588,0.22181149354539,0.249220013618469
southeastern,2019-03-31,2019-05-31,3.40119738166216,0.0566533045213294,0.116328547624762,0.663138062422687,0.0977619232378661,0,0.0909090909090909,-0.0105976841501922,7.10070715363809,-0.268172882827204,,0.233508967479072,-0.292052637919365,,-0.206023624695807,-0.0775545750487689,1,1,0.454352441613588,0.412964469645719,0.3255395591259
srs,2019-03-31,2019-05-31,3.17805383034795,0.133122778692514,0.286379114693606,0.887468915309936,0.182150716292523,0.166666666666667,0.0909090909090909,0.335121826716284,14.9774991459879,-0.0547861709635848,0.715038726912893,0.284221826006134,-0.238801458379974,1.19320766026161,0.128232110584942,0.25670116023198,0,0.740740740740741,0.454352441613588,0.995866564829244,0.323180109262466
steadfast,2019-03-31,2019-05-31,3.66356164612965,0.0394923171232691,0.0633171163115426,0.507200465487277,0.15862709634824,0.153846153846154,0.175,0.197782563235897,10.573546777502,0.0456862636728275,0.291540291157952,0.229652525608904,-0.175418539657079,1.28607524679419,-0.0238843403562209,0.104584709290817,1,0.37037037037037,0.454352441613588,0.385483617319481,0.296866357326508
suvretta,2019-03-31,2019-05-31,3.52636052461616,0.0460211898503266,0.0965388344848643,0.552953577849898,0.590201931594972,0.676470588235294,0.421052631578947,0.751920948500472,13.8130074463153,-0.00216290753552226,0.154840898708038,0.191188869072146,-0.141893284620886,0.480680552438463,0.0091124432929782,0.137581492940016,0,0.574074074074074,0.454352441613588,0.349904750078839,0.146689534187317
third-avenue,2019-03-31,2019-05-31,4.07753744390572,0.0423876795242029,0.0852151330202353,0.569819856420638,0.108772594165095,0.0677966101694915,0.0983606557377049,0.0434679499053364,4.15976357461074,-0.156997468602388,-0.272169935598431,0.224355968106237,-0.227209797504285,-2.14282011583946,-0.383182588964489,-0.254713539317451,1,0.944444444444444,0.454352441613588,0.60199658089905,0.446307212114334
third-point,2019-03-31,2019-05-31,3.40119738166216,0.0985346712041162,0.254966983462222,0.709032150625697,0.274662851264364,0.4,0.181818181818182,0.316248882911656,10.1233642498589,-0.0440968978290703,,0.220891765666608,-0.168169588139681,,0.109854464884101,0.238323514531139,0,0.685185185185185,0.454352441613588,0.491493507098264,0.26028636097908
tiger-global,2019-03-31,2019-05-31,4.23410650459726,0.0522104962323119,0.096291224215767,0.664296985163594,0.140557785443045,0.101449275362319,0.0606060606060606,0.187515191899587,15.4442769406514,-0.0516767811634502,0.461475291982835,0.254402098318143,-0.219527955906831,0.603279456347282,0.375763176368908,0.504232226015946,0,0.722222222222222,0.454352441613588,0.953804413483136,0.27326625585556
tiger-management,2019-03-31,2019-05-31,2.99573227355399,0.0917013937998772,0.16214829126917,0.884756269371654,0.351335059450934,0.05,0.296296296296296,-0.26141477697222,15.7991385903474,0.0650529737993589,,0.261389970718825,-0.181283791857169,,0.208510265562955,0.336979315209993,0,0.259259259259259,0.454352441613588,0.0624084598257341,0.281720340251923
trian,2019-03-31,2019-05-31,2.07944154167984,0.226256343201068,0.408721280125145,1,0.0775460465174294,0,0.111111111111111,0.0114607418264357,8.678001014406,0.104991185174709,-0.271982731968339,0.144066394569353,-0.0834746906373661,-0.555720804385171,-0.114292440636562,0.0141766090104761,1,0.148148148148148,0.454352441613588,0.0800628455826285,0.604185223579407
tweedy-browne,2019-03-31,2019-05-31,3.85014760171006,0.0630997144487851,0.137252258281023,0.70050588395854,0.041274601525524,0,0,0.0714522244528645,10.5340612928556,-0.072000689341871,-0.149010087983292,0.187724262564845,-0.129387129361227,-1.43634364396661,-0.158023951191698,-0.0295549015446597,1,0.87037037037037,0.454352441613588,0.627270254131338,0.515665292739868
valinor,2019-03-31,2019-05-31,3.17805383034795,0.0467996929067467,0.0665265020998502,0.540404574636323,0.27545006123678,0.125,0.275862068965517,-0.070209938965457,10.6817166406585,-0.0400058892126888,,0.229951582738143,-0.186872435451922,,-0.0314922234081303,0.0969768262389079,1,0.666666666666667,0.454352441613588,0.0850527476676351,0.102697640657425
valueact,2019-03-31,2019-05-31,2.99573227355399,0.125341537795841,0.215635392788309,0.958952347574637,0.0632408827285006,0.05,0.0952380952380952,0.124808393554523,6.04717993345098,-0.134400176499651,-0.133698184642025,0.303909124908453,-0.255292565876714,-1.65145421906212,-0.124657482656545,0.00381156699049342,1,0.925925925925926,0.454352441613588,0.564531742753132,0.537101447582245
viking,2019-03-31,2019-05-31,4.04305126783455,0.038690659512684,0.101949159608496,0.513875873069796,0.272377108936593,0.280701754385965,0.280701754385965,-0.00749208610604973,14.7209076037858,-0.00932316719158741,,0.213973222673915,-0.170749971621969,,0.0866650145918465,0.215134064238885,0,0.62962962962963,0.454352441613588,0.217547741887137,0.281138390302658
whale-rock,2019-03-31,2019-05-31,3.63758615972639,0.0356241033909864,0.0656642183059916,0.46413931093732,0.325350802703712,0.368421052631579,0.142857142857143,0.548768154552121,10.7679670755493,0.181596672520991,1.00785784823537,0.306779399945118,-0.212267267329855,1.82067341222045,0.321538029960762,0.4500070796078,0,0.0555555555555556,0.454352441613588,0.998223161708538,0.294094860553741
yacktman,2019-03-31,2019-05-31,3.78418963391826,0.0656416232599982,0.141602934319545,0.697271289396128,0.200133576756513,0.113636363636364,0.0930232558139535,0.0313524421289898,11.876600165604,0.168243057536036,0.0898985473484541,0.138287717225571,-0.0765540786227452,1.60030631848139,-0.128342816591478,0.000126233055559924,1,0.0740740740740741,0.454352441613588,0.111074837300396,0.605451881885529
abrams,2019-06-30,2019-08-31,2.94443897916644,0.0892157056292607,0.169556691966555,0.808124303456323,0.0965933868268194,0.105263157894737,0.105263157894737,0.0333804426058649,8.91848126791525,-0.153083337474461,,0.25812176990199,-0.157452163076594,,-0.0428124349807164,0.198656982470404,1,0.962962962962963,0.44721689059501,0.158465423276736,0.262998729944229
adage,2019-06-30,2019-08-31,6.55393340402581,0.00699975663903123,0.0311685043265923,0.188839656226971,0.171521263835572,0.15954415954416,0.139941690962099,0.00429456971035227,9.08558975610512,0.0073346705639709,0.017315576641861,0.188502547830879,-0.128672547167258,-0.00369013597766653,0.044535310117378,0.286004727568499,0,0.555555555555556,0.44721689059501,0.384032520574625,0.352089166641235
akre,2019-06-30,2019-08-31,3.17805383034795,0.0875988749868314,0.148994830510554,0.841149391531886,0.0419400838400728,0,0.04,0.0398285080401447,10.1975883152381,0.266480149849678,0.473100169289823,0.155096728554183,-0.0759705195312662,2.99933939023334,-0.0173450717839795,0.224124345667141,1,0.037037037037037,0.44721689059501,0.478487239793362,0.423605531454086
altimeter,2019-06-30,2019-08-31,3.25809653802148,0.169491931907535,0.284561293988475,0.944029580082408,0.0818995770243082,0.153846153846154,0.0833333333333333,0.222760945801747,14.8514071805941,0.00383031331452577,0.15205966324424,0.259366015113488,-0.113776457807326,0.532179333682906,-0.112821609108383,0.128647808342738,1,0.574074074074074,0.44721689059501,0.191694176781514,0.431932926177979
appaloosa,2019-06-30,2019-08-31,3.17805383034795,0.0985306611791609,0.162216246270521,0.835909235817466,0.322508691263862,0.125,0.0869565217391304,-0.367410914686754,18.7045583968897,-0.125717681250285,,0.339413413529444,-0.213545691819591,,0.166169914773157,0.407639332224278,0,0.925925925925926,0.44721689059501,0.0130843930401033,0.265174359083176
berkshire-13f,2019-06-30,2019-08-31,3.85014760171006,0.106676584444856,0.237378492760035,0.803976853036662,0.0275259028664902,0,0.0208333333333333,0.0422913399478225,10.5175172399516,-0.0676426759539004,-0.259804593306492,0.23457616347593,-0.169773605232063,-2.32978206735793,0.0614233246329485,0.302892742084069,0,0.814814814814815,0.44721689059501,0.71263442965616,0.631853878498077
cantillon,2019-06-30,2019-08-31,3.46573590279973,0.0374832793178797,0.0651269678608908,0.478163092050714,0.0415644699238744,0.03125,0.03125,0.0506438929106493,9.65891478899382,0.150184025085689,0.332437513085855,0.179610302646406,-0.0905808146227237,3.45450166401532,-0.0465181627979881,0.194951254653133,1,0.0925925925925926,0.44721689059501,0.0271838872394473,0.246346190571785
coatue,2019-06-30,2019-08-31,5.0998664278242,0.0408013388195875,0.0709123121429428,0.545299604506116,0.243090564094308,0.548780487804878,0.362068965517241,0.269101814742474,16.2909590933905,0.0812875503123942,0.352350601641976,0.271175386135268,-0.182607449115829,0.133146513129906,0.570891699713736,0.812361117164857,0,0.277777777777778,0.44721689059501,0.894721228089911,0.299644649028778
darsana,2019-06-30,2019-08-31,2.70805020110221,0.0914719510453983,0.178321135701174,0.8488237093139,0.151203641147295,0.266666666666667,0,0.142597191628692,12.0456786227487,0.0561335837585087,0.319839247806988,0.259734702045759,-0.140797826845659,0.842817908111907,0.330178653957904,0.571648071409025,0,0.388888888888889,0.44721689059501,0.635558027286117,0.37491649389267
dragoneer,2019-06-30,2019-08-31,3.04452243772342,0.201562259414091,0.392777703421859,0.92535236738622,0.440561227249323,0.19047619047619,0.32,0.417796206870864,13.6073999541118,-0.00232267828764098,1.2166172775096,0.344742230904569,-0.207697652243005,2.3405858278428,0.295540141358292,0.537009558809413,0,0.611111111111111,0.44721689059501,0.998693823525855,0.205428436398506
duquesne,2019-06-30,2019-08-31,4.0943445622221,0.0686764290684411,0.208166006875623,0.596262294146086,0.279422473390083,0.316666666666667,0.327868852459016,-0.0251909559284965,18.3713059581004,0.00286934309212224,0.11084102198842,0.219536522856385,-0.161209224229946,0.0345219406965346,0.210693338864027,0.452162756315148,0,0.592592592592593,0.44721689059501,0.620663292944787,0.435331135988235
egerton,2019-06-30,2019-08-31,3.43398720448515,0.0476777934833241,0.0835873604546584,0.59660834723666,0.214997691926375,0.258064516129032,0.115384615384615,-0.0356238994709982,13.4553286917586,0.066235476300717,0.244752942798103,0.21940642240914,-0.158422188631024,1.52542482677546,0.0856923407512865,0.327161758202407,0,0.333333333333333,0.44721689059501,0.168439381933903,0.269672214984894
eminence,2019-06-30,2019-08-31,3.8286413964891,0.0321969963858908,0.0867971272982333,0.423143185800294,0.290853424132087,0.260869565217391,0.19047619047619,0.133302618078459,8.11778980388974,0.0550560042343902,,0.172895514810927,-0.133544776178108,,-0.102169835978152,0.139299581472969,1,0.407407407407407,0.44721689059501,0.34101434332703,0.384617298841476
fisher,2019-06-30,2019-08-31,6.72623340235875,0.0130910695299694,0.0379536320982079,0.269082359258272,0.108755805241866,0.142685851318945,0.114002478314746,0.211400844551298,8.03124283521753,0.0200793678769334,-0.046058316089647,0.161192943391244,-0.113051799312766,-0.89210247312733,0.134328509692692,0.375797927143813,0,0.5,0.44721689059501,0.768949733900667,0.430105149745941
fundsmith,2019-06-30,2019-08-31,3.43398720448515,0.0603824638225746,0.0917946349085014,0.671420751658891,0.039190069945607,0,0,0.0866876034460391,12.5082300638024,0.175490767742526,0.363410252587851,0.184512726045804,-0.099906341232191,2.12301009634409,-0.00108058652118706,0.240388830929934,1,0.0740740740740741,0.44721689059501,0.298967760563416,0.212697729468346
gardner-russo,2019-06-30,2019-08-31,4.56434819146784,0.0717230978705791,0.139084335026204,0.770048994743617,0.0267603120629535,0.0833333333333333,0.0537634408602151,0.021440177519842,7.58603817464337,0.104775535921984,-0.0259395625434789,0.15355592277407,-0.0930942653338755,-0.495180969792953,-0.2240884696202,0.017380947830921,1,0.203703703703704,0.44721689059501,0.797302152683751,0.797053575515747
giverny,2019-06-30,2019-08-31,3.66356164612965,0.0734906431362811,0.186141488259145,0.675179451332475,0.05061055250531,0,0,0.127167314357333,11.0366054454615,0.0416681107503831,-0.000530229493075185,0.186811923252551,-0.124115343071793,0.268164349812081,-0.101639000726352,0.139830416724769,1,0.444444444444444,0.44721689059501,0.370525932823744,0.544501960277557
glenview,2019-06-30,2019-08-31,3.8286413964891,0.0366121802656814,0.0707542839608755,0.515772568350213,0.117860945163875,0.0652173913043478,0.0444444444444444,-0.015397632846587,7.79120000384238,-0.0887492881692801,,0.28168541521262,-0.17996648823336,,-0.139301977441431,0.10216744000969,1,0.888888888888889,0.44721689059501,0.094347437768178,0.243081599473953
gotham,2019-06-30,2019-08-31,7.01660968389422,0.00378879815582226,0.0164581301014754,0.101633190227253,0.337946848372531,0.188340807174888,0.219827586206897,-0.0858030916803024,6.0696399411022,0.0292196718370026,0.0119042181819493,0.187918162627258,-0.13057740058349,-0.213925242140403,-0.0628479607609265,0.178621456690194,1,0.481481481481482,0.44721689059501,0.380998865079407,0.482698917388916
greenlight,2019-06-30,2019-08-31,3.09104245335832,0.0937358813171144,0.166597316287896,0.824446156070814,0.172547276122314,0.272727272727273,0.111111111111111,-0.0378695113604703,3.31745357213472,-0.0278037924346476,,0.329700935973807,-0.20229572928024,,-0.20635089372834,0.035118523722781,1,0.666666666666667,0.44721689059501,0.132256221425622,0.382280468940735
harris,2019-06-30,2019-08-31,4.85203026391962,0.0213172441130377,0.0475771155269433,0.368403235063182,0.0705923012144702,0.03125,0.03125,-0.00179630073264946,9.89440940522084,-0.0422933501402047,-0.0798702797809487,0.230681243389516,-0.150509951222957,-0.778633056910387,-0.164646029534564,0.0768233879165571,1,0.722222222222222,0.44721689059501,0.249876706930117,0.297056287527084
hitchwood,2019-06-30,2019-08-31,3.98898404656427,0.0260371623888364,0.0473539568350526,0.364096002290831,0.447679393350143,0.37037037037037,0.276595744680851,0.0883098508233469,10.8591074076337,0.0645198938758403,0.259099999811143,0.313168964078211,-0.238881882492639,-0.677851861344645,0.335161424466721,0.576630841917842,0,0.351851851851852,0.44721689059501,0.730104868201865,0.340859115123749
icahn,2019-06-30,2019-08-31,2.77258872223978,0.289133267380565,0.505981684001808,0.95622503201501,0.0847276103098412,0.0625,0.0625,0.0956770044010477,2.54580909231954,-0.0476282962985458,0.28021109032492,0.317373270476686,-0.177612899799264,2.36341956776483,-0.453615032149598,-0.212145614698477,1,0.759259259259259,0.44721689059501,0.0489214420464072,0.36623027920723
lansdowne,2019-06-30,2019-08-31,3.29583686600433,0.140085255250176,0.286554985473203,0.856040843621977,0.260990487079907,0.185185185185185,0.371428571428571,-0.149622565256721,7.98461676791404,-0.0423436263662499,0.102638682513648,0.291822324667147,-0.174328394921872,-0.232009718429233,-0.39948725205776,-0.15801783460664,1,0.740740740740741,0.44721689059501,0.502460066251274,0.336118966341019
light-street,2019-06-30,2019-08-31,3.36729582998647,0.0508974270656481,0.107504912058482,0.601889818583468,0.392086420464373,0.379310344827586,0.181818181818182,0.404515300260084,11.4795887488463,-0.0678150353839121,0.852849113795689,0.348646451246657,-0.290712462792748,1.04461601638447,0.373966355199838,0.615435772650959,0,0.833333333333333,0.44721689059501,0.993765594716801,0.216432750225067
lone-pine,2019-06-30,2019-08-31,3.43398720448515,0.0435719940314684,0.0685831680900026,0.547623495752063,0.20032520828188,0.193548387096774,0.137931034482759,-0.061620776689123,16.1706603070651,0.107157338884965,0.209117092745556,0.250601636868152,-0.156992278922467,0.0412282841567395,0.40419098232107,0.645660399772191,0,0.166666666666667,0.44721689059501,0.420388382220923,0.283284962177277
markel-13f,2019-06-30,2019-08-31,4.91998092582813,0.0233835726624109,0.0655935674937886,0.402671733717811,0.0465413712461726,0.0437956204379562,0.0150375939849624,0.0861588994743647,9.74982137137886,0.0611544270971984,0.131742552892169,0.178542072906092,-0.108750281005097,1.61377784167732,-0.0557967235295479,0.185672693921573,1,0.37037037037037,0.44721689059501,0.137261520268792,0.320319265127182
marshall-wace,2019-06-30,2019-08-31,7.39449310721904,0.00550342767897549,0.0241094657232657,0.158940364501189,0.348781831848842,0.263675476336816,0.444856348470806,0.139542107358216,7.64443000786694,0.0953765320941001,0.224743344264369,0.175961932930518,-0.122995236497061,2.41888211489986,0.0194292481717261,0.260898665622847,0,0.259259259259259,0.44721689059501,0.0982805085011053,0.406178027391434
matrix,2019-06-30,2019-08-31,3.17805383034795,0.078523494975973,0.154730085279031,0.730454570742744,0.249457246644596,0.208333333333333,0.05,0.366658177835884,12.1180709516951,-0.0877366353846231,0.267620395617412,0.32499071959183,-0.228459111562436,-0.237582937980019,0.213698622727988,0.455168040179109,0,0.87037037037037,0.44721689059501,0.679921043115346,0.324844807386398
maverick,2019-06-30,2019-08-31,5.63835466933375,0.0287431758016462,0.0596115615780963,0.469028382317996,0.401226701569745,0.377224199288256,0.361313868613139,-0.0886846894710124,9.56744799666159,-0.0619390802017104,-0.163641477895681,0.235626491220327,-0.155216589623753,-1.78353806102789,0.0203347461654583,0.261804163616579,0,0.796296296296296,0.44721689059501,0.435059664287145,0.198590278625488
melvin,2019-06-30,2019-08-31,3.97029191355212,0.0381388901633802,0.110215822972212,0.505649604749645,0.29324773526724,0.358490566037736,0.276595744680851,0.14627638346035,13.2052286186949,0.0674983939222,0.209901771402753,0.272149249770296,-0.19982667504018,0.0548720058666502,0.0716663507557636,0.313135768206884,0,0.314814814814815,0.44721689059501,0.667354823293106,0.417414367198944
pershing-square,2019-06-30,2019-08-31,2.07944154167984,0.144046192296339,0.194769350809578,1,0.147481309096267,0.125,0.125,-0.0012833143506223,8.31883418025728,0.363723636281209,0.217861811723175,0.219675142858617,-0.1015246621013,0.726850210448639,-0.133319580320289,0.108149837130832,1,0.0185185185185185,0.44721689059501,0.380536636593463,0.53254497051239
polen,2019-06-30,2019-08-31,4.02535169073515,0.058227115686131,0.101283434027764,0.656263727505314,0.069298233579444,0.0178571428571429,0.0677966101694915,0.0751087597370627,18.1117562010085,0.103844396964833,0.382033047510176,0.187749148522898,-0.129095252893052,2.68344394764561,0.180177633075392,0.421647050526513,0,0.222222222222222,0.44721689059501,0.147203138090982,0.388445645570755
pzena,2019-06-30,2019-08-31,5.14749447681345,0.017655976079496,0.0329947603487557,0.284398457888863,0.0794949440784196,0.0290697674418605,0.0233918128654971,0.0305721700216597,6.11285560966431,-0.0605749678229589,-0.135570300661678,0.25064460739992,-0.155625764485636,-0.372979801044261,-0.343746807345914,-0.102277389894793,1,0.777777777777778,0.44721689059501,0.0614043284784331,0.388910591602325
ruane-cunniff,2019-06-30,2019-08-31,3.93182563272433,0.0514494191647873,0.0872778410371897,0.629035342781164,0.0790649653161619,0.0980392156862745,0.0980392156862745,0.0375964227346853,14.8723409671162,-0.00886469307587233,-0.0152606746723635,0.190905171078403,-0.155037121249646,-0.220290480652221,0.086427003513153,0.327896420964274,0,0.648148148148148,0.44721689059501,0.296315943936638,0.350607961416245
sands,2019-06-30,2019-08-31,4.36944785246702,0.0372775146962085,0.0809647666258332,0.515204038800353,0.0811465439491342,0.126582278481013,0.028169014084507,0.0354340847533527,15.1186147748592,0.0414133176514663,0.285877369693715,0.248814551718502,-0.163990467604125,0.044338662006266,0.336139802375208,0.577609219826329,0,0.462962962962963,0.44721689059501,0.817811271318304,0.375895529985428
semper-augustus,2019-06-30,2019-08-31,3.29583686600433,0.0991812447115057,0.228950065461698,0.734024087535026,0.063883706766054,0,0.0357142857142857,0.0363024808033275,8.79865048192842,0.0998112364645024,0.0281509627245874,0.156483184555847,-0.0680102355640253,1.65926031017039,-0.14556045278425,0.0959089646668706,1,0.240740740740741,0.44721689059501,0.0791850734169937,0.508983731269836
senator,2019-06-30,2019-08-31,3.8286413964891,0.0292050270050849,0.0513019844066068,0.411390921562043,0.500263801559626,0.456521739130435,0.342105263157895,0.204838767315308,11.4310303528169,0.0170216777935272,,0.217024167276058,-0.178877135081552,,-0.0568697955910984,0.184599621860022,1,0.537037037037037,0.44721689059501,0.0994519844548609,0.222477719187737
soroban,2019-06-30,2019-08-31,2.94443897916644,0.0770149059803969,0.116370923667834,0.80000165660043,0.184753342136262,0.157894736842105,0.111111111111111,0.150710768027596,12.4891587448512,0.109990337235191,-0.00454388960921159,0.242235750200678,-0.148852782074897,-0.625566314273182,-0.0378737185610683,0.203595698890052,1,0.148148148148148,0.44721689059501,0.273160281476155,0.357348501682282
southeastern,2019-06-30,2019-08-31,3.3322045101752,0.0604171754250759,0.144501336880193,0.649071040922691,0.0906401799838521,0.0357142857142857,0.1,-0.128655112988841,6.61463958861591,-0.297015674013519,,0.270190687940751,-0.273417610767854,,-0.191805543710202,0.0496638737409187,1,1,0.44721689059501,0.294921601287891,0.470369279384613
srs,2019-06-30,2019-08-31,3.3322045101752,0.140412065765725,0.307053814311059,0.880754583086931,0.131514352377026,0.25,0.125,-0.0485650818157155,16.8454221170905,-0.080752133056859,0.557511218361962,0.314679969731594,-0.197012909838829,0.875589935794947,0.424776742154965,0.666246159606086,0,0.851851851851852,0.44721689059501,0.956834958863636,0.426694720983505
steadfast,2019-06-30,2019-08-31,3.97029191355212,0.0350140221910793,0.0641978546106415,0.477785132565945,0.193457013043927,0.30188679245283,0.0512820512820513,0.14724302209598,11.2321630760967,-0.0056567312187303,0.288900709476932,0.248879234794256,-0.175418539657078,1.30418292464173,0.0127040066282044,0.254173424079325,0,0.62962962962963,0.44721689059501,0.29343830001896,0.23432183265686
suvretta,2019-06-30,2019-08-31,3.66356164612965,0.0410446110171662,0.0725758708109865,0.537175087681762,0.49647877159207,0.487179487179487,0.411764705882353,0.343921981955966,13.0148631202456,0.0542195429594829,0.143223923401375,0.198673855161434,-0.141893284620886,0.114319576899622,0.0056930152741852,0.247162432725306,0,0.425925925925926,0.44721689059501,0.372949002170185,0.162824690341949
third-avenue,2019-06-30,2019-08-31,4.06044301054642,0.0402605534549761,0.0906326069816085,0.547865573850331,0.0552679212182978,0,0.0169491525423729,-0.0816488887328552,3.51290463159433,-0.158272632673714,-0.367336474941614,0.231856842214552,-0.192801465346158,-2.21261095947836,-0.3875216512088,-0.146052233757679,1,0.981481481481481,0.44721689059501,0.296795561248353,0.388469755649567
third-point,2019-06-30,2019-08-31,3.73766961828337,0.08326339978569,0.220595003406651,0.69227775788255,0.149586176450245,0.380952380952381,0.133333333333333,-0.0446747099976161,10.2380599163058,0.105891093037519,0.0934623749218701,0.24195839855181,-0.15490778688357,-0.730785476184912,0.00191689240044166,0.243386309851562,0,0.185185185185185,0.44721689059501,0.924265203383806,0.739902853965759
tiger-global,2019-06-30,2019-08-31,4.30406509320417,0.055763931132545,0.110830497250348,0.673428561326937,0.140931719657125,0.135135135135135,0.072463768115942,0.0194490935917429,15.9661926202483,0.0197555809640365,0.560672268056863,0.274554197756922,-0.199262108551317,0.583874055445723,0.681380162823261,0.922849580274382,0,0.518518518518519,0.44721689059501,0.972894516803833,0.457657516002655
tiger-management,2019-06-30,2019-08-31,3.09104245335832,0.094617895018713,0.194211684404329,0.821163949885491,0.205292774525949,0.136363636363636,0.05,0.113763105398057,15.9022497642463,0.0730616336706455,,0.271120071231739,-0.175541885221282,,0.149628766853537,0.391098184304658,0,0.296296296296296,0.44721689059501,0.119258076006727,0.431762516498566
trian,2019-06-30,2019-08-31,2.19722457733622,0.238620543515207,0.423908055536324,1,0.0527697470419413,0.111111111111111,0,0.0139891792788343,8.4038526973652,0.126982776513391,-0.23337269285076,0.152769679650561,-0.064045394061188,-0.27925381047373,-0.193845958417631,0.0476234590334902,1,0.12962962962963,0.44721689059501,0.0923451849505021,0.522710859775543
tweedy-browne,2019-06-30,2019-08-31,3.89182029811063,0.0633843232268974,0.11547496481317,0.709323053068981,0.0622187222783447,0.0408163265306122,0,-0.0689764596613619,10.523787709951,-0.108406442632315,-0.227999218666113,0.200404472955546,-0.129210521890666,-1.94506283965652,-0.210503608071322,0.0309658093797993,1,0.907407407407407,0.44721689059501,0.463726722819034,0.466371208429337
valinor,2019-06-30,2019-08-31,3.25809653802148,0.0476055600732093,0.0742512321724092,0.586532094170301,0.200453463513997,0.192307692307692,0.125,-0.137620347738693,11.8765490038663,-0.042011394388311,,0.244172898444877,-0.182074480517229,,0.0593061534537244,0.300775570904845,0,0.703703703703704,0.44721689059501,0.0988944901667214,0.138385683298111
valueact,2019-06-30,2019-08-31,3.13549421592915,0.124737582019449,0.230496863743573,0.923253880529401,0.0726198462216303,0.217391304347826,0.1,0.0515988668534158,6.40301806018894,-0.127538013716698,-0.1538671443176,0.326333220487781,-0.236104622637064,-1.64890281507616,-0.227305053230096,0.0141643642210247,1,0.944444444444444,0.44721689059501,0.452339448123611,0.589327454566956
viking,2019-06-30,2019-08-31,4.07753744390572,0.0390255667126478,0.0832413173390711,0.53956035597816,0.453396483706214,0.322033898305085,0.298245614035088,0.245255001957464,14.4507417632653,-0.0298663533761691,0.149033576027343,0.225551061266236,-0.161134737424537,-0.180059566635871,0.126983623218452,0.368453040669573,0,0.685185185185185,0.44721689059501,0.434652036967924,0.157029792666435
whale-rock,2019-06-30,2019-08-31,3.76120011569356,0.0354946235045428,0.0692604730149151,0.457696752477792,0.286623035574689,0.302325581395349,0.210526315789474,0.0709612358802057,11.6829620570154,0.177120916361007,0.98159332271346,0.300957775941899,-0.212267267329855,1.67855785940521,0.674596799605844,0.916066217056965,0,0.0555555555555556,0.44721689059501,0.997062681081461,0.431739956140518
yacktman,2019-06-30,2019-08-31,3.8286413964891,0.0613746926558993,0.124922375201176,0.686603052353574,0.0665792041413541,0.0652173913043478,0.0227272727272727,0.0285624618589994,11.9008907220535,0.139840916691017,0.0777648512416717,0.142963708002822,-0.0765540786227452,1.15392617347447,-0.214977495817517,0.0264919216336034,1,0.111111111111111,0.44721689059501,0.225336992073981,0.684707880020142
abrams,2019-09-30,2019-11-30,2.99573227355399,0.0825914503496421,0.187733491009756,0.777320967828634,0.14095131262108,0.1,0.0526315789473684,-0.0302497351522723,8.54072654339237,-0.223360165764868,,0.268339899514232,-0.174641403031455,,-0.00218890756844106,0.217961313831055,1,0.981818181818182,0.436077057793345,0.154519229438556,0.289187461137772
adage,2019-09-30,2019-11-30,6.5694814204143,0.00775459868921908,0.0362488434783574,0.203660207433741,0.155808976740008,0.124824684431978,0.111111111111111,0.0137802939369822,9.08360098232755,-0.0023166667672487,0.0457625377857119,0.177030385447758,-0.0658119344105415,0.841636245766703,-0.016301083535994,0.203849137863502,1,0.690909090909091,0.436077057793345,0.120604588288441,0.307085961103439
akre,2019-09-30,2019-11-30,3.2188758248682,0.0908316762252924,0.156657944657119,0.856225741366704,0.112477593627321,0.2,0.166666666666667,0.0282689630160861,10.5096300113889,0.157129178206503,0.481801437196594,0.133579731301054,-0.011728510146072,2.52800838256703,-0.0414233672986336,0.178726854100862,1,0.0909090909090909,0.436077057793345,0.681307437186757,0.467196881771088
altimeter,2019-09-30,2019-11-30,3.3322045101752,0.14757300959343,0.255474306163948,0.956915076531448,0.257786030487746,0.214285714285714,0.153846153846154,0.116374148658346,15.3263537611229,-0.111973862813286,-0.187839782711441,0.249958851402458,-0.111762373799747,-0.763306770210688,0.120036130286012,0.340186351685508,0,0.927272727272727,0.436077057793345,0.0252229469117915,0.30034351348877
appaloosa,2019-09-30,2019-11-30,3.2188758248682,0.0924232771940403,0.158843869755367,0.83641892865553,0.262088466675935,0.12,0.0833333333333333,0.361834054162103,20.0218036044205,-0.122932339022034,,0.322523255584329,-0.142305996928353,,0.278278221010212,0.498428442409708,0,0.945454545454546,0.436077057793345,0.0072195677073638,0.146902278065681
berkshire-13f,2019-09-30,2019-11-30,3.87120101090789,0.115151991559594,0.259614945800133,0.811197620182977,0.0352351916492851,0.0625,0.0425531914893617,0.0310934800379585,10.4234900536844,0.0172963848554357,-0.16276131164666,0.240690800295614,-0.0913305742736705,-0.787289109870565,-0.0733348406849631,0.146815380714533,1,0.581818181818182,0.436077057793345,0.226803308052629,0.661307752132416
cantillon,2019-09-30,2019-11-30,3.49650756146648,0.0369924034688337,0.0669342811733263,0.480250638519477,0.0345415877352371,0.0303030303030303,0,0.0386275435588476,10.1244325797023,0.0831087535918284,0.300412512895869,0.154636675249126,-0.0518158787839732,2.31127446350788,0.0100071527654708,0.230157374164967,0,0.327272727272727,0.436077057793345,0.142619129717023,0.231189623475075
coatue,2019-09-30,2019-11-30,5.37063802812766,0.037246976921885,0.0721624939535627,0.528618974860191,0.17410746573549,0.47906976744186,0.317073170731707,-0.0131677763968418,15.4832799509909,0.149059211732378,0.32804276242069,0.246941494245517,-0.0886131856672395,-0.647871574289513,0.742665611850091,0.962815833249587,0,0.109090909090909,0.436077057793345,0.951860761780289,0.452652424573898
corvex,2019-09-30,2019-11-30,3.09104245335832,0.184574365182743,0.370523050682641,0.881634335129963,0.263120065007808,0.318181818181818,0.423076923076923,0.00478641589912998,8.40046254767829,0.0374588847291575,,0.211216451850453,-0.0767274704408699,,-0.258672008969412,-0.0385217875699164,1,0.454545454545455,0.436077057793345,0.405345418139893,0.355640560388565
darsana,2019-09-30,2019-11-30,2.63905732961526,0.0980690732613836,0.181415320647868,0.912585731428425,0.133251727405256,0,0.0666666666666667,-0.132630067450547,12.3439473917368,0.0884860665105799,0.510022883315201,0.261199407258528,-0.0805005253337999,1.81294550393144,0.398370740872057,0.618520962271553,0,0.290909090909091,0.436077057793345,0.492956636967771,0.417358458042145
dragoneer,2019-09-30,2019-11-30,3.13549421592915,0.125888676068034,0.274141960099907,0.86659723521182,0.251149883151888,0.217391304347826,0.142857142857143,-0.0605283786865978,12.0263749247779,-0.0772823293506639,0.689632761547334,0.324927752653293,-0.150643349067812,0.556163103708236,0.746863528915617,0.967013750315113,0,0.854545454545455,0.436077057793345,0.981941309704362,0.441656857728958
duquesne,2019-09-30,2019-11-30,3.73766961828337,0.0791122608986758,0.217394401756741,0.649840491950226,0.371455399340959,0.30952380952381,0.516666666666667,-0.274942196064758,17.6763650170468,0.0291197545615486,0.0138383285432739,0.179181386404065,-0.0544787217921952,-1.25793362605843,0.260368738802082,0.480518960201578,0,0.527272727272727,0.436077057793345,0.726542519980097,0.462313801050186
egerton,2019-09-30,2019-11-30,3.49650756146648,0.0450923622606665,0.0796303131049289,0.563521617342205,0.204232527174732,0.181818181818182,0.129032258064516,0.0217410665012304,14.753550688665,0.106998368668836,0.214135177957333,0.195581412712036,-0.0449540340223528,0.863889020364602,0.0340272936938907,0.254177515093387,0,0.2,0.436077057793345,0.160911405268692,0.264333933591843
eminence,2019-09-30,2019-11-30,3.97029191355212,0.0272998766852509,0.0617976224436957,0.39161690828896,0.231862864955982,0.245283018867925,0.130434782608696,0.0636073404416395,8.02638776752301,0.124278289420453,0.170800751674466,0.138186030488053,-0.0313575626903572,1.02709281114844,0.063403365131497,0.283553586530993,0,0.163636363636364,0.436077057793345,0.316815258059894,0.328106433153152
fisher,2019-09-30,2019-11-30,6.71417052990947,0.0129951939473373,0.0381299524192024,0.26309440895533,0.0937152592296087,0.0837378640776699,0.0947242206235012,0.00746191602596673,8.71089077454955,0.017901888089825,0.00744010544140605,0.143843500217397,-0.0518340978980633,0.119895890999396,0.0682695195297479,0.288419740929244,0,0.563636363636364,0.436077057793345,0.391969526858462,0.503059089183807
fundsmith,2019-09-30,2019-11-30,3.43398720448515,0.0603040107329132,0.0866264545885401,0.67082672071532,0.0535518553926435,0.0645161290322581,0.0645161290322581,0.0192148359369709,12.0058083355586,0.0559327226956319,0.38949535201197,0.17496316097377,-0.0388843220357216,1.48585912953107,0.055509021855627,0.275659243255123,0,0.4,0.436077057793345,0.497141707279107,0.128640487790108
gardner-russo,2019-09-30,2019-11-30,4.54329478227,0.0718467083598201,0.1410508844322,0.76561799404151,0.0337324442154895,0.0106382978723404,0.03125,-0.0235114055384794,7.91443288167216,0.0180907135887686,0.0213464759720831,0.142698418540316,-0.0418368594103505,0.247940328950702,-0.194239735025636,0.0259104863738596,1,0.545454545454545,0.436077057793345,0.493058906753979,0.719322502613068
giverny,2019-09-30,2019-11-30,3.66356164612965,0.0721458691216715,0.18060791776403,0.681708437919299,0.0487660383654662,0.0256410256410256,0.0256410256410256,0.0132457318197846,10.7278724672585,0.0828816594429507,0.0806251800506393,0.16135587177322,-0.0474497654387045,0.751424598414609,-0.13123235701137,0.0889178643881261,1,0.345454545454545,0.436077057793345,0.363439377732164,0.700364828109741
glenview,2019-09-30,2019-11-30,3.89182029811063,0.03740678952145,0.0819471437435419,0.521761488073183,0.155881893395124,0.183673469387755,0.130434782608696,-0.149179740351949,8.08442579990603,-0.0555303559283275,,0.282980551581271,-0.0931283499130798,,-0.14091223777045,0.0792379836290461,1,0.836363636363636,0.436077057793345,0.0633290496741718,0.242835596203804
gotham,2019-09-30,2019-11-30,6.98007594056176,0.00420593729572398,0.01670085611123,0.110473807222415,0.272564555940658,0.174883720930233,0.204484304932735,-0.101762843887124,6.39933771827462,0.0342158460674232,0.0711251665081509,0.174864449410097,-0.0720788768367044,0.701667997502501,-0.113259114805472,0.106891106594024,1,0.490909090909091,0.436077057793345,0.174452105821896,0.456539034843445
greenlight,2019-09-30,2019-11-30,2.94443897916644,0.10906359466982,0.185670018612328,0.880243665369487,0.0837068471852467,0.0526315789473684,0.181818181818182,0.0251366874954236,3.94096071842002,-0.0095477793018709,,0.331569973647378,-0.101673955379265,,-0.0201061807674847,0.200044040632011,1,0.745454545454546,0.436077057793345,0.0628851261588628,0.497504591941834
harris,2019-09-30,2019-11-30,4.86753445045558,0.0216769877067244,0.050338227352997,0.372708354228816,0.0520438191159127,0.0384615384615385,0.0234375,-0.0542047665322789,9.80898666715522,-0.000564191665821973,-0.0869289542293444,0.21843367594441,-0.0835602608427842,-0.714180951128005,-0.133618714694641,0.0865315067048549,1,0.672727272727273,0.436077057793345,0.16765417669955,0.36170682311058
hitchwood,2019-09-30,2019-11-30,3.73766961828337,0.0331370953453819,0.0590302666214349,0.454213080612717,0.312268808389323,0.142857142857143,0.333333333333333,-0.428939475234985,11.2976736903647,0.159562234167216,0.383537931647674,0.268245418656268,-0.0603211200026943,-0.643651609208068,0.497899292117883,0.718049513517379,0,0.0727272727272727,0.436077057793345,0.85384701842206,0.401474982500076
icahn,2019-09-30,2019-11-30,2.89037175789616,0.257423742314031,0.476875289814916,0.922445625720377,0.115187785113008,0.166666666666667,0.0625,-0.0317782060195735,3.24780530758387,-0.0848126582483557,0.0327247161066566,0.312898165967569,-0.120524206341881,1.18813986954691,-0.388924373595559,-0.168774152196063,1,0.872727272727273,0.436077057793345,0.0342524510333706,0.477039188146591
lansdowne,2019-09-30,2019-11-30,3.3322045101752,0.121543768354867,0.252055754005408,0.876987801219554,0.132785438183496,0.107142857142857,0.0740740740740741,-0.142359540709087,7.46846731560092,-0.0210237423975477,0.0828581135420915,0.272477917126108,-0.116564528914419,-0.0572128171621027,-0.248866076744879,-0.0287158553453831,1,0.763636363636364,0.436077057793345,0.403890367517096,0.633873403072357
light-street,2019-09-30,2019-11-30,3.3322045101752,0.053884745090371,0.110451547547048,0.645674465922111,0.291605537291995,0.214285714285714,0.241379310344828,-0.283411391474644,12.7549372206929,-0.00378587331042674,0.737393590442099,0.310147735853312,-0.179706953252474,0.036957666668042,0.673727909187774,0.89387813058727,0,0.709090909090909,0.436077057793345,0.992276817152771,0.270304411649704
lone-pine,2019-09-30,2019-11-30,3.61091791264422,0.03839187293811,0.0717492548763971,0.495672105608107,0.216997276837856,0.216216216216216,0.0645161290322581,0.0551686802001583,16.3689201385171,0.131427938767696,0.306018988445569,0.236692094793798,-0.0770607813942432,0.136908289299654,0.368637498201801,0.588787719601297,0,0.145454545454545,0.436077057793345,0.48296488487808,0.242407485842705
markel-13f,2019-09-30,2019-11-30,4.88280192258637,0.0228495758157949,0.0653242916314498,0.393895279879876,0.0535402682429111,0.0303030303030303,0.0656934306569343,0.0174976182037257,9.55633572349579,0.0307755996807109,0.156605431889956,0.155344174478855,-0.0542187242801732,1.53761719550036,-0.0497381558716678,0.170412065527828,1,0.509090909090909,0.436077057793345,0.176942879629006,0.283669352531433
marshall-wace,2019-09-30,2019-11-30,7.55747290161475,0.00513223900744346,0.0228773979696554,0.15213950382368,0.312328923171409,0.397389033942559,0.290719114935464,0.0534108857466012,7.4604801173987,0.0460343473604239,0.195076147385912,0.152962990140347,-0.0330388136300982,0.974675656337934,0.0304201732237858,0.250570394623282,0,0.436363636363636,0.436077057793345,0.484539310388776,0.327801644802094
matrix,2019-09-30,2019-11-30,3.17805383034795,0.0939411090561334,0.18380713372515,0.818642503035832,0.301636514996608,0.166666666666667,0.166666666666667,-0.288795064280696,13.7699246087218,-0.106480672649524,0.0975972344524739,0.297807762370404,-0.184631082726862,-1.2970195237957,0.38671230332776,0.606862524727256,0,0.909090909090909,0.436077057793345,0.536055627528289,0.379655599594116
maverick,2019-09-30,2019-11-30,5.80814248998044,0.0284268130638198,0.065196867150166,0.44950945610148,0.274245391714691,0.441441441441441,0.338078291814947,-0.0141834675411845,9.35924793850462,0.00812868584965795,-0.0754179121135131,0.239336871221378,-0.104196707818628,-0.999745005933726,-0.0522327288263475,0.167917492573148,1,0.636363636363636,0.436077057793345,0.357545708048109,0.284103810787201
melvin,2019-09-30,2019-11-30,3.95124371858143,0.0337563410431352,0.0670373685952965,0.472657153843103,0.324632943666402,0.25,0.264150943396226,0.159321115329908,13.5817562223906,0.0878024896437357,0.173576587158853,0.239815621332209,-0.0648249028517143,-0.705660943938305,0.118255635880281,0.338405857279777,0,0.309090909090909,0.436077057793345,0.461740963611891,0.295101135969162
pershing-square,2019-09-30,2019-11-30,1.94591014905531,0.165927699132365,0.231281770241191,1,0.102232639906113,0,0.125,-0.0681493949150816,9.31121510659608,0.228975405003913,0.169259244871174,0.214038684716264,-0.0479965951652893,0.333524726709927,-0.0251970703399359,0.19495315105956,1,0.0363636363636364,0.436077057793345,0.262653312022748,0.622600674629211
polen,2019-09-30,2019-11-30,4.06044301054642,0.0572410577505396,0.103589473748695,0.663061316017701,0.0561835508684166,0.0517241379310345,0.0178571428571429,0.0512118756494998,17.6773098091746,0.105139946886794,0.475687467373591,0.159307732327464,-0.0562072802861646,2.47467666506074,0.143670129196907,0.363820350596403,0,0.218181818181818,0.436077057793345,0.394134148112059,0.339040011167526
pzena,2019-09-30,2019-11-30,5.16478597392351,0.0178953853212666,0.0317361719655235,0.28702610981898,0.0688278179740831,0.114285714285714,0.0988372093023256,-0.0307885971105145,5.8436505265575,-0.0281408266927241,-0.190942604870174,0.250634604525985,-0.0817145092517967,-0.534399150454789,-0.244336300378207,-0.0241860789787111,1,0.8,0.436077057793345,0.0326402111217629,0.476877927780151
ruane-cunniff,2019-09-30,2019-11-30,3.68887945411394,0.0694088274892428,0.120390450123075,0.727388801158133,0.240799055172283,0.05,0.254901960784314,-0.289090101965644,14.5988322609244,0.0729692115136924,0.00500849680520465,0.161503541077817,-0.0658282643118469,-0.572027981889993,0.0259408854011816,0.246091106800678,0,0.363636363636364,0.436077057793345,0.330562055933834,0.427308589220047
sands,2019-09-30,2019-11-30,4.35670882668959,0.0349818308518693,0.0843948805033759,0.492285896979768,0.0921029061001881,0.0384615384615385,0.0506329113924051,-0.0776088610265566,15.6099022610694,0.097968295676063,0.415642205449032,0.211328255942482,-0.0607298940740618,0.172905360173919,0.340953044795926,0.561103266195422,0,0.236363636363636,0.436077057793345,0.892078287887185,0.488298803567886
semper-augustus,2019-09-30,2019-11-30,3.3322045101752,0.0942287074812133,0.223804860168497,0.71881926427381,0.0406548453312504,0.0357142857142857,0,0.0337943190735498,8.66778921324376,-0.0255243284037334,-0.0143915744628838,0.146802813928279,-0.0489903351015311,0.938657632622585,-0.0724768093947884,0.147673412004708,1,0.781818181818182,0.436077057793345,0.172533961992426,0.508622407913208
senator,2019-09-30,2019-11-30,3.68887945411394,0.0329375974650987,0.0653405321010841,0.442859174753909,0.413039694489419,0.3,0.391304347826087,-0.311591091393095,10.9910669289235,0.0082553654896344,,0.20625182436115,-0.046943045851689,,0.00576125760619817,0.225911479005694,0,0.618181818181818,0.436077057793345,0.0539689052864155,0.163757219910622
soroban,2019-09-30,2019-11-30,2.94443897916644,0.0830951189220857,0.127272754333716,0.84997774910215,0.165800354812066,0.157894736842105,0.157894736842105,0.0678757946723725,12.7032639611361,0.148749265295172,0.0463647702859238,0.213101924211403,-0.0816158153400614,-0.509688725145374,-0.0600401792232257,0.16011004217627,1,0.127272727272727,0.436077057793345,0.342580814740376,0.434376060962677
southeastern,2019-09-30,2019-11-30,3.29583686600433,0.0649868983103796,0.160316162356527,0.677988946803856,0.0660991040010455,0.037037037037037,0.0714285714285714,-0.0611576109409773,6.09326472127485,-0.229506254295169,,0.288487536359315,-0.138421459338796,,-0.153416006135626,0.06673421526387,1,1,0.436077057793345,0.128205908543262,0.378740966320038
srs,2019-09-30,2019-11-30,3.09104245335832,0.139475044120197,0.305790427380332,0.897175274854029,0.190670092329952,0.136363636363636,0.321428571428571,-0.132157529001461,15.6256766738262,0.0159230307351904,0.470432544677484,0.300691158775966,-0.168658162377436,0.589902973936685,0.397538651822544,0.61768887322204,0,0.6,0.436077057793345,0.902062996611125,0.315176010131836
steadfast,2019-09-30,2019-11-30,3.78418963391826,0.0369775806559378,0.0712915612866455,0.494062194991629,0.255387575458513,0.136363636363636,0.283018867924528,-0.0105782697095267,12.0878475403413,0.0362411717076274,0.222066580271759,0.221409252538345,-0.0713117433288614,0.715497029280143,-0.0171079193387057,0.20304230206079,1,0.472727272727273,0.436077057793345,0.179547312656432,0.2020413428545
suvretta,2019-09-30,2019-11-30,3.63758615972639,0.040565380498328,0.0736872478909104,0.523856591641958,0.521095712557829,0.552631578947369,0.564102564102564,-0.0764086789864832,10.7421529102137,0.047571472745035,0.213340926680677,0.173824514529857,-0.0504652332378537,0.154723834987762,0.0395445833525789,0.259694804752075,0,0.418181818181818,0.436077057793345,0.504384839982853,0.172795325517654
third-avenue,2019-09-30,2019-11-30,4.04305126783455,0.039224093110697,0.079986674154179,0.529813420101804,0.0802897040149107,0.0350877192982456,0.0517241379310345,-0.0725182999425012,3.60592512608092,-0.103891999583741,-0.367742779233675,0.215635240382115,-0.0843185469186263,-1.00849733248482,-0.346235451478539,-0.126085230079043,1,0.890909090909091,0.436077057793345,0.0236397032213264,0.36121466755867
third-point,2019-09-30,2019-11-30,3.68887945411394,0.0724669854974564,0.175098988957693,0.702522039885936,0.217253124051424,0.275,0.30952380952381,-0.0143693419573296,10.0661167471532,0.0943989486044408,0.11101706147743,0.195690636452896,-0.0455058989113683,-0.834982635249288,0.0334966867850091,0.253646908184505,0,0.272727272727273,0.436077057793345,0.871483697199397,0.620251655578613
tiger-global,2019-09-30,2019-11-30,4.43081679884331,0.0568067647316015,0.112507400938635,0.671536387198044,0.167418299734057,0.178571428571429,0.0675675675675676,0.0221313985700999,16.2351093644249,0.122367497858633,0.558694148767569,0.250085316152195,-0.0783589751828985,-0.333773167661741,0.710081878213379,0.930232099612875,0,0.181818181818182,0.436077057793345,0.985286903107829,0.625389695167542
tiger-management,2019-09-30,2019-11-30,3.13549421592915,0.0754736503671054,0.130633686708081,0.784423716158083,0.32105206905198,0.173913043478261,0.136363636363636,0.169550818421486,14.8396434162002,0.166731865130873,,0.250234733593593,-0.0822557920548894,,0.22023641821616,0.440386639615656,0,0.0545454545454545,0.436077057793345,0.0392253215640712,0.267924845218658
trian,2019-09-30,2019-11-30,2.07944154167984,0.287678132313139,0.475589859280545,1,0.0728137330713273,0,0.111111111111111,0.0110091221900092,8.6687490448764,0.0959243267965994,-0.223693177887878,0.147924270256323,-0.0507873767043555,0.256125232875729,-0.122683729512804,0.0974664918866916,1,0.254545454545455,0.436077057793345,0.026878712576775,0.651334762573242
tweedy-browne,2019-09-30,2019-11-30,3.85014760171006,0.059295785605607,0.115411098255261,0.700779842969914,0.108561421443018,0,0.0408163265306122,-0.00180467656281553,10.366656405575,-0.132938620172586,-0.228432924600348,0.192599405659076,-0.0977798718312447,-1.50626238434183,-0.213141052773742,0.0070091686257538,1,0.963636363636364,0.436077057793345,0.178295522287097,0.466120481491089
valinor,2019-09-30,2019-11-30,3.46573590279973,0.0416969331854671,0.0786973205244764,0.508262467426374,0.406781769083258,0.40625,0.269230769230769,-0.150939054390343,11.7967377806538,0.0585761960285968,-0.110161977374458,0.220648921894562,-0.0991882747237843,-1.60114764616844,,,,0.381818181818182,0.436077057793345,0.237175252287498,0.195158869028091
valueact,2019-09-30,2019-11-30,3.09104245335832,0.122341981216026,0.208857985994015,0.92531468371533,0.099633127576565,0.0909090909090909,0.130434782608696,-0.0327575414988908,6.1982099076689,-0.00567751963064603,-0.189693126805387,0.310903825233922,-0.109429303836067,-1.79970983036525,-0.204902901796746,0.0152473196027498,1,0.727272727272727,0.436077057793345,0.176291109027871,0.686027944087982
viking,2019-09-30,2019-11-30,4.12713438504509,0.03690105490258,0.0818175476766786,0.50794184563432,0.250853712398763,0.258064516129032,0.220338983050847,-0.149236033685693,14.1244249659076,-0.0375042063525716,0.179246089349191,0.234536970289433,-0.120074070294758,-0.482791558242516,0.265270446207096,0.485420667606592,0,0.818181818181818,0.436077057793345,0.577108347689881,0.211781680583954
whale-rock,2019-09-30,2019-11-30,3.66356164612965,0.0363697693182266,0.0751215542994247,0.465132088266667,0.174704313155673,0.153846153846154,0.232558139534884,-0.0588543295847597,11.6041830413469,0.236259298078576,0.869758604643404,0.272819042382595,-0.0889180686044331,0.32657837909841,0.907528735188391,1.12767895658789,0,0.0181818181818182,0.436077057793345,0.998247267427914,0.389397144317627
yacktman,2019-09-30,2019-11-30,3.87120101090789,0.0532012112651081,0.0984984400262911,0.648589262813007,0.0716682062585945,0.0416666666666667,0,-0.0235015354005144,11.0905852965302,0.00188329890254124,0.112839016037939,0.138437489832975,-0.0440184419795824,1.80178585135857,-0.16068527614127,0.0594649452582263,1,0.654545454545455,0.436077057793345,0.0651025232737534,0.315811216831207
abrams,2019-12-31,2020-02-29,3.04452243772342,0.065501340455831,0.101659699474602,0.747236008867637,0.259101123141577,0.142857142857143,0.1,-0.104051384481161,8.94644561365139,-0.116817573926665,,0.234641118146885,-0.174641403031455,,0.00552703833169665,0.391171038782546,0,0.929824561403509,0.426966292134831,0.12192218915886,0.0993969589471817
adage,2019-12-31,2020-02-29,6.56667242980324,0.00745334476541898,0.0353314617828048,0.198967327521875,0.159140701752578,0.129395218002813,0.131837307152875,-0.000111962572249633,9.84871393631383,0.0115625727940604,0.0243370721583084,0.160909896962325,-0.0875721065781267,0.790152566440409,-0.0560800123943944,0.329563988056455,1,0.56140350877193,0.426966292134831,0.183967575262845,0.312218815088272
akre,2019-12-31,2020-02-29,3.2188758248682,0.0899713919355024,0.151443182133916,0.838250371768398,0.03878631631267,0.08,0.08,0.0723607185526921,10.5559369191764,0.171370675982204,0.52324083496943,0.110840915750527,-0.0535271026524588,2.61220005221403,-0.204186911374985,0.181457089075864,1,0.087719298245614,0.426966292134831,0.642592269413408,0.491145104169846
altimeter,2019-12-31,2020-02-29,3.17805383034795,0.144289933253861,0.232912787588622,0.962179310832647,0.0652193178163523,0,0.142857142857143,0.0886036883052739,18.4313340790236,-0.0842051267884354,-0.14178203293149,0.228448316466106,-0.111762373799747,-0.563114500232865,0.150446926689833,0.536090927140683,0,0.87719298245614,0.426966292134831,0.0662052691664231,0.379838138818741
appaloosa,2019-12-31,2020-02-29,3.13549421592915,0.100796246972267,0.147790957425962,0.868497000915452,0.129355988635395,0.0869565217391304,0.16,0.153461062903963,22.0495630249905,0.00782795421928662,,0.264670282602709,-0.142305996928353,,0.0419651049072677,0.427609105358117,0,0.578947368421053,0.426966292134831,0.0327810802122006,0.211434304714203
berkshire-13f,2019-12-31,2020-02-29,3.95124371858143,0.132622335668263,0.297416731056409,0.824570430832477,0.0582750064485065,0.0769230769230769,0,0.12002988975861,10.9503537930028,0.0657551437099337,-0.19502539978678,0.224870176919838,-0.121774656610853,-0.874286069493552,-0.0713499499317773,0.314294050519072,1,0.298245614035088,0.426966292134831,0.429314554838302,0.706908762454987
cantillon,2019-12-31,2020-02-29,3.52636052461616,0.0361431357691155,0.0664730332284726,0.468905847391333,0.0453496836382632,0.0294117647058824,0,0.0443628932337511,10.4926921092561,0.0874705042271059,0.335030787621514,0.132853650034047,-0.0637597531030373,2.39150591587376,-0.0711363924754097,0.31450760797544,1,0.245614035087719,0.426966292134831,0.173021649214832,0.189704433083534
coatue,2019-12-31,2020-02-29,5.94803498918065,0.0403120653858469,0.0804775058987736,0.54103874104762,0.238467313774512,0.699738903394256,0.465116279069768,0.0744257253979831,15.8910312865317,0.167323991023705,0.386377911202965,0.195668804651741,-0.0886131856672398,-0.445759469963418,0.636196341060434,1.02184034151128,0,0.105263157894737,0.426966292134831,0.959725919610986,0.458032250404358
corvex,2019-12-31,2020-02-29,2.56494935746154,0.284807825689995,0.501302196714823,0.98562797977799,0.250618153053489,0.0769230769230769,0.454545454545455,-0.101768370960467,8.59134123742871,-0.0824028264013958,,0.226061172976972,-0.175417267224989,,-0.164468432827446,0.221175567623403,1,0.859649122807018,0.426966292134831,0.267901752590489,0.185468718409538
darsana,2019-12-31,2020-02-29,2.56494935746154,0.0892812931729782,0.131609630372083,0.899070645911319,0.138173866734424,0,0.0714285714285714,0.0837668511788625,13.7608849660101,0.0639742138860479,0.534982634117,0.173775048843879,-0.0805005253337999,2.61895166624032,0.383004443021649,0.768648443472499,0,0.315789473684211,0.426966292134831,0.18746300102111,0.14046148955822
dragoneer,2019-12-31,2020-02-29,3.04452243772342,0.12550400777281,0.263600050459698,0.917771440806957,0.10890302786997,0.142857142857143,0.217391304347826,0.0196291705308808,13.186984717683,-0.0605598317144253,0.845777141528721,0.258986160956071,-0.15397276631141,0.393541669098551,0.412956459590415,0.798600460041265,0,0.807017543859649,0.426966292134831,0.98587056466689,0.465938895940781
duquesne,2019-12-31,2020-02-29,4.07753744390572,0.0429067921045344,0.0788366902742346,0.579507771464007,0.518603670953964,0.457627118644068,0.238095238095238,0.242991997989255,13.3588325766018,0.128838066263105,0.17144609410022,0.163020767102522,-0.054478721792195,-0.727839306801556,0.168318878048301,0.55396287849915,0,0.12280701754386,0.426966292134831,0.585719116409798,0.559906423091888
egerton,2019-12-31,2020-02-29,3.49650756146648,0.0452240870841442,0.0800289112839567,0.571677753024748,0.251888020780172,0.272727272727273,0.272727272727273,0.000357767742231979,15.1719557681699,0.11105111165319,0.189908853844441,0.147916241929179,-0.077057312396593,0.712000538650788,-0.0765673948498686,0.309076605600981,1,0.192982456140351,0.426966292134831,0.277703489154145,0.201885655522347
eminence,2019-12-31,2020-02-29,4.02535169073515,0.0264513234194625,0.0641318463959373,0.386590757041099,0.198818466132991,0.214285714285714,0.169811320754717,0.10037802406393,7.34780019312011,0.0586048059064422,0.0867297446617567,0.142392074125923,-0.0931774283681409,0.508598111830454,0.188017150369549,0.573661150820398,0,0.385964912280702,0.426966292134831,0.413836018362503,0.391518354415894
fisher,2019-12-31,2020-02-29,6.71174039505618,0.0139335122368662,0.0416448798131169,0.2754340687512,0.0500004228099172,0.0948905109489051,0.0970873786407767,0.0824125106758733,9.06058145728915,0.0506610341088427,0.0381599226949688,0.134501201503114,-0.065018052080284,0.321896617146046,0.00366012931917997,0.38930412977003,0,0.43859649122807,0.426966292134831,0.531475146888355,0.451305091381073
fundsmith,2019-12-31,2020-02-29,3.43398720448515,0.0587972909024462,0.090824978539191,0.659150619682337,0.0308128743915026,0.032258064516129,0.032258064516129,0.0787481650649302,12.2511044580372,0.0283456370826479,0.303450055053841,0.130203870559545,-0.073226947018411,0.91610656587011,0.0163350382489952,0.401979038699845,0,0.473684210526316,0.426966292134831,0.557850342081358,0.104824371635914
gardner-russo,2019-12-31,2020-02-29,4.53259949315326,0.0723612019776696,0.146136707560439,0.758957171996848,0.0296108256857736,0.032258064516129,0.0425531914893617,0.0147200932977366,8.48654230394431,-0.0108812189051236,-0.0559984380662984,0.140015374323091,-0.0939663838948875,-0.94955027622794,-0.243113227973251,0.142530772477599,1,0.649122807017544,0.426966292134831,0.816876484705634,0.75106418132782
giverny,2019-12-31,2020-02-29,3.66356164612965,0.0709786369619493,0.182583443511437,0.665129150456685,0.0388360767241174,0,0,0.0967145675780097,12.1167498771525,0.0595438316224542,0.0155894669640819,0.166343089870206,-0.0837875131910757,0.088533320563991,-0.0635827408106982,0.322061259640151,1,0.368421052631579,0.426966292134831,0.439840902642733,0.546133577823639
glenview,2019-12-31,2020-02-29,3.91202300542815,0.0396003710752404,0.0771737073437939,0.54720886535879,0.189355377565792,0.24,0.224489795918367,0.183877085335903,8.34713598639826,-0.0813317455709679,,0.222305832056148,-0.123618878741753,,0.0771091778770415,0.462753178327891,0,0.842105263157895,0.426966292134831,0.221879837434503,0.190954491496086
gotham,2019-12-31,2020-02-29,6.99117688712121,0.00395787884419124,0.0175237793080454,0.10556202449187,0.306545804598505,0.205151793928243,0.196279069767442,-0.0384657715898958,6.58414201157357,0.0152148976381392,0.0669433911147609,0.157692615787591,-0.0944786366779939,1.3678249301536,-0.138994472287688,0.246649528163162,1,0.508771929824562,0.426966292134831,0.113787297894439,0.418789386749268
greenlight,2019-12-31,2020-02-29,2.89037175789616,0.119300374605652,0.205451285985863,0.897060285735062,0.0916221079983071,0.0555555555555556,0.105263157894737,-0.0308737816719111,4.03682916296278,-0.041806367898411,-0.183142958078866,0.221702848931917,-0.123860058216202,0.811265662778671,0.017949813283315,0.403593813734165,0,0.736842105263158,0.426966292134831,0.0558806908307696,0.568667590618134
harris,2019-12-31,2020-02-29,4.86753445045558,0.0207376643662554,0.0511026069928887,0.357994539529558,0.0704132159685628,0.0538461538461539,0.0538461538461539,0.0905830947943273,10.1205522308762,-0.047063439468027,-0.123623880874041,0.189761094917283,-0.11426103485988,-0.355844416490227,-0.0345660815531633,0.351077918897686,1,0.754385964912281,0.426966292134831,0.186054034093083,0.322399735450745
hitchwood,2019-12-31,2020-02-29,3.8286413964891,0.0299985712073825,0.0732612975497627,0.415007622625073,0.403451685075505,0.347826086956522,0.285714285714286,0.25263670086599,15.1945867502173,0.0622671224762772,0.360756434691627,0.167189250575881,-0.0627715608153244,-0.554400879524921,0.547876936957723,0.933520937408572,0,0.350877192982456,0.426966292134831,0.758068195492491,0.234834134578705
hound,2019-12-31,2020-02-29,3.29583686600433,0.0733761476081888,0.113749105668974,0.794249258982864,0.227986710985099,0.296296296296296,0.24,-0.0912343892552422,11.2175146068234,-0.0115283752562352,,0.241041272889186,-0.126791160536549,,-0.0790752639223155,0.306568736528534,1,0.666666666666667,0.426966292134831,0.148406272842444,0.177263826131821
icahn,2019-12-31,2020-02-29,2.89037175789616,0.243850395111308,0.462944097901608,0.91668226233585,0.039303413449059,0,0,0.0186631429917979,2.99372387486654,-0.167479283617228,0.00126981196425957,0.195530838978409,-0.186210485664764,1.03941502389869,-0.195495391965201,0.190148608485649,1,0.982456140350877,0.426966292134831,0.328922003141009,0.491197615861893
lansdowne,2019-12-31,2020-02-29,3.17805383034795,0.110161273359885,0.228279544369184,0.871675454881981,0.141305751776606,0.0416666666666667,0.178571428571429,-0.0864505942817605,8.67981578657353,-0.0533142158493064,-0.0811386694689067,0.260704076702062,-0.158514767926475,0.297608713830961,-0.0635398735648167,0.322104126886033,1,0.789473684210526,0.426966292134831,0.113847681867782,0.521560668945313
light-street,2019-12-31,2020-02-29,3.3322045101752,0.0515605789084663,0.110238546594028,0.60634370085097,0.304816787058172,0.25,0.25,0.182075684893411,13.6503782419672,-0.0675785735712964,0.679873961294604,0.218967905120042,-0.179706953252474,-0.164008218999177,0.565578840633183,0.951222841084033,0,0.824561403508772,0.426966292134831,0.957934681493314,0.183947131037712
lone-pine,2019-12-31,2020-02-29,3.71357206670431,0.0365608630243903,0.0709209668914487,0.477322914478507,0.201728399042134,0.292682926829268,0.216216216216216,0.0933904801136122,16.8840201296391,0.198217510806422,0.437877499808912,0.171676003879076,-0.0770607813942432,0.873794357780504,0.213895683813509,0.599539684264358,0,0.0175438596491228,0.426966292134831,0.582644388598185,0.252997815608978
markel-13f,2019-12-31,2020-02-29,4.89783979995091,0.0222779791865088,0.0598003245132752,0.38670281378583,0.0394744188683064,0.0223880597014925,0.00757575757575758,0.0845965566404589,10.413821899773,0.0340749725585452,0.094465136035219,0.159754168554467,-0.0872132914827474,0.605867246726269,-0.03985090598536,0.34579309446549,1,0.456140350877193,0.426966292134831,0.329457605335334,0.209265828132629
marshall-wace,2019-12-31,2020-02-29,7.54380286750151,0.00495665526762833,0.0228091415028085,0.145348708044881,0.291278373789284,0.3499205929063,0.358746736292428,0.123566223054904,7.89960969915756,0.0566281203895312,0.183131326205694,0.124022511433621,-0.0664307181363016,0.659007004691034,-0.0256789087759445,0.359965091674905,1,0.403508771929825,0.426966292134831,0.668019283746655,0.194205611944199
matrix,2019-12-31,2020-02-29,3.09104245335832,0.0880966672903492,0.173760131125905,0.795319486352582,0.0523625774421334,0.0454545454545455,0.125,0.147568977059573,15.3303766144611,-0.0885841345993759,0.227012634669102,0.228095902977299,-0.184631082726862,-0.919867565258922,0.276782167438061,0.66242616788891,0,0.894736842105263,0.426966292134831,0.804940531255211,0.438052356243134
maverick,2019-12-31,2020-02-29,5.82008293035236,0.0291518548547256,0.0667421361093048,0.46072974041345,0.306402704671428,0.326409495548961,0.318318318318318,0.00972405874019916,10.1021238952479,-0.0480128255277667,-0.108361927230294,0.207299978789577,-0.11099590195829,-0.656005708272966,0.0189011585411979,0.404545158992047,0,0.771929824561403,0.426966292134831,0.282432055076649,0.312981933355331
melvin,2019-12-31,2020-02-29,3.85014760171006,0.0302149663111989,0.0597625510615083,0.411044297649845,0.286504321729202,0.170212765957447,0.25,-0.0104037455259317,13.1729264149595,0.0904742208108883,0.246605903404119,0.156199987965087,-0.0648249028517142,0.0587457039298219,0.0561067510296932,0.441750751480543,0,0.210526315789474,0.426966292134831,0.465185538929541,0.535682439804077
pershing-square,2019-12-31,2020-02-29,2.07944154167984,0.15499969117227,0.220275980385349,1,0.0936633287938434,0.125,0,0.0447495396314258,9.77740823582752,0.0632310442026195,0.104688706722137,0.169160422261451,-0.0964825871484953,-0.0410566047180981,0.0357727786191879,0.421416779070037,0,0.333333333333333,0.426966292134831,0.463368868936462,0.472891867160797
polen,2019-12-31,2020-02-29,4.12713438504509,0.0526951583148758,0.0968819517100722,0.630725791070566,0.0891401628894697,0.0967741935483871,0.0344827586206897,0.156647889698939,18.1630828970806,0.116678713811688,0.485283780638774,0.131707835032957,-0.0562072802861647,3.13782864653939,0.0315241898371081,0.417168190287958,0,0.175438596491228,0.426966292134831,0.127253390603543,0.288941323757172
pzena,2019-12-31,2020-02-29,5.15905529921453,0.0177677260846467,0.0360735534488395,0.289985569513847,0.0717550458631092,0.0632183908045977,0.0685714285714286,0.152825688995055,6.3813832718442,-0.108911218560905,-0.253494258810863,0.232076912279101,-0.158657814597412,-0.150654011198835,-0.0564832250757708,0.329160775375079,1,0.912280701754386,0.426966292134831,0.0589227140625757,0.408666342496872
ruane-cunniff,2019-12-31,2020-02-29,3.66356164612965,0.0619205408020465,0.120052703072841,0.674000703614464,0.0952742908208741,0.0512820512820513,0.075,0.0593879867501513,14.9396405136015,0.0549906880871402,-0.00690000375470484,0.168161260095281,-0.0949531019463815,-0.991830678255697,0.102611550009603,0.488255550460452,0,0.421052631578947,0.426966292134831,0.5340265360598,0.313910335302353
sands,2019-12-31,2020-02-29,4.31748811353631,0.0338107559239635,0.0818690327753703,0.47081678158239,0.0931692461278437,0.0266666666666667,0.0641025641025641,0.101764381837387,16.1256552855813,0.0895404982005318,0.452450897583113,0.151131084729453,-0.0607298940740619,0.635528935712525,0.267596109143214,0.653240109594064,0,0.228070175438597,0.426966292134831,0.729052338979303,0.26396319270134
semper-augustus,2019-12-31,2020-02-29,3.3322045101752,0.0969185579342102,0.228455708169722,0.724075138453935,0.0345802093415258,0,0,0.0641078086454598,9.31933305758931,0.0192721576164549,-0.0178934002789794,0.155255275790435,-0.0934825216012374,0.858280625361589,-0.0690756240776859,0.316568376373164,1,0.491228070175439,0.426966292134831,0.270155162163223,0.385701775550842
senator,2019-12-31,2020-02-29,3.63758615972639,0.0385486427801414,0.100661153312969,0.482903728825813,0.39036044173366,0.342105263157895,0.375,-0.087756843227348,12.8180935605059,0.0051346832654704,,0.160122833301436,-0.091711343275047,,-0.0139004500505392,0.37174355040031,1,0.596491228070175,0.426966292134831,0.195582706913339,0.157317772507668
soroban,2019-12-31,2020-02-29,2.63905732961526,0.0952472289419056,0.142657858406247,0.899359746923216,0.141763255511264,0.0714285714285714,0.315789473684211,0.070267915329422,14.0504805054321,0.127774769511577,0.0548620023571304,0.186449040994098,-0.0816158153400615,-0.220779089902938,-0.175884616197293,0.209759384253556,1,0.140350877192982,0.426966292134831,0.321022780686773,0.3337721824646
southeastern,2019-12-31,2020-02-29,3.36729582998647,0.065489098620479,0.157577899905737,0.687512582779691,0.0941706794141787,0.137931034482759,0.0740740740740741,0.045343188749659,5.99458173840351,-0.194866162197401,,0.256427261427128,-0.153213632299887,,0.0813758768888315,0.467019877339681,0,1,0.426966292134831,0.286891465176198,0.417827308177948
srs,2019-12-31,2020-02-29,3.09104245335832,0.150595260219096,0.317628907890408,0.909813198900004,0.112979547352192,0.0909090909090909,0.0909090909090909,0.120078243999962,17.1703528731246,0.0760983447756588,0.614576109776903,0.23756524372607,-0.168658162377436,1.11939842295441,0.424214652144408,0.809858652595257,0,0.280701754385965,0.426966292134831,0.845916156815577,0.463393270969391
steadfast,2019-12-31,2020-02-29,4.21950770517611,0.0309521888956318,0.0627750615768101,0.435510626409833,0.264391119804643,0.455882352941176,0.159090909090909,0.193598522211884,14.0714146587502,0.0117895043762835,0.217442874296247,0.177984045892082,-0.0713117433288615,0.870415953805106,-0.0684488934808923,0.317195106969957,1,0.543859649122807,0.426966292134831,0.231500955159492,0.132245883345604
suvretta,2019-12-31,2020-02-29,3.61091791264422,0.0371968253821657,0.0754744116866192,0.479325088465242,0.50373220470411,0.513513513513514,0.526315789473684,0.148571612037917,13.1377556669385,0.0136740018564003,0.116316727713465,0.155611734019317,-0.0869283595774274,-0.87753441673115,-0.0331457937861827,0.352498206664667,1,0.526315789473684,0.426966292134831,0.588792627567677,0.164084285497665
tci,2019-12-31,2020-02-29,2.83321334405622,0.124491574334223,0.218355090667603,0.94257103468048,0.062362230604108,0.176470588235294,0.0666666666666667,0.159412058023268,14.0990888111585,0.19348580400137,,0.134361374302536,-0.0623331887225919,,-0.0487205988001346,0.336923401650715,1,0.0526315789473684,0.426966292134831,0.510504885119338,0.391899824142456
third-avenue,2019-12-31,2020-02-29,4.04305126783455,0.0391443810918921,0.0805406576576844,0.537951797097062,0.0821783001574338,0.0350877192982456,0.0350877192982456,-0.0915039475993499,3.25172022489807,-0.132749325876451,-0.35635273524539,0.156980541619192,-0.104144868439617,-1.27669765850923,-0.285326297436227,0.100317703014622,1,0.947368421052632,0.426966292134831,0.307229238788168,0.521498024463654
third-point,2019-12-31,2020-02-29,3.61091791264422,0.0673709402549009,0.168261936467393,0.673753288113166,0.167322548607514,0.297297297297297,0.35,0.0326662877378913,10.6784646453311,0.0840568846660088,0.108384344538506,0.163514870577173,-0.073847538611808,-0.891810446660637,-0.10806391913903,0.27758008131182,1,0.263157894736842,0.426966292134831,0.897251710992714,0.607653796672821
tiger-global,2019-12-31,2020-02-29,4.29045944114839,0.0561465672956993,0.102744377946443,0.653117551808182,0.183468551545246,0.0684931506849315,0.19047619047619,-0.0411299951365726,15.6493586084598,0.193827351301974,0.646200862503827,0.181556093910061,-0.0783589751828986,0.258165589178512,0.527219947578993,0.912863948029842,0,0.0350877192982456,0.426966292134831,0.939658641600017,0.570240795612335
tiger-management,2019-12-31,2020-02-29,3.43398720448515,0.0741047014207914,0.125145684054858,0.765342159469024,0.13466743636233,0.290322580645161,0.0434782608695652,0.0736603554209802,17.0272952940969,0.17726071364995,,0.200909159171786,-0.0822557920548893,,0.263927338083245,0.649571338534094,0,0.0701754385964912,0.426966292134831,0.182864757282349,0.262602180242538
trian,2019-12-31,2020-02-29,2.07944154167984,0.252168023358798,0.423441621052554,1,0.0529256022464902,0,0,-0.0100142635467041,8.72936526136715,0.00510561958137144,-0.17235308634658,0.162779464614254,-0.114221803552649,-0.206225422798567,-0.149210476689758,0.236433523761092,1,0.614035087719298,0.426966292134831,0.206259719904311,0.46011283993721
tweedy-browne,2019-12-31,2020-02-29,3.76120011569356,0.0643028945815091,0.127659835952987,0.728705407941518,0.116267284932813,0.0232558139534884,0.106382978723404,-0.0213449329404578,11.4012978018626,-0.143650021639537,-0.252410237867148,0.183075461938334,-0.120018630885262,-1.54493246757872,-0.107959960280133,0.277684040170716,1,0.964912280701754,0.426966292134831,0.315172514443147,0.610538065433502
valinor,2019-12-31,2020-02-29,3.43398720448515,0.0409365314098157,0.0802127245866083,0.498311820994893,0.216078301820999,0.161290322580645,0.1875,0.0448186959064695,12.9725046990377,0.000455767865492257,-0.0865498464360422,0.190641310555325,-0.0991882747237845,-1.91755764565665,,,,0.631578947368421,0.426966292134831,0.514078607056923,0.233574748039246
valueact,2019-12-31,2020-02-29,3.09104245335832,0.124926378941894,0.218514783194822,0.92588955478109,0.0872055644507893,0.136363636363636,0.136363636363636,0.0638520202891895,6.70525891781356,-0.0417101844364709,-0.222322536974032,0.241777843102277,-0.134335712408444,-1.45091664484854,0.0379028529989459,0.423546853449795,0,0.719298245614035,0.426966292134831,0.440243872979614,0.647577404975891
viking,2019-12-31,2020-02-29,4.18965474202643,0.0352658116380483,0.077017707776351,0.500349833312787,0.237807595565428,0.272727272727273,0.225806451612903,0.106378470296487,13.9900308512795,-0.0231119116920613,0.229680966085605,0.177579702204361,-0.120074070294758,-0.234034203493308,0.211236821272678,0.596880821723527,0,0.701754385964912,0.426966292134831,0.643127504149571,0.233979016542435
whale-rock,2019-12-31,2020-02-29,3.68887945411394,0.0362008027663742,0.0779355393318109,0.471401844599824,0.269395270668707,0.2,0.17948717948718,0.0842469330041897,12.8463107918647,0.121159550933512,0.762664971890433,0.203152728685903,-0.0889180686044331,0.0277839090577863,0.934985401561015,1.32062940201186,0,0.157894736842105,0.426966292134831,0.966299589427081,0.438305497169495
yacktman,2019-12-31,2020-02-29,3.87120101090789,0.0483006483728143,0.0786109251701781,0.610393047674132,0.0665860349288034,0,0,-0.0278405209482772,11.0428770663037,-0.0165155001794881,0.0444946583975679,0.146823680567675,-0.110214738590345,1.10080502332395,-0.0942242424112112,0.291419758039638,1,0.68421052631579,0.426966292134831,0.126883158360502,0.300725489854813
abrams,2020-03-31,2020-05-31,3.09104245335832,0.0648040266459911,0.0884508565466818,0.746538610028733,0.176306480679277,0.0909090909090909,0.0476190476190476,-0.236496874796433,10.4881841855772,-0.152562321216772,,0.397938100288149,-0.326368658872255,,0.114168677711292,0.560470720731965,0,0.862068965517241,0.431314623338257,0.0668377089766586,0.117293305695057
adage,2020-03-31,2020-05-31,6.58202513889283,0.00975605232736069,0.049557864012912,0.227775629317575,0.194842952928592,0.156509695290859,0.143459915611814,-0.195572366921764,11.1555751417344,0.0138786145415559,0.0292908652026762,0.228165583411539,-0.191251369686688,0.522063312313915,-0.0765825135239966,0.369719529496676,1,0.5,0.431314623338257,0.235665503256656,0.233289480209351
akre,2020-03-31,2020-05-31,3.3322045101752,0.0816528506053809,0.148957569511881,0.775775440281743,0.0926274294440542,0.142857142857143,0.04,-0.0577240780736514,11.592885545982,0.0860560252225696,0.549229202158254,0.229784843821349,-0.177183347618405,2.64660156275144,-0.230846229339137,0.215455813681535,1,0.275862068965517,0.431314623338257,0.183661366640768,0.396417260169983
altimeter,2020-03-31,2020-05-31,3.2188758248682,0.149951443129673,0.260981356995635,0.95663508339107,0.1816168288669,0.16,0.125,-0.293043467623172,20.3463147127334,-0.114416283895081,-0.306946635177705,0.363060434325191,-0.324305625870357,-0.527529157509104,0.0566545633471161,0.502956606367789,0,0.775862068965517,0.431314623338257,0.0444052544421469,0.295241475105286
appaloosa,2020-03-31,2020-05-31,3.43398720448515,0.0930929721535237,0.148991905903066,0.811357106176945,0.171623507319351,0.451612903225806,0.260869565217391,-0.196164789547767,24.3707658825256,0.106369879522709,,0.311311343290434,-0.169370688469881,,-0.00105774746399806,0.445244295556675,1,0.241379310344828,0.431314623338257,0.0542359472094307,0.321620732545853
berkshire-13f,2020-03-31,2020-05-31,3.91202300542815,0.163214542089918,0.355162816518677,0.84240571382454,0.0930354904305867,0,0.0384615384615385,-0.321355278710833,11.3858043629406,-0.00435968456781981,-0.235355012731842,0.289611813259741,-0.268873905026027,-0.795666309999309,0.0561281690656436,0.502430212086316,0,0.568965517241379,0.431314623338257,0.460319152726344,0.664403021335602
cantillon,2020-03-31,2020-05-31,3.58351893845611,0.0357920195972475,0.0707805449525485,0.473382472024204,0.0545750411528085,0.0833333333333333,0.0294117647058824,-0.173045091373219,10.72070474285,0.0794808409671215,0.291320558695231,0.240982769796603,-0.189944442947082,1.87051759585005,-0.0706943395794372,0.375607703441236,1,0.293103448275862,0.431314623338257,0.14607706668133,0.15175673365593
coatue,2020-03-31,2020-05-31,5.01063529409626,0.042588358177813,0.08461045175116,0.559639975362575,0.372174699110878,0.44,0.780678851174935,-0.465215484456899,16.7437729313139,0.252883278641982,0.423878260658196,0.267521965963618,-0.134193546090212,-0.413297055092081,0.202596092951539,0.648898135972211,0,0.0689655172413793,0.431314623338257,0.624637112621366,0.33035796880722
corvex,2020-03-31,2020-05-31,3.2188758248682,0.115715182427625,0.279147811858181,0.800717150460318,0.416410265662401,0.6,0.230769230769231,-0.381896738031577,12.5518463303236,-0.34779888799643,,0.601363857596272,-0.522176958950641,,0.27309892872003,0.719400971740703,0,0.948275862068965,0.431314623338257,0.0325015720514171,0.257807195186615
d1,2020-03-31,2020-05-31,3.52636052461616,0.0618503049589006,0.104748625882711,0.728293021204921,0.359219981911705,0.470588235294118,0.25,0.350424245972691,17.9893847164404,0.182966549064552,,0.215895770126583,-0.113457156702752,,0.0341038348436444,0.480405877864317,0,0.137931034482759,0.431314623338257,0.145810359937951,0.204615443944931
darsana,2020-03-31,2020-05-31,2.56494935746154,0.109754489472685,0.188756142269452,0.962334348436,0.239219531120787,0.153846153846154,0.153846153846154,-0.327019033216314,13.8176692164797,0.0405836647353035,0.371702235833721,0.254800103996734,-0.182500886552693,2.37477264320613,0.336101223135907,0.78240326615658,0,0.448275862068966,0.431314623338257,0.059746566911789,0.214595571160316
dragoneer,2020-03-31,2020-05-31,3.17805383034795,0.125297027359045,0.266836446711751,0.881972949510755,0.139699386860295,0.208333333333333,0.0952380952380952,-0.07336833191699,13.6699836739652,0.186906600445988,0.93483396862665,0.475956538814896,-0.22678102353252,0.457790323658658,-0.156220861018697,0.290081182001976,1,0.120689655172414,0.431314623338257,0.494344957999342,0.623871088027954
duquesne,2020-03-31,2020-05-31,3.76120011569356,0.070899757305031,0.14317476276185,0.719058256692268,0.450197870742517,0.186046511627907,0.406779661016949,-0.280487395566239,22.5498085311046,0.057703286736585,0.254984406354109,0.271811558359361,-0.205782817447965,-0.0919710065365348,0.147402329687745,0.593704372708418,0,0.344827586206897,0.431314623338257,0.101168867225128,0.389706462621689
egerton,2020-03-31,2020-05-31,3.25809653802148,0.0546308000498042,0.0943132968469795,0.6498728145656,0.303339648215536,0.192307692307692,0.363636363636364,-0.367158003716793,19.8969390739908,0.0533235770616213,0.133701499602131,0.236893493452608,-0.199336420830132,0.465599718957931,-0.047987402353177,0.398314640667496,1,0.396551724137931,0.431314623338257,0.091861314074392,0.111659325659275
eminence,2020-03-31,2020-05-31,4.59511985013459,0.016450165284739,0.0512035853555576,0.264994648951264,0.39726028612345,0.575757575757576,0.25,-0.0698603000177717,7.22731467872974,-0.0883295201808352,-0.0745499706631858,0.334110388470132,-0.302306219978557,0.540888023284659,0.359005629387272,0.805307672407945,0,0.724137931034483,0.431314623338257,0.110787231707681,0.307646840810776
fisher,2020-03-31,2020-05-31,6.65672652417839,0.0158951007895903,0.044198644820559,0.312104215863735,0.168352945829742,0.089974293059126,0.138686131386861,-0.204684213196903,11.5175320392482,0.0561108350276011,0.0469769117359001,0.185002001231703,-0.142275666157892,0.0360591206274215,-0.0595728276064277,0.386729215414245,1,0.362068965517241,0.431314623338257,0.394940098919099,0.413306206464767
fundsmith,2020-03-31,2020-05-31,3.52636052461616,0.0571776128724242,0.106267133174892,0.646902704670916,0.0478963177843328,0.0882352941176471,0,-0.174970095351823,13.5543988960481,0.0537698276547788,0.300424603006759,0.206474093964681,-0.154429219814645,0.6515598776117,-0.0614566908437647,0.384845352176908,1,0.379310344827586,0.431314623338257,0.35828495683011,0.0905046239495277
gardner-russo,2020-03-31,2020-05-31,4.43081679884331,0.0767661509050853,0.145987250842951,0.771076702204563,0.0950991772695361,0.0119047619047619,0.10752688172043,-0.276158676472012,9.55205022824125,-0.157855025233019,-0.218928915853658,0.189072514660422,-0.206654671097902,-1.37023057000229,-0.0686097038729489,0.377692339147724,1,0.879310344827586,0.431314623338257,0.671041532403518,0.734792172908783
giverny,2020-03-31,2020-05-31,3.71357206670431,0.0730274342328557,0.193454594545028,0.675056546679029,0.118954572081523,0.0975609756097561,0.0512820512820513,-0.341698584087974,12.6198636766549,-0.0858977653922893,-0.0435815786798335,0.281581329246677,-0.25712532556347,0.339303554504093,0.055167394076208,0.501469437096881,0,0.689655172413793,0.431314623338257,0.215933778155555,0.466276228427887
glenview,2020-03-31,2020-05-31,3.78418963391826,0.0459256459490673,0.0823563249169293,0.599115235024362,0.227313302262633,0.181818181818182,0.28,-1.13325073095314,7.50711664103569,-0.0528338895874437,,0.349562263731136,-0.297345089690885,,0.320799684096703,0.767101727117376,0,0.672413793103448,0.431314623338257,0.170832045751445,0.380082368850708
gotham,2020-03-31,2020-05-31,6.96129604591017,0.00343678366145456,0.014183883109807,0.0967142267610648,0.33890467206558,0.2,0.223551057957682,-0.413792098929817,6.57923423971334,0.0178029012314354,0.0708309254402271,0.208260415294636,-0.187437387345723,0.994647946803605,-0.107582719836869,0.338719323183804,1,0.482758620689655,0.431314623338257,0.178441864019389,0.360592305660248
greenlight,2020-03-31,2020-05-31,3.09104245335832,0.126014408743512,0.278862173963001,0.845866367919108,0.35779184039245,0.5,0.388888888888889,-0.660446930116512,4.37685711823509,-0.143031851184469,-0.341498823415286,0.476482387540461,-0.427808759513202,0.671896023527939,0.458185763623201,0.904487806643873,0,0.844827586206897,0.431314623338257,0.0755980406564211,0.455609530210495
harris,2020-03-31,2020-05-31,4.85981240436167,0.0212102672033449,0.052986068573999,0.361316456293577,0.141003534743571,0.0542635658914729,0.0615384615384615,-0.446178523852734,11.7112094240955,-0.12681552994726,-0.247115908882924,0.317439995305699,-0.309625405292193,-0.518416923292965,0.231689207914281,0.677991250934954,0,0.810344827586207,0.431314623338257,0.125323021488265,0.321389228105545
hitchwood,2020-03-31,2020-05-31,3.55534806148941,0.0528211143442678,0.135917074887006,0.594558264995895,0.533152765750402,0.342857142857143,0.5,-0.642739537792646,21.21268218191,0.132821549239591,0.388360097315203,0.277079890384655,-0.187828375782351,-0.421022898205825,0.197959152794979,0.644261195815652,0,0.189655172413793,0.431314623338257,0.199931282730677,0.306643187999725
hound,2020-03-31,2020-05-31,3.58351893845611,0.0638236192099048,0.104547437161976,0.724460409289128,0.261737321349697,0.5,0.333333333333333,-0.296902279736693,13.1937910445512,-0.0889290395800681,,0.380434544566083,-0.329478372782244,,-0.0718145740085256,0.374487469012147,1,0.741379310344828,0.431314623338257,0.133125558480618,0.0984853878617287
icahn,2020-03-31,2020-05-31,2.94443897916644,0.301644845852155,0.529971546606492,0.931341197708731,0.111049281843266,0.0526315789473684,0,-0.374341118676866,2.53498628710293,-0.392494149369924,-0.223473055170398,0.347035780472611,-0.400489617784556,0.990183837663479,0.0312622692244605,0.477564312245133,0,1,0.431314623338257,0.112524889520603,0.471537232398987
lansdowne,2020-03-31,2020-05-31,3.17805383034795,0.0947371181462348,0.17170913448037,0.867009786943254,0.317321367745249,0.291666666666667,0.291666666666667,-0.504617826878405,8.49635037350458,-0.354993180533661,-0.435596802260908,0.364039797533173,-0.403301179053605,-0.138372555701307,0.502347608337229,0.948649651357902,0,0.96551724137931,0.431314623338257,0.0723775539452514,0.408867955207825
light-street,2020-03-31,2020-05-31,3.80666248977032,0.0297185457624108,0.0585315122337157,0.399043964784406,0.448545507146476,0.533333333333333,0.25,0.128221333630497,12.4744436542071,0.0662906765361848,0.592692930171773,0.323695155752452,-0.179706953252474,-0.43178507096743,0.061438016811434,0.507740059832107,0,0.327586206896552,0.431314623338257,0.40740983553036,0.41278463602066
lone-pine,2020-03-31,2020-05-31,3.63758615972639,0.0415982543561718,0.0749813982289179,0.542875218972766,0.263431931869128,0.236842105263158,0.292682926829268,-0.127008718634913,18.9391164595297,0.282567751310713,0.496883549817913,0.254008684862191,-0.142005741430673,0.735501058774424,-0.0644256350571115,0.381876407963561,1,0.0517241379310345,0.431314623338257,0.216606985217716,0.189641714096069
markel-13f,2020-03-31,2020-05-31,4.86753445045558,0.0230629702321679,0.0569916036468397,0.401263525038873,0.100387007571243,0.0461538461538462,0.0746268656716418,-0.303612779199603,11.277196267694,-0.041184199815487,0.0505934844103952,0.243851249047766,-0.216897479732675,0.629803392365253,0.0490927221784077,0.49539476519908,0,0.655172413793103,0.431314623338257,0.190468732357404,0.179579362273216
marshall-wace,2020-03-31,2020-05-31,7.53155238140729,0.00610052963889746,0.0330217901979696,0.158567934176343,0.433823356295958,0.353161843515541,0.361037586024352,-0.359399043808382,9.0760148626866,0.0495649435874675,0.167667819611451,0.247126202693516,-0.188880754635397,0.466029546157537,-0.0573661633385762,0.388935879682097,1,0.413793103448276,0.431314623338257,0.265445351953484,0.248796448111534
matrix,2020-03-31,2020-05-31,3.09104245335832,0.0861874647226509,0.191997169383942,0.781818865115214,0.232589775236174,0.181818181818182,0.181818181818182,-0.183163969732525,14.2527416479953,0.036840747490348,0.231558490512791,0.313742258152196,-0.176542381370287,-0.786113130986974,-0.00945930911359116,0.436842733907082,1,0.46551724137931,0.431314623338257,0.416131406102446,0.382524102926254
maverick,2020-03-31,2020-05-31,6.14418563412565,0.0310683154686735,0.0731154680787157,0.493677376842262,0.383979702576602,0.489270386266094,0.293768545994065,-0.371046950292774,12.5650476110926,-0.00701278373992034,-0.120134981230522,0.297943811007626,-0.252172896005434,-0.816076915374541,0.0145903237981256,0.460892366818798,0,0.586206896551724,0.431314623338257,0.297819239175749,0.272723436355591
melvin,2020-03-31,2020-05-31,3.98898404656427,0.0314966630137219,0.0809641913182062,0.435903396034242,0.30782293924867,0.259259259259259,0.148936170212766,0.200521656684784,15.3594876277003,0.0491745741144234,0.170309596218292,0.268032942975691,-0.19928738626972,-0.0998188161293708,0.0060664491462975,0.45236849216697,0,0.431034482758621,0.431314623338257,0.202393998674771,0.287308126688004
pershing-square,2020-03-31,2020-05-31,2.30258509299405,0.129037305894784,0.160401789504144,1,0.195112114259658,0.2,0,0.00306829870280266,9.38253480833848,-0.00262624466379183,-0.0145488449662623,0.351041129511284,-0.29141966556463,-0.0251169284434131,0.0717820316252595,0.518084074645932,0,0.551724137931035,0.431314623338257,0.136839440427468,0.426922887563705
polen,2020-03-31,2020-05-31,4.14313472639153,0.0545169895189379,0.10980015047,0.634561063948362,0.136123481154367,0.111111111111111,0.0967741935483871,-0.0967721785440792,20.1752906083102,0.154731825797697,0.488538823517235,0.222572990561373,-0.152095615524435,2.49532050336813,-0.0575603893901114,0.388741653630561,1,0.172413793103448,0.431314623338257,0.0615060435721743,0.347418576478958
pzena,2020-03-31,2020-05-31,5.10594547390058,0.0181522542402209,0.0387852754516975,0.293802308436604,0.131530124662934,0.103030303030303,0.149425287356322,-0.482383120234968,6.11183434996637,-0.288570771092972,-0.435851017497519,0.394828042812288,-0.403150304628169,-0.213163406940093,0.37477284341563,0.821074886436303,0,0.931034482758621,0.431314623338257,0.0718522552710992,0.542084455490112
ruane-cunniff,2020-03-31,2020-05-31,3.63758615972639,0.0591063551196399,0.11862501159646,0.64487354771869,0.0899171566529183,0.0789473684210526,0.102564102564103,-0.259073862128175,16.12828896823,0.0694049592752387,0.102484509658119,0.329453874128316,-0.252162003381057,-0.455200671654474,0.0431492431252833,0.489451286145956,0,0.310344827586207,0.431314623338257,0.256626085979964,0.428608894348145
sands,2020-03-31,2020-05-31,4.33073334028633,0.034553357914905,0.0754167086184764,0.474605450941629,0.130319418482505,0.0657894736842105,0.0533333333333333,-0.138570799698207,17.3995633321028,0.204728082953375,0.517893305860041,0.239228850807307,-0.13077923724525,0.532766432694752,-0.0178476927083891,0.428454350312284,1,0.103448275862069,0.431314623338257,0.307634381894209,0.202828332781792
semper-augustus,2020-03-31,2020-05-31,3.29583686600433,0.101266310559889,0.235541018320697,0.764698467918298,0.15946352139648,0.111111111111111,0.142857142857143,-0.159777153300859,10.3678004449402,-0.086182726701119,-0.0676792206159128,0.216451987582757,-0.207933610060271,0.965927950336866,0.194742958198042,0.641045001218715,0,0.706896551724138,0.431314623338257,0.227085759833207,0.46255025267601
senator,2020-03-31,2020-05-31,3.46573590279973,0.0494666712940313,0.111620635596781,0.589964154590212,0.469640557434613,0.3125,0.421052631578947,-0.279637285737488,15.6495691016625,-0.0168255845469083,,0.273606313506391,-0.232174546992117,,-0.0672660725573777,0.379035970463295,1,0.603448275862069,0.431314623338257,0.087852835356736,0.109006680548191
soroban,2020-03-31,2020-05-31,2.70805020110221,0.0973425473644831,0.159255491075404,0.899938614390378,0.524893326162107,0.466666666666667,0.428571428571429,-0.31161386847152,18.5402926426316,-0.00237089064660898,-0.144091045833206,0.284885427392271,-0.246031601271641,-0.550856479091146,-0.0790510480320089,0.367250994988664,1,0.53448275862069,0.431314623338257,0.0770329476438201,0.15736511349678
southeastern,2020-03-31,2020-05-31,3.46573590279973,0.0584553720584689,0.151247848639379,0.636121112859534,0.173713920875474,0.1875,0.103448275862069,-0.355968272413466,6.54752621483771,-0.206023624695807,,0.361866287169014,-0.334214286088314,,0.311042936679698,0.757344979700371,0,0.913793103448276,0.431314623338257,0.254977499283808,0.479823380708695
srs,2020-03-31,2020-05-31,3.36729582998647,0.133224811054649,0.312290405745715,0.825206876359666,0.286999028824273,0.379310344827586,0.181818181818182,0.039769232883477,16.0098106504655,0.128232110584942,0.657177919671753,0.324284725644166,-0.168658162377437,1.12093770869198,0.224100913096889,0.670402956117562,0,0.206896551724138,0.431314623338257,0.34149139943634,0.554924249649048
steadfast,2020-03-31,2020-05-31,3.95124371858143,0.0317972726079664,0.0652175146828221,0.441103127871738,0.283927105192015,0.326923076923077,0.485294117647059,-0.267337283537165,16.7119270884703,-0.0238843403562209,0.127751236799968,0.318043703607153,-0.249097258706779,0.703419842158701,-0.0908227255859126,0.35547931743476,1,0.620689655172414,0.431314623338257,0.080132562401192,0.0903169885277748
suvretta,2020-03-31,2020-05-31,4.15888308335967,0.0380650057144037,0.0834167645920529,0.512405037582552,0.471691729600752,0.703125,0.486486486486487,-0.147262232546629,15.5832019184103,0.0091124432929782,0.0957785463780578,0.245468763225647,-0.199032922525812,-0.808401435476884,-0.102674638885631,0.343627404135042,1,0.517241379310345,0.431314623338257,0.407778866796506,0.189352199435234
tci,2020-03-31,2020-05-31,2.89037175789616,0.122712330019988,0.216400109312219,0.951323487477649,0.0893587140698439,0.166666666666667,0.117647058823529,-0.0707280302570985,17.7960004644107,0.18111021617968,,0.222875455846291,-0.163569071207556,,-0.0630203339698584,0.383281709050814,1,0.155172413793103,0.431314623338257,0.275996948728208,0.418325424194336
third-avenue,2020-03-31,2020-05-31,4.20469261939097,0.0367873708014906,0.087329800196373,0.511986443164208,0.257939208082026,0.283582089552239,0.157894736842105,-0.401883173917179,3.49569546804206,-0.383182588964489,-0.57530725063901,0.364311558886746,-0.37931510642857,-1.25988160349445,0.192664517241157,0.63896656026183,0,0.982758620689655,0.431314623338257,0.183924865128944,0.505974411964417
third-point,2020-03-31,2020-05-31,3.40119738166216,0.0681389866964495,0.15003644868523,0.689947918594957,0.296926492052783,0.2,0.351351351351351,-0.32776860554056,13.6590748927924,0.109854464884101,0.0870833719486192,0.220544316726246,-0.152562740794353,-1.1102784144365,-0.126303765002815,0.319998278017858,1,0.224137931034483,0.431314623338257,0.598579876365642,0.460011720657349
tiger-global,2020-03-31,2020-05-31,4.30406509320417,0.0547272510224961,0.123510094087532,0.633407356862672,0.141476225925625,0.0405405405405405,0.0273972602739726,-0.087192651272474,18.6384494182952,0.375763176368908,0.640043565568383,0.271118604074101,-0.119886852130698,0.0708206021701824,0.0370168736553035,0.483318916675976,0,0.0172413793103448,0.431314623338257,0.504485436806751,0.394131243228912
tiger-management,2020-03-31,2020-05-31,3.66356164612965,0.0759042556023578,0.129563966615933,0.78657445349479,0.265902553513962,0.41025641025641,0.258064516129032,-0.171875784972079,17.2936242452625,0.208510265562955,0.285345493333874,0.26640999511421,-0.192437778740679,0.395517059522781,0.204079403299025,0.650381446319698,0,0.0862068965517242,0.431314623338257,0.28843011234087,0.397720664739609
trian,2020-03-31,2020-05-31,2.07944154167984,0.292068656248374,0.491973250509292,1,0.0861755409412516,0,0,-0.312489553273371,9.6322443655095,-0.114292440636562,-0.286725935810404,0.23826698093129,-0.239125759129958,-0.383542388427115,0.0182194647629603,0.464521507783633,0,0.758620689655172,0.431314623338257,0.228522279544756,0.395957350730896
tweedy-browne,2020-03-31,2020-05-31,3.8286413964891,0.0650832573899107,0.130018456717674,0.705752954722335,0.0948950201615668,0.0652173913043478,0,-0.249907205131718,11.6357093166745,-0.158023951191698,-0.278921104180637,0.240567252209494,-0.244196458533666,-1.51170704565292,-0.00483254731886729,0.441469495701806,1,0.896551724137931,0.431314623338257,0.458072949964426,0.591949641704559
valinor,2020-03-31,2020-05-31,3.25809653802148,0.0449899032182121,0.0607613260143609,0.543992661917934,0.362598659048218,0.230769230769231,0.354838709677419,-0.293103950811249,14.411371519069,-0.0314922234081303,-0.113933211221818,0.331751581578528,-0.263354049494064,-1.51015936770712,,,,0.637931034482759,0.431314623338257,0.171512387584513,0.101150944828987
valueact,2020-03-31,2020-05-31,3.17805383034795,0.119897917966979,0.221167141479333,0.900381693368446,0.106236366481787,0.166666666666667,0.0909090909090909,-0.350054268679978,6.17839565264539,-0.124657482656545,-0.336561615239797,0.331108638893129,-0.320248604260362,-1.63737836620737,0.423251406185622,0.869553449206294,0,0.793103448275862,0.431314623338257,0.594871039760229,0.688115179538727
viking,2020-03-31,2020-05-31,4.15888308335967,0.0338278418967682,0.0893151367148513,0.484261488607647,0.37147785000938,0.328125,0.348484848484849,-0.105517185557464,15.4031781777991,0.0866650145918465,0.245925411827339,0.262077464439321,-0.142251599884729,-0.355475980780786,0.020813514300503,0.467115557321176,0,0.258620689655172,0.431314623338257,0.294990637780458,0.343645393848419
whale-rock,2020-03-31,2020-05-31,3.89182029811063,0.0314624006526067,0.0761289698278094,0.439754566443421,0.338285586210651,0.346938775510204,0.2,0.219565326568195,13.8447913514928,0.321538029960762,0.963164373242697,0.353327132753753,-0.157080666535776,0.11063953921561,0.185765044168458,0.632067087189131,0,0.0344827586206897,0.431314623338257,0.597962416473846,0.329247117042542
yacktman,2020-03-31,2020-05-31,4.04305126783455,0.0409258845393635,0.0673346513970232,0.538454383805225,0.133458210006261,0.192982456140351,0.0416666666666667,-0.271336022589728,11.6340221252326,-0.128342816591478,-0.0627858182252104,0.251153575614815,-0.255727802495184,0.885182863301277,0.0441501200864449,0.490452163107118,0,0.827586206896552,0.431314623338257,0.097451368630436,0.153112456202507
abrams,2020-06-30,2020-08-31,2.99573227355399,0.0692421898108606,0.108874258313083,0.760445993040368,0.142178772220062,0,0.0909090909090909,0.196964876054159,10.2584931009664,-0.0428124349807164,,0.365233633023405,-0.292421193757106,,0.00477767828517595,0.332863382659602,0,0.568965517241379,0.435020519835841,0.208926076416056,0.251201868057251
adage,2020-06-30,2020-08-31,6.58479139238572,0.0114869948255618,0.0572021299359454,0.252006880814694,0.256482575733387,0.160220994475138,0.157894736842105,0.153911948333712,10.8305158083832,0.044535310117378,0.0467772745163143,0.234089057629107,-0.191251369686688,0.433904675832814,-0.0793225356755242,0.248763168698902,1,0.413793103448276,0.435020519835841,0.281837591821813,0.318316400051117
akre,2020-06-30,2020-08-31,3.3322045101752,0.0777468598028517,0.137076048362012,0.769211912670669,0.0545078934401922,0,0,0.254304220840234,11.8585829327536,-0.0173450717839795,0.453100556649896,0.233046653972797,-0.177183347618405,2.32922916797242,-0.141220600164489,0.186865104209936,1,0.53448275862069,0.435020519835841,0.194821406523563,0.223071470856667
altimeter,2020-06-30,2020-08-31,3.13549421592915,0.124911839583983,0.19009392000457,0.914154005959515,0.175847006688597,0.173913043478261,0.24,0.349494454161945,18.8361740635237,-0.112821609108383,-0.135369254951725,0.376904023040873,-0.324305625870357,-0.0956757146723442,0.0715340636461422,0.399619768020568,0,0.689655172413793,0.435020519835841,0.083564136297868,0.281637698411942
appaloosa,2020-06-30,2020-08-31,3.61091791264422,0.0693096959856944,0.126420825048407,0.727152619194401,0.323349776152753,0.351351351351351,0.225806451612903,0.565413632559816,21.8062063576136,0.166169914773157,-0.0434868081466581,0.284611490796735,-0.169370688469881,-1.03885354198532,-0.1443077116556,0.183777992718826,1,0.258620689655172,0.435020519835841,0.146957707453267,0.401064813137054
baupost,2020-06-30,2020-08-31,3.43398720448515,0.0932787817154727,0.210075310301887,0.759781595006559,0.164142166080306,0.129032258064516,0.181818181818182,0.167669621991929,7.59578349190094,-0.149306907518354,,0.351759440146722,-0.286333287223409,,-0.0949067876197476,0.233178916754678,1,0.775862068965517,0.435020519835841,0.401338697151363,0.678890705108643
berkshire-13f,2020-06-30,2020-08-31,3.78418963391826,0.226443691109034,0.441837037784763,0.877528248614506,0.107446165138598,0.0227272727272727,0.14,0.142509104007426,10.910606769589,0.0614233246329485,-0.11306776832036,0.298240436141667,-0.268873905026027,-0.140610959270547,-0.0381137607297736,0.289971943644652,1,0.396551724137931,0.435020519835841,0.500959605098791,0.799853265285492
cantillon,2020-06-30,2020-08-31,3.58351893845611,0.0351494579801662,0.0755330232520966,0.458996330262318,0.0754137353798023,0.0277777777777778,0.0277777777777778,0.241150139616695,10.563873007947,-0.0465181627979881,0.18644643353313,0.237256118779141,-0.189944442947082,1.41099563408672,0.0150503977762942,0.34313610215072,0,0.586206896551724,0.435020519835841,0.213689773514311,0.128068521618843
coatue,2020-06-30,2020-08-31,4.47733681447821,0.0450996143784089,0.108159153533157,0.559832947883499,0.378926433212306,0.420454545454546,0.66,0.364482451810258,15.2996100510019,0.570891699713736,0.790142868933406,0.292954986064658,-0.134193546090212,-0.139712372994474,-0.0451668600464051,0.282918844328021,1,0.0517241379310345,0.435020519835841,0.730523101309915,0.270448803901672
corvex,2020-06-30,2020-08-31,3.2188758248682,0.111887746929937,0.272277373679991,0.784186852579614,0.446736754732521,0.44,0.44,0.382644888372748,11.2832761044574,-0.339830960581122,,0.625176132837643,-0.522176958950641,,0.0935590222648284,0.421644726639254,0,0.931034482758621,0.435020519835841,0.078920636764413,0.239900931715965
d1,2020-06-30,2020-08-31,3.85014760171006,0.0409795662578666,0.0907358251469866,0.531128378986619,0.408195961584272,0.468085106382979,0.264705882352941,0.32681656645696,14.7135250603008,0.264173099720264,,0.216221265308384,-0.113457156702752,,0.00749931882452598,0.335585023198952,0,0.189655172413793,0.435020519835841,0.206292446000501,0.313526421785355
darsana,2020-06-30,2020-08-31,2.484906649788,0.110096496270185,0.224222450104622,0.914565241874774,0.340178667568387,0.333333333333333,0.384615384615385,-0.226112176037154,8.75413418848509,0.330178653957904,0.720809820823852,0.305317216469749,-0.182500886552693,2.39697983389426,0.0947698109769288,0.422855515351355,0,0.155172413793103,0.435020519835841,0.37913280544378,0.3620745241642
dragoneer,2020-06-30,2020-08-31,3.13549421592915,0.098266911133585,0.205667220639731,0.832548970633686,0.195231961814724,0.217391304347826,0.25,0.298665386971047,11.7728855084423,0.295540141358292,0.958189640257703,0.46447478329264,-0.220931566833674,0.136511608582782,-0.125239153143325,0.202846551231101,1,0.172413793103448,0.435020519835841,0.612845597518447,0.694292187690735
duquesne,2020-06-30,2020-08-31,4.24849524204936,0.0393983832479292,0.112300257141289,0.515759753325867,0.472605304973087,0.585714285714286,0.325581395348837,0.281776231667488,17.3553047539713,0.210693338864027,0.436744184574626,0.285071094429575,-0.205782817447965,0.217221163148717,-0.0131421816291289,0.314943522745297,1,0.224137931034483,0.435020519835841,0.234258219428914,0.204467862844467
egerton,2020-06-30,2020-08-31,3.3322045101752,0.0506676793916882,0.0880531466829641,0.608454609793097,0.203050785519943,0.214285714285714,0.153846153846154,0.330301127240017,19.3149742067373,0.0856923407512865,0.158566387718985,0.244457445409248,-0.199336420830132,0.278926404806849,-0.0800062881488164,0.248079416225609,1,0.362068965517241,0.435020519835841,0.144925731579711,0.133554637432098
eminence,2020-06-30,2020-08-31,4.26267987704132,0.022586656742464,0.0535123942237059,0.350145982593343,0.330947455258281,0.197183098591549,0.424242424242424,-0.0606351111257416,6.59135349466628,-0.102169835978152,-0.102225731287455,0.343880629460786,-0.302306219978557,0.386908118020847,0.262560819025013,0.590646523399439,0,0.672413793103448,0.435020519835841,0.212285885604495,0.382916271686554
fisher,2020-06-30,2020-08-31,6.71295620067707,0.0163488844852074,0.0509557013364993,0.321562985937767,0.128963118523403,0.138517618469016,0.0886889460154242,0.239482946461056,11.8890444764872,0.134328509692692,0.103805553331287,0.192650286062203,-0.142275666157892,0.471864708378992,-0.0976119276695744,0.230473776704851,1,0.310344827586207,0.435020519835841,0.407984386344911,0.419262021780014
fundsmith,2020-06-30,2020-08-31,3.52636052461616,0.0580209285897833,0.106161063116475,0.661103129782398,0.0814285922236239,0.0294117647058824,0.0294117647058824,0.254446224739629,14.4895258951112,-0.00108058652118706,0.316657478800639,0.208859242900774,-0.154429219814645,0.65269961090511,0.0264570502463204,0.354542754620746,0,0.517241379310345,0.435020519835841,0.292688205988855,0.064924567937851
gardner-russo,2020-06-30,2020-08-31,4.45434729625351,0.0824975075944133,0.162441096381975,0.803158032481494,0.0518152181104534,0.0930232558139535,0.0714285714285714,-0.00487250543696998,9.94593617612271,-0.2240884696202,-0.300060476504102,0.201818315324631,-0.206654671097903,-1.58283846608548,-0.106168989385513,0.221916714988913,1,0.896551724137931,0.435020519835841,0.661597093554068,0.76351010799408
giverny,2020-06-30,2020-08-31,3.89182029811063,0.0607104021012137,0.149896285159132,0.643090682370068,0.0949908731170184,0.244897959183673,0.0975609756097561,0.24745314865025,11.3941919689114,-0.101639000726352,-0.080678842283761,0.289639616220836,-0.25712532556347,0.0924557428166906,0.0257370396308089,0.353822744005235,0,0.655172413793103,0.435020519835841,0.378030894709564,0.592856645584106
glenview,2020-06-30,2020-08-31,3.76120011569356,0.0474728507368216,0.0989747641703156,0.596426677979817,0.21142251604568,0.232558139534884,0.25,-0.0171753778090022,6.54957546646695,-0.139301977441431,,0.337727864709556,-0.297345089690885,,0.333666954300759,0.661752658675184,0,0.741379310344828,0.435020519835841,0.37177600626582,0.622142612934113
gotham,2020-06-30,2020-08-31,6.94985645500077,0.0041231421135685,0.0212270355444953,0.128467470045386,0.327334484623072,0.209971236816874,0.218957345971564,-0.0748273637142281,7.92660562265344,-0.0628479607609265,-0.00918402759136694,0.207026516589874,-0.187437387345723,0.400417486075319,-0.01830862761381,0.309777076760616,1,0.637931034482759,0.435020519835841,0.256984698003491,0.285075843334198
greenlight,2020-06-30,2020-08-31,3.09104245335832,0.145065298034271,0.312266187679183,0.884910801692189,0.295624018778707,0.5,0.5,0.273518119769212,3.45460107684777,-0.20635089372834,-0.449690365189638,0.471612760627217,-0.427808759513202,0.361629889885627,0.332882595784163,0.660968300158588,0,0.844827586206897,0.435020519835841,0.368467862929439,0.523680031299591
harris,2020-06-30,2020-08-31,4.88280192258637,0.0200579094635636,0.053514598492915,0.341065520724486,0.0856575412571798,0.0833333333333333,0.062015503875969,0.12972463980068,11.7623805716951,-0.164646029534564,-0.351634490213538,0.313579280243843,-0.309625405292193,-1.35569227636684,0.206542899999088,0.534628604373514,0,0.793103448275862,0.435020519835841,0.326119625343399,0.447900712490082
hitchwood,2020-06-30,2020-08-31,3.71357206670431,0.0386554979913487,0.113597059285934,0.458649951711798,0.366013471834946,0.390243902439024,0.285714285714286,0.561190722214827,16.242449353537,0.335161424466721,0.765553587575003,0.303649829831837,-0.187828375782351,-0.0453355928465354,0.00217821262872969,0.330263917003155,0,0.137931034482759,0.435020519835841,0.477941069855691,0.254374444484711
hound,2020-06-30,2020-08-31,3.97029191355212,0.0517770959679843,0.0870647742067333,0.630848057923361,0.381776993580646,0.60377358490566,0.416666666666667,0.0320480826509328,12.1294215966331,-0.127934960601969,,0.377999848824119,-0.329478372782244,,-0.0981095772533894,0.229976127121036,1,0.706896551724138,0.435020519835841,0.160356959393148,0.279693961143494
icahn,2020-06-30,2020-08-31,2.77258872223978,0.283620962874319,0.504119489374957,0.971567589030756,0.122605979265546,0,0.157894736842105,0.091317786276114,2.38586669635558,-0.453615032149598,-0.417462274362241,0.314609767136413,-0.345377004330368,0.706242582661673,0.0355553142773148,0.363641018651741,0,1,0.435020519835841,0.299602862526976,0.718853294849396
lansdowne,2020-06-30,2020-08-31,3.61091791264422,0.0666565518341403,0.126544154359065,0.706858028122664,0.400105462034761,0.540540540540541,0.291666666666667,0.295696687407579,7.71039654062412,-0.39948725205776,-0.469009461479306,0.359977632789418,-0.403301179053605,0.23192875127382,0.242905015361818,0.570990719736244,0,0.982758620689655,0.435020519835841,0.117167168609225,0.359026342630386
light-street,2020-06-30,2020-08-31,3.66356164612965,0.0332542918268326,0.0788750681684395,0.418621648918263,0.385385114545496,0.256410256410256,0.355555555555556,0.0665211927618844,11.797585016134,0.373966355199838,0.918678377689064,0.314622441425051,-0.158208493340198,-0.262061006932973,-0.112102042076712,0.215983662297714,1,0.103448275862069,0.435020519835841,0.603255874551723,0.507259130477905
lone-pine,2020-06-30,2020-08-31,3.3322045101752,0.0461989091315147,0.0816005483057849,0.564287815748876,0.363171546554386,0.285714285714286,0.473684210526316,0.169416230999502,18.4035055883511,0.40419098232107,0.637528908362316,0.257863325394603,-0.142005741430673,0.625725234790095,-0.0415568765244886,0.286528827849937,1,0.0862068965517242,0.435020519835841,0.270485878090073,0.109542779624462
markel-13f,2020-06-30,2020-08-31,4.72738781871234,0.0245840715003286,0.055470878031206,0.418685980345293,0.157515913309368,0.0442477876106195,0.169230769230769,0.0096146748569158,11.6181122927051,-0.0557967235295479,0.0422746624539997,0.249919480958711,-0.216897479732675,0.446237247575894,0.0268462132152182,0.354931917589644,0,0.603448275862069,0.435020519835841,0.236873221691713,0.312349557876587
marshall-wace,2020-06-30,2020-08-31,7.46106551435428,0.00542362615962811,0.0288575039346717,0.156992668413329,0.399273621612737,0.319723979298447,0.366023579849946,0.195020567267459,9.04505708535565,0.0194292481717261,0.200458704482377,0.251518108683486,-0.188880754635397,0.699271858764086,-0.0322275986814977,0.295858105692928,1,0.448275862068966,0.435020519835841,0.268387904672409,0.13546447455883
matrix,2020-06-30,2020-08-31,3.13549421592915,0.069761602675215,0.141874331904686,0.727010233228693,0.183045287434248,0.217391304347826,0.181818181818182,0.494665805915053,12.6130815966038,0.213698622727988,0.216194478831627,0.309901098520258,-0.166764989593787,-1.18443139849263,-0.110332955494345,0.217752748880081,1,0.206896551724138,0.435020519835841,0.61863338027448,0.698713839054108
maverick,2020-06-30,2020-08-31,6.33327962813969,0.0352715180244309,0.0810394887525778,0.530358417926049,0.354217737810737,0.47069271758437,0.360515021459227,0.00289251269302238,15.2566727905028,0.0203347461654583,-0.108678058078041,0.293832857495248,-0.252172896005434,-0.525329952492745,-0.211170139527233,0.116915564847193,1,0.431034482758621,0.435020519835841,0.245991977928726,0.211681336164474
melvin,2020-06-30,2020-08-31,4.04305126783455,0.0327281503967717,0.0707525811501799,0.470807155343875,0.316923354873455,0.315789473684211,0.277777777777778,0.198666993970666,14.6081848926527,0.0716663507557636,0.24950162088467,0.272921315380932,-0.19928738626972,-0.129111971436053,-0.0715874866805836,0.256498217693842,1,0.379310344827586,0.435020519835841,0.263510461996103,0.168743804097176
pershing-square,2020-06-30,2020-08-31,1.94591014905531,0.157613182686217,0.221494035453853,1,0.194579659903778,0,0.3,0.165096885544695,8.09048013677471,-0.133319580320289,0.237699812391644,0.356731814362102,-0.29141966556463,0.66464643366547,0.0923199667925888,0.420405671167015,0,0.724137931034483,0.435020519835841,0.25189188954529,0.483389109373093
polen,2020-06-30,2020-08-31,4.14313472639153,0.0541837175174331,0.108610113216471,0.622746712730441,0.0516646492387027,0.0793650793650794,0.0793650793650794,0.361451944666599,18.977310856913,0.180177633075392,0.603222715636918,0.233336104815262,-0.152095615524435,2.68262588244039,0.011783470439604,0.33986917481403,0,0.241379310344828,0.435020519835841,0.119479819008123,0.284735411405563
pzena,2020-06-30,2020-08-31,5.12989871492307,0.0186541398123575,0.0367910905160589,0.301929590103589,0.100547548832182,0.106508875739645,0.0848484848484849,0.148091244356106,6.22168160572689,-0.343746807345914,-0.551902040232502,0.378947678511551,-0.403150304628169,-0.232799214603159,0.289423131705865,0.617508836080291,0,0.948275862068965,0.435020519835841,0.175752538841411,0.628489196300507
ruane-cunniff,2020-06-30,2020-08-31,3.61091791264422,0.0580757855905446,0.0973995350439794,0.653451635742191,0.144267749015602,0.027027027027027,0.0526315789473684,0.178633030165454,15.5759442685332,0.086427003513153,0.132866707661105,0.340538065001864,-0.252162003381057,-0.628008498763602,0.0131099881840731,0.341195692558499,0,0.344827586206897,0.435020519835841,0.238422893450648,0.189248889684677
sands,2020-06-30,2020-08-31,4.34380542185368,0.0320711943166062,0.0744034239334037,0.451909560617011,0.134002731341426,0.0779220779220779,0.0657894736842105,0.320615534617574,15.7005918947299,0.336139802375208,0.63554377832072,0.241687713381921,-0.13077923724525,0.381621097059371,-0.0227481062873256,0.3053375980871,1,0.120689655172414,0.435020519835841,0.447187408294659,0.209626942873001
semper-augustus,2020-06-30,2020-08-31,3.29583686600433,0.0914437359521018,0.210648030351862,0.760164877105491,0.0691232068436001,0.037037037037037,0.037037037037037,0.108507324208773,8.45050577013327,-0.14556045278425,-0.129453024849116,0.216898988035927,-0.207933610060271,0.74285987314632,0.0432910026424725,0.371376707016898,0,0.758620689655172,0.435020519835841,0.391295626022683,0.543764650821686
senator,2020-06-30,2020-08-31,3.85014760171006,0.0372646029597845,0.0977414108101848,0.481762069460217,0.61232621262489,0.595744680851064,0.40625,0.0467022127633548,12.071170017302,-0.0568697955910984,,0.277579767608816,-0.232174546992117,,-0.115874109949674,0.212211594424752,1,0.620689655172414,0.435020519835841,0.115286679177575,0.27252322435379
soroban,2020-06-30,2020-08-31,2.83321334405622,0.0824801375384081,0.119159324471769,0.852392658392967,0.283454002651661,0.294117647058824,0.2,0.193880967304687,17.9959353063839,-0.0378737185610683,-0.177019266897899,0.291247872502919,-0.246031601271641,-0.578102773424961,-0.124663062113564,0.203422642260862,1,0.551724137931035,0.435020519835841,0.112008005615145,0.145057439804077
southeastern,2020-06-30,2020-08-31,3.36729582998647,0.0638806415259781,0.154839755823149,0.673715564403266,0.161165074817773,0.0689655172413793,0.15625,-0.0474006266068671,5.86896973234845,-0.191805543710202,,0.341656199898033,-0.334214286088314,,0.106298920288696,0.434384624663122,0,0.810344827586207,0.435020519835841,0.429819748348128,0.771017551422119
srs,2020-06-30,2020-08-31,3.25809653802148,0.118720253035044,0.268136540778144,0.855277405438121,0.19292940413927,0.192307692307692,0.275862068965517,0.17068382642183,14.5411028711429,0.424776742154965,0.74517703703881,0.279592638371546,-0.159823756321478,0.992963998158445,0.0394761398138971,0.367561844188323,0,0.0689655172413793,0.435020519835841,0.626561965981313,0.462736517190933
steadfast,2020-06-30,2020-08-31,4.4188406077966,0.029806238933348,0.0740462005861137,0.442923489071599,0.243240637590941,0.409638554216867,0.0576923076923077,0.269663921139235,15.0769614247022,0.0127040066282044,0.181901093962467,0.303752372182578,-0.249097258706779,0.891414146830503,-0.106290318822318,0.221795385552108,1,0.46551724137931,0.435020519835841,0.128380593736937,0.0682017877697945
suvretta,2020-06-30,2020-08-31,4.36944785246702,0.0311757884564716,0.0907700317409,0.423703612306166,0.427453888353729,0.544303797468355,0.4375,0.228257753561469,13.8682763397235,0.0056930152741852,0.090659670528974,0.258901241487323,-0.199032922525812,-0.984101434842844,-0.117106681624626,0.2109790227498,1,0.482758620689655,0.435020519835841,0.391728980158791,0.189855977892876
tci,2020-06-30,2020-08-31,2.89037175789616,0.122291271504412,0.211348592955875,0.949562677485044,0.0920653492861201,0.166666666666667,0.166666666666667,0.179756531911739,17.7167061473506,0.148604490187255,,0.232466799173781,-0.163569071207556,,0.0487494585578044,0.37683516293223,0,0.293103448275862,0.435020519835841,0.280334006265726,0.378902196884155
third-avenue,2020-06-30,2020-08-31,4.17438726989564,0.0339778305644881,0.0697915893049567,0.495600716889071,0.112471535815985,0.0461538461538462,0.0746268656716418,0.0537936998894187,3.51964368539275,-0.3875216512088,-0.682245559282305,0.372640608635842,-0.37931510642857,-1.40516750208314,0.159574943530102,0.487660647904528,0,0.96551724137931,0.435020519835841,0.348237021580703,0.715339481830597
third-point,2020-06-30,2020-08-31,3.58351893845611,0.0475429302492931,0.0839614648356563,0.593151905217,0.424796473478964,0.416666666666667,0.3,0.153311333107257,16.1658916072213,0.00191689240044166,0.024177930609675,0.214013199976452,-0.152562740794353,-1.50603094120497,-0.0391847162171994,0.288900988157226,1,0.5,0.435020519835841,0.29242124520839,0.111209839582443
tiger-global,2020-06-30,2020-08-31,4.29045944114839,0.0490247281655273,0.120530948709612,0.584670990677842,0.105995054061283,0.0547945205479452,0.0675675675675676,0.440005157957727,17.1503276938161,0.681380162823261,1.05160619420239,0.285592755995466,-0.119886852130698,0.243893229141909,-0.1779061651362,0.150179539238226,1,0.0172413793103448,0.435020519835841,0.731164397012365,0.372186452150345
tiger-management,2020-06-30,2020-08-31,3.68887945411394,0.0798779316529192,0.163052936910805,0.807420836354847,0.183614805157625,0.325,0.307692307692308,0.324881463485204,13.0077078801064,0.149628766853537,0.295756519297143,0.270281076270379,-0.192437778740679,0.415900955429203,0.193287293495629,0.521372997870055,0,0.275862068965517,0.435020519835841,0.517498593945652,0.521751821041107
trian,2020-06-30,2020-08-31,1.94591014905531,0.201580720295303,0.276234747360424,1,0.262942657973375,0,0.125,-0.363526926496705,8.73011350150752,-0.193845958417631,-0.303052416239559,0.239640793589365,-0.239125759129958,0.108828331639226,-0.0706970130749852,0.257388691299441,1,0.827586206896552,0.435020519835841,0.11492398185225,0.361317038536072
tweedy-browne,2020-06-30,2020-08-31,3.76120011569356,0.0610645687466076,0.111033300533182,0.702544126578258,0.0778110670336697,0.0930232558139535,0.152173913043478,0.151037720114631,11.101706804954,-0.210503608071322,-0.43103176626744,0.23127961602463,-0.244196458533666,-2.07224224616384,0.0509780396779297,0.379063744052355,0,0.862068965517241,0.435020519835841,0.587083200433584,0.657315135002136
valueact,2020-06-30,2020-08-31,3.04452243772342,0.109686338753377,0.174860253466877,0.907981921780404,0.124721245702325,0.0476190476190476,0.166666666666667,0.226907832159934,6.95489431096076,-0.227305053230096,-0.436834196118471,0.308632604265678,-0.320248604260362,-1.52506457353258,0.426812701665834,0.75489840604026,0,0.913793103448276,0.435020519835841,0.530969140311629,0.810433208942413
viking,2020-06-30,2020-08-31,4.27666611901606,0.0300716894588341,0.0730732750556604,0.442802070081442,0.36645819642234,0.347222222222222,0.265625,0.185976780161701,12.7168045299119,0.126983623218452,0.215419093929468,0.255531686595013,-0.142251599884729,-0.630833305892305,0.00774187094325657,0.335827575317682,0,0.327586206896552,0.435020519835841,0.362225521313081,0.443496853113174
whale-rock,2020-06-30,2020-08-31,3.73766961828337,0.0321459027229846,0.0649343190848072,0.449249850381661,0.265974195957269,0.142857142857143,0.26530612244898,0.53571619165784,12.2799110051058,0.674596799605844,1.6479775180363,0.374427299637939,-0.157080666535776,0.526385495528975,-0.0556021331565253,0.2724835712179,1,0.0344827586206897,0.435020519835841,0.808437924740059,0.317790865898132
yacktman,2020-06-30,2020-08-31,4.0943445622221,0.0392645719851799,0.0689155974452473,0.527026357262188,0.0674068930719878,0.0666666666666667,0.0175438596491228,0.0395482624159126,11.3063752640882,-0.214977495817517,-0.171379659992567,0.252606617637735,-0.255727802495184,0.643641723678808,0.0697785877909312,0.397864292165357,0,0.879310344827586,0.435020519835841,0.162405240799216,0.238609313964844
abrams,2020-09-30,2020-11-30,2.94443897916644,0.0803175410594031,0.160379061115102,0.805005472819699,0.103084431705896,0,0.05,0.0222727651709583,10.791919380925,-0.00218890756844106,,0.405521728271921,-0.292421193757106,,-0.0573585725429515,0.198067290924909,1,0.53448275862069,0.438216560509554,0.305518479407289,0.390358448028564
adage,2020-09-30,2020-11-30,6.61740297797448,0.0118661890201056,0.0524972521143268,0.260061221893955,0.15982642051007,0.165775401069519,0.138121546961326,0.022555181964558,10.8836283341028,-0.016301083535994,-0.0243747282608202,0.264090169147664,-0.191251369686688,-1.52008405984487,0.0113391683555241,0.266765031823385,0,0.551724137931035,0.438216560509554,0.562809838817387,0.664345681667328
akre,2020-09-30,2020-11-30,3.3322045101752,0.075950045339325,0.140207452982247,0.762779146706951,0.0344204226698878,0.0357142857142857,0.0357142857142857,0.0664159852684854,11.5730604372733,-0.0414233672986336,0.258316667174145,0.265568122399382,-0.177183347618405,0.658904212007586,-0.043445163412572,0.211980700055289,1,0.620689655172414,0.438216560509554,0.382077082834141,0.333020955324173
altimeter,2020-09-30,2020-11-30,3.29583686600433,0.104721404072641,0.181161829467474,0.856922049013567,0.10675144405234,0.148148148148148,0,0.225473402252783,18.8571040697852,0.120036130286012,0.245035301270297,0.472491484830085,-0.311194432389428,1.30022096284639,-0.108268768110077,0.147157095357784,1,0.310344827586207,0.438216560509554,0.0740419136255308,0.287664115428925
appaloosa,2020-09-30,2020-11-30,3.46573590279973,0.0763770130869773,0.134103500494615,0.771338678180277,0.15592745385755,0.03125,0.162162162162162,-0.0179664410796208,20.6265877404452,0.278278221010212,-0.0847767328115216,0.290415682804164,-0.169370688469881,-1.21035753177574,-0.137445137758568,0.117980725709293,1,0.206896551724138,0.438216560509554,0.200611085730177,0.500993430614471
baupost,2020-09-30,2020-11-30,3.61091791264422,0.0691437864148776,0.169588724889784,0.662432937461332,0.211007415549953,0.297297297297297,0.161290322580645,0.144005200111848,7.25905033522082,-0.163587323625236,,0.384455586233518,-0.286333287223409,,-0.0873900742791397,0.168035789188721,1,0.844827586206897,0.438216560509554,0.45262712977118,0.518849313259125
berkshire-13f,2020-09-30,2020-11-30,3.89182029811063,0.256087910930113,0.477777738020806,0.872095679494987,0.0723578595994392,0.122448979591837,0.0227272727272727,0.12294337520142,10.4307327061772,-0.0733348406849631,-0.157217562873833,0.336217997767779,-0.268873905026027,-0.319973411917033,0.0459646022545734,0.301390465722434,0,0.706896551724138,0.438216560509554,0.509209176807335,0.773706912994385
cantillon,2020-09-30,2020-11-30,3.58351893845611,0.0354484205293888,0.0786453054866195,0.458174368774588,0.0366464613456785,0,0,0.0382451751131209,10.7785420692777,0.0100071527654708,0.172634544070264,0.271747449296854,-0.189944442947082,1.02484380011561,0.0251951577213576,0.280621021189218,0,0.5,0.438216560509554,0.287853010634235,0.179908975958824
coatue,2020-09-30,2020-11-30,4.29045944114839,0.0371197147304178,0.070078451660227,0.510083744157011,0.296368533887316,0.328767123287671,0.443181818181818,0.516699841533118,14.3215401732469,0.742665611850091,0.985347923288945,0.309217416397881,-0.134193546090212,0.505013089232919,-0.200012616915825,0.0554132465520356,1,0.0517241379310345,0.438216560509554,0.501368311658099,0.109083667397499
corvex,2020-09-30,2020-11-30,3.43398720448515,0.116878735100183,0.298474428176955,0.720500385122402,0.245348975291544,0.387096774193548,0.24,0.166372914374143,10.8675696493103,-0.258672008969412,,0.64531915830849,-0.522176958950641,,-0.0691783266074745,0.186247536860386,1,0.96551724137931,0.438216560509554,0.25124240415414,0.34771391749382
d1,2020-09-30,2020-11-30,3.89182029811063,0.0392543404470724,0.0948619519022884,0.528735590458774,0.334111398302398,0.26530612244898,0.234042553191489,0.242011474516643,13.3423479119566,0.268894250765408,,0.231813110620195,-0.113457156702752,,-0.0609778821394301,0.194447981328431,1,0.224137931034483,0.438216560509554,0.253397726758273,0.484240353107452
darsana,2020-09-30,2020-11-30,2.484906649788,0.102734076601321,0.195928596539516,0.933248132977676,0.16289318213135,0.0833333333333333,0.0833333333333333,0.152809131826296,9.95679253221596,0.398370740872057,0.888696180424572,0.325969670668471,-0.182500886552693,2.65480157282541,-0.0866938252367922,0.168732038231069,1,0.120689655172414,0.438216560509554,0.318393975292405,0.498625725507736
dragoneer,2020-09-30,2020-11-30,3.49650756146648,0.0999812739257731,0.218998651246002,0.79084720800734,0.360884668314043,0.393939393939394,0.130434782608696,0.38838564214812,12.973436015955,0.746863528915617,1.28933854253668,0.480531214521945,-0.220931566833674,0.365501125376773,-0.350879127880688,-0.0954532644128271,1,0.0344827586206897,0.438216560509554,0.47173261346028,0.406059265136719
duquesne,2020-09-30,2020-11-30,4.06044301054642,0.0549382439277467,0.16314276190049,0.594005242686054,0.32663990877634,0.258620689655172,0.385714285714286,0.0447332705338429,18.4354973999127,0.260368738802082,0.425199965076621,0.308147703928441,-0.205782817447965,0.521264155885987,-0.0360002161006792,0.219425647367182,1,0.258620689655172,0.438216560509554,0.186865867277073,0.344323694705963
egerton,2020-09-30,2020-11-30,3.55534806148941,0.0421223017674002,0.0896514286928656,0.535139454222324,0.246894019559649,0.285714285714286,0.107142857142857,0.184384013680354,17.7094660663204,0.0340272936938907,0.120967736834244,0.263981441705099,-0.199336420830132,0.00967417918805771,-0.0781648792870909,0.17726098418077,1,0.431034482758621,0.438216560509554,0.135034185129251,0.0605354532599449
eminence,2020-09-30,2020-11-30,4.31748811353631,0.0209128006574692,0.0515734305215569,0.333948889720815,0.210652468495162,0.226666666666667,0.183098591549296,0.00712538762724188,7.12369728201529,0.063403365131497,0.0833479026726906,0.391748235360268,-0.302306219978557,1.44967453639655,0.0815743762265137,0.337000239694375,0,0.379310344827586,0.438216560509554,0.240801500569387,0.56672066450119
fisher,2020-09-30,2020-11-30,6.87832646829133,0.0167637848244424,0.0577218789805756,0.328973076112085,0.0756008278602351,0.212152420185376,0.0704738760631835,0.139180550977068,11.7161010751993,0.0682695195297479,0.0585058710939722,0.22026027664226,-0.142275666157892,0.0424682832061264,-0.0504047735949842,0.205021089872877,1,0.362068965517241,0.438216560509554,0.494981964863137,0.330960422754288
fundsmith,2020-09-30,2020-11-30,3.58351893845611,0.0569401796684366,0.0980174721154157,0.654099156161329,0.0336944467054676,0.0555555555555556,0,0.110647418881986,14.9946637200624,0.055509021855627,0.277404676205118,0.230221331369227,-0.154429219814645,0.85731005931878,-0.0476158335020384,0.207810029965822,1,0.396551724137931,0.438216560509554,0.242874427193937,0.0523267164826393
gardner-russo,2020-09-30,2020-11-30,4.45434729625351,0.0839701580512094,0.160741394044072,0.81150846364327,0.0362342995361825,0.0348837209302326,0.0348837209302326,0.0445051306894861,10.2552002668034,-0.194239735025636,-0.253171872306248,0.237843706189094,-0.206654671097902,-1.06179785994393,-0.13678548802706,0.1186403754408,1,0.879310344827586,0.438216560509554,0.600875955331006,0.810490727424622
giverny,2020-09-30,2020-11-30,3.98898404656427,0.0565630693605485,0.131640724581066,0.634389907070663,0.0432220830107236,0.148148148148148,0.0612244897959184,0.0810156651761779,11.7137117998434,-0.13123235701137,-0.0825648470888581,0.311317598850588,-0.25712532556347,0.21894965796682,0.00430241223616629,0.259728275704027,0,0.758620689655172,0.438216560509554,0.381874374481962,0.547522664070129
glenview,2020-09-30,2020-11-30,3.80666248977032,0.0615057324112416,0.152031619749411,0.671056484958364,0.131375254328844,0.155555555555556,0.116279069767442,-0.126605909315109,6.69714899319084,-0.14091223777045,,0.374114976616407,-0.297345089690885,,0.103099337877365,0.358525201345226,0,0.793103448275862,0.438216560509554,0.491922633206958,0.701760232448578
gotham,2020-09-30,2020-11-30,6.91869521902047,0.00412294099568465,0.0232625127405778,0.12745169819779,0.2402993203631,0.138476755687438,0.164908916586769,-0.0704321814486485,8.14490829674129,-0.113259114805472,-0.0981605010279997,0.23781446304688,-0.187437387345723,-0.723109759883677,0.0195873759235091,0.27501323939137,0,0.724137931034483,0.438216560509554,0.410354783350713,0.605467319488525
greenlight,2020-09-30,2020-11-30,3.55534806148941,0.134573589853837,0.320661885902471,0.800318589157068,0.18521653531315,0.485714285714286,0.181818181818182,0.279959467362816,3.35726413006497,-0.0201061807674847,-0.262567280573305,0.508037624515919,-0.427808759513202,1.26491755093009,0.0319345820806867,0.287360445548548,0,0.586206896551724,0.438216560509554,0.603050748743765,0.633591651916504
harris,2020-09-30,2020-11-30,4.88280192258637,0.0201308115813846,0.0516728577557205,0.340992835293315,0.0825236828985299,0.0303030303030303,0.0303030303030303,-0.000955313383866164,11.7263577596529,-0.133618714694641,-0.267864316297972,0.355166805140705,-0.309625405292193,-0.100545691639268,0.0750321150122293,0.33045797848009,0,0.775862068965517,0.438216560509554,0.2218620229181,0.404820561408997
hitchwood,2020-09-30,2020-11-30,3.76120011569356,0.0373812759325462,0.102209156064759,0.47576272874485,0.21257659883006,0.209302325581395,0.170731707317073,0.237832293706263,15.0682842799125,0.497899292117883,0.844421330054157,0.307348347349996,-0.187828375782351,0.59937765055013,-0.22634410720712,0.0290817562607412,1,0.103448275862069,0.438216560509554,0.34743504150681,0.157271713018417
hound,2020-09-30,2020-11-30,4.54329478227,0.0394600885033999,0.0611422539587387,0.528082404592117,0.323342393617845,0.680851063829787,0.433962264150943,0.285319715679201,10.0734757818539,-0.166057515713212,,0.414116528992017,-0.329478372782244,,-0.159038528396332,0.0963873350715288,1,0.862068965517241,0.438216560509554,0.294941521336324,0.277565151453018
icahn,2020-09-30,2020-11-30,2.77258872223978,0.384533248426608,0.606323408660986,0.974590917928494,0.152055565383232,0.0625,0.0625,-0.126880131278129,2.77610767772014,-0.388924373595559,-0.416712305305985,0.356447351742235,-0.316456303433911,0.250120153927266,-0.00574848509208342,0.249677378375777,1,1,0.438216560509554,0.356701544616958,0.628555834293366
lansdowne,2020-09-30,2020-11-30,3.63758615972639,0.0505296051128645,0.0876728913194925,0.619691019957679,0.28342574520199,0.236842105263158,0.216216216216216,-0.181332620572396,7.65510500677084,-0.248866076744879,-0.327727992511448,0.434084937216174,-0.403301179053605,1.14970785536163,-0.00918558832014627,0.246240275147715,1,0.948275862068965,0.438216560509554,0.12618038964652,0.325234264135361
light-street,2020-09-30,2020-11-30,3.78418963391826,0.0494803284314412,0.16434263886042,0.481799501538769,0.438133291988652,0.318181818181818,0.230769230769231,0.30681222777828,10.4830463789131,0.673727909187774,0.995342003023921,0.301904135866575,-0.158208493340198,-0.20492962239493,-0.295142581519922,-0.0397167180520616,1,0.0862068965517242,0.438216560509554,0.602945618884392,0.597674548625946
lone-pine,2020-09-30,2020-11-30,3.46573590279973,0.0432854406356052,0.0759373251982559,0.537467754599683,0.275928942669722,0.34375,0.25,0.175516299070958,16.8497023899304,0.368637498201801,0.692650736493087,0.28341634525937,-0.142005741430673,1.16373993940943,-0.120008956653938,0.135416906813923,1,0.172413793103448,0.438216560509554,0.161346115824491,0.0916073024272919
markel-13f,2020-09-30,2020-11-30,4.72738781871234,0.0252483068141117,0.0604521848251419,0.42624079499061,0.0398747659013716,0.00884955752212389,0.00884955752212389,0.0939610984909045,11.6529648927195,-0.0497381558716678,0.00703402140696335,0.277636261130943,-0.216897479732675,0.19301200558055,0.0265604617111416,0.281986325179002,0,0.637931034482759,0.438216560509554,0.330619615650631,0.315551787614822
marshall-wace,2020-09-30,2020-11-30,7.51914995766982,0.00524573135103524,0.0261209665863007,0.158229526730008,0.347197491769701,0.366250678241997,0.328349626221967,0.0328646527676838,8.98438556826107,0.0304201732237858,0.141979266960707,0.272610994035065,-0.188880754635397,0.186877587549985,-0.0338376661972465,0.221588197270614,1,0.46551724137931,0.438216560509554,0.349638056117053,0.23897822201252
matrix,2020-09-30,2020-11-30,3.3322045101752,0.0631235852511974,0.133164100792785,0.701230442363244,0.168674462002334,0.25,0.0869565217391304,0.15764224041686,12.6542520341593,0.38671230332776,0.444052312281883,0.306684921560357,-0.166764989593787,-0.747219387497731,-0.207355587658815,0.0480702758090456,1,0.155172413793103,0.438216560509554,0.572185660590372,0.473724633455277
maverick,2020-09-30,2020-11-30,6.3297209055227,0.0291643152175438,0.0662513818404004,0.454646729376398,0.284118965369279,0.335115864527629,0.337477797513321,0.123492172898848,13.3146058601744,-0.0522327288263475,-0.110875225723307,0.300500081533606,-0.252172896005434,-0.599244499698755,-0.285777348261509,-0.030351484793648,1,0.655172413793103,0.438216560509554,0.317708306125489,0.216777324676514
melvin,2020-09-30,2020-11-30,4.06044301054642,0.0305429495059829,0.0650041636854838,0.441956070725223,0.345150299454364,0.293103448275862,0.280701754385965,0.183659832448727,13.8111258940557,0.118255635880281,0.188523863980244,0.292709608874392,-0.19928738626972,-0.398516209876272,-0.110386790319207,0.145039073148654,1,0.327586206896552,0.438216560509554,0.235623451440226,0.183219969272614
pershing-square,2020-09-30,2020-11-30,1.94591014905531,0.159170411177123,0.233263305361815,1,0.0203408883253723,0,0,0.129257656573802,8.2792565511668,-0.0251970703399359,0.35013569908014,0.361970988774993,-0.29141966556463,1.11542240400338,0.0428822932393945,0.298308156707255,0,0.603448275862069,0.438216560509554,0.362828746972218,0.513228297233582
polen,2020-09-30,2020-11-30,4.17438726989564,0.0498094079719865,0.0837564090552509,0.605010402633217,0.0890198788297858,0.107692307692308,0.0793650793650794,0.122242087749918,18.363408834946,0.143670129196907,0.541164788999797,0.252472589045293,-0.152095615524435,3.2322447997875,-0.00835304111192098,0.24707282235594,1,0.293103448275862,0.438216560509554,0.0576050052576659,0.161367490887642
pzena,2020-09-30,2020-11-30,5.11799381241676,0.0186427719924358,0.0381092636170461,0.306193211669435,0.0832393702860595,0.0718562874251497,0.0828402366863906,0.0444142724539122,6.11567547476746,-0.244336300378207,-0.43361419168694,0.441569746435993,-0.403150304628169,1.03752097016021,0.0489879470966795,0.30441381056454,0,0.931034482758621,0.438216560509554,0.217321725402578,0.577423810958862
ruane-cunniff,2020-09-30,2020-11-30,3.55534806148941,0.0545812050393383,0.0809015110176585,0.628241874244706,0.109599978530147,0.0571428571428571,0.108108108108108,0.118520433891458,14.4472153259682,0.0259408854011816,0.0546464434247783,0.366755155486345,-0.252162003381057,-0.815992892577638,0.102685235733709,0.35811109920157,0,0.482758620689655,0.438216560509554,0.275385258222176,0.184134259819984
sands,2020-09-30,2020-11-30,4.34380542185368,0.0321941934776861,0.0855979065486434,0.45231643002871,0.128676459123677,0.051948051948052,0.051948051948052,0.112055583561958,15.8451864784381,0.340953044795926,0.705285504083397,0.252842985398071,-0.13077923724525,1.04393476658521,-0.120439616700176,0.134986246767685,1,0.189655172413793,0.438216560509554,0.242441941081181,0.128299042582512
semper-augustus,2020-09-30,2020-11-30,3.29583686600433,0.0994329550925961,0.22563220456471,0.783420194603476,0.0394269746027967,0,0,0.0963895534203881,9.578110959924,-0.0724768093947884,-0.0478218436245789,0.249990576254932,-0.207933610060271,1.58240795089863,-0.030862535618953,0.224563327848908,1,0.689655172413793,0.438216560509554,0.36616136838898,0.641864001750946
senator,2020-09-30,2020-11-30,4.06044301054642,0.0349986985717268,0.1089098836277,0.453193051366035,0.274320871816071,0.431034482758621,0.297872340425532,0.170315273290611,11.0673868333754,0.00576125760619817,,0.293535426367236,-0.232174546992117,,-0.210825268176249,0.0446005952916123,1,0.517241379310345,0.438216560509554,0.360800146000874,0.401825159788132
soroban,2020-09-30,2020-11-30,3.09104245335832,0.0735794598944786,0.109878327613775,0.795919113416545,0.179661985788292,0.272727272727273,0.0588235294117647,0.240760518934358,16.8867466137165,-0.0600401792232257,-0.125240039846488,0.310830182956655,-0.246031601271641,-0.00775732723700537,-0.132453031436825,0.122972832031036,1,0.672413793103448,0.438216560509554,0.13612034661373,0.0753011107444763
southeastern,2020-09-30,2020-11-30,3.36729582998647,0.0700183294311867,0.163627740032008,0.727186538071129,0.145688013182602,0.172413793103448,0.172413793103448,-0.0322067092186614,5.56387465335781,-0.153416006135626,,0.369136830544796,-0.334214286088314,,-0.0343016222703213,0.22112424119754,1,0.810344827586207,0.438216560509554,0.55682283399317,0.821684956550598
srs,2020-09-30,2020-11-30,3.43398720448515,0.1180936270511,0.255823185647822,0.822924012636887,0.25328351354023,0.32258064516129,0.192307692307692,0.0479491250739187,13.4583463842757,0.397538651822544,0.874502281262153,0.302141936540096,-0.159823756321478,0.999750578956878,0.572692271244403,0.828118134712264,0,0.137931034482759,0.438216560509554,0.427393898130896,0.427047401666641
steadfast,2020-09-30,2020-11-30,4.48863636973214,0.0299175289433578,0.0826788169557324,0.421209654113818,0.190884429433598,0.247191011235955,0.192771084337349,0.0623905750426561,14.4489170188785,-0.0171079193387057,0.227256402091291,0.32358913565713,-0.249097258706779,1.12960697545039,-0.178459732464433,0.0769661310034279,1,0.568965517241379,0.438216560509554,0.156819425411798,0.123419523239136
suvretta,2020-09-30,2020-11-30,4.52178857704904,0.0307376108308401,0.0859792363461586,0.413371459532786,0.299526225232799,0.467391304347826,0.379746835443038,0.174786969356608,13.4786157395651,0.0395445833525789,0.13017789834292,0.286565283556745,-0.199032922525812,-0.76595638226218,-0.196777452889851,0.0586484105780096,1,0.413793103448276,0.438216560509554,0.40495764078698,0.206378355622292
tci,2020-09-30,2020-11-30,2.56494935746154,0.13042049525724,0.233162058503487,0.972739407925591,0.0679225830534692,0,0.277777777777778,0.100714078941932,17.3560364136042,0.096206042901311,,0.25503383126448,-0.163569071207556,,0.0303008914550272,0.285726754922888,0,0.344827586206897,0.438216560509554,0.288784256910054,0.263273388147354
third-avenue,2020-09-30,2020-11-30,4.15888308335967,0.0345087610406119,0.066869499469058,0.497468991321462,0.0830132596098175,0.03125,0.0461538461538462,0.00814593703473877,3.47684703867815,-0.346235451478539,-0.665829235892231,0.404636384708877,-0.37931510642857,-1.8341619516255,0.0550070562018132,0.310432919669674,0,0.982758620689655,0.438216560509554,0.622658877262521,0.782706320285797
third-point,2020-09-30,2020-11-30,3.85014760171006,0.0436080682574757,0.0797690928896425,0.568138571471294,0.275747874523446,0.446808510638298,0.277777777777778,0.313893951975705,16.0411131758299,0.0334966867850091,-0.0141302777524553,0.22899074920019,-0.152562740794353,-1.53995962741986,-0.040551381034305,0.214874482433556,1,0.448275862068966,0.438216560509554,0.382876628035775,0.204798325896263
tiger-global,2020-09-30,2020-11-30,4.49980967033027,0.0427710238316526,0.112815714421567,0.546542200611497,0.149849456341222,0.222222222222222,0.0410958904109589,0.320507159734087,15.2865942453076,0.710081878213379,1.16755126455852,0.292762997806016,-0.119886852130698,0.899860094127999,-0.234237639603926,0.0211882238639347,1,0.0689655172413793,0.438216560509554,0.475945517867105,0.172976851463318
tiger-management,2020-09-30,2020-11-30,3.68887945411394,0.0789335917375611,0.154437494127662,0.805918177340322,0.0960487789319423,0.275,0.275,0.0594238272128761,14.6669751126777,0.22023641821616,0.510374740376184,0.302810182074712,-0.192437778740679,1.74479588119891,0.0296179586957543,0.285043822163615,0,0.275862068965517,0.438216560509554,0.314323921336054,0.408811956644058
trian,2020-09-30,2020-11-30,2.19722457733622,0.164580262342575,0.250674479825096,1,0.252154980805872,0.333333333333333,0.142857142857143,0.226640419773344,8.17893686181385,-0.122683729512804,-0.12643361848822,0.281036655374611,-0.239125759129958,1.13483233202667,-0.199331380385741,0.0560944830821195,1,0.741379310344828,0.438216560509554,0.255853518877964,0.409873634576798
tweedy-browne,2020-09-30,2020-11-30,3.85014760171006,0.060774063991608,0.128395273269441,0.693504505838634,0.0638708446535976,0.0851063829787234,0,0.0288896902725416,10.6870161447265,-0.213141052773742,-0.421910011887375,0.266489410357195,-0.244196458533666,-2.3665388227808,-0.010355037329547,0.245070826138314,1,0.913793103448276,0.438216560509554,0.635111136792319,0.804208278656006
valueact,2020-09-30,2020-11-30,2.484906649788,0.148320171141728,0.21869320553982,0.995377669445129,0.171139908931168,0.0833333333333333,0.476190476190476,-0.206074270908793,7.26923049871655,-0.204902901796746,-0.347400735342352,0.367198077026806,-0.320248604260362,-0.748920090847431,0.265644060778061,0.521069924245922,0,0.896551724137931,0.438216560509554,0.503731673559556,0.605122804641724
viking,2020-09-30,2020-11-30,4.45434729625351,0.0255693174552033,0.062742967920756,0.405396722060089,0.302330708834271,0.372093023255814,0.25,0.179175754123577,12.0274511751985,0.265270446207096,0.24972821462382,0.253887944755255,-0.142251599884729,-0.484691524603677,-0.128519842530361,0.1269060209375,1,0.241379310344828,0.438216560509554,0.424218756136018,0.288282871246338
whale-rock,2020-09-30,2020-11-30,3.8286413964891,0.0309817336432428,0.0694511561284093,0.413172424870725,0.240922195865096,0.260869565217391,0.19047619047619,0.15611941475237,12.5478956078816,0.907528735188391,1.83331844860418,0.374947442107486,-0.157080666535776,1.00396739713047,-0.155502601081506,0.0999232623863545,1,0.0172413793103448,0.438216560509554,0.534268844547437,0.25681808590889
yacktman,2020-09-30,2020-11-30,4.0943445622221,0.0406251635300305,0.0678978831162285,0.545022402376935,0.0512998485230977,0.0166666666666667,0.0166666666666667,0.0722183697895988,11.4124784649553,-0.16068527614127,-0.0956739233780766,0.299924700260008,-0.255727802495184,1.16693365868983,0.0421852101437017,0.297611073611563,0,0.827586206896552,0.438216560509554,0.183244785039482,0.291301518678665
abrams,2020-12-31,2021-02-28,2.83321334405622,0.0944366860878665,0.194056310389922,0.872367985772507,0.0948127413842595,0,0.105263157894737,0.113987696685966,10.9480866295468,0.00552703833169665,-0.204409450016425,0.397053039446813,-0.0964252269630407,-0.175045593748823,-0.0705839806682684,0.0349740591589599,1,0.491525423728814,0.441141498216409,0.418855028773093,0.5099036693573
adage,2020-12-31,2021-02-28,6.68586094706836,0.0104760638983132,0.0523709108550006,0.243722880942407,0.191890779299352,0.214731585518102,0.159090909090909,0.138247497590746,10.7361428981856,-0.0560800123943944,-0.0690089442066276,0.242533393518593,-0.0774615325873933,-1.30901221691143,0.0298608228770254,0.135418862704254,0,0.627118644067797,0.441141498216409,0.516745768534892,0.512783527374268
akre,2020-12-31,2021-02-28,3.3322045101752,0.0733983461766988,0.141837194704,0.745331049301819,0.0418386162913866,0,0,0.0422332181156114,11.6629965742906,-0.204186911374985,0.142560414903878,0.263923927775637,-0.103814764629441,0.906657942245658,-0.0141825698295552,0.091375469997673,1,0.966101694915254,0.441141498216409,0.273918258793719,0.491447001695633
altimeter,2020-12-31,2021-02-28,3.36729582998647,0.121644753494083,0.247121092276507,0.866653670336141,0.301615574925189,0.275862068965517,0.222222222222222,0.601561221329619,15.8332330543378,0.150446926689833,0.250232079956684,0.456399220633514,-0.0551129380960063,0.624803863853292,-0.280805819333417,-0.175247779506189,1,0.288135593220339,0.441141498216409,0.167397147596374,0.377074062824249
appaloosa,2020-12-31,2021-02-28,3.80666248977032,0.0562933436855845,0.0989004810909213,0.664253112886284,0.179096640499862,0.355555555555556,0.09375,0.167601761411887,19.5394742016395,0.0419651049072677,-0.162440833801922,0.282459617543201,-0.0511900808707166,-1.30996088311602,0.00856010866751637,0.114118148494745,0,0.372881355932203,0.441141498216409,0.197516011899419,0.220373243093491
baupost,2020-12-31,2021-02-28,3.80666248977032,0.0627926632173668,0.144289999699154,0.657897209086595,0.245561408825547,0.333333333333333,0.189189189189189,0.158063174741053,7.01439780791861,-0.166317613302207,,0.375560478787279,-0.125124982811062,,-0.131971280549506,-0.026413240722278,1,0.915254237288136,0.441141498216409,0.414939883672135,0.603151142597199
berkshire-13f,2020-12-31,2021-02-28,3.85014760171006,0.219842320603291,0.436094891366545,0.852476024601685,0.0701120292614085,0.0638297872340426,0.102040816326531,0.164909029076633,10.5723638161129,-0.0713499499317773,-0.14897926970729,0.312147489387886,-0.105601937535018,-0.478695576999408,0.186627626147849,0.292185665975077,0,0.745762711864407,0.441141498216409,0.626669683450825,0.832734763622284
cantillon,2020-12-31,2021-02-28,3.58351893845611,0.0338305629434062,0.0639814746011716,0.432602974348369,0.052883996987458,0,0,0.108941060705229,11.2311045453376,-0.0711363924754097,0.120148092773493,0.261062443554357,-0.0616387370681475,0.987691419236315,0.00476989563711605,0.110327935464344,0,0.728813559322034,0.441141498216409,0.247492342081602,0.247580915689468
coatue,2020-12-31,2021-02-28,4.33073334028633,0.0339886117930178,0.0749335634936836,0.483226944771354,0.213122890179824,0.223684210526316,0.191780821917808,0.338641314693887,14.3471346499023,0.636196341060434,0.901731967717839,0.29904659976511,-0.0373542621607635,0.526700382977673,-0.441388769157359,-0.33583072933013,1,0.0338983050847458,0.441141498216409,0.350115768548676,0.195246428251266
corvex,2020-12-31,2021-02-28,3.52636052461616,0.13697338936401,0.338186384598241,0.737053767865,0.295176323820673,0.352941176470588,0.290322580645161,0.245778334219836,11.6693905851472,-0.164468432827446,,0.627426158657156,-0.0485779906811653,,-0.0363485626523019,0.0692094771749263,1,0.898305084745763,0.441141498216409,0.238419128341141,0.368200123310089
d1,2020-12-31,2021-02-28,3.95124371858143,0.046865653061439,0.0939318931833,0.587932107199229,0.2946599918284,0.326923076923077,0.285714285714286,0.21543152580695,16.0493909962923,0.209951639678759,,0.231819677420447,-0.0335757608812655,,-0.194370347276295,-0.0888123074490669,1,0.23728813559322,0.441141498216409,0.213578220442971,0.242725253105164
darsana,2020-12-31,2021-02-28,2.63905732961526,0.0978441068522576,0.188242404328641,0.862862394934262,0.29144642998518,0.142857142857143,0,0.58906639483364,13.6492554503204,0.383004443021649,0.747798576606334,0.35155850387223,-0.0581790238579572,1.38796487362293,-0.273631309768789,-0.168073269941561,1,0.135593220338983,0.441141498216409,0.165532236468227,0.231963932514191
dragoneer,2020-12-31,2021-02-28,3.68887945411394,0.0716575981172376,0.163352232975768,0.720922662914574,0.271847842819981,0.225,0.0606060606060606,0.406193134248657,11.3349784657214,0.412956459590415,0.764025833846226,0.457716089149681,-0.0586528711210967,-0.604778683924126,-0.414495504661901,-0.308937464834673,1,0.11864406779661,0.441141498216409,0.394784315541215,0.559404075145721
duquesne,2020-12-31,2021-02-28,3.98898404656427,0.055988418274792,0.158755196489182,0.607535433528905,0.345565458400947,0.37037037037037,0.413793103448276,0.0802918590431437,16.3793861209603,0.168318878048301,0.354054797486004,0.290859403454607,-0.0490200154822262,0.525653168171957,-0.0531597184347759,0.0523983213924523,1,0.271186440677966,0.441141498216409,0.224539861391456,0.347676903009415
egerton,2020-12-31,2021-02-28,3.52636052461616,0.0429716892129745,0.06700767286592,0.544533287532727,0.236271885690702,0.235294117647059,0.257142857142857,0.0873691029605761,17.2897839040492,-0.0765673948498686,0.0242700176926763,0.247588554683276,-0.0641414917430639,-0.140970731776013,-0.065700074637946,0.0398579651892822,1,0.76271186440678,0.441141498216409,0.137932176879121,0.123554281890392
eminence,2020-12-31,2021-02-28,4.33073334028633,0.0201180739204727,0.0418903721841946,0.324021233143357,0.217466729032977,0.210526315789474,0.2,0.124005190340182,7.13437629493846,0.188017150369549,0.23685230981094,0.372781652056185,-0.00776339625501965,1.61950540107974,0.0175801994440234,0.123138239271252,0,0.254237288135593,0.441141498216409,0.290709837286245,0.45051309466362
farallon,2020-12-31,2021-02-28,4.85981240436167,0.0219131908834722,0.0487742102967426,0.345549097060258,0.252453068791418,0.310077519379845,0.239316239316239,0.0764122868776956,10.7777049262441,-0.109434247753793,,0.234257688599601,-0.052266796082846,,-0.016797359286613,0.0887606805406152,1,0.847457627118644,0.441141498216409,0.278687686222527,0.360811531543732
fisher,2020-12-31,2021-02-28,6.82762923450285,0.0164101372501023,0.0609139364259253,0.319463476294777,0.0755602550638518,0.124593716143012,0.167868177136972,0.125268058203937,11.6313808363673,0.00366012931917997,0.0356043685883897,0.19899570161516,-0.0666856109874813,0.944396512588441,-0.0537923922836699,0.0517656475435584,1,0.508474576271186,0.441141498216409,0.422719807271952,0.551502466201782
fundsmith,2020-12-31,2021-02-28,3.66356164612965,0.054207176399366,0.0957453420153397,0.636402429668626,0.0462244299270912,0.102564102564103,0.0277777777777778,0.164279280892005,13.8638379975191,0.0163350382489952,0.223731590807633,0.219386712326745,-0.046780382617535,1.15006019641281,-0.0767298850317721,0.0288281547954561,1,0.474576271186441,0.441141498216409,0.250770252563266,0.107311107218266
gardner-russo,2020-12-31,2021-02-28,4.52178857704904,0.0762514435655458,0.140216337271535,0.78820999700532,0.114944406900997,0.0869565217391304,0.0232558139534884,0.0687304907202888,10.1666366533395,-0.243113227973251,-0.322011113268126,0.223226601654552,-0.0684036876172345,-1.00455797316185,0.0311481186489028,0.136706158476131,0,0.983050847457627,0.441141498216409,0.484631293317124,0.7864870429039
giverny,2020-12-31,2021-02-28,3.97029191355212,0.0528039359748639,0.122765789037717,0.600137596102518,0.062263613060029,0,0.0185185185185185,0.178653540546151,11.6168776882628,-0.0635827408106982,-0.0133244693156479,0.295611018660484,-0.0482892405646714,0.884926132573227,-0.0152493271571504,0.0903087126700778,1,0.677966101694915,0.441141498216409,0.301793365171111,0.66266268491745
glenview,2020-12-31,2021-02-28,3.98898404656427,0.0588584029089362,0.170152414483752,0.606946975013472,0.170399191148581,0.203703703703704,0.0444444444444444,0.296359317988715,7.16053872861671,0.0771091778770415,,0.360810218526685,-0.0548308802375963,,0.114950473382764,0.220508513209992,0,0.338983050847458,0.441141498216409,0.550484285834043,0.733937799930573
gotham,2020-12-31,2021-02-28,6.89162589705225,0.00415801879900909,0.0250135851724994,0.1277313803759,0.190910498178954,0.144308943089431,0.167161226508408,-0.029508544454102,8.39316861787116,-0.138994472287688,-0.173714342161485,0.218232665791214,-0.0703202611842422,-1.03463902666058,0.0592409494549899,0.164798989282218,0,0.864406779661017,0.441141498216409,0.500312049969265,0.621724665164948
greenlight,2020-12-31,2021-02-28,3.55534806148941,0.140650757843172,0.337657673478173,0.76735086605704,0.156790360971955,0.285714285714286,0.285714285714286,0.303291090503702,3.18821550238137,0.017949813283315,-0.230319093454908,0.49982285178654,-0.0619873156601254,0.0600854226817458,0.139653335985047,0.245211375812275,0,0.457627118644068,0.441141498216409,0.807464393933656,0.730092704296112
harris,2020-12-31,2021-02-28,4.88280192258637,0.0204788886516066,0.0488698567844131,0.351960285164387,0.122595455633358,0.0454545454545455,0.0454545454545455,0.23030036157064,11.1068476412088,-0.0345660815531633,-0.198636022722543,0.344327953907122,-0.0428679594113551,0.0927945654378849,0.0732865120713913,0.17884455189862,0,0.576271186440678,0.441141498216409,0.276023634143415,0.400039613246918
hitchwood,2020-12-31,2021-02-28,4.06044301054642,0.025880061637765,0.0629271997739761,0.380935186628101,0.264911343965838,0.327586206896552,0.0930232558139535,0.152367876174743,14.1921032260353,0.547876936957723,0.896053667661829,0.286733331444003,-0.00965500136159248,0.571869152392138,-0.448789705518525,-0.343231665691297,1,0.0677966101694915,0.441141498216409,0.242344023996793,0.143227770924568
hound,2020-12-31,2021-02-28,4.82028156560504,0.0354984192388755,0.0639989807121323,0.493910895984462,0.306981989846084,0.540322580645161,0.393617021276596,0.0788370978022803,10.3912949773449,-0.0790752639223155,,0.395885173340108,-0.112054491167354,,-0.218209596194735,-0.112651556367506,1,0.779661016949153,0.441141498216409,0.271976264183425,0.315699636936188
icahn,2020-12-31,2021-02-28,2.89037175789616,0.333576935626929,0.560118680326928,0.954324135996831,0.0626271729453917,0.111111111111111,0,0.143741682864601,2.29828282619817,-0.195495391965201,-0.194054611752619,0.39608857581122,-0.0708469695563579,0.690217032917766,-0.0411111247326623,0.064446915094566,1,0.949152542372881,0.441141498216409,0.623910267777762,0.701303601264954
lansdowne,2020-12-31,2021-02-28,3.58351893845611,0.0550035479038212,0.102904175715586,0.64376440187615,0.160574762914854,0.277777777777778,0.315789473684211,0.192668069895672,8.98491789478034,-0.0635398735648167,-0.286168758112222,0.418354153647595,-0.0165903273868764,0.656977316310115,-0.0690297485642106,0.0365282912630176,1,0.661016949152542,0.441141498216409,0.369836890957075,0.168715551495552
light-street,2020-12-31,2021-02-28,3.78418963391826,0.0668919203925009,0.220261323304091,0.507176609727339,0.334386227457659,0.363636363636364,0.363636363636364,0.194272108258611,9.10125293955914,0.565578840633183,0.800334527950949,0.286890463264754,-0.0155358465344054,-0.852201925851321,-0.448701920499659,-0.343143880672431,1,0.0508474576271187,0.441141498216409,0.775693781631502,0.554233491420746
lone-pine,2020-12-31,2021-02-28,3.71357206670431,0.0356434743955145,0.0738638275989835,0.459288296020726,0.238493695868988,0.365853658536585,0.1875,0.17027892544281,15.3809228428701,0.213895683813509,0.67664913561323,0.284376353035788,-0.0699673018738517,1.46783862725028,-0.307922958357019,-0.202364918529791,1,0.203389830508475,0.441141498216409,0.144870079527749,0.169342666864395
markel-13f,2020-12-31,2021-02-28,4.74493212836325,0.0252358473485429,0.0577205946979391,0.427919793659443,0.0441620064699928,0.0260869565217391,0.00884955752212389,0.129583037397544,12.2900250358048,-0.03985090598536,-0.00662629057709596,0.258201998538742,-0.0549407892202425,0.765317743931586,0.0617421055088012,0.167300145336029,0,0.593220338983051,0.441141498216409,0.279638981306378,0.355154037475586
marshall-wace,2020-12-31,2021-02-28,7.59789795052178,0.00446183218075726,0.0215021401279051,0.144999200994166,0.367661553624588,0.401203610832498,0.352143244709712,0.212381755879259,8.06317422972476,-0.0256789087759445,0.0856951110334827,0.258145769962201,-0.0622688250559598,0.221460565444901,-0.0181645639166275,0.0873934759106007,1,0.542372881355932,0.441141498216409,0.372648315254942,0.15561580657959
matrix,2020-12-31,2021-02-28,3.36729582998647,0.060329827809322,0.116963820557127,0.700912070344849,0.0988428963025537,0.137931034482759,0.107142857142857,0.207969529102085,12.9593424562359,0.276782167438061,0.228724921013779,0.307063566657958,-0.0553811205559058,-1.65163378784789,-0.335541638428241,-0.229983598601013,1,0.152542372881356,0.441141498216409,0.5791733989082,0.440440088510513
maverick,2020-12-31,2021-02-28,6.49375383985169,0.0296785363953462,0.0708964884720773,0.453054495620057,0.277541185264707,0.411497730711044,0.306595365418895,0.149231145030508,13.3223544813216,0.0189011585411979,-0.0779207548972337,0.28946616593796,-0.048086522188123,-0.986122427614244,-0.285030261535404,-0.179472221708176,1,0.440677966101695,0.441141498216409,0.388962233498775,0.334114164113998
melvin,2020-12-31,2021-02-28,4.12713438504509,0.0320632437255017,0.079807654647609,0.468491218494668,0.339301985820329,0.290322580645161,0.241379310344828,0.168677629535031,15.9640493598806,0.0561067510296932,0.152469981473378,0.296458763053758,-0.0526391660589816,-0.0383266359074011,-0.152055453293862,-0.0464974134666339,1,0.355932203389831,0.441141498216409,0.145429586168707,0.136034950613976
pershing-square,2020-12-31,2021-02-28,1.94591014905531,0.150902468875184,0.1987739852298,1,0.0479761688467013,0,0,0.125558970056325,7.47017983342762,0.0357727786191879,0.483848310607471,0.343757692963185,-0.0210156908977237,1.44391793190963,0.055299765870857,0.160857805698085,0,0.406779661016949,0.441141498216409,0.294941142113787,0.570439577102661
polen,2020-12-31,2021-02-28,4.27666611901606,0.0473821824629826,0.0783349055288618,0.580187060288664,0.0518700690786673,0.152777777777778,0.0615384615384615,0.140741644749733,18.0950951217019,0.0315241898371081,0.4393912542121,0.244088919684426,-0.0504122226670842,2.78393411854485,-0.059778139499791,0.0457799003274372,1,0.423728813559322,0.441141498216409,0.0783044242157866,0.121666170656681
pzena,2020-12-31,2021-02-28,5.11198778835654,0.0197473893993054,0.0457740485086621,0.322050863020141,0.0873965874792582,0.072289156626506,0.0778443113772455,0.279952879585254,6.10755462824315,-0.0564832250757708,-0.344232790211199,0.428763317328667,-0.0385561990427427,0.544090240784595,0.080849096832055,0.186407136659283,0,0.64406779661017,0.441141498216409,0.415060452182897,0.506467580795288
ruane-cunniff,2020-12-31,2021-02-28,3.63758615972639,0.0509817773812629,0.0777782741711247,0.596780726839989,0.103026767927879,0.105263157894737,0.0285714285714286,0.110133318429401,15.4532580682548,0.102611550009603,0.10358639891324,0.341938283984156,-0.0813018695353489,0.298627783513746,-0.000142490448843444,0.105415549378385,1,0.305084745762712,0.441141498216409,0.170437952268962,0.119978830218315
sands,2020-12-31,2021-02-28,4.24849524204936,0.0314352145022298,0.091351817690631,0.441259855633222,0.140288040589936,0.0714285714285714,0.155844155844156,0.124306892587052,15.1693340793708,0.267596109143214,0.592376914225032,0.242173760784546,-0.0381996051197698,0.783566958124749,-0.291245590716732,-0.185687550889504,1,0.169491525423729,0.441141498216409,0.269437623511245,0.184278756380081
semper-augustus,2020-12-31,2021-02-28,3.40119738166216,0.0867741291441556,0.202461901742572,0.740761309224479,0.127375337548548,0.1,0,0.160603152408814,8.67212103985832,-0.0690756240776859,-0.0642642267347452,0.235538737619071,-0.0273677056535553,2.13185999135311,0.129244005989181,0.23480204581641,0,0.711864406779661,0.441141498216409,0.339149546896051,0.584086298942566
senator,2020-12-31,2021-02-28,4.51085950651685,0.026891667951078,0.101284951145333,0.364883468002228,0.382364378657332,0.494505494505495,0.206896551724138,0.433934187834977,9.97252006431462,-0.0139004500505392,-0.124728558157616,0.277844867053306,-0.0391459077044354,-1.64512138297379,-0.305954936176321,-0.200396896349093,1,0.525423728813559,0.441141498216409,0.503896838287613,0.443332761526108
soroban,2020-12-31,2021-02-28,3.2188758248682,0.0775384128016964,0.168267280379267,0.761221971436738,0.193927611290626,0.12,0,0.21886011766426,19.1811172986132,-0.175884616197293,-0.188736406562651,0.295170080475521,-0.0412032998157952,-0.408261049087396,-0.089308934122261,0.0162491057049673,1,0.932203389830508,0.441141498216409,0.1121489496017,0.134332358837128
southeastern,2020-12-31,2021-02-28,3.2188758248682,0.0642227483252836,0.141757981378923,0.689955779910309,0.113868030032702,0.04,0.172413793103448,0.142910470735857,5.95876550891068,0.0813758768888315,,0.336927792258633,-0.0113502967260321,,-0.109513810732915,-0.00395577090568677,1,0.322033898305085,0.441141498216409,0.600579932830929,0.696466267108917
srs,2020-12-31,2021-02-28,3.43398720448515,0.111180921314416,0.21873196914009,0.841679053502539,0.144447229894308,0.32258064516129,0.32258064516129,0.1124755836424,12.9737597907776,0.424214652144408,0.705266293805252,0.323194114496366,-0.0533108219140941,0.704229385249736,0.0739505627986884,0.179508602625917,0,0.101694915254237,0.441141498216409,0.511191041409549,0.621951103210449
steadfast,2020-12-31,2021-02-28,3.91202300542815,0.0268398338975981,0.0540881915870004,0.380826624294412,0.261759342585729,0.2,0.550561797752809,0.0528983741806968,14.3029152079284,-0.0684488934808923,0.139779177476675,0.317430623908412,-0.0579935962396631,0.511797428018637,-0.242764564652153,-0.137206524824924,1,0.694915254237288,0.441141498216409,0.190471709973216,0.114583238959312
suvretta,2020-12-31,2021-02-28,4.66343909411207,0.0256266765167503,0.0693720534867428,0.353282897112422,0.259093512100567,0.433962264150943,0.347826086956522,0.234363767158184,12.5918466884329,-0.0331457937861827,0.0216625627172062,0.271249535774628,-0.0558005005380665,-0.959560739833712,-0.21113207615567,-0.105574036328441,1,0.559322033898305,0.441141498216409,0.420973454343453,0.326793670654297
tci,2020-12-31,2021-02-28,2.56494935746154,0.130976301249029,0.226021643160985,0.96820562423939,0.0333693543528417,0,0,0.0889934035134885,17.3437429103665,-0.0487205988001346,,0.247187344747644,-0.0607378700030717,,0.0908922866532401,0.196450326480468,0,0.610169491525424,0.441141498216409,0.199237968500485,0.139613226056099
third-avenue,2020-12-31,2021-02-28,4.15888308335967,0.0317329231365702,0.0674451624851629,0.458227521319075,0.135387425096335,0.046875,0.046875,-0.00940366567560763,3.3798232740599,-0.285326297436227,-0.59091740235638,0.397713609133705,-0.0504565756836001,-2.12321833521062,0.0798794335631796,0.185437473390408,0,1,0.441141498216409,0.651073486431448,0.819641590118408
third-point,2020-12-31,2021-02-28,4.30406509320417,0.0325695949910965,0.0815879779091938,0.462476066186073,0.276347931571103,0.5,0.212765957446809,0.260332214561013,13.7857688131573,-0.10806391913903,-0.109967726186511,0.212711599278359,-0.0586002037546001,-1.21320863114817,-0.0685858380073974,0.0369722018198308,1,0.830508474576271,0.441141498216409,0.374074915855473,0.256980150938034
tiger-global,2020-12-31,2021-02-28,4.57471097850338,0.0427878003093448,0.116323896290834,0.547100080375039,0.174819313365921,0.144329896907216,0.0777777777777778,0.0938805905122135,15.2388380029173,0.527219947578993,0.835711182720649,0.290256809780517,-0.0372507017000439,0.445427325854766,-0.418685788630868,-0.31312774880364,1,0.0847457627118644,0.441141498216409,0.320650588602433,0.198062568902969
tiger-management,2020-12-31,2021-02-28,3.68887945411394,0.0847758959271699,0.149613229589638,0.831123108681351,0.119916589496626,0.225,0.225,0.227237964233052,14.0202118730576,0.263927338083245,0.622259214871953,0.296656517537595,-0.0273233498750555,1.80300623111439,-0.138012729648708,-0.0324546898214801,1,0.186440677966102,0.441141498216409,0.27221917035444,0.47212278842926
trian,2020-12-31,2021-02-28,2.07944154167984,0.152418921286862,0.226431848190631,1,0.0936757847434308,0,0.111111111111111,0.110316609288859,8.76798958015458,-0.149210476689758,-0.0764911226922783,0.247359096133428,-0.0294907103475587,1.55605717666502,-0.0049377114307439,0.100620328396484,1,0.88135593220339,0.441141498216409,0.287120530303,0.548089265823364
tweedy-browne,2020-12-31,2021-02-28,3.87120101090789,0.0542684081111917,0.107968254629171,0.654999498171823,0.11913171768487,0.0833333333333333,0.0638297872340426,0.221220587374443,11.3564583422021,-0.107959960280133,-0.374057552459493,0.250430325107502,-0.0616922733990278,-1.51207269333858,0.0283839512967659,0.133941991123994,0,0.813559322033898,0.441141498216409,0.507548158904181,0.597219109535217
valueact,2020-12-31,2021-02-28,2.39789527279837,0.145077277220098,0.217354394522891,0.995664550479836,0.0685182631569267,0.0909090909090909,0.166666666666667,0.192899910051243,7.60961259328733,0.0379028529989459,-0.187913162930707,0.364607233948738,-0.0496210349459855,-0.0646446368960126,0.0389359298228842,0.144493969650112,0,0.389830508474576,0.441141498216409,0.547774029836349,0.732593297958374
viking,2020-12-31,2021-02-28,4.56434819146784,0.0249864233638944,0.0724008581431497,0.392120747618764,0.302085373551642,0.260416666666667,0.174418604651163,0.272976684345958,13.2910674376987,0.211236821272678,0.222693108974626,0.251683066953696,-0.0316628160950638,-0.40461136238657,-0.249744051696043,-0.144186011868815,1,0.220338983050847,0.441141498216409,0.305542526383045,0.291136980056763
whale-rock,2020-12-31,2021-02-28,3.95124371858143,0.0315136036735216,0.0773139486978211,0.41828425452875,0.395823519258166,0.365384615384615,0.282608695652174,0.0250635332418713,11.3988619538796,0.934985401561015,1.7114672422911,0.349329383231534,-0.0384549093644551,1.0651178976743,-0.371831673197688,-0.26627363337046,1,0.0169491525423729,0.441141498216409,0.319999518546418,0.301795095205307
yacktman,2020-12-31,2021-02-28,4.11087386417331,0.0360713849252592,0.0594874240742382,0.502022688378656,0.0841090900937979,0.0491803278688525,0.0333333333333333,0.181728704044509,11.1656180186716,-0.0942242424112112,-0.00402808894654172,0.282697425721078,-0.0527241164267632,1.6914642693826,0.138532841103844,0.244090880931072,0,0.796610169491525,0.441141498216409,0.189953309581013,0.382550239562988
abrams,2021-03-31,2021-05-31,2.77258872223978,0.0940211647344147,0.206492413194667,0.837445606299369,0.10332684370459,0.1875,0.235294117647059,0.225216469632614,10.6414348791985,0.114168677711292,-0.205673664962248,0.218212305990101,-0.0964252269630409,-0.386601989382213,-0.102924301900686,-0.15526766996251,1,0.338709677419355,0.438752783964365,0.660420202601641,0.655780494213104
adage,2021-03-31,2021-05-31,6.85751406254539,0.00806356700213948,0.0417919451584142,0.213716799829919,0.199877602429187,0.322818086225026,0.196004993757803,0.065513857779623,10.9589302306834,-0.0765825135239966,-0.0512670594829212,0.167405858887596,-0.0774615325873934,-1.66916469477651,0.0137322818441261,-0.0386110862176986,0,0.854838709677419,0.438752783964365,0.602205783950083,0.345738857984543
akre,2021-03-31,2021-05-31,3.36729582998647,0.0764382941878763,0.141966202768586,0.766185603186898,0.0566577444754936,0.103448275862069,0.0714285714285714,-0.00477628224032359,12.4275150619927,-0.230846229339137,0.186459824480647,0.178368072290396,-0.103814764629441,0.80555123834965,0.0161134866828941,-0.0362298813789305,0,1,0.438752783964365,0.319252733890216,0.43724262714386
altimeter,2021-03-31,2021-05-31,3.46573590279973,0.302599665269321,0.528278735620471,0.880203744507174,0.341901820772613,0.25,0.172413793103448,0.257637615605111,18.4432575008526,0.0566545633471161,-0.0693911961298489,0.336086287748704,-0.0579553330198958,-0.545744917481607,-0.451579201803555,-0.50392256986538,1,0.387096774193548,0.438752783964365,0.15096324809064,0.207213997840881
appaloosa,2021-03-31,2021-05-31,4.12713438504509,0.0438636032402389,0.0921559692907258,0.569245001686652,0.188598592397899,0.370967741935484,0.133333333333333,0.0403784163003646,18.0926865933348,-0.00105774746399806,-0.238038824270101,0.162691334981637,-0.0511900808707166,-1.18969381362191,0.109645406539098,0.0573020384772731,0,0.596774193548387,0.438752783964365,0.315387525977582,0.217887595295906
atreides,2021-03-31,2021-05-31,3.85014760171006,0.0389840303208744,0.095831556926323,0.51054001492822,0.453089047919881,0.404255319148936,0.222222222222222,0.729496379193178,8.73253551853801,0.686834650579114,,0.26764007340848,-0.0213032205269104,,-0.309501319296929,-0.361844687358754,1,0.032258064516129,0.438752783964365,0.478328732732688,0.286188453435898
baupost,2021-03-31,2021-05-31,4.07753744390572,0.0572549951813692,0.118773690379874,0.648043532964268,0.22830601327648,0.457627118644068,0.288888888888889,0.147462572755478,8.93721085791824,-0.121285384356829,,0.185586405368076,-0.125124982811062,,-0.148206102880098,-0.200549470941923,1,0.935483870967742,0.438752783964365,0.489683804080958,0.299747049808502
berkshire-13f,2021-03-31,2021-05-31,3.8286413964891,0.200117946647048,0.400700829625729,0.867167942634687,0.0684687073329035,0.0217391304347826,0.0425531914893617,0.00187900505738845,10.8068602201193,0.0561281690656436,-0.083208864342757,0.222055012921908,-0.105601937535018,-0.821468485331798,0.116476028743256,0.0641326606814314,0,0.403225806451613,0.438752783964365,0.672713459458976,0.888427138328552
cantillon,2021-03-31,2021-05-31,3.66356164612965,0.0310608279389802,0.0615654655566028,0.405545262581962,0.0757112428329421,0.0769230769230769,0,0.0295872637639893,11.3681156573854,-0.0706943395794372,0.168665929516783,0.158276592391888,-0.0616387370681474,1.3073771782855,-0.0201156939724706,-0.0724590620342953,1,0.806451612903226,0.438752783964365,0.264131395227135,0.242877304553986
coatue,2021-03-31,2021-05-31,4.18965474202643,0.0379672713002858,0.0665573994639672,0.521475440564276,0.261810534500677,0.303030303030303,0.394736842105263,-0.382252814003681,14.3322889792224,0.202596092951539,0.640039596279009,0.246293977056487,-0.0527271689434806,0.674398717331801,-0.434569971116961,-0.486913339178785,1,0.241935483870968,0.438752783964365,0.323769294411374,0.296413064002991
corvex,2021-03-31,2021-05-31,3.78418963391826,0.123309092431048,0.295740559548229,0.821040920627195,0.30946151763587,0.454545454545455,0.294117647058824,-0.0420675419055481,14.8853512200694,0.27309892872003,,0.258224805884012,-0.0485779906811651,,-0.135770665808209,-0.188114033870034,1,0.17741935483871,0.438752783964365,0.445097021892463,0.463538497686386
d1,2021-03-31,2021-05-31,3.85014760171006,0.0438678575942227,0.10126025688289,0.54697318754023,0.360668457674559,0.319148936170213,0.384615384615385,-0.449783531562337,17.157902652248,0.0341038348436444,,0.170306327600041,-0.0335757608812655,,-0.349290681971358,-0.401634050033182,1,0.5,0.438752783964365,0.18171664126713,0.183440431952477
darsana,2021-03-31,2021-05-31,2.89037175789616,0.0773262000767217,0.141452122564268,0.775578467085975,0.271851844459071,0.333333333333333,0.142857142857143,0.0101254316069736,15.2034750499917,0.336101223135907,0.59805295651294,0.288830144832148,-0.086424766215565,1.01401545760335,-0.270179074994949,-0.322522443056773,1,0.129032258064516,0.438752783964365,0.23795588149006,0.328220576047897
dragoneer,2021-03-31,2021-05-31,3.87120101090789,0.0507793803646296,0.10751040746905,0.62069301078885,0.155195933657437,0.3125,0.175,0.0447236315961891,10.7540007756409,-0.156220861018697,0.189552754594885,0.269445793639201,-0.0911633296300488,-0.866681388242691,-0.480221323799969,-0.532564691861793,1,0.983870967741936,0.438752783964365,0.474109159348344,0.520838856697083
duquesne,2021-03-31,2021-05-31,4.0943445622221,0.0418482101751579,0.129249440790202,0.524384534443358,0.340766673485646,0.433333333333333,0.37037037037037,0.0493962335173305,16.0441540107304,0.147402329687745,0.24688446457709,0.181068695187329,-0.0490200154822263,0.433542456546934,-0.159147493180063,-0.211490861241888,1,0.32258064516129,0.438752783964365,0.314285286514482,0.281728684902191
egerton,2021-03-31,2021-05-31,3.55534806148941,0.0470531229023001,0.0891178769253757,0.579207876452254,0.133078243210716,0.114285714285714,0.0882352941176471,0.0718187794637909,18.9240445446605,-0.047987402353177,0.0629449912356725,0.156064239280436,-0.0641414917430638,-0.135177758645128,-0.135297333246321,-0.187640701308146,1,0.661290322580645,0.438752783964365,0.202740774883053,0.0726873055100441
eminence,2021-03-31,2021-05-31,4.21950770517611,0.0218006320097619,0.044341614244061,0.341145454874058,0.279786062614559,0.235294117647059,0.315789473684211,-0.0824039650842419,7.87590121533628,0.359005629387272,0.335564948248547,0.196510078258422,-0.00776339625501976,1.79507381337261,-0.0648798413554383,-0.117223209417263,1,0.112903225806452,0.438752783964365,0.404731074110747,0.496991723775864
farallon,2021-03-31,2021-05-31,5.4249500174814,0.0199785524356686,0.048805020833884,0.335234531366996,0.213523258441174,0.524229074889868,0.162790697674419,0.143091579880816,10.6461739994131,-0.152712975773829,,0.141561264036802,-0.0522667960828459,,-0.0325258773095868,-0.0848692453714114,1,0.967741935483871,0.438752783964365,0.378215346243598,0.286917179822922
fisher,2021-03-31,2021-05-31,6.82437367004309,0.0154509167315845,0.0540487369603808,0.306307581827477,0.0589226028193161,0.0923913043478261,0.09534127843987,0.0616090754276191,11.6995621293779,-0.0595728276064277,0.0435587640487727,0.143367699928419,-0.0666856109874813,1.08878761961138,-0.0611741946363514,-0.113517562698176,1,0.709677419354839,0.438752783964365,0.424195589441991,0.384657382965088
fundsmith,2021-03-31,2021-05-31,3.73766961828337,0.0538575065497503,0.0950350376074242,0.633038334478831,0.0238579226052884,0.0714285714285714,0,0.0413202525445541,14.680771186756,-0.0614566908437647,0.24874498876746,0.148701184073693,-0.0467803826175351,1.78001174790111,-0.0869834338366365,-0.139326801898461,1,0.725806451612903,0.438752783964365,0.227550178738278,0.0785935744643211
gardner-russo,2021-03-31,2021-05-31,4.49980967033027,0.0696112936717135,0.116101421608541,0.755131452604306,0.0700961003550216,0.0222222222222222,0.0434782608695652,-0.00561371951102806,11.1000448400833,-0.0686097038729489,-0.211852801087072,0.172908854156621,-0.0684036876172344,-0.53615432934567,0.00234041671964988,-0.0500029513421748,0,0.790322580645161,0.438752783964365,0.487108586869659,0.736165940761566
giverny,2021-03-31,2021-05-31,3.97029191355212,0.0542422254567104,0.120589187439301,0.604293025906375,0.0544971919526952,0.0188679245283019,0.0188679245283019,0.136881692417104,11.9311673787821,0.055167394076208,0.0580834156973106,0.161941626581689,-0.0482892405646713,0.775256572809767,-0.0414902759420007,-0.0938336440038254,1,0.419354838709677,0.438752783964365,0.421057536836322,0.613381683826447
glenview,2021-03-31,2021-05-31,4.14313472639153,0.0457730178986296,0.120920471397322,0.566247405490035,0.241867078947995,0.317460317460317,0.203703703703704,0.320272812296246,8.62116757565227,0.320799684096703,0.137730940008415,0.218779934264443,-0.0548308802375964,0.829340323670101,-0.0300162542691595,-0.0823596223309841,1,0.145161290322581,0.438752783964365,0.555023006645427,0.49771311879158
gotham,2021-03-31,2021-05-31,6.88653164253051,0.00372699503440094,0.0203732622510548,0.12099688256749,0.228905698408678,0.181818181818182,0.185975609756098,-0.299092988271925,8.56819389190196,-0.107582719836869,-0.0968545584250529,0.153398493885584,-0.0703202611842423,-0.173744874797184,0.0443858187675221,-0.00795754929430252,0,0.919354838709677,0.438752783964365,0.420753540979338,0.247721463441849
greenhaven-road,2021-03-31,2021-05-31,3.17805383034795,0.0920199528006268,0.161261480214676,0.858754618284952,0.445503517596516,0.208333333333333,0.269230769230769,-0.34211085196044,4.35203984936086,3.19546606549186,,0.491548803496663,-0.0505240576475119,,-0.429609382857953,-0.481952750919777,1,0.0161290322580645,0.438752783964365,0.979054797675328,0.462252944707871
greenlight,2021-03-31,2021-05-31,4.12713438504509,0.108283711946502,0.274986652856637,0.738856788458045,0.245593357261431,0.612903225806452,0.314285714285714,-0.132402861552483,3.17320450468699,0.458185763623201,-0.12245817254348,0.233961323049652,-0.0619873156601254,-0.0962625736414857,0.0927037702363109,0.0403604021744863,0,0.0645161290322581,0.438752783964365,0.897192415839733,0.616943657398224
harris,2021-03-31,2021-05-31,4.91998092582813,0.0200878315539728,0.0478323435274295,0.342741958086224,0.0990778075416098,0.116788321167883,0.0833333333333333,0.123719756430861,11.0647348988577,0.231689207914281,-0.0512520057377653,0.193094191785771,-0.0428679594113551,0.694343149385979,-0.0107448172980456,-0.0630881853598702,1,0.193548387096774,0.438752783964365,0.446349377546093,0.53388112783432
hitchwood,2021-03-31,2021-05-31,4.0943445622221,0.0264548042265282,0.067222404262594,0.384330123090951,0.281076167994619,0.316666666666667,0.293103448275862,-0.117323238453046,14.9653418480739,0.197959152794979,0.572047488862291,0.233018568214523,-0.0718007345620041,0.429450972645841,-0.443688280655895,-0.49603164871772,1,0.258064516129032,0.438752783964365,0.288879848104848,0.273264706134796
hound,2021-03-31,2021-05-31,5.50938833662798,0.0428522297102779,0.129266625214749,0.53996622945699,0.380358450334229,0.62753036437247,0.258064516129032,0.255146310351239,10.1610672198828,-0.0718145740085256,,0.23241604509461,-0.112054491167354,,-0.178500860255148,-0.230844228316972,1,0.82258064516129,0.438752783964365,0.374668464075857,0.26656174659729
icahn,2021-03-31,2021-05-31,2.94443897916644,0.273267497099578,0.499506463773099,0.910547753927953,0.114151520669191,0.0526315789473684,0,0.172988244166702,3.28234666621939,0.0312622692244605,-0.536324053030031,0.251376636470097,-0.0764485088615189,-0.743167636010822,0.19616611058713,0.143822742525305,0,0.516129032258065,0.438752783964365,0.728609498367763,0.653069853782654
lansdowne,2021-03-31,2021-05-31,3.52636052461616,0.0660186980625979,0.118332759214606,0.754031091307102,0.197314744253458,0.235294117647059,0.277777777777778,-0.0322144871656801,8.4020459369062,0.502347608337229,-0.23293885528439,0.225732499740031,-0.0165903273868763,0.328678827763291,-0.114598118435641,-0.166941486497466,1,0.0483870967741936,0.438752783964365,0.655228300566101,0.526064872741699
light-street,2021-03-31,2021-05-31,3.8286413964891,0.0315631608384431,0.0604146356340942,0.409052724624622,0.519558256567787,0.456521739130435,0.431818181818182,-0.584613313509449,10.8250003477948,0.061438016811434,0.364487430853477,0.231858751354412,-0.0891773929541985,-0.410639729347174,-0.424996344194061,-0.477339712255885,1,0.370967741935484,0.438752783964365,0.24046033337157,0.269986629486084
lone-pine,2021-03-31,2021-05-31,3.63758615972639,0.039747129052296,0.0688264470926949,0.519602281518973,0.206752126720645,0.105263157894737,0.170731707317073,0.000676772153429344,17.3543300725884,-0.0644256350571115,0.427915293756541,0.217579678080586,-0.0699673018738517,0.423069384769686,-0.341038391791021,-0.393381759852845,1,0.758064516129032,0.438752783964365,0.150863265309221,0.071728028357029
markel-13f,2021-03-31,2021-05-31,4.77068462446567,0.0255253752107154,0.0594683539783766,0.433153532604747,0.0414358135506031,0.0338983050847458,0.00869565217391304,0.073563755762302,12.1823963585335,0.0490927221784077,0.0700631979630253,0.16071725898018,-0.0549407892202424,0.901289920699765,0.0260109721830999,-0.0263323958787248,0,0.435483870967742,0.438752783964365,0.380271870827094,0.442735195159912
marshall-wace,2021-03-31,2021-05-31,7.77821147451249,0.00357075142248248,0.0225031453498428,0.124456949752542,0.395097807185042,0.450167504187605,0.341524573721164,0.0937363054941446,8.01430484476064,-0.0573661633385762,0.105979290959003,0.149179588846418,-0.0622688250559598,0.581791157203045,-0.0400867002391438,-0.0924300683009684,1,0.67741935483871,0.438752783964365,0.37830416815314,0.147655263543129
matrix,2021-03-31,2021-05-31,3.40119738166216,0.0569900668900907,0.120472272740394,0.661031379001761,0.129905417667773,0.233333333333333,0.206896551724138,-0.0654590075530572,12.5550972546982,-0.00945930911359116,-0.0389360371795532,0.234362071535525,-0.0553811205559057,-1.3556788954588,-0.373734551393966,-0.42607791945579,1,0.629032258064516,0.438752783964365,0.545324377910418,0.539571762084961
maverick,2021-03-31,2021-05-31,6.52941883826223,0.229034411497554,0.47196088782536,0.659112062118895,0.627245586434452,0.38978102189781,0.367624810892587,0.535094806919726,9.8967916614704,0.0145903237981256,-0.0845894447392564,0.160778742764762,-0.048086522188123,-0.577576680864112,-0.440826607357341,-0.493169975419166,1,0.564516129032258,0.438752783964365,0.40458364772622,0.446498185396194
melvin,2021-03-31,2021-05-31,4.0943445622221,0.0276761018778446,0.0629061558758548,0.394902936798738,0.377295305831415,0.35,0.370967741935484,-0.34925316007851,13.9735377098545,0.0060664491462975,0.076495921085077,0.184997674251012,-0.0526391660589816,-0.421863917358228,-0.24786016387231,-0.300203531934135,1,0.580645161290323,0.438752783964365,0.251262730583806,0.228509142994881
pershing-square,2021-03-31,2021-05-31,1.94591014905531,0.154002450904857,0.217403174642019,1,0.12692308865806,0.142857142857143,0.142857142857143,0.0447611659933788,6.35899066389724,0.0717820316252595,0.42277979568235,0.147964902372708,-0.0210156908977238,1.0501586618545,0.00887983854367087,-0.0434635295181538,0,0.354838709677419,0.438752783964365,0.51071478401279,0.615945398807526
polen,2021-03-31,2021-05-31,4.26267987704132,0.0481924341853424,0.0827385950873912,0.588641210530101,0.107850308786734,0.0845070422535211,0.0972222222222222,0.0331348318630422,20.8457586492124,-0.0575603893901114,0.370794765794897,0.1589495648006,-0.0504122226670842,2.67142513935852,-0.124363893142681,-0.176707261204506,1,0.693548387096774,0.438752783964365,0.0740917738666649,0.122170701622963
pzena,2021-03-31,2021-05-31,5.13579843705026,0.0197841110267914,0.0453521780404626,0.327434466974216,0.0876834859164415,0.105882352941176,0.0843373493975904,0.148975345852861,6.1519274658396,0.37477284341563,-0.226311036628276,0.230269239214653,-0.0385561990427428,0.263638569877077,0.0799437465450318,0.0276003784832071,0,0.0967741935483871,0.438752783964365,0.673317866740743,0.601947605609894
ruane-cunniff,2021-03-31,2021-05-31,3.61091791264422,0.0495385540365707,0.0849889224113694,0.57843047466165,0.118266062841952,0.162162162162162,0.184210526315789,0.125701254254185,15.8275915925042,0.0431492431252833,0.179530188746809,0.174324502533121,-0.0813018695353489,0.518765880981515,-0.0655959588558815,-0.117939326917706,1,0.467741935483871,0.438752783964365,0.296816666031087,0.146791681647301
sands,2021-03-31,2021-05-31,4.30406509320417,0.0342793123699644,0.104661748134183,0.455083471280464,0.0929139231637207,0.121621621621622,0.0714285714285714,-0.0325059896360682,15.4752595357914,-0.0178476927083891,0.352383370093755,0.177480530502734,-0.0393349473294669,0.591136003863923,-0.34905932231776,-0.401402690379585,1,0.645161290322581,0.438752783964365,0.314728986120747,0.163584530353546
semper-augustus,2021-03-31,2021-05-31,3.40119738166216,0.0851044838650133,0.192608024516631,0.742903726180637,0.0501704111432422,0.0333333333333333,0.0333333333333333,0.147244682825513,8.43287930767692,0.194742958198042,0.163528187979235,0.158818365104587,-0.0273677056535552,2.93090695189821,0.124401066690802,0.0720576986289772,0,0.274193548387097,0.438752783964365,0.444291054269109,0.532838046550751
senator,2021-03-31,2021-05-31,4.84418708645859,0.0187613789121473,0.0488963680261945,0.31857033055292,0.423647920749696,0.574803149606299,0.406593406593407,-0.084733428946295,11.5894179802793,-0.0672660725573777,-0.185545600185116,0.161819404905659,-0.0391459077044355,-2.13825675304381,-0.261916726655496,-0.31426009471732,1,0.774193548387097,0.438752783964365,0.454410877585899,0.291966021060944
soroban,2021-03-31,2021-05-31,4.74493212836325,0.067948219158758,0.165885252838063,0.704809510271375,0.237681037518307,0.869565217391304,0.4,0.0495442074995935,18.1301045817317,-0.0790510480320089,-0.117014826276543,0.161121119153525,-0.0412032998157951,-0.594018884485847,-0.0584687257220647,-0.110812093783889,1,0.870967741935484,0.438752783964365,0.461982617388617,0.260218858718872
southeastern,2021-03-31,2021-05-31,3.17805383034795,0.0720213457101039,0.177362460045311,0.697291893390279,0.260855409324601,0.166666666666667,0.2,0.0431541454873835,6.23863430251261,0.311042936679698,-0.446018831759714,0.156305226780347,-0.0113502967260321,-1.05907788306898,-0.0239146867008277,-0.0762580547626523,1,0.161290322580645,0.438752783964365,0.74600894477148,0.682968318462372
srs,2021-03-31,2021-05-31,3.46573590279973,0.116920230951833,0.210488895606182,0.860491532668479,0.231207045463889,0.21875,0.193548387096774,0.0483234422280699,10.4264057313204,0.224100913096889,0.362379443076367,0.231972399170107,-0.053310821914094,0.533535256893584,0.0552941971749053,0.00295082911308069,0,0.209677419354839,0.438752783964365,0.467952457228637,0.674508988857269
starboard,2021-03-31,2021-05-31,3.61091791264422,0.0703190726983353,0.123719750073529,0.74655160122752,0.11740421281795,0.540540540540541,0.0555555555555556,0.175221518371197,4.50791062443626,-0.0729528981070808,,0.130274094205581,-0.068438304480188,,-0.0321754070256436,-0.0845187750874683,1,0.838709677419355,0.438752783964365,0.677987513302504,0.348512321710587
steadfast,2021-03-31,2021-05-31,3.8286413964891,0.0331207945009509,0.0620482768491941,0.458385731347999,0.258982483374396,0.152173913043478,0.22,-0.129268428810626,14.1448977785855,-0.0908227255859126,-0.0694348545059238,0.162280888021563,-0.0579935962396629,-1.15382795905169,-0.238533091305204,-0.290876459367028,1,0.887096774193548,0.438752783964365,0.295897794710755,0.18904048204422
suvretta,2021-03-31,2021-05-31,4.65396035015752,0.0226734573388691,0.0446924187596927,0.338157691462118,0.403036853610607,0.428571428571429,0.433962264150943,-0.0396025486476029,10.8477535250183,-0.102674638885631,-0.10921154955066,0.192326208930323,-0.0558005005380665,-1.7228978593085,-0.195418439509533,-0.247761807571357,1,0.903225806451613,0.438752783964365,0.407281184414929,0.351523756980896
tci,2021-03-31,2021-05-31,2.56494935746154,0.12284871282637,0.183668942624092,0.97367292971339,0.0798361353750464,0.153846153846154,0.153846153846154,0.122535898266535,18.5943317659531,-0.0630203339698584,,0.169006811436357,-0.0607378700030716,,0.000974534329550039,-0.0513688337322746,0,0.741935483870968,0.438752783964365,0.229960577623281,0.147606804966927
third-avenue,2021-03-31,2021-05-31,4.11087386417331,0.0332471851580159,0.0896399958738782,0.45740704984937,0.105139046395506,0.0327868852459016,0.078125,0.0591308454542692,3.22783465889404,0.192664517241157,-0.611430971228357,0.16175548128061,-0.0504565756836002,-2.56932501585913,0.0638753716319553,0.0115320035701307,0,0.290322580645161,0.438752783964365,0.877497515306741,0.776382267475128
third-point,2021-03-31,2021-05-31,4.82028156560504,0.0363246558655555,0.11385055205579,0.466541813918396,0.316062623515884,0.67741935483871,0.45945945945946,0.134191792491382,12.0538651455493,-0.126303765002815,-0.0695476897219036,0.14559185354244,-0.0586002037546001,-0.444566539108709,-0.18141231327415,-0.233755681335975,1,0.951612903225806,0.438752783964365,0.51620497820592,0.258473366498947
tiger-global,2021-03-31,2021-05-31,4.78749174278205,0.0377952373885091,0.100203181941469,0.514043525381524,0.159782215200629,0.208333333333333,0.0206185567010309,0.107716388385209,14.4935519410294,0.0370168736553035,0.497052080447055,0.24043597786045,-0.078151094936756,0.352155923040737,-0.439513125750055,-0.49185649381188,1,0.483870967741936,0.438752783964365,0.303931340617769,0.177429124712944
tiger-management,2021-03-31,2021-05-31,3.58351893845611,0.0872361858343062,0.178211651888133,0.840852259647062,0.129143733367458,0.277777777777778,0.35,0.133686769251541,15.7810964428321,0.204079403299025,0.73062188792121,0.207555606159999,-0.0273233498750555,3.59164568745906,-0.184876604818746,-0.237219972880571,1,0.225806451612903,0.438752783964365,0.259091285786936,0.334923088550568
trian,2021-03-31,2021-05-31,2.19722457733622,0.135281575623653,0.191838213044229,1,0.205030351880296,0.111111111111111,0,0.22437036541947,7.16435910197663,0.0182194647629603,0.00588156521367289,0.153382040434044,-0.0294907103475588,1.4159445936645,,,,0.548387096774194,0.438752783964365,0.284247154999989,0.387480676174164
tweedy-browne,2021-03-31,2021-05-31,3.8286413964891,0.0536338847563162,0.111783506768542,0.653876147416338,0.0768974279743716,0.0434782608695652,0.0833333333333333,0.0656600528112625,12.2647756496619,-0.00483254731886729,-0.339100843140795,0.160456613235906,-0.0616922733990278,-1.38638822932049,0.0252996816828863,-0.0270436863789384,0,0.612903225806452,0.438752783964365,0.568626271414294,0.6111279129982
valueact,2021-03-31,2021-05-31,2.56494935746154,0.142868586420575,0.206121156843557,0.994176334553526,0.0973780314610233,0.307692307692308,0.181818181818182,-0.00618589847659854,7.17365432993535,0.423251406185622,-0.00226258658152678,0.238059093734661,-0.0496210349459856,0.534348372251288,-0.0655019672533501,-0.117845335315175,1,0.0806451612903226,0.438752783964365,0.68393417289951,0.806392014026642
viking,2021-03-31,2021-05-31,4.54329478227,0.0231437545506401,0.0597963938958612,0.370820917718638,0.27854328730831,0.297872340425532,0.3125,-0.0798101703956155,13.0162795359548,0.020813514300503,0.137334679941354,0.161764569061048,-0.0316628160950638,0.0139919533521525,-0.257709610261795,-0.31005297832362,1,0.532258064516129,0.438752783964365,0.338091237825584,0.318418353796005
whale-rock,2021-03-31,2021-05-31,3.89182029811063,0.0309392462916612,0.0542816404094692,0.410796053978625,0.394006446233498,0.326530612244898,0.365384615384615,-0.211616008675166,13.5583363689663,0.185765044168458,1.18034046767358,0.269636643121463,-0.0813093986608142,1.10725171408007,-0.385319426507033,-0.437662794568857,1,0.306451612903226,0.438752783964365,0.196030066928251,0.261086493730545
yacktman,2021-03-31,2021-05-31,4.18965474202643,0.0309261263254154,0.0519187094720622,0.447156214042583,0.104949014787405,0.106060606060606,0.0327868852459016,0.16807525610782,11.0572050996716,0.0441501200864449,0.106204711038859,0.178900066227177,-0.0527241164267633,1.66638399558335,0.123895768863271,0.0715524008014466,0,0.451612903225806,0.438752783964365,0.265627926227229,0.432183802127838
abrams,2021-06-30,2021-08-31,2.77258872223978,0.0866652022453432,0.179566690766814,0.816473565443012,0.0709792393687758,0.0625,0.0625,0.0129342298608918,12.0128962827616,0.00477767828517595,-0.296021128407652,0.224996345210595,-0.0317461121924383,-0.579023111690501,-0.0135348216906371,-0.156690353881142,1,0.53030303030303,0.441422594142259,0.429672605675845,0.627277970314026
adage,2021-06-30,2021-08-31,6.91770560983531,0.00875251104704048,0.0449785698982485,0.225138543179182,0.162103217537557,0.222772277227723,0.174553101997897,0.0418572050247871,11.0478791731431,-0.0793225356755242,-0.0313487845427245,0.146813081510465,-0.0423864770190623,-1.51247599423345,0.00201283476542974,-0.141142697425075,0,0.742424242424242,0.441422594142259,0.652107563639551,0.582376062870026
akre,2021-06-30,2021-08-31,3.2188758248682,0.0765983134428489,0.131905113238154,0.768393086110759,0.0761453083289965,0.12,0.241379310344828,0.0976179363750161,11.9573994331626,-0.141220600164489,0.190041711415043,0.179917419300439,-0.0682313132102974,0.588509651299828,-0.00185758922412124,-0.145013121414626,1,0.954545454545455,0.441422594142259,0.360532843059821,0.237690255045891
altimeter,2021-06-30,2021-08-31,3.49650756146648,0.232866908623468,0.4538738650227,0.855207525648868,0.176851510768228,0.272727272727273,0.25,-0.0507116977972641,19.8194211686295,0.0715340636461422,-0.0634768747907977,0.316317707152235,-0.0579553330198958,-0.485949593579249,-0.37254219924395,-0.515697731434454,1,0.303030303030303,0.441422594142259,0.337195627440607,0.505769968032837
appaloosa,2021-06-30,2021-08-31,3.98898404656427,0.0471706306325019,0.0994193161561408,0.574430580267843,0.127421281645983,0.0740740740740741,0.193548387096774,-0.3654801868685,18.5452765548976,-0.1443077116556,-0.191824162217,0.141834180268669,-0.0314852433598114,-1.16908448097784,0.132725707023839,-0.0104298251666653,0,0.96969696969697,0.441422594142259,0.280804532696141,0.196943804621696
atreides,2021-06-30,2021-08-31,3.71357206670431,0.0435781796658003,0.0982752238036704,0.54559545990964,0.358989934660114,0.317073170731707,0.404255319148936,0.224706591533956,10.6598902610378,0.254963704446506,,0.245396906015303,-0.0213032205269104,,-0.260270040667317,-0.403425572857821,1,0.151515151515152,0.441422594142259,0.409535842728715,0.279871165752411
baupost,2021-06-30,2021-08-31,4.07753744390572,0.0584262981856542,0.118406718474434,0.680359530681055,0.13333514247365,0.135593220338983,0.135593220338983,-0.0187009285785825,9.42635040026599,-0.0949067876197476,,0.19346948313532,-0.0459998833664375,,-0.158282151529929,-0.301437683720433,1,0.787878787878788,0.441422594142259,0.421669548785821,0.604258239269257
berkshire-13f,2021-06-30,2021-08-31,3.78418963391826,0.210737790557493,0.414649758429541,0.875056802628454,0.0276719968866579,0.0227272727272727,0.0652173913043478,0.0802199970504933,10.6078597944931,-0.0381137607297736,-0.0815719379309513,0.192737059261445,-0.0417637455634597,-0.905075851406903,0.106112649008995,-0.0370428831815099,0,0.621212121212121,0.441422594142259,0.697541832879638,0.769011914730072
cantillon,2021-06-30,2021-08-31,3.63758615972639,0.0316352730076885,0.0654362648898183,0.411624817596316,0.0460649999353536,0,0.0256410256410256,0.0777437006929847,12.2210643067192,0.0150503977762942,0.196976096245074,0.156382712224825,-0.034289277067326,1.53663613797565,-0.0351864023710266,-0.178341934561531,1,0.454545454545455,0.441422594142259,0.253703360921596,0.171559557318687
coatue,2021-06-30,2021-08-31,4.33073334028633,0.0331282859855728,0.0674982463659778,0.472669739645546,0.25105313115502,0.276315789473684,0.166666666666667,0.335823603420613,14.0663425583437,-0.0451668600464051,0.869521719064912,0.2105296943303,-0.0527271689434806,1.35777972992122,-0.388784270462689,-0.531939802653193,1,0.666666666666667,0.441422594142259,0.237639913191625,0.125226378440857
corvex,2021-06-30,2021-08-31,3.52636052461616,0.128046301036165,0.298892711749596,0.841123697488761,0.151282330426078,0.294117647058824,0.454545454545455,0.105102462388885,16.0893865314581,0.0935590222648284,,0.216362267345064,-0.0401780745610927,,-0.028144870270495,-0.171300402461,1,0.272727272727273,0.441422594142259,0.524463242507748,0.289091765880585
d1,2021-06-30,2021-08-31,4.02535169073515,0.0423621690608266,0.0811166986562543,0.546358511892196,0.306615227894061,0.428571428571429,0.319148936170213,0.12407354331842,15.4169127693338,0.00749931882452598,,0.151241595020034,-0.024395308381816,,-0.323023971405436,-0.466179503595941,1,0.515151515151515,0.441422594142259,0.264023219477526,0.170139253139496
darsana,2021-06-30,2021-08-31,2.83321334405622,0.0748899775344599,0.122787606978891,0.798539955989247,0.224197193805219,0.176470588235294,0.222222222222222,-0.0682919044715878,14.9066586085003,0.0947698109769288,0.716612495967477,0.232436446142584,-0.086424766215565,1.17798491129397,-0.302947888268871,-0.446103420459375,1,0.257575757575758,0.441422594142259,0.256503549116628,0.309452563524246
dragoneer,2021-06-30,2021-08-31,4.14313472639153,0.0435283278315281,0.0958443950455554,0.58578494717305,0.256495335740476,0.428571428571429,0.25,0.105047376765088,10.8691755141039,-0.125239153143325,0.196952213897073,0.270539555234084,-0.0911633296300488,-0.835850397372429,-0.408022709523667,-0.551178241714172,1,0.939393939393939,0.441422594142259,0.434894265522521,0.285361349582672
duquesne,2021-06-30,2021-08-31,3.89182029811063,0.0498381031091006,0.117280939758739,0.592929876090819,0.301977298694674,0.326530612244898,0.45,-0.108675222746572,18.7545053120955,-0.0131421816291289,0.267826477226011,0.151967788797704,-0.0193959021494908,0.702550783069848,-0.110427465686895,-0.2535829978774,1,0.560606060606061,0.441422594142259,0.206245094282848,0.143188551068306
egerton,2021-06-30,2021-08-31,3.43398720448515,0.0521512544801823,0.10987923942342,0.621382618673432,0.124833492814112,0.129032258064516,0.228571428571429,0.0581128594686298,19.3753099149622,-0.0800062881488164,0.117385326570889,0.134000023049247,-0.0366763380376838,0.0834324659390039,-0.124031893805482,-0.267187425995987,1,0.757575757575758,0.441422594142259,0.239995671254117,0.102948687970638
elliott,2021-06-30,2021-08-31,3.2188758248682,0.150841905279644,0.303912990305625,0.908591295003109,0.125857125768717,0.12,0.241379310344828,0.0394321080419295,6.16386590839213,0.249587750602735,,0.26544548741666,-0.0636815406084776,,0.317214487323408,0.174058955132903,0,0.166666666666667,0.441422594142259,0.731341272128208,0.755403697490692
eminence,2021-06-30,2021-08-31,4.23410650459726,0.021994837840998,0.0436587009818317,0.328890568353989,0.249984828557676,0.231884057971015,0.220588235294118,0.00111014283843075,8.39424903282718,0.262560819025013,0.264230148450362,0.199458362425104,-0.00434530270345124,1.69894014253647,-0.00889766695598796,-0.152053199146493,1,0.136363636363636,0.441422594142259,0.341786665352929,0.487175792455673
farallon,2021-06-30,2021-08-31,5.65599181081985,0.0230954574890949,0.0755649405828898,0.358742800305324,0.212926375153847,0.562937062937063,0.449339207048458,0.0892228661241849,10.6351062627891,-0.0802384255709356,,0.133139723383343,-0.026649637732385,,-0.00993103930513417,-0.153086571495639,1,0.772727272727273,0.441422594142259,0.543738444523795,0.305037438869476
fisher,2021-06-30,2021-08-31,6.8351845861473,0.0160082308737568,0.0557747345367947,0.315588304760445,0.0408982470030971,0.101075268817204,0.091304347826087,0.115053502555564,11.8359496753135,-0.0976119276695744,0.0783703998623673,0.116445282007225,-0.0353656839835098,1.29770346932713,-0.0714825298629999,-0.214638062053504,1,0.803030303030303,0.441422594142259,0.412927666567535,0.229724168777466
fundsmith,2021-06-30,2021-08-31,3.76120011569356,0.054768103868786,0.0992677409459011,0.637951243141653,0.0369656103410301,0.0232558139534884,0,0.137751264229261,14.6192851495569,0.0264570502463204,0.326428599795076,0.141109565294443,-0.0385359402122604,1.92266507827864,-0.109822282673011,-0.252977814863516,1,0.424242424242424,0.441422594142259,0.24235462808874,0.0891046151518822
gardner-russo,2021-06-30,2021-08-31,4.47733681447821,0.0683503027974845,0.111229404711885,0.755808240675254,0.0297728647168549,0.0227272727272727,0.0444444444444444,0.076777717410585,9.90219002375738,-0.106168989385513,-0.277880450407138,0.16551235736617,-0.0457131448055673,-1.04866049480848,0.0323268869110706,-0.110828645279434,0,0.833333333333333,0.441422594142259,0.572471403493491,0.604959309101105
giverny,2021-06-30,2021-08-31,4.04305126783455,0.054848975987757,0.124365485320861,0.617920896257686,0.033281720008152,0.0701754385964912,0,0.0950586559430174,12.2342859923244,0.0257370396308089,-0.042003871857587,0.145024896167614,-0.00926040055301902,0.269627803979994,-0.0204510668230621,-0.163606599013567,1,0.439393939393939,0.441422594142259,0.456530927262116,0.569236814975739
glenview,2021-06-30,2021-08-31,4.15888308335967,0.0394104918981809,0.11957694581033,0.4913543854354,0.194962360845101,0.234375,0.222222222222222,0.0103502129340972,8.45674744603879,0.333666954300759,0.0213356505526368,0.21139647115791,-0.0133402337454709,0.582880074824788,-0.00879489637340405,-0.151950428563909,1,0.0757575757575758,0.441422594142259,0.599419202362811,0.69458681344986
gotham,2021-06-30,2021-08-31,6.88959130835447,0.0039747235782963,0.02199131990714,0.131650476057714,0.233835850303226,0.185336048879837,0.182839632277835,0.0513817641809889,8.4670174690788,-0.01830862761381,-0.0605890359190506,0.141966948513942,-0.0274409875421723,0.0584792331419409,0.0158742565321465,-0.127281275658358,0,0.575757575757576,0.441422594142259,0.470269396230551,0.310320526361465
greenhaven-road,2021-06-30,2021-08-31,3.61091791264422,0.099682680277486,0.175381928930681,0.878635344463619,0.174641687013965,0.513513513513514,0.25,0.0842632039475322,4.37134108600216,1.08769848987502,,0.465161733096637,-0.0718803437626215,,-0.375280074732294,-0.518435606922798,1,0.0151515151515152,0.441422594142259,0.905762450239159,0.625232219696045
greenlight,2021-06-30,2021-08-31,4.26267987704132,0.0932683309437761,0.248617882912966,0.702818464381299,0.177506865146291,0.338028169014085,0.241935483870968,0.103444628071076,3.29333458029335,0.332882595784163,0.0231545622390769,0.2445310020539,-0.0619873156601253,0.279260027090928,0.0840307813378605,-0.059124750852644,0,0.0909090909090909,0.441422594142259,0.845329383946882,0.776497423648834
harris,2021-06-30,2021-08-31,4.91265488573605,0.0224155021038666,0.07644607667109,0.356633966751857,0.0876758692929898,0.0220588235294118,0.0291970802919708,0.0706098558979606,11.2917443371256,0.206542899999088,-0.0661214094785971,0.196065470823911,-0.0155010710929123,0.84583054879499,-0.039065939783329,-0.182221471973834,1,0.196969696969697,0.441422594142259,0.417602386709553,0.545127272605896
hitchwood,2021-06-30,2021-08-31,4.15888308335967,0.0268061109921606,0.0708663012754921,0.404992553719594,0.257265407325333,0.296875,0.25,0.0532394490347672,14.3064108928445,0.00217821262872969,0.586652474375054,0.200953588701773,-0.0718007345620041,0.542837150824777,-0.400535760434641,-0.543691292625145,1,0.545454545454545,0.441422594142259,0.302533846579694,0.253892004489899
hound,2021-06-30,2021-08-31,5.52146091786225,0.0466405031593909,0.146735252319113,0.544252536982884,0.130226951533591,0.176,0.165991902834008,-0.0172882647520696,10.5533101205479,-0.0981095772533894,,0.224891905734283,-0.0431698555787149,,-0.135365100305695,-0.278520632496199,1,0.818181818181818,0.441422594142259,0.486385719150947,0.686997652053833
icahn,2021-06-30,2021-08-31,2.83321334405622,0.308489272196471,0.537961996364308,0.926144965208417,0.0645956437985473,0,0.105263157894737,0.0184316309495077,3.11690878196261,0.0355553142773148,-0.629150795876089,0.259316910086099,-0.0764485088615189,-0.976745741158104,0.322041184883719,0.178885652693215,0,0.393939393939394,0.441422594142259,0.733280473725,0.767593026161194
impactive,2021-06-30,2021-08-31,2.19722457733622,0.13250698519644,0.22351271238818,1,0.134643884423324,0.111111111111111,0,0.399838025093408,3.4426285404252,0.315508171590641,,0.223782308031042,-0.0569051225037465,,0.0436367415192694,-0.0995187906712351,0,0.106060606060606,0.441422594142259,0.717898750736297,0.487648755311966
lansdowne,2021-06-30,2021-08-31,3.40119738166216,0.0677120523124212,0.125185686957843,0.747467062092306,0.196231056661906,0.166666666666667,0.264705882352941,0.00652981051061785,7.81380830923745,0.242905015361818,-0.384058700907843,0.243787845459352,-0.0327463903560313,-0.0579707661941871,-0.1285174429338,-0.271672975124304,1,0.181818181818182,0.441422594142259,0.52864761752722,0.590835154056549
light-street,2021-06-30,2021-08-31,4.18965474202643,0.0257935719164326,0.063930581226931,0.363040506863927,0.473711146237007,0.53030303030303,0.326086956521739,0.209856805205117,10.6838342559123,-0.112102042076712,0.184306156237181,0.205084790247568,-0.0891773929541983,-0.751460030654589,-0.363311896125394,-0.506467428315898,1,0.878787878787879,0.441422594142259,0.307081543447715,0.219852671027184
lone-pine,2021-06-30,2021-08-31,3.58351893845611,0.0397971507180273,0.0753245539224147,0.51057974335074,0.224379362549528,0.277777777777778,0.315789473684211,0.139882374271143,16.2269946752866,-0.0415568765244886,0.698182301086934,0.202687164054137,-0.0536663074488369,1.30021529965529,-0.367782338122461,-0.510937870312966,1,0.651515151515152,0.441422594142259,0.200666359190529,0.0570869632065296
markel-13f,2021-06-30,2021-08-31,4.8283137373023,0.02529596999755,0.0590292000998502,0.429171694197196,0.0348724705586246,0.072,0.0169491525423729,0.0892641779978441,11.9209950687584,0.0268462132152182,0.0557113872959801,0.14763810702789,-0.0269596106628117,0.813493115415696,0.0292514937105025,-0.113904038480002,0,0.409090909090909,0.441422594142259,0.39623541153914,0.417783111333847
marshall-wace,2021-06-30,2021-08-31,7.69530313496357,0.00411748680076182,0.0198485157045472,0.137655927884845,0.33520090203064,0.335759781619654,0.388609715242881,-0.0390306124948309,8.14562160348903,-0.0322275986814977,0.140916282119943,0.136494205208568,-0.0330622047494115,0.699648193222198,-0.0380157042732876,-0.181171236463792,1,0.606060606060606,0.441422594142259,0.459053322750326,0.252807646989822
matrix,2021-06-30,2021-08-31,3.13549421592915,0.062161239010703,0.115403635801148,0.703061710609123,0.116758547543575,0.0434782608695652,0.266666666666667,0.0554616622949696,11.8133249349392,-0.110332955494345,-0.0314526701283111,0.210167543173145,-0.0530101528079936,-1.30907435989751,-0.320022064683969,-0.463177596874474,1,0.863636363636364,0.441422594142259,0.485431259641647,0.495026737451553
maverick,2021-06-30,2021-08-31,6.49223983502047,0.186457956871764,0.424557139912877,0.601995211244452,0.175557859326644,0.345454545454545,0.369343065693431,-0.00409465248638842,9.04265242562209,-0.211170139527233,-0.328223112209255,0.202765879222395,-0.136771056693766,-1.14820239044219,-0.241201059533497,-0.384356591724002,1,1,0.441422594142259,0.778812139382574,0.556193470954895
melvin,2021-06-30,2021-08-31,4.12713438504509,0.0271154752235202,0.0727289868148002,0.397185786184151,0.337581552371409,0.338709677419355,0.316666666666667,0.00414181311506515,13.032275028964,-0.0715874866805836,0.112551397158111,0.166092776837051,-0.040866990591156,-0.289925771745863,-0.176194311738976,-0.31934984392948,1,0.727272727272727,0.441422594142259,0.294881919341771,0.232451647520065
oaktree,2021-06-30,2021-08-31,5.24174701505964,0.0380079224221819,0.0842622125413374,0.546116134006549,0.178349376081564,0.238095238095238,0.167630057803468,0.123867303790925,3.11541260723797,0.335819309604493,,0.176626320020152,-0.0327190451210337,,0.280875748970214,0.137720216779709,0,0.0606060606060606,0.441422594142259,0.801650196919937,0.546174943447113
pershing-square,2021-06-30,2021-08-31,1.94591014905531,0.148405027805303,0.183659819843239,1,0.0449877185841668,0,0,0.0235136015650226,6.01362819268811,0.0923199667925888,0.497291121798603,0.124992686090848,-0.0205992087773493,1.22017030809844,0.0284310388165498,-0.114724493373955,0,0.287878787878788,0.441422594142259,0.49772277241179,0.673120141029358
polen,2021-06-30,2021-08-31,4.39444915467244,0.0486964421254543,0.0864793572574816,0.588632865343871,0.0321410073918791,0.148148148148148,0.028169014084507,0.160190614641304,21.1100514943014,0.011783470439604,0.455432452843171,0.14098983064278,-0.0271380960954371,2.71402687183865,-0.173661627471538,-0.316817159662042,1,0.484848484848485,0.441422594142259,0.118944665023473,0.128502711653709
pzena,2021-06-30,2021-08-31,5.10594547390058,0.0206009255293924,0.0424552089367757,0.337434050117437,0.0523464511316155,0.0545454545454545,0.0823529411764706,0.0435678287005945,6.03238394551969,0.289423131705865,-0.285879921333918,0.254121748463482,-0.0507745923218805,0.255087400899252,0.0943943320736507,-0.0487612001168538,0,0.121212121212121,0.441422594142259,0.615714826202915,0.723426222801209
ruane-cunniff,2021-06-30,2021-08-31,3.55534806148941,0.05263509636339,0.0770038314522669,0.621206032992702,0.0784342753969106,0,0.0540540540540541,0.0589797154464509,15.1912812410774,0.0131099881840731,0.117221320541121,0.149302651697367,-0.016874294899752,0.182764332841002,-0.0699581724121493,-0.213113704602654,1,0.46969696969697,0.441422594142259,0.295133537187224,0.0835416242480278
sachem-head,2021-06-30,2021-08-31,3.2188758248682,0.169014487739079,0.251873557407415,0.924068349363291,0.149801388115103,0.28,0.217391304347826,0.0436619566784971,9.8488090452886,0.486469427225754,,0.237419086293933,-0.0230696251005375,,-0.129413431659582,-0.272568963850087,1,0.0303030303030303,0.441422594142259,0.669643478960921,0.522849977016449
sands,2021-06-30,2021-08-31,4.34380542185368,0.0333223101763743,0.107518093492908,0.437893090625312,0.0708346657438814,0.0779220779220779,0.0405405405405405,0.152001360226047,15.8620773000143,-0.0227481062873256,0.498357861734986,0.158972292176125,-0.0393349473294669,1.22037254835647,-0.344913543562235,-0.48806907575274,1,0.590909090909091,0.441422594142259,0.297335478661502,0.159122914075851
semper-augustus,2021-06-30,2021-08-31,3.58351893845611,0.0858792413590053,0.189877073533464,0.748885429080757,0.118796445270379,0.194444444444444,0.0333333333333333,0.128307136750189,8.32640080733774,0.0432910026424725,0.00323040463367807,0.176283258308594,-0.0501332392733024,2.25639774051102,0.115559761674469,-0.0275957705160357,0,0.363636363636364,0.441422594142259,0.337757145883054,0.583579540252686
senator,2021-06-30,2021-08-31,4.79579054559674,0.0197795375175451,0.0561347489240906,0.317411071168706,0.353329190981293,0.297520661157025,0.330708661417323,0.0793780765200591,12.5817481250526,-0.115874109949674,-0.189666091730192,0.149937025343201,-0.035918509518341,-2.16834032370926,-0.191980611636652,-0.335136143827157,1,0.893939393939394,0.441422594142259,0.449626624974645,0.280252277851105
soroban,2021-06-30,2021-08-31,3.87120101090789,0.0814127100937792,0.172334866505441,0.816857679293901,0.268140037853291,0.395833333333333,0.747826086956522,-0.00489620585481195,21.3634335200368,-0.124663062113564,-0.0422692501552798,0.135324052786091,-0.0169131109501087,-0.395442938235257,-0.036145235485178,-0.179300767675683,1,0.924242424242424,0.441422594142259,0.305388817246275,0.353854507207871
southeastern,2021-06-30,2021-08-31,3.17805383034795,0.0682604036052168,0.16847230560563,0.679653970361572,0.0753687636238799,0.0416666666666667,0.0416666666666667,0.0618671304108987,5.88318363191184,0.106298920288696,-0.591235045796513,0.190344581743565,-0.0696026382385575,-1.60522428219318,0.0548192623756193,-0.0883362698148852,0,0.242424242424242,0.441422594142259,0.744484356672409,0.762166559696198
srs,2021-06-30,2021-08-31,3.29583686600433,0.109503608782718,0.223473287225661,0.853189525632909,0.099655664950612,0.185185185185185,0.3125,0.0113003105953224,9.58571697876182,0.0394761398138971,0.449804833977269,0.22665878027008,-0.0446641405712404,0.735378576008449,0.0638238747624522,-0.0793316574280523,0,0.378787878787879,0.441422594142259,0.582926950417374,0.736488938331604
starboard,2021-06-30,2021-08-31,4.12713438504509,0.0614266116135117,0.092469647687797,0.69718013869111,0.118476247568889,0.564516129032258,0.27027027027027,0.0826985729164339,4.26188611813641,-0.0711852679093525,,0.140495605448108,-0.027644023990701,,-0.0175122859387298,-0.160667818129234,1,0.712121212121212,0.441422594142259,0.682448364006287,0.392084985971451
steadfast,2021-06-30,2021-08-31,3.95124371858143,0.0317765256369114,0.0617187955516286,0.442757153626031,0.16366510804026,0.230769230769231,0.130434782608696,0.082355389265694,15.7021176047948,-0.106290318822318,-0.125822937876258,0.149548900825944,-0.0296074537459462,-1.46095002379584,-0.181887224646846,-0.32504275683735,1,0.848484848484848,0.441422594142259,0.358959147728472,0.169241070747376
suvretta,2021-06-30,2021-08-31,4.79579054559674,0.0240258860264259,0.0558337105421324,0.379173989323214,0.313657909390232,0.322314049586777,0.219047619047619,-0.0109515062650475,12.2377173856562,-0.117106681624626,-0.0574600043065938,0.17206130270298,-0.0456960024348136,-1.63383477057437,-0.128434241356789,-0.271589773547293,1,0.909090909090909,0.441422594142259,0.411848323743135,0.366482019424439
tci,2021-06-30,2021-08-31,2.56494935746154,0.123178075083315,0.186866640381289,0.967670307039368,0.0305914725379699,0.153846153846154,0.153846153846154,0.15194634237532,18.6124033979317,0.0487494585578044,,0.155610980325843,-0.0368697345752972,,-0.0606281734813749,-0.203783705671879,1,0.348484848484849,0.441422594142259,0.320795567421646,0.139902740716934
third-avenue,2021-06-30,2021-08-31,4.0943445622221,0.0345280731714899,0.0948329932593904,0.471902217493827,0.0533704338518029,0.0166666666666667,0.0327868852459016,-0.000582058333384947,3.19441643576043,0.159574943530102,-0.581801580223151,0.172666765659296,-0.0258429160420813,-2.2344397130987,0.0610705733011157,-0.0820849588893888,0,0.227272727272727,0.441422594142259,0.844371481380658,0.765011548995972
third-point,2021-06-30,2021-08-31,4.83628190695148,0.0346398002399121,0.0978332297038992,0.466028296864787,0.226214664576654,0.277777777777778,0.266129032258065,0.141179346733303,12.1521776873867,-0.0391847162171994,0.123239620104504,0.158269178996254,-0.0318477325590429,0.20143431305649,-0.170144907500779,-0.313300439691284,1,0.636363636363636,0.441422594142259,0.413401054506512,0.191989287734032
tiger-global,2021-06-30,2021-08-31,4.94875989037817,0.0318462183285566,0.0765922831867151,0.457671413438146,0.152967922800812,0.184397163120567,0.0416666666666667,0.212537476149985,14.4032838924885,-0.1779061651362,0.610018756272793,0.192728421219944,-0.078151094936756,0.666353924374205,-0.366483234604974,-0.509638766795479,1,0.984848484848485,0.441422594142259,0.277001759359234,0.128159642219543
tiger-management,2021-06-30,2021-08-31,3.61091791264422,0.0746755814775461,0.113506223334861,0.819979901978068,0.180543582680862,0.243243243243243,0.222222222222222,0.11840115267653,15.1586033637742,0.193287293495629,0.625120682603402,0.187656641700346,-0.0218309845708076,3.16532401161421,-0.208741438587368,-0.351896970777873,1,0.212121212121212,0.441422594142259,0.186312785423422,0.244205310940743
trian,2021-06-30,2021-08-31,2.19722457733622,0.132900697274339,0.212902903761818,1,0.0834305799506471,0,0,0.0114589697257264,6.75272047203869,-0.0706970130749852,-0.166288403886446,0.167836437197103,-0.0521844359564531,0.657143420656847,,,,0.696969696969697,0.441422594142259,0.387154689178882,0.523378789424896
tweedy-browne,2021-06-30,2021-08-31,3.8286413964891,0.0571051651013196,0.107225603102589,0.672032010057351,0.0566837494706202,0,0,0.0353750576283968,12.6355561385144,0.0509780396779297,-0.382543532315219,0.160154026095435,-0.0205011908753209,-1.61427046570093,0.0426633642402479,-0.100492167950257,0,0.333333333333333,0.441422594142259,0.556452041447179,0.608940303325653
valueact,2021-06-30,2021-08-31,2.484906649788,0.13868915264686,0.192767345480879,0.99051488263412,0.263265657411083,0.166666666666667,0.230769230769231,-0.0239644352524393,6.74830758667137,0.426812701665834,-0.0951984502832405,0.253083558111844,-0.0378047677919708,0.376528857809509,-0.0302423998788783,-0.173397932069383,1,0.0454545454545455,0.441422594142259,0.533511226832065,0.717796683311462
viking,2021-06-30,2021-08-31,4.47733681447821,0.0233361891151022,0.049461895092449,0.367369257282976,0.277478330838209,0.261363636363636,0.308510638297872,-0.0178812608541973,12.4730780488453,0.00774187094325657,0.12575229637898,0.15496570272751,-0.0316628160950638,-0.00900866996722343,-0.188979361917347,-0.332134894107852,1,0.5,0.441422594142259,0.33981459121715,0.379795014858246
whale-rock,2021-06-30,2021-08-31,4.12713438504509,0.0291757556834243,0.0542628646516342,0.420171762349614,0.332696962793643,0.451612903225806,0.306122448979592,0.23749944723989,14.0446681452814,-0.0556021331565253,1.22611868381643,0.226699299933853,-0.0813093986608141,1.24895638841607,-0.323063627887951,-0.466219160078455,1,0.681818181818182,0.441422594142259,0.252700462919606,0.106878504157066
yacktman,2021-06-30,2021-08-31,4.15888308335967,0.0317698300110083,0.0643843731729547,0.449993509229023,0.0755593381635035,0.015625,0.0454545454545455,0.0742388857736394,10.3689818958911,0.0697785877909312,-0.0145474747571468,0.181106859242722,-0.0184725084917935,1.2938019583182,0.130935014394092,-0.0122205177964121,0,0.318181818181818,0.441422594142259,0.308154767639917,0.405114978551865
abrams,2021-09-30,2021-11-30,2.89037175789616,0.0819756102114168,0.162562704421157,0.810876421392902,0.0937195461027571,0.166666666666667,0.0625,0.0189167733048206,11.9788842500539,-0.0573585725429515,-0.409424425809017,0.144089142024248,-0.0756366362954016,-1.1142587349813,0.0252691625214749,-0.0947105942422762,0,0.567164179104478,0.454635108481262,0.505340836715459,0.485089480876923
adage,2021-09-30,2021-11-30,6.92264389147589,0.00887791814651879,0.0467190497386427,0.222080754883463,0.150852532913122,0.133004926108374,0.128712871287129,-0.00577868767397264,10.8258702785317,0.0113391683555241,-0.011368949409046,0.121235012564265,-0.0435167401746173,-0.691722125999592,-0.0319442951416243,-0.151924051905375,1,0.358208955223881,0.454635108481262,0.611068744427178,0.684775948524475
akre,2021-09-30,2021-11-30,3.13549421592915,0.0747741660020106,0.125448076355746,0.758308651487408,0.024008097296028,0,0.08,-5.11176756719877e-05,11.5432470284782,-0.043445163412572,0.105781282430506,0.151526061514784,-0.0490176415840836,0.521239225818903,-0.00101158775669288,-0.120991344520444,1,0.522388059701493,0.454635108481262,0.391657744002488,0.458373844623566
altimeter,2021-09-30,2021-11-30,3.43398720448515,0.284383375324375,0.509689459205271,0.882872510362308,0.100733729806912,0.225806451612903,0.272727272727273,-0.0628821900091918,18.8739139003135,-0.108268768110077,-0.16571372766494,0.180099800591523,-0.0661117216064874,-1.07531847809198,-0.490767499468123,-0.610747256231874,1,0.686567164179104,0.454635108481262,0.442564441716944,0.353609770536423
appaloosa,2021-09-30,2021-11-30,3.93182563272433,0.0417820219543023,0.0933145688487327,0.530716324434732,0.150643080130767,0.0588235294117647,0.111111111111111,-0.140424079445736,16.5054902551068,-0.137445137758568,-0.0410259704053165,0.101015615742713,-0.0521711820278493,-0.61894198170549,0.112725826995673,-0.0072539297680786,0,0.805970149253731,0.454635108481262,0.277767431273937,0.207623437047005
atreides,2021-09-30,2021-11-30,3.61091791264422,0.051630936919385,0.0990475443891349,0.601483954482772,0.343052574375131,0.216216216216216,0.292682926829268,-0.00204095987994634,9.90346405484939,0.0250110670071801,,0.187179012416031,-0.0726756124652035,,-0.31457589790223,-0.434555654665981,1,0.328358208955224,0.454635108481262,0.328966310929258,0.364852100610733
baupost,2021-09-30,2021-11-30,4.04305126783455,0.0623760480920377,0.146074398957081,0.676659810029187,0.16205944233698,0.12280701754386,0.152542372881356,-0.124274166408004,9.36606671854315,-0.0873900742791397,,0.12261399347622,-0.0613008054687905,,-0.138851114675125,-0.258830871438876,1,0.641791044776119,0.454635108481262,0.457383838275938,0.459228932857513
berkshire-13f,2021-09-30,2021-11-30,3.76120011569356,0.222181643082828,0.4277757231034,0.884608324904765,0.0250533687966854,0.0465116279069768,0.0681818181818182,0.00144595452291541,10.1294932168376,0.0459646022545734,-0.0194411745398949,0.126101009064776,-0.0370405595256513,-0.725204158830923,0.0756894262299034,-0.0442903305338477,0,0.194029850746269,0.454635108481262,0.748906409229964,0.790943622589111
cantillon,2021-09-30,2021-11-30,3.61091791264422,0.0322481972666812,0.0674293836623726,0.413913513192117,0.035161100307972,0,0.0263157894736842,-0.0123223334842651,11.9098610038315,0.0251951577213576,0.181016016136369,0.123559317211692,-0.0417704112338507,1.6198246917546,-0.0552903641484328,-0.175270120912184,1,0.313432835820896,0.454635108481262,0.286331026390919,0.234675228595734
coatue,2021-09-30,2021-11-30,4.34380542185368,0.0343993437245031,0.0947007926181229,0.454764881898899,0.22318900469097,0.220779220779221,0.210526315789474,-0.0374189467507157,12.2374933601361,-0.200012616915825,0.929509843314434,0.181411821185845,-0.074948537725271,1.12755133870556,-0.408259671071336,-0.528239427835087,1,0.895522388059702,0.454635108481262,0.283219479894615,0.324793010950089
corvex,2021-09-30,2021-11-30,3.46573590279973,0.119847874578863,0.29647950208291,0.769744908672386,0.165823136455094,0.3125,0.352941176470588,0.0197619036416552,14.3384441318386,-0.0691783266074745,-0.407208528571195,0.189826909447487,-0.0823860438220066,-1.22843695070152,0.0292618372268595,-0.0907179195368916,0,0.597014925373134,0.454635108481262,0.572570523485958,0.411515831947327
d1,2021-09-30,2021-11-30,4.18965474202643,0.0385876200134222,0.10523034817286,0.485608697796353,0.285870530618871,0.333333333333333,0.214285714285714,0.156341839863573,12.9635777597089,-0.0609778821394301,,0.137277225688905,-0.0438434353418589,,-0.357942195125697,-0.477921951889449,1,0.582089552238806,0.454635108481262,0.328803053892402,0.441114634275436
darsana,2021-09-30,2021-11-30,2.70805020110221,0.0844146700794816,0.137977466047188,0.857708874613623,0.247868615293221,0.133333333333333,0.235294117647059,-0.0963874825066153,12.5423030519478,-0.0866938252367922,0.581150140767188,0.21921827950359,-0.0864247662155649,0.657097970830265,-0.281464188034741,-0.401443944798492,1,0.626865671641791,0.454635108481262,0.256590942744611,0.252229452133179
dragoneer,2021-09-30,2021-11-30,4.27666611901606,0.0455947948033592,0.10231510009322,0.581142658513849,0.240312213603744,0.277777777777778,0.174603174603175,-0.0217292521824163,9.58814655058908,-0.350879127880688,0.147051475448531,0.191971974676461,-0.110010325725753,-0.967134767629542,-0.462492252645827,-0.582472009409578,1,1,0.454635108481262,0.377506938017518,0.510752439498901
duquesne,2021-09-30,2021-11-30,3.87120101090789,0.0664892792689641,0.140595413902585,0.725291254170541,0.329835306771953,0.291666666666667,0.306122448979592,-0.125793150595645,16.3514665588382,-0.0360002161006792,0.367173897250259,0.108846910823817,-0.0343612070897137,1.27730805746376,-0.0637411238048755,-0.183720880568627,1,0.492537313432836,0.454635108481262,0.20263432541774,0.139743492007256
egerton,2021-09-30,2021-11-30,3.52636052461616,0.0509525190349414,0.108203554202001,0.610376238180852,0.230826556082237,0.264705882352941,0.193548387096774,0.0450460251118755,15.8381327506371,-0.0781648792870909,0.0943733739720861,0.135164545113296,-0.0612089031089924,0.119000238199976,-0.0676094361869331,-0.187589192950684,1,0.611940298507463,0.454635108481262,0.269947118124274,0.165268987417221
elliott,2021-09-30,2021-11-30,3.29583686600433,0.135267298249892,0.294877023055959,0.863295213944627,0.13231105452722,0.259259259259259,0.2,0.073093779918502,5.84621116742069,0.189269460994955,,0.137428695083637,-0.0259047710099631,,0.432769270231059,0.312789513467308,0,0.0597014925373134,0.454635108481262,0.783368191937781,0.677118480205536
eminence,2021-09-30,2021-11-30,4.12713438504509,0.0233182492909025,0.0491392920575031,0.340383899053848,0.221436638506673,0.225806451612903,0.304347826086957,-0.0999113436713652,7.68279313794857,0.0815743762265137,0.425217968167168,0.107802273186896,-0.013427986738728,2.21695757690783,0.00879435167126091,-0.11118540509249,0,0.134328358208955,0.454635108481262,0.324801613266719,0.286392390727997
farallon,2021-09-30,2021-11-30,5.66988092298052,0.0184211710463771,0.0382658518905012,0.313177594549578,0.214123078058122,0.141379310344828,0.129370629370629,-0.10175512865408,9.90391581888356,-0.0974324877956283,,0.126032604914504,-0.047394261751999,,0.0110555235513207,-0.10892423321243,0,0.671641791044776,0.454635108481262,0.352247704317437,0.332558840513229
fisher,2021-09-30,2021-11-30,6.84374994900623,0.015684622784237,0.0535119494627879,0.310729182249863,0.0550589158220584,0.0852878464818763,0.0774193548387097,0.010794460195278,11.6015521492411,-0.0504047735949842,0.0516728227634696,0.10527244671094,-0.0521539138376406,1.28161168861256,-0.0622326256787465,-0.182212382442498,1,0.552238805970149,0.454635108481262,0.433425404158719,0.307588547468185
fundsmith,2021-09-30,2021-11-30,3.76120011569356,0.0533997252999136,0.093798573959373,0.628975250949963,0.0577871469843734,0.0465116279069768,0.0465116279069768,0.00234632694568148,14.925804162624,-0.0476158335020384,0.0964660314672632,0.147950778819063,-0.0704030502120317,0.239543484702037,-0.0611959704109467,-0.181175727174698,1,0.537313432835821,0.454635108481262,0.335578020181998,0.149846583604813
gardner-russo,2021-09-30,2021-11-30,4.46590811865458,0.0696348305222959,0.115425023481578,0.762777711719036,0.0289752871247002,0.0114942528735632,0.0227272727272727,-0.0870707436013601,9.80859144634541,-0.13678548802706,-0.421036399025058,0.146493743573463,-0.0563621752616037,-1.4710110598236,0.110179489648709,-0.0098002671150417,0,0.791044776119403,0.454635108481262,0.567514829215592,0.727948129177094
giverny,2021-09-30,2021-11-30,4.06044301054642,0.0530100087002922,0.120397290109466,0.606392589519798,0.0396161947816268,0.0689655172413793,0.0526315789473684,0.030258824916533,11.7172453104744,0.00430241223616629,-0.0703800986356077,0.120969274168338,-0.0433721669568522,0.231054568935458,-0.000663599080863706,-0.120643355844615,1,0.373134328358209,0.454635108481262,0.48849841423152,0.631716787815094
glenview,2021-09-30,2021-11-30,4.06044301054642,0.0391026149012544,0.105929797057931,0.506181608994621,0.152439562798893,0.103448275862069,0.1875,-0.0943050134102213,7.77722548426719,0.103099337877365,-0.156896401958916,0.172887854062124,-0.0865599511403762,-0.429822798148217,0.0882960988791194,-0.0316836578846317,0,0.0895522388059701,0.454635108481262,0.6105766081734,0.755127847194672
gotham,2021-09-30,2021-11-30,6.91274282049318,0.0050037479472497,0.0261093005562522,0.162410961526295,0.235283305622487,0.185074626865672,0.165987780040733,0.0438019326185556,8.27212882859354,0.0195873759235091,-0.0902905033928512,0.112825441610888,-0.0535817310653151,0.0719204486454926,0.0117260557289743,-0.108253701034777,0,0.343283582089552,0.454635108481262,0.522488140871675,0.386398494243622
greenhaven-road,2021-09-30,2021-11-30,3.87120101090789,0.0965668175021826,0.190159140974603,0.846298070749079,0.199671728923526,0.354166666666667,0.162162162162162,0.0366955875433147,5.23736997560036,0.21700000858507,,0.410178830075907,-0.198296538358673,,-0.42268923486526,-0.542668991629011,1,0.0447761194029851,0.454635108481262,0.700287719885569,0.776686131954193
greenlight,2021-09-30,2021-11-30,4.06044301054642,0.0965664870475802,0.239676980466076,0.738055914861031,0.126970104686731,0.224137931034483,0.366197183098592,-0.0660993592011946,3.42434904241458,0.0319345820806867,0.000292544700477571,0.235697129418972,-0.0935355041316692,-0.264366848350179,0.112149667357147,-0.00783008940660442,0,0.253731343283582,0.454635108481262,0.79240577249151,0.883831202983856
harris,2021-09-30,2021-11-30,4.91998092582813,0.0230739228116998,0.0797013414635953,0.362809356324293,0.0577514987184294,0.0656934306569343,0.0588235294117647,-0.0003780077758076,10.9554118529854,0.0750321150122293,-0.0999698497635446,0.150985094567578,-0.0529054265775393,0.282979771999595,0.00857560526731295,-0.111404151496438,0,0.149253731343284,0.454635108481262,0.512514638880519,0.683319091796875
hitchwood,2021-09-30,2021-11-30,4.11087386417331,0.0287574716381412,0.0700609506880858,0.421754777057816,0.237503399153768,0.19672131147541,0.234375,-0.0347130590478964,13.390892044944,-0.22634410720712,0.553736238914081,0.217904436585925,-0.112141291932686,0.118640763330328,-0.405995010347741,-0.525974767111492,1,0.940298507462687,0.454635108481262,0.251348978443311,0.172136664390564
hound,2021-09-30,2021-11-30,5.32787616878958,0.0562832007052546,0.167854345051249,0.611072580954416,0.214336838251937,0.131067961165049,0.284,-0.0919403824922193,10.9233843355739,-0.159038528396332,,0.167599868447254,-0.0905742690902125,,-0.0800487512340511,-0.200028507997802,1,0.835820895522388,0.454635108481262,0.44057584373924,0.477654159069061
icahn,2021-09-30,2021-11-30,2.83321334405622,0.319900164999833,0.548083392061972,0.942734293522894,0.0757287349675022,0.117647058823529,0.117647058823529,-0.0756668764999725,3.15611959222907,-0.00574848509208342,-0.655084285802547,0.260691018928747,-0.0885585961940308,-1.51791460107061,0.372516146104681,0.25253638934093,0,0.388059701492537,0.454635108481262,0.750357517265016,0.651599824428558
impactive,2021-09-30,2021-11-30,2.19722457733622,0.120165427867118,0.156836792416562,1,0.0792371505511402,0,0,0.0557958806211194,3.47187946965519,0.0403014768350128,,0.220667643240719,-0.123904917603263,,0.162180162804954,0.0422004060412025,0,0.238805970149254,0.454635108481262,0.564698327341608,0.476797431707382
lansdowne,2021-09-30,2021-11-30,3.29583686600433,0.0651829264561301,0.0925762783243569,0.749603864811989,0.265417815904864,0.296296296296296,0.366666666666667,-0.129322484363005,7.0611648811896,-0.00918558832014627,-0.394995330147479,0.142169718432973,-0.079868020730247,-0.322403452135103,-0.0359543026434115,-0.155934059407163,1,0.417910447761194,0.454635108481262,0.451576977620688,0.382476925849915
light-street,2021-09-30,2021-11-30,3.93182563272433,0.0335497194284043,0.0866698595547175,0.445956023400025,0.49424494801563,0.313725490196078,0.46969696969697,-0.14506626490774,9.81693818752617,-0.295142581519922,0.322984152764678,0.194039515029471,-0.115937664230115,-0.475443759653916,,,,0.985074626865672,0.454635108481262,0.215638135522635,0.252471297979355
lone-pine,2021-09-30,2021-11-30,3.66356164612965,0.0387842929369657,0.0653357274908844,0.487871523938251,0.192200492369465,0.17948717948718,0.111111111111111,-0.0648379895837949,14.40188177333,-0.120008956653938,0.550025983805612,0.187222567817779,-0.0813734066424266,0.493785550668339,-0.36824109527387,-0.488220852037621,1,0.716417910447761,0.454635108481262,0.233725120497249,0.131649658083916
markel-13f,2021-09-30,2021-11-30,4.8283137373023,0.0254136080478492,0.0589589233113024,0.426976229458148,0.0276906669511549,0.024,0.024,0.00131776633356505,11.6662996746122,0.0265604617111416,0.0101191135432771,0.126827040498465,-0.0500291939954802,0.654063918828419,0.0695002099657107,-0.0504795467980405,0,0.298507462686567,0.454635108481262,0.438044664156826,0.569529414176941
marshall-wace,2021-09-30,2021-11-30,7.89580837708318,0.00433326071766054,0.026680656396832,0.146770250004515,0.377904317886265,0.423306031273269,0.295268425841674,0.085560822579027,8.53679222351015,-0.0338376661972465,0.0655809568787326,0.123612567259026,-0.0449209803559739,0.165800029490073,-0.0032810173804104,-0.123260774144162,1,0.462686567164179,0.454635108481262,0.497975329506628,0.166408821940422
matrix,2021-09-30,2021-11-30,3.13549421592915,0.067917056991379,0.138930826292876,0.727973264568258,0.0959819775581997,0.0869565217391304,0.0869565217391304,-0.0410180500046351,11.2852257785267,-0.207355587658815,-0.00418855655571826,0.166563414834177,-0.064670098430025,-1.08393470366513,-0.312753399211871,-0.432733155975622,1,0.91044776119403,0.454635108481262,0.437456766113415,0.596268057823181
maverick,2021-09-30,2021-11-30,6.42971947803914,0.11216900352437,0.32164029407995,0.530918125157593,0.192192290220483,0.330645161290323,0.371212121212121,-0.158302662832027,10.6618209626051,-0.285777348261509,-0.450020494791928,0.208777214709488,-0.214650371939956,-1.82274751421316,-0.176494961575156,-0.296474718338908,1,0.970149253731343,0.454635108481262,0.733584516766876,0.531872868537903
melvin,2021-09-30,2021-11-30,4.0943445622221,0.0254204826778273,0.0466332154358518,0.379761401786301,0.446158023175611,0.3,0.32258064516129,0.0621863980109546,11.4259460971105,-0.110386790319207,0.135386347558456,0.141706558005511,-0.0497967973481178,0.0561661513697098,,,,0.701492537313433,0.454635108481262,0.203098320125303,0.131164193153381
oaktree,2021-09-30,2021-11-30,5.44673737166631,0.0432593633074622,0.112119735882112,0.561967146125562,0.167296908921872,0.426724137931035,0.296296296296296,-0.114837162354197,3.19242685183279,0.148253843988878,,0.142560963375036,-0.038435160016984,,0.369503618794231,0.24952386203048,0,0.0746268656716418,0.454635108481262,0.80730145145776,0.568552374839783
paulson,2021-09-30,2021-11-30,3.61091791264422,0.111418092588613,0.205176741216827,0.758695784196575,0.110394708536378,0.0540540540540541,0.102564102564103,-0.176100041722346,4.64410973331931,-0.126039759513939,,0.135929905682525,-0.0906456439890624,,-0.220863425175742,-0.340843181939494,1,0.746268656716418,0.454635108481262,0.544939917578819,0.584744930267334
pershing-square,2021-09-30,2021-11-30,1.79175946922806,0.177386427365777,0.21942963138139,1,0.161418941782579,0,0.142857142857143,-0.123716056707316,6.03502300524521,0.0428822932393945,0.377786439030021,0.117056954612619,-0.0321203949638664,0.860568500591125,0.112414605027483,-0.00756515173626794,0,0.208955223880597,0.454635108481262,0.384598881006756,0.408284157514572
polen,2021-09-30,2021-11-30,4.51085950651685,0.0456529360513697,0.0824276092057846,0.569485160866698,0.0899798639613805,0.142857142857143,0.037037037037037,0.0425966389030153,20.1719323548179,-0.00835304111192098,0.373135972875444,0.153430587534486,-0.0626291989108279,1.82125471088839,-0.190572374293293,-0.310552131057044,1,0.402985074626866,0.454635108481262,0.173793032941285,0.164476364850998
pzena,2021-09-30,2021-11-30,5.12396397940326,0.0207522541155035,0.0415191619883101,0.34640395485582,0.102949074721333,0.0952380952380952,0.0787878787878788,-0.0172630048070323,5.89335721987167,0.0489879470966795,-0.33359516141408,0.172649591817805,-0.0507745923218805,-0.542321312500998,0.170433905057067,0.0504541482933161,0,0.17910447761194,0.454635108481262,0.599390757872851,0.679444134235382
ruane-cunniff,2021-09-30,2021-11-30,3.49650756146648,0.0566421416491848,0.0829922079714816,0.6456546205355,0.0620276371526998,0.0606060606060606,0.114285714285714,-0.01374158871521,15.0933135474782,0.102685235733709,0.308082890401965,0.0987765614549013,-0.0345552230992745,1.47608798958395,-0.124585936862942,-0.244565693626694,1,0.104477611940299,0.454635108481262,0.310493183789518,0.118789307773113
sachem-head,2021-09-30,2021-11-30,3.13549421592915,0.133349442794215,0.218895282529169,0.923775752143212,0.203593000543892,0.347826086956522,0.4,0.0490579520314525,9.02795170205499,0.0863996907017889,,0.207871981700089,-0.0700704459408132,,-0.112708253432529,-0.23268801019628,1,0.119402985074627,0.454635108481262,0.565378612134419,0.401519507169724
sands,2021-09-30,2021-11-30,4.26267987704132,0.0361140538962278,0.108799859305617,0.466543043229103,0.101487601220903,0.0422535211267606,0.116883116883117,0.0166043282619271,15.1705067565923,-0.120439616700176,0.44960110265256,0.166009628676484,-0.0757126481607227,0.865262229944692,-0.338371664291125,-0.458351421054876,1,0.73134328358209,0.454635108481262,0.289676674628092,0.160411536693573
semper-augustus,2021-09-30,2021-11-30,3.63758615972639,0.0859092377998078,0.192447879641717,0.736609624009616,0.0491249358490256,0.0789473684210526,0.0277777777777778,0.0269832143446784,8.51667980715791,-0.030862535618953,-0.181238364312731,0.161196170373679,-0.0742568002369306,0.844448881587229,0.240124635659698,0.120144878895947,0,0.447761194029851,0.454635108481262,0.482956791567255,0.576386392116547
senator,2021-09-30,2021-11-30,4.75359019110636,0.0367492502028377,0.156078049034226,0.374099596771296,0.41054196737401,0.310344827586207,0.338842975206612,0.104374745959406,9.44300779935958,-0.210825268176249,-0.27832311249046,0.123154545477625,-0.0769945914939282,-2.36678991781677,-0.138837673148419,-0.25881742991217,1,0.925373134328358,0.454635108481262,0.558551447187927,0.502996861934662
soroban,2021-09-30,2021-11-30,3.73766961828337,0.0831202232153279,0.172912577169743,0.802081803674179,0.125603353632571,0.19047619047619,0.291666666666667,0.00644538906649756,20.7809964824083,-0.132453031436825,-0.0695973680740191,0.135012827061863,-0.0728654315388123,-0.460119178025159,-0.0386801977811105,-0.158659954544862,1,0.776119402985075,0.454635108481262,0.299810900472546,0.323510617017746
southeastern,2021-09-30,2021-11-30,3.36729582998647,0.0606896409502704,0.15445090956843,0.6347584902352,0.192783068217571,0.241379310344828,0.0833333333333333,0.0578028219017765,4.62848785553174,-0.0343016222703213,-0.562522648920681,0.152626615883925,-0.084479955420147,-1.76888143818366,-0.0322578787374094,-0.152237635501161,1,0.477611940298507,0.454635108481262,0.702889233773973,0.49281233549118
srs,2021-09-30,2021-11-30,3.29583686600433,0.136631313520246,0.301915267305652,0.864827181093878,0.170988769235652,0.185185185185185,0.185185185185185,0.101825260929476,8.6592694415997,0.572692271244403,1.68638735442153,0.259760944426642,-0.0446641405712404,1.54825555839872,-0.122084450829957,-0.242064207593708,1,0.0149253731343284,0.454635108481262,0.867781696337945,0.758544862270355
starboard,2021-09-30,2021-11-30,4.06044301054642,0.0558116256730927,0.0848261117289164,0.649977923893309,0.1430417382159,0.344827586206897,0.387096774193548,0.0700428554709845,4.25991785123452,-0.0876905289411426,,0.113630927642136,-0.0620919196440366,,0.0809666927481075,-0.0390130640156436,0,0.656716417910448,0.454635108481262,0.634670289098259,0.491212695837021
steadfast,2021-09-30,2021-11-30,3.73766961828337,0.0390087567012648,0.0839188330405835,0.503274998362501,0.270655984126011,0.119047619047619,0.288461538461538,-0.133372927023739,17.0479522260239,-0.178459732464433,-0.224634836462931,0.143992780585062,-0.0837432627099255,-1.67034726493468,-0.123880032376948,-0.243859789140699,1,0.850746268656716,0.454635108481262,0.25220583183239,0.234058499336243
suvretta,2021-09-30,2021-11-30,4.65396035015752,0.0276372576606742,0.0620946885408167,0.408704531228517,0.278394745823702,0.238095238095238,0.338842975206612,-0.123682967283971,10.3302603153928,-0.196777452889851,-0.164522601793039,0.142431349402536,-0.0631809885481622,-1.85564625742695,-0.0800986154293049,-0.200078372193056,1,0.865671641791045,0.454635108481262,0.45206302049252,0.383097648620605
tci,2021-09-30,2021-11-30,2.56494935746154,0.119767435159663,0.188964939338628,0.957525896664628,0.069822172744111,0.0769230769230769,0.0769230769230769,0.0378293469151461,17.4387859839196,0.0303008914550272,,0.167767764077852,-0.06961023281388,,-0.0496772696926025,-0.169657026456354,1,0.26865671641791,0.454635108481262,0.314050919793176,0.181250542402267
third-avenue,2021-09-30,2021-11-30,4.07753744390572,0.0358850089005938,0.0937681682134321,0.495946469714261,0.0711070596470497,0.0508474576271187,0.0666666666666667,-0.0168968787200861,3.19454792101806,0.0550070562018132,-0.563556422150217,0.129314009815871,-0.0430238806446712,-2.01754702223025,0.131156770515931,0.0111770137521797,0,0.164179104477612,0.454635108481262,0.799170416872392,0.774375736713409
third-point,2021-09-30,2021-11-30,4.72738781871234,0.0679136726319176,0.214191598468376,0.568671833437103,0.184237681088359,0.15929203539823,0.246031746031746,0.0698574590073613,10.3080214968044,-0.040551381034305,0.133669944699682,0.182495269806744,-0.102936364462755,0.690400590208593,-0.168563593211925,-0.288543349975676,1,0.507462686567164,0.454635108481262,0.527529708134991,0.434287369251251
tiger-global,2021-09-30,2021-11-30,5.08140436498446,0.031105564564808,0.0711171587483911,0.455720251944019,0.113727034265767,0.15527950310559,0.0354609929078014,-0.0322460789766259,13.7657164472191,-0.234237639603926,0.746407893608192,0.196749788343711,-0.0781510949367559,0.71196130754193,-0.441400722227438,-0.561380478991189,1,0.955223880597015,0.454635108481262,0.293256651687722,0.192715302109718
tiger-management,2021-09-30,2021-11-30,3.68887945411394,0.0791283700053811,0.128478478011258,0.821931798026568,0.148167472623159,0.4,0.351351351351351,-0.0573316161276889,15.0755934766577,0.0296179586957543,0.675627793169396,0.155141761224962,-0.043700756952489,2.85887468028441,-0.226174556132802,-0.346154312896553,1,0.283582089552239,0.454635108481262,0.254948803789269,0.290284991264343
trian,2021-09-30,2021-11-30,2.19722457733622,0.133011404315424,0.220520491425221,1,0.092373089972327,0.111111111111111,0.111111111111111,-0.0615341047655707,6.22710166184592,-0.199331380385741,-0.317505199497999,0.114697123890861,-0.082818044622999,-0.180349906033912,,,,0.880597014925373,0.454635108481262,0.458692677967554,0.548264384269714
tweedy-browne,2021-09-30,2021-11-30,3.8286413964891,0.0597263110193044,0.121766798216939,0.660443947924667,0.163247814078402,0.0217391304347826,0.0217391304347826,-0.173498119575756,11.6617248174995,-0.010355037329547,-0.486380710455932,0.146760636051938,-0.0608026100496424,-2.26820513097225,0.120123258917985,0.00014350215423417,0,0.432835820895522,0.454635108481262,0.540898793497747,0.537926435470581
valueact,2021-09-30,2021-11-30,2.56494935746154,0.12259049079599,0.169623977732025,0.989661727287721,0.138968310730143,0.153846153846154,0.0833333333333333,0.0315715845505637,6.07248500766295,0.265644060778061,0.00555412117252097,0.218807589091802,-0.0550017459341647,0.54861823529198,-0.0183210100921456,-0.138300766855897,1,0.0298507462686567,0.454635108481262,0.592294892590883,0.82223391532898
viking,2021-09-30,2021-11-30,4.56434819146784,0.0263164524303786,0.0974102819783367,0.379365092223949,0.370653532663038,0.270833333333333,0.204545454545455,0.0887752411164258,10.3877507446204,-0.128519842530361,0.100655348645304,0.138826951958505,-0.0559732106339561,-0.186412609179889,-0.132977827940055,-0.252957584703806,1,0.761194029850746,0.454635108481262,0.329383239920676,0.436977207660675
whale-rock,2021-09-30,2021-11-30,4.23410650459726,0.0302554643786728,0.0617578796882291,0.454472806697222,0.222806553748773,0.260869565217391,0.17741935483871,-0.0122038375545789,13.1003070275658,-0.155502601081506,1.48263316989194,0.19598499735244,-0.0813093986608143,1.31470642230016,-0.395465913282146,-0.515445670045897,1,0.82089552238806,0.454635108481262,0.301811719758198,0.219032809138298
yacktman,2021-09-30,2021-11-30,4.12713438504509,0.0338182545229871,0.0646468926730265,0.470191429264712,0.0422755115225472,0,0.03125,0.00876996047199407,10.2365739217527,0.0421852101437017,-0.177995486484397,0.130938172298544,-0.0427386061577374,0.335404094781346,0.158965203113264,0.0389854463495131,0,0.223880597014925,0.454635108481262,0.436322128401992,0.401615649461746
abrams,2021-12-31,2022-02-28,2.89037175789616,0.0796778486257872,0.153156910203302,0.805132155009754,0.0527998480555607,0.0555555555555556,0.0555555555555556,-0.0058633529018559,11.082978073213,-0.0705839806682684,-0.266514293314225,0.133938364326861,-0.090524812905594,-0.903691062530688,0.0575679044848826,-0.0291666981771668,0,0.597014925373134,0.465983224603915,0.504445734567273,0.687619626522064
adage,2021-12-31,2022-02-28,6.92559519711047,0.00980292175110807,0.0527739215483794,0.236359587666461,0.152162031042077,0.140471512770138,0.137931034482759,0.0898476963654979,10.4760772814296,0.0298608228770254,-0.0063522312146489,0.143428705404656,-0.0866154159382085,-0.502047797968341,-0.0366954084124151,-0.123430011074465,1,0.283582089552239,0.465983224603915,0.634032021851057,0.617450654506683
akre,2021-12-31,2022-02-28,3.09104245335832,0.0756199325841467,0.127392695075519,0.761793680382601,0.0333253297584417,0,0.0434782608695652,0.0596154203794517,11.7506976608705,-0.0141825698295552,-0.0379441554189067,0.183889132441954,-0.132782678890514,-0.25539630424598,0.0311710030077112,-0.0555635996543383,0,0.417910447761194,0.465983224603915,0.468439857655265,0.640325367450714
altimeter,2021-12-31,2022-02-28,3.2188758248682,0.318125890937742,0.547653963545382,0.90657142004055,0.18856786728405,0.28,0.419354838709677,-0.171409235093836,16.822218078437,-0.280805819333417,-0.389634028261135,0.256400607383473,-0.294389665804356,-1.76392399238084,-0.343582434187484,-0.430317036849533,1,0.82089552238806,0.465983224603915,0.382650088435459,0.221713826060295
appaloosa,2021-12-31,2022-02-28,3.78418963391826,0.047412183383757,0.100473618907307,0.580467631154422,0.20197928922479,0.113636363636364,0.235294117647059,-0.0768993860334574,14.2976270699929,0.00856010866751637,0.0750337269334559,0.101955177120059,-0.0521711820278492,0.109967831044721,0.00336196290374234,-0.0833726397583071,0,0.328358208955224,0.465983224603915,0.356599349962352,0.433907270431519
atreides,2021-12-31,2022-02-28,3.55534806148941,0.0479631040997792,0.102739992417456,0.575744333566164,0.467726090614075,0.285714285714286,0.324324324324324,-0.210499377023776,13.5673757093615,-0.217627976266563,,0.170443966404613,-0.177517127785632,,-0.215108506036068,-0.301843108698117,1,0.746268656716418,0.465983224603915,0.142370223178417,0.156794518232346
baupost,2021-12-31,2022-02-28,3.98898404656427,0.0626170409051426,0.149700062514336,0.660854047934109,0.161864385826014,0.148148148148148,0.192982456140351,-0.0721376001440834,8.41408119872696,-0.131971280549506,,0.129782030529214,-0.107835062336877,,-0.0940120784628769,-0.180746681124926,1,0.671641791044776,0.465983224603915,0.474697142709441,0.681915700435638
berkshire-13f,2021-12-31,2022-02-28,3.78418963391826,0.259982205359143,0.47598538575558,0.895370651187026,0.0598758389970481,0.0681818181818182,0.0465116279069768,0.120277072596987,9.57792801850454,0.186627626147849,0.28933898717034,0.112986073852014,-0.0370405595256512,0.763799428059053,-0.0196334001224238,-0.106368002784473,1,0.0447761194029851,0.465983224603915,0.701313437703329,0.675183057785034
cantillon,2021-12-31,2022-02-28,3.63758615972639,0.0320871108250003,0.0649816311069708,0.417497786663491,0.0519393857432031,0.0526315789473684,0.027027027027027,0.0317548414445546,11.4657724674876,0.00476989563711605,0.0503916047134912,0.175978535636376,-0.133094478254676,0.153709317847475,-0.00490162619078856,-0.091636228852838,1,0.358208955223881,0.465983224603915,0.422450024085007,0.399525105953217
coatue,2021-12-31,2022-02-28,4.39444915467244,0.0491201063653162,0.161968717905216,0.518380903472504,0.381658536899285,0.222222222222222,0.181818181818182,-0.0862424584190155,13.963710182181,-0.441388769157359,0.0228260868843379,0.263013474203972,-0.362137164190687,0.0104535168028416,-0.231027608131009,-0.317762210793058,1,0.970149253731343,0.465983224603915,0.144371687083901,0.437570095062256
corvex,2021-12-31,2022-02-28,3.36729582998647,0.163298903720479,0.35985473601714,0.849409091327644,0.161548620030164,0.137931034482759,0.21875,-0.154413443524122,15.2151688215488,-0.0363485626523019,-0.349123348877976,0.174596281735694,-0.0866845487192296,-1.62695417973432,-0.00330654684000677,-0.0900411495020562,1,0.477611940298507,0.465983224603915,0.576889679543762,0.217981994152069
d1,2021-12-31,2022-02-28,3.80666248977032,0.0543950744161649,0.138462835815432,0.618588731000074,0.382484252277727,0.244444444444444,0.484848484848485,-0.0772889475014574,13.5742250129663,-0.194370347276295,,0.170457818888214,-0.198639727000484,,-0.31031854402825,-0.3970531466903,1,0.716417910447761,0.465983224603915,0.232052992920743,0.396999418735504
darsana,2021-12-31,2022-02-28,2.56494935746154,0.119873504001085,0.189815829405711,0.976840203320933,0.238915612478287,0.0769230769230769,0.2,-0.33884771673624,10.9206319704321,-0.273631309768789,0.029509790323448,0.211551273003623,-0.272424973074343,0.0165752700264657,-0.0859032652852042,-0.172637867947254,1,0.805970149253731,0.465983224603915,0.197973767631883,0.369539171457291
dragoneer,2021-12-31,2022-02-28,4.15888308335967,0.0597652255995015,0.166908247463976,0.625419112746365,0.329340441053264,0.25,0.333333333333333,0.13730798210717,8.78576571280414,-0.414495504661901,-0.383797766282572,0.251831704616624,-0.318963836120129,-0.876850415466032,-0.337056431375054,-0.423791034037104,1,0.940298507462687,0.465983224603915,0.312870617944989,0.566351711750031
duquesne,2021-12-31,2022-02-28,3.87120101090789,0.077581367633207,0.18982612402503,0.726365757883052,0.286501931637314,0.3125,0.3125,-0.110828213299495,14.365275217545,-0.0531597184347759,0.321182967467005,0.182538387820925,-0.12721019589306,1.33610216370863,-0.0903458427258365,-0.177080445387886,1,0.507462686567164,0.465983224603915,0.312121889711933,0.251598358154297
egerton,2021-12-31,2022-02-28,3.46573590279973,0.0558937490401123,0.116887342565731,0.648142729678999,0.170467414940631,0.125,0.176470588235294,0.01896974376258,15.4505679535742,-0.065700074637946,-0.0310395312649134,0.163241091031324,-0.123574938172478,-0.59208884025179,-0.0423171579242053,-0.129051760586255,1,0.552238805970149,0.465983224603915,0.3698263793433,0.307792454957962
elliott,2021-12-31,2022-02-28,3.25809653802148,0.0989922338142808,0.207079130080045,0.84958020936063,0.271982839415772,0.0769230769230769,0.111111111111111,-0.327923544180397,4.83805959213096,0.192723070051148,,0.0955058322742408,-0.025904771009963,,0.313315526123912,0.226580923461863,0,0.0298507462686567,0.465983224603915,0.557749429436989,0.49679559469223
eminence,2021-12-31,2022-02-28,4.18965474202643,0.0240886618455532,0.0673390197869705,0.344190613987299,0.217211138169627,0.257575757575758,0.209677419354839,0.0468093488527726,7.02831169596606,0.0175801994440234,0.355053129309986,0.144410989515989,-0.0931214082731369,1.34890403148878,0.0428427766194197,-0.0438918260426298,0,0.313432835820896,0.465983224603915,0.439981926032164,0.372606366872788
farallon,2021-12-31,2022-02-28,5.65948221575962,0.0221016313173488,0.0503197241678463,0.366974688488165,0.21131459157903,0.139372822299652,0.148275862068966,-0.0295375879725304,9.68682884183526,-0.016797359286613,,0.150391143165678,-0.0760307082834503,,0.0330291921335309,-0.0537054105285186,0,0.447761194029851,0.465983224603915,0.458048780152324,0.465912222862244
fisher,2021-12-31,2022-02-28,6.87212810133899,0.0168683979273233,0.0636238589793175,0.315802800624193,0.0817395632475984,0.10880829015544,0.0831556503198294,0.10359151035907,11.3970458224369,-0.0537923922836699,-0.00144548661418376,0.138069805383396,-0.100737383295534,0.858394605274614,-0.0254960899993043,-0.112230692661354,1,0.522388059701493,0.465983224603915,0.492115992362341,0.314529478549957
fundsmith,2021-12-31,2022-02-28,3.78418963391826,0.0507772204853839,0.106702374704397,0.597297257531054,0.0686570712583391,0.0227272727272727,0,0.124911132040683,14.7497527678906,-0.0767298850317721,-0.0546881897602828,0.189273089534986,-0.155013790870001,-0.235074034648013,-0.0112277545910119,-0.0979623572530613,1,0.611940298507463,0.465983224603915,0.376738992333632,0.384535908699036
gardner-russo,2021-12-31,2022-02-28,4.47733681447821,0.0741144177440654,0.119641225299137,0.795759599612201,0.0527670324736195,0.0340909090909091,0.0229885057471264,0.03273371344126,9.50385738289938,0.0311481186489028,-0.263104863853051,0.149796609732679,-0.0563621752616035,-1.28621590819278,0.0148080522576507,-0.0719265504043988,0,0.26865671641791,0.465983224603915,0.664909184425652,0.816086649894714
giverny,2021-12-31,2022-02-28,4.15888308335967,0.046079196700495,0.0884595359317853,0.577884209133702,0.117087796284881,0.140625,0.0517241379310345,0.100875175009435,10.51016722929,-0.0152493271571504,-0.010748329665364,0.138751876138551,-0.0796834080279559,-0.279696945147098,0.0243367714710468,-0.0623978311910026,0,0.432835820895522,0.465983224603915,0.51241550971841,0.501233220100403
glenview,2021-12-31,2022-02-28,3.98898404656427,0.0481388861315732,0.129914940638163,0.568932507070916,0.190860113930542,0.166666666666667,0.224137931034483,-0.16376685554502,7.15430214055968,0.114950473382764,0.125343854384748,0.181607104304724,-0.0865599511403762,0.497107737657903,-0.0189058642864006,-0.10564046694845,1,0.104477611940299,0.465983224603915,0.570327948335149,0.615420639514923
gotham,2021-12-31,2022-02-28,7.02642680869964,0.0100440949404412,0.0763917899915319,0.211704988104359,0.255601944283763,0.242451154529307,0.151243781094527,0.228850356231747,7.55501399249969,0.0592409494549899,-0.0631230545329897,0.144847806521946,-0.0894531697151143,-0.294700067893651,-0.000228331396311426,-0.0869629340583609,1,0.208955223880597,0.465983224603915,0.664597669228885,0.578840136528015
greenhaven-road,2021-12-31,2022-02-28,3.85014760171006,0.104354637956967,0.192345034364222,0.873900986887307,0.191622805576201,0.234042553191489,0.25,-0.131196327817241,3.5573964736969,-0.356581033469591,,0.351387696431861,-0.374236992719458,,-0.253548403867214,-0.340283006529263,1,0.91044776119403,0.465983224603915,0.431804052134908,0.438105881214142
greenlight,2021-12-31,2022-02-28,4.02535169073515,0.134468751658066,0.321651056202542,0.767197081500748,0.210744091026598,0.196428571428571,0.224137931034483,0.0965619309616183,3.32778686967576,0.139653335985047,0.157405343539042,0.251557736992869,-0.0935355041316692,-0.228419048622978,0.201428447902189,0.11469384524014,0,0.0597014925373134,0.465983224603915,0.823112819568137,0.796792268753052
harris,2021-12-31,2022-02-28,4.95582705760126,0.0232350886693502,0.0810244178385131,0.366579043975218,0.0682177437786469,0.0704225352112676,0.0364963503649635,0.0230284245248597,10.3528265630997,0.0732865120713913,-0.0100417005347634,0.133876061976156,-0.0529054265775392,-0.346270985280793,0.0138978582112673,-0.0728367444507821,0,0.17910447761194,0.465983224603915,0.613871381772893,0.844433188438416
hitchwood,2021-12-31,2022-02-28,3.95124371858143,0.0313913045034139,0.0749348730328472,0.453908741715157,0.336386527512257,0.25,0.360655737704918,-0.292030516031408,15.1372104869868,-0.448789705518525,-0.200700833510885,0.284682553256718,-0.367810396297917,-0.700216833864512,-0.234328972572535,-0.321063575234585,1,1,0.465983224603915,0.123304230833341,0.313492089509964
hound,2021-12-31,2022-02-28,4.66343909411207,0.0741841118131935,0.20363856668941,0.676086393901607,0.229089007177517,0.0943396226415094,0.533980582524272,-0.0711057825307442,8.6424058301767,-0.218209596194735,-0.411111282928884,0.156700107641507,-0.175362943354514,-3.83400741995096,-0.0304815601627032,-0.117216162824753,1,0.761194029850746,0.465983224603915,0.775255908102902,0.677890777587891
icahn,2021-12-31,2022-02-28,2.77258872223978,0.34620007565526,0.571890486629234,0.954413770228586,0.0459913249789452,0,0.0588235294117647,-0.0103760174398865,2.23892118631335,-0.0411111247326623,-0.495173550339958,0.207034183523428,-0.0885585961940308,-0.910005882995099,0.241693485556482,0.154958882894433,0,0.492537313432836,0.465983224603915,0.708187352882346,0.633773863315582
impactive,2021-12-31,2022-02-28,2.30258509299405,0.117693817688209,0.146546758774478,1,0.0415781985349328,0.1,0,0.240793236128615,4.04619019251618,0.0498257311568811,,0.185489834989059,-0.123904917603263,,0.0552154545208737,-0.0315191481411757,0,0.238805970149254,0.465983224603915,0.603966921067823,0.517146408557892
lansdowne,2021-12-31,2022-02-28,3.17805383034795,0.0793750627102132,0.106920210036655,0.85262407555912,0.260190737903486,0.291666666666667,0.37037037037037,-0.20111605408876,6.69966356036096,-0.0690297485642106,-0.245506367443912,0.118895317699309,-0.0798680207302472,-0.621306667971548,0.0262153945599861,-0.0605192081020634,0,0.582089552238806,0.465983224603915,0.458366958003593,0.479107767343521
light-street,2021-12-31,2022-02-28,3.8286413964891,0.0356057553216124,0.0775378888847716,0.465827985240099,0.381951243837853,0.217391304347826,0.294117647058824,-0.175422991380324,9.41140115062199,-0.448701920499659,-0.353789996933788,0.253984611490702,-0.338606179679623,-0.916090672862836,,,,0.985074626865672,0.465983224603915,0.157317808653356,0.331151217222214
lone-pine,2021-12-31,2022-02-28,3.36729582998647,0.0535031727768334,0.0843284137613964,0.649232402813556,0.356539708806841,0.172413793103448,0.384615384615385,-0.195416828726858,16.5288591657667,-0.307922958357019,-0.0204986979240107,0.248648833070037,-0.31480258248219,-0.316165738711458,-0.217073543500613,-0.303808146162662,1,0.880597014925373,0.465983224603915,0.11798667168102,0.240554094314575
markel-13f,2021-12-31,2022-02-28,4.77068462446567,0.0253010163131465,0.0605492053403631,0.420523911354151,0.0343617690611953,0.0254237288135593,0.08,0.0941735745841939,11.2481325780421,0.0617421055088012,0.0952068503935428,0.139268553680321,-0.0639015899686742,0.591668331745096,0.0343301710046727,-0.0524044316573767,0,0.194029850746269,0.465983224603915,0.515698022712406,0.53491073846817
marshall-wace,2021-12-31,2022-02-28,8.03592636989179,0.0051097869391763,0.0287874417157274,0.168845593213857,0.362414523957917,0.39546925566343,0.304542069992554,0.0447857719451494,8.42385313285874,-0.0181645639166275,0.0270559617106192,0.154437469418656,-0.096723797743397,0.226724010559666,-0.0164970754978108,-0.10323167815986,1,0.462686567164179,0.465983224603915,0.530461458999997,0.249606937170029
matrix,2021-12-31,2022-02-28,3.09104245335832,0.067850617044355,0.1341309259351,0.736727313613196,0.128312755643786,0.136363636363636,0.173913043478261,0.0221316709389168,9.98329074298679,-0.335541638428241,-0.38225654696163,0.196647116265135,-0.246601093632962,-1.43880691267348,-0.164116336455253,-0.250850939117303,1,0.895522388059702,0.465983224603915,0.386853038210597,0.537394106388092
maverick,2021-12-31,2022-02-28,5.71702770140622,0.124538633288997,0.336513462788341,0.589885941381431,0.172374641122189,0.184210526315789,0.6,-0.0911609727161938,10.7154584426178,-0.285030261535404,-0.460460158081574,0.276737798292755,-0.319813099539021,-1.42847040897259,-0.194576595495534,-0.281311198157584,1,0.835820895522388,0.465983224603915,0.641062797952753,0.610710918903351
melvin,2021-12-31,2022-02-28,3.89182029811063,0.0303412486209296,0.0731156966534055,0.42035419936747,0.299303092714016,0.244897959183673,0.383333333333333,0.0731277481077969,9.0185351490633,-0.152055453293862,-0.0434617463964535,0.155978143412773,-0.144619043674414,-0.417444067284,,,,0.701492537313433,0.465983224603915,0.383464785154799,0.420664727687836
oaktree,2021-12-31,2022-02-28,5.82600010738045,0.0369016704398847,0.0935254118673304,0.5296510537332,0.231997644771456,0.498525073746313,0.267241379310345,0.232992284610055,2.88997283910743,0.28137079630864,,0.144730311439021,-0.0384351600169839,,0.153990061176421,0.067255458514371,0,0.0149253731343284,0.465983224603915,0.838595615764957,0.626990556716919
paulson,2021-12-31,2022-02-28,3.58351893845611,0.105748573249437,0.219964795322323,0.730806621242006,0.125587273326415,0.111111111111111,0.135135135135135,-0.0782501778588499,5.04835787044074,-0.107470356314759,,0.156636304589012,-0.141115855993461,,-0.145509383383078,-0.232243986045127,1,0.641791044776119,0.465983224603915,0.555575949449171,0.621619164943695
pershing-square,2021-12-31,2022-02-28,1.79175946922806,0.1794637951116,0.250115726791189,1,0.047341960080838,0,0,0.1114098663221,6.27101820197858,0.055299765870857,0.230486156120759,0.188081704643009,-0.109285120056641,0.506522807459358,0.0765406072461946,-0.0101939954158548,0,0.223880597014925,0.465983224603915,0.513213587644568,0.633690297603607
polen,2021-12-31,2022-02-28,4.52178857704904,0.0446162776635998,0.0825207808700898,0.561832986529163,0.0621763776825307,0.0543478260869565,0.043956043956044,0.0884738960054997,18.9182186346485,-0.059778139499791,0.119683956160747,0.202229696350302,-0.169583194635331,0.448543663414637,-0.0957359122190151,-0.182470514881065,1,0.537313432835821,0.465983224603915,0.291686153481779,0.309495061635971
pzena,2021-12-31,2022-02-28,5.15905529921453,0.0214629010533445,0.0471464776583563,0.357924686761541,0.0544637515772601,0.0747126436781609,0.0416666666666667,0.0488393157156381,5.27768461552757,0.080849096832055,-0.123681705312942,0.132721347900308,-0.0507745923218809,-0.558545932776198,0.0868033916087354,6.87889466859199e-05,0,0.134328358208955,0.465983224603915,0.701072061841963,0.761237144470215
ruane-cunniff,2021-12-31,2022-02-28,3.52636052461616,0.057079476585866,0.0802265662799035,0.656737139814232,0.0549281838084026,0.0294117647058824,0,0.0509461773447814,14.2605633496075,-0.000142490448843444,0.211363276247638,0.152492553387506,-0.11927208081528,0.503022019023962,-0.0818089803109274,-0.168543582972977,1,0.373134328358209,0.465983224603915,0.350855716544305,0.172115042805672
sachem-head,2021-12-31,2022-02-28,2.99573227355399,0.154559256417293,0.242608073493528,0.954320410495405,0.228449538400723,0.25,0.347826086956522,0.0469735228627557,6.92495175022628,0.00551503065973802,,0.197335347870862,-0.107984988361402,,-0.157913892157456,-0.244648494819505,1,0.343283582089552,0.465983224603915,0.537388269392404,0.535318315029144
sands,2021-12-31,2022-02-28,4.26267987704132,0.0315659254702309,0.0753912302820454,0.436139772388133,0.0824105560537819,0.0985915492957746,0.0985915492957746,-0.106892169700709,14.1347847747704,-0.291245590716732,-0.0776791200833892,0.233085520804064,-0.285047742321025,-0.263420286894042,-0.169735402996775,-0.256470005658825,1,0.850746268656716,0.465983224603915,0.265048546071492,0.288591384887695
semper-augustus,2021-12-31,2022-02-28,3.49650756146648,0.0898936828072006,0.19730996268517,0.751110708981767,0.0566742173463661,0,0.131578947368421,0.0350516524201112,7.78705899237479,0.129244005989181,0.131471211263973,0.155230507364806,-0.0742568002369307,1.39688594804999,0.0697315192589,-0.0170030834031495,0,0.0895522388059701,0.465983224603915,0.55808423742359,0.759779870510101
senator,2021-12-31,2022-02-28,4.49980967033027,0.0313677565375006,0.109245177286909,0.428490739242659,0.349746676894963,0.188888888888889,0.370689655172414,-0.121964165985973,9.00623820743548,-0.305954936176321,-0.458877753507832,0.148437074308697,-0.245919978151148,-2.76344688645669,-0.0337892555799322,-0.120523858241982,1,0.865671641791045,0.465983224603915,0.433863419254441,0.491460055112839
soroban,2021-12-31,2022-02-28,3.91202300542815,0.073652184887673,0.171278225938773,0.722710785014348,0.173542441156144,0.32,0.19047619047619,0.18593640535356,18.5159704951448,-0.089308934122261,-0.165881021897066,0.16587412159823,-0.11324016242866,-1.44541409376714,-0.0308639918512061,-0.117598594513256,1,0.626865671641791,0.465983224603915,0.494004494228888,0.392083078622818
southeastern,2021-12-31,2022-02-28,3.55534806148941,0.0555085629404253,0.135749192774239,0.615794773339062,0.136333496568544,0.228571428571429,0.0689655172413793,0.122886551480642,4.1242907825223,-0.109513810732915,-0.360220268470961,0.125975063539155,-0.0868336676042814,-1.39969075277801,-0.017416224892268,-0.104150827554317,1,0.656716417910448,0.465983224603915,0.676135067745927,0.562533140182495
srs,2021-12-31,2022-02-28,3.17805383034795,0.232155339688211,0.452270682798787,0.877114583636562,0.219428530576105,0.125,0.222222222222222,0.172393109609909,6.61447678173618,0.0739505627986884,0.806091805739713,0.313046118118957,-0.19748454268556,1.19892485142311,0.0737902740294439,-0.0129443286326056,0,0.164179104477612,0.465983224603915,0.662649014718295,0.612902402877808
starboard,2021-12-31,2022-02-28,4.90527477843843,0.0524009760709606,0.0871571994254532,0.641944437744541,0.256553704108328,0.711111111111111,0.327586206896552,0.278874421049478,4.74678730374711,-0.00104257299692831,,0.141673692452698,-0.0620919196440365,,-0.023611547908099,-0.110346150570148,1,0.388059701492537,0.465983224603915,0.71658894539528,0.617202877998352
steadfast,2021-12-31,2022-02-28,3.68887945411394,0.0409653264659247,0.0763101293503724,0.526466200549994,0.16394866729324,0.1,0.142857142857143,2,14.8355890264872,-0.242764564652153,-0.408812632229317,0.165272717670447,-0.219296680485905,-2.94375140137606,-0.0518106717857736,-0.138545274447823,1,0.776119402985075,0.465983224603915,0.641152586928402,0.139848411083221
suvretta,2021-12-31,2022-02-28,4.54329478227,0.0289338271657098,0.0698113415982057,0.432071598831649,0.287904355040541,0.202127659574468,0.285714285714286,-0.131332042409236,11.6470617078466,-0.21113207615567,-0.327469334445493,0.170607063363793,-0.188762288359908,-2.60221737322685,0.0297481555285953,-0.0569864471334542,0,0.73134328358209,0.465983224603915,0.448293181016504,0.438632607460022
tci,2021-12-31,2022-02-28,2.56494935746154,0.114101215468039,0.192249376618316,0.93955059897797,0.0484779140148379,0,0,0.0649457436987706,17.7775952025051,0.0908922866532401,0.38172477296651,0.174255325542804,-0.0762265377720778,2.1972321170433,-0.0961802058934497,-0.182914808555499,1,0.119402985074627,0.465983224603915,0.249541785715342,0.225921988487244
third-avenue,2021-12-31,2022-02-28,4.07753744390572,0.0357158949036366,0.0751041835155312,0.514676429474105,0.0974472713703553,0.0847457627118644,0.0847457627118644,0.0231218560325144,3.44866044129889,0.0798794335631796,-0.416108219326379,0.152073461172382,-0.0459360197985931,-2.18950510224317,0.153893021553673,0.0671584188916237,0,0.149253731343284,0.465983224603915,0.787764687599081,0.619586169719696
third-point,2021-12-31,2022-02-28,4.52178857704904,0.0391936951357003,0.0941386203823958,0.524084478110138,0.394646297521537,0.304347826086957,0.433628318584071,-0.245821485877706,11.6366260546694,-0.0685858380073974,-0.109753780623404,0.233017450984866,-0.248509272642376,-0.0419762816073945,-0.123478303857998,-0.210212906520047,1,0.567164179104478,0.465983224603915,0.272241986006342,0.31585830450058
tiger-global,2021-12-31,2022-02-28,5.12989871492307,0.0318342314788017,0.0819548256601208,0.474386927867425,0.170902584869311,0.100591715976331,0.0559006211180124,-0.12504369870734,12.5808357517803,-0.418685788630868,0.0218936354073713,0.248943837341509,-0.320509521239692,0.194372676066699,-0.287489830639618,-0.374224433301667,1,0.955223880597015,0.465983224603915,0.203992126106755,0.360780864953995
tiger-management,2021-12-31,2022-02-28,3.63758615972639,0.0859233414524111,0.151641358102967,0.827712877250824,0.189093855376883,0.368421052631579,0.4,-0.0594435005843581,14.3921744230282,-0.138012729648708,0.35138024500442,0.167411206678263,-0.160171284280869,1.72549858159524,-0.175397628308129,-0.262132230970179,1,0.686567164179104,0.465983224603915,0.283134299328264,0.296750068664551
trian,2021-12-31,2022-02-28,2.19722457733622,0.169601567080465,0.271084599012553,1,0.266701773504217,0.111111111111111,0.111111111111111,-0.0754369261593878,5.87331128818018,-0.0049377114307439,-0.175697929872549,0.134212214490082,-0.082818044622999,-0.242092873895795,,,,0.402985074626866,0.465983224603915,0.416889999905247,0.575164794921875
tweedy-browne,2021-12-31,2022-02-28,3.73766961828337,0.0625466004737931,0.126678071131117,0.68462764064008,0.0451656778517603,0,0.0869565217391304,0.0516620192858307,11.1288868400898,0.0283839512967659,-0.296837835006027,0.137666837940739,-0.0608026100496423,-1.42019161986138,0.00403610403933002,-0.0826984986227194,0,0.298507462686567,0.465983224603915,0.62645911964686,0.680554151535034
valueact,2021-12-31,2022-02-28,2.484906649788,0.137483602053678,0.197288631404262,0.995281590830138,0.0808095716938293,0.166666666666667,0.230769230769231,0.0268701608013279,6.45926514500874,0.0389359298228842,0.0359635652280699,0.209873003117177,-0.109228752107659,-0.183914954936597,0.0834993556253532,-0.00323524703669631,0,0.253731343283582,0.465983224603915,0.627328093448062,0.805334329605103
viking,2021-12-31,2022-02-28,4.67282883446191,0.0237411492163664,0.0751730480184964,0.369898524987013,0.268000505069588,0.252336448598131,0.166666666666667,-0.0441783743593087,10.1690871714306,-0.249744051696043,-0.208050430332313,0.159992365239541,-0.219276195799492,-0.708883064011906,0.00324686048074778,-0.0834877421813017,0,0.791044776119403,0.465983224603915,0.317405522456029,0.493136167526245
whale-rock,2021-12-31,2022-02-28,3.89182029811063,0.0444087519358712,0.0922188021879205,0.576157768943159,0.309061123512968,0.163265306122449,0.405797101449275,-0.252710755773598,13.8263751411398,-0.371831673197688,0.388658013166229,0.26502405481931,-0.298081626092853,0.898979545776868,-0.205201957480301,-0.291936560142351,1,0.925373134328358,0.465983224603915,0.143208028363625,0.32938739657402
yacktman,2021-12-31,2022-02-28,4.15888308335967,0.0345282108209512,0.0689710300749501,0.477407718154448,0.0605203333255919,0.046875,0.0161290322580645,0.0762408527137625,9.93245614543199,0.138532841103844,0.0532580681618641,0.123166752438396,-0.0427386061577374,1.03845644628172,0.0375013470866203,-0.0492332555754292,0,0.0746268656716418,0.465983224603915,0.473621058463337,0.451423168182373
abrams,2022-03-31,2022-05-31,2.89037175789616,0.0819494464871954,0.16469178190102,0.801675619721384,0.0742924705513093,0,0,-0.061994008807086,8.43706342917362,-0.102924301900686,-0.260256312231788,0.121314679352101,-0.165974177768973,-1.10128633453475,0.0675979019262348,0.0934260986364218,0,0.552238805970149,0.479717813051147,0.434420515393002,0.666449725627899
adage,2022-03-31,2022-05-31,6.98471632011827,0.00958819079981121,0.0536994900702799,0.233986643696747,0.150271150616087,0.177777777777778,0.12770137524558,-0.0533938950706315,10.0011641630126,0.0137322818441261,-0.0423958131405672,0.173726521679043,-0.168000932314241,-0.621093308449575,0.0576024027707415,0.0834305994809285,0,0.238805970149254,0.479717813051147,0.593068939574245,0.611292123794556
akre,2022-03-31,2022-05-31,3.04452243772342,0.08579897663075,0.14484677390494,0.818329026953918,0.0735784446241492,0,0.0454545454545455,-0.17644018035719,11.2306768255088,0.0161134866828941,-0.12395815416844,0.173772534013143,-0.152306366236943,-0.504624438014135,-0.0357089542593141,-0.00988075754912708,1,0.223880597014925,0.479717813051147,0.40548878506117,0.475379645824432
altimeter,2022-03-31,2022-05-31,2.99573227355399,0.290466292340557,0.503285683153754,0.937700560523355,0.666421261338237,0.1,0.28,-0.296936070218061,11.8626056843669,-0.451579201803555,-0.790616757714732,0.360135697537587,-0.594411001072416,-2.37784286731876,0.115225214030568,0.141053410740755,0,0.985074626865672,0.479717813051147,0.0420230208601162,0.178945496678352
appaloosa,2022-03-31,2022-05-31,3.52636052461616,0.0639399189109615,0.132997524248321,0.704988997770743,0.25375181427524,0.0588235294117647,0.272727272727273,-0.441972167583825,16.5397066632414,0.109645406539098,0.340230543031585,0.1266171439484,-0.0635756228654906,0.913474316474145,-0.0287299073564882,-0.00290171064630124,1,0.104477611940299,0.479717813051147,0.297859348785191,0.248324021697044
atreides,2022-03-31,2022-05-31,3.58351893845611,0.052461349972436,0.103599020914082,0.612844854649785,0.453209194172272,0.277777777777778,0.257142857142857,-0.119507708919913,12.0772817216746,-0.309501319296929,,0.227166491943914,-0.39611359068278,,0.0577337098935111,0.0835619066036981,0,0.805970149253731,0.479717813051147,0.104341099539337,0.273135453462601
baupost,2022-03-31,2022-05-31,4.00733318523247,0.0659457310627337,0.150349668018319,0.697342910117391,0.0864953764004678,0.0545454545454545,0.037037037037037,-0.0851143183807592,7.39194244898244,-0.148206102880098,,0.15978823891176,-0.220864064887488,,-0.07951882119697,-0.053690624486783,1,0.626865671641791,0.479717813051147,0.427278655000306,0.642973601818085
berkshire-13f,2022-03-31,2022-05-31,3.89182029811063,0.215649606359743,0.427898865773044,0.872032408719533,0.129896403181523,0.163265306122449,0.0681818181818182,0.0939509784658452,9.77064890622238,0.116476028743256,0.250532147897832,0.144837676497037,-0.107630025984826,0.630870651781106,0.00827690609153328,0.0341051028017203,0,0.0895522388059701,0.479717813051147,0.633847704262659,0.655676543712616
cantillon,2022-03-31,2022-05-31,3.61091791264422,0.0323742047195292,0.0627693514259712,0.418235049590151,0.0472565168734386,0,0.0263157894736842,-0.0778250723122262,11.045641246142,-0.0201156939724706,-0.00541463484621663,0.191676688005527,-0.192195664508043,-0.0915079928904919,-0.00936491310305635,0.0164632836071307,1,0.328358208955224,0.479717813051147,0.382626331452148,0.458356320858002
coatue,2022-03-31,2022-05-31,4.06044301054642,0.056142978087617,0.120446698909513,0.635639138871848,0.327355732931819,0.206896551724138,0.432098765432099,-0.500515738664823,12.9375842062672,-0.434569971116961,-0.378014861352736,0.306000739125476,-0.533217756876483,-0.608892158648518,0.015263694510878,0.041091891221065,0,0.925373134328358,0.479717813051147,0.0954074070118113,0.379332602024078
corvex,2022-03-31,2022-05-31,3.3322045101752,0.103691252913706,0.20238950025561,0.867341737004571,0.380545533314397,0.214285714285714,0.241379310344828,-0.346049533303654,14.7384492905471,-0.135770665808209,-0.456894727659503,0.184932396066301,-0.214197083522738,-2.3934697366482,0.0433328167665788,0.0691610134767658,0,0.611940298507463,0.479717813051147,0.284543347075977,0.173135384917259
d1,2022-03-31,2022-05-31,3.2188758248682,0.0795840237724882,0.175404947271923,0.742661079549302,0.300707128475957,0.04,0.466666666666667,-0.667509493809471,14.6138074493459,-0.349290681971358,-0.384975366318115,0.242389596163167,-0.45412288553707,-0.807166768412146,-0.0864873989970203,-0.0606592022868333,1,0.850746268656716,0.479717813051147,0.0965353069645127,0.296897441148758
darsana,2022-03-31,2022-05-31,2.39789527279837,0.123190491854436,0.197667198324669,0.989745798481325,0.258530539276483,0.272727272727273,0.384615384615385,-0.0928050050977406,6.73651780242615,-0.270179074994949,-0.13500128735233,0.223293576268932,-0.410491606246652,-0.0462935968413223,-0.0471346326897137,-0.0213064359795267,1,0.791044776119403,0.479717813051147,0.210428300434027,0.526500403881073
dragoneer,2022-03-31,2022-05-31,3.95124371858143,0.0577370377802528,0.151290450059814,0.638162079088619,0.168165817191943,0.0961538461538462,0.265625,-0.105630641599646,6.66378560591314,-0.480221323799969,-0.753466795967327,0.331978857057758,-0.581341241619782,-1.46925186343778,0.0193148407504179,0.0451430374606049,0,1,0.479717813051147,0.179536012262817,0.412923872470856
duquesne,2022-03-31,2022-05-31,3.89182029811063,0.081000473659797,0.157003132303854,0.75884550271078,0.394145551513835,0.346938775510204,0.333333333333333,-0.228142629852266,13.8204461076955,-0.159147493180063,-0.0560730948034054,0.240690188471551,-0.277800263273509,0.0630799503472154,0.150734656488827,0.176562853199014,0,0.641791044776119,0.479717813051147,0.208353254299005,0.302219659090042
egerton,2022-03-31,2022-05-31,3.36729582998647,0.0612025596246836,0.116766658746971,0.686982134000084,0.187585375677932,0.206896551724138,0.28125,-0.122250814978185,15.6201718378904,-0.135297333246321,-0.204238801312861,0.180878897879577,-0.24177247405511,-1.66891450496029,0.0202047083040639,0.0460329050142509,0,0.597014925373134,0.479717813051147,0.360447071746592,0.237084150314331
elliott,2022-03-31,2022-05-31,3.2188758248682,0.129818887101941,0.260876374333901,0.879800126454362,0.311667144205308,0.16,0.192307692307692,-0.109504108364745,4.52282656785998,0.311162556289419,,0.122042103574564,-0.0365952993067171,,0.0302805942819613,0.0561087909921483,0,0.0298507462686567,0.479717813051147,0.592894789136669,0.498286664485931
eminence,2022-03-31,2022-05-31,4.18965474202643,0.0241885376481012,0.0636405887405926,0.337488621357232,0.181281583899468,0.181818181818182,0.181818181818182,-0.206242683146485,6.60688471992513,-0.0648798413554383,0.110976317665205,0.160752577023199,-0.204873240541793,0.162015055500703,0.0495687768237979,0.0753969735339849,0,0.477611940298507,0.479717813051147,0.422188391870555,0.379373133182526
farallon,2022-03-31,2022-05-31,5.72358510195238,0.0209599111659807,0.0444971227177721,0.350008756343733,0.146114589072234,0.163398692810458,0.10801393728223,-0.0114596510271655,9.14795721733554,-0.0325258773095868,,0.158379261880516,-0.144804169497599,,0.017088435545508,0.042916632255695,0,0.388059701492537,0.479717813051147,0.484685760342034,0.471549957990646
fisher,2022-03-31,2022-05-31,6.85856503479137,0.0172466459085936,0.065880028459752,0.313364067697508,0.0864105301894087,0.0861344537815126,0.0984455958549223,-0.0521616510459388,10.9869059216446,-0.0611741946363514,-0.0904599148999942,0.171798827941986,-0.18912668651916,0.0500536010913322,0.0632337743915425,0.0890619711017295,0,0.462686567164179,0.479717813051147,0.483427387456591,0.436380505561829
fundsmith,2022-03-31,2022-05-31,3.78418963391826,0.0481204938265318,0.10607559851154,0.568957709128105,0.101074294172723,0.0454545454545455,0.0454545454545455,-0.341770667897145,13.9436476806395,-0.0869834338366365,-0.137567445319593,0.197811650243539,-0.228556912749236,-0.483248728900039,0.0130796655481177,0.0389078622583047,0,0.537313432835821,0.479717813051147,0.307384477589528,0.299651950597763
gardner-russo,2022-03-31,2022-05-31,4.43081679884331,0.0771963772888294,0.142447538230006,0.80856126591211,0.0401375932996381,0,0.0454545454545455,-0.0756725756079795,9.57429917148636,0.00234041671964988,-0.276333925895357,0.129781525877335,-0.0633288369167018,-1.90622641478341,0.00271914383451402,0.028547340544701,0,0.26865671641791,0.479717813051147,0.665287849369395,0.749468207359314
giverny,2022-03-31,2022-05-31,4.14313472639153,0.0458677012268772,0.0872371232370216,0.584671790370335,0.0702101337729313,0.0158730158730159,0.03125,-0.0565402297536818,10.006140541517,-0.0414902759420007,-0.128174337035852,0.150868045824562,-0.165553590118655,-2.02824873477578,-0.0322922601449228,-0.00646406343473578,1,0.417910447761194,0.479717813051147,0.573103197171555,0.542330861091614
glenview,2022-03-31,2022-05-31,4.06044301054642,0.0433405439889542,0.111843963200299,0.548736317815524,0.200987343102526,0.137931034482759,0.0740740740740741,0.0624762884709473,7.64229767515266,-0.0300162542691595,0.197534031333646,0.181053741373825,-0.117357541841965,0.341938779284426,-0.0292960115207834,-0.00346781481059643,1,0.358208955223881,0.479717813051147,0.493118002854157,0.368433117866516
gotham,2022-03-31,2022-05-31,7.01481435127555,0.0104427349937197,0.0750081038882874,0.217036834532998,0.217765868130352,0.146451033243486,0.156305506216696,0.0410989866798091,7.19342146937504,0.0443858187675221,-0.0243518486217325,0.157546137895005,-0.129461860607987,0.0729762009602632,-0.00443989874967852,0.0213882979605085,1,0.17910447761194,0.479717813051147,0.575088850600208,0.384172260761261
greenhaven-road,2022-03-31,2022-05-31,4.02535169073515,0.127366971772428,0.200274285714286,0.908924081632653,0.186725547911195,0.267857142857143,0.127659574468085,-0.371244856814308,3.52766367346939,-0.429609382857953,,0.382148214031254,-0.548526136117801,,-0.124194935225855,-0.0983667385156683,1,0.91044776119403,0.479717813051147,0.250377248414976,0.427459895610809
greenlight,2022-03-31,2022-05-31,3.95124371858143,0.082945451915598,0.213971776358554,0.697243019544576,0.164222506400766,0.134615384615385,0.196428571428571,-0.0427273485910239,3.86299607253078,0.0927037702363109,0.405822529983465,0.239329970426823,-0.147601917336451,0.220080044024268,0.198219534692985,0.224047731403172,0,0.119402985074627,0.479717813051147,0.731029535683975,0.739524841308594
harris,2022-03-31,2022-05-31,4.94875989037817,0.0468364137970406,0.180711359067472,0.444447859817288,0.237417537621157,0.0567375886524823,0.0633802816901408,0.166852617391774,9.08399696384627,-0.0107448172980456,0.0280522657469529,0.146032539096251,-0.136861552698483,-0.921110737038466,-0.00555085157626007,0.0202773451339269,1,0.313432835820896,0.479717813051147,0.57491408981322,0.687603175640106
himalaya,2022-03-31,2022-05-31,1.79175946922806,0.242707834846628,0.375686887947378,1,0.0542338500702966,0,0,-0.11320600233365,15.5571123031061,-0.0528846608241605,,0.191406813689352,-0.207006979771855,,-0.0765280257660462,-0.0506998290558592,1,0.432835820895522,0.479717813051147,0.270464737624004,0.150287419557571
hitchwood,2022-03-31,2022-05-31,2.89037175789616,0.0888508107304367,0.16587852300218,0.845544858925049,0.630930451258947,0.388888888888889,0.788461538461538,-0.859754869946859,20.1878503091182,-0.443688280655895,-0.501501586802792,0.325403347207766,-0.541947857943239,-1.45118284287162,0.0134547607480802,0.0392829574582672,0,0.970149253731343,0.479717813051147,0.0378919726048895,0.190538108348846
hound,2022-03-31,2022-05-31,3.29583686600433,0.0925092622227288,0.222974126265796,0.767356403598323,0.266139184407796,0.296296296296296,0.820754716981132,-0.0983782535301435,9.23242942597783,-0.178500860255148,-0.447680640108603,0.158019146891316,-0.248876274455992,-4.34790659500218,-0.0075976594867306,0.0182305372234564,1,0.656716417910448,0.479717813051147,0.745404451971512,0.455694377422333
icahn,2022-03-31,2022-05-31,2.77258872223978,0.390218196152386,0.610448364375039,0.960439357511301,0.126923191620777,0.125,0.125,-0.0191387077688815,2.62961937894759,0.19616611058713,-0.302826785465328,0.186808121539725,-0.0885585961940308,-0.873513661393276,-0.421197011411656,-0.395368814701469,1,0.0447761194029851,0.479717813051147,0.696488948062481,0.670548439025879
impactive,2022-03-31,2022-05-31,2.30258509299405,0.112574997309986,0.153114462522244,1,0.107035451770199,0,0,0.339976251474429,3.09563519619626,-0.000192191926399854,,0.156144538209767,-0.0951657427445788,,-0.056616770422032,-0.030788573711845,1,0.298507462686567,0.479717813051147,0.490506743668806,0.417355269193649
lansdowne,2022-03-31,2022-05-31,3.2188758248682,0.10085037443564,0.169033263323331,0.899144281593665,0.302637789906141,0.32,0.291666666666667,-0.316339700477054,6.08060565538047,-0.114598118435641,-0.291063425173831,0.134007138788776,-0.167868829301708,-1.23910763328661,0.0426238198224888,0.0684520165326758,0,0.567164179104478,0.479717813051147,0.427091654942135,0.47190123796463
light-street,2022-03-31,2022-05-31,3.63758615972639,0.0465636365183713,0.128791315884619,0.522843749487541,0.453908044521456,0.236842105263158,0.369565217391304,-0.267405512576509,8.42900660710563,-0.424996344194061,-0.605163609189401,0.29003615699688,-0.513096069731482,-1.4407992290103,,,,0.895522388059702,0.479717813051147,0.105653115587751,0.478500366210938
lone-pine,2022-03-31,2022-05-31,3.36729582998647,0.0509322929519715,0.0916976158785334,0.616523953794229,0.281376566052809,0.275862068965517,0.275862068965517,-0.373479741321924,17.5932586417685,-0.341038391791021,-0.363845266204791,0.264564312883441,-0.486625993574397,-0.904284928478283,-0.0358637628522768,-0.0100355661420898,1,0.82089552238806,0.479717813051147,0.0914490769814127,0.283121317625046
markel-13f,2022-03-31,2022-05-31,4.82028156560504,0.027281108357988,0.0701870119400041,0.437215871595522,0.0696392975932557,0.0887096774193548,0.0423728813559322,-0.0347003854762827,11.4071281000103,0.0260109721830999,0.0364285919386269,0.154701091014005,-0.113694773444916,-0.217989350964548,-0.0192940579014286,0.00653413880875839,1,0.194029850746269,0.479717813051147,0.531547597756154,0.65805059671402
marshall-wace,2022-03-31,2022-05-31,7.83636976054512,0.00370979026561711,0.0191005508914088,0.131729091146199,0.405099515064746,0.270248913472936,0.402265372168285,-0.0368405989844064,6.94098957668407,-0.0400867002391438,-0.061698771330202,0.176406525967134,-0.173592873337118,-0.808589136806251,-0.0192860432902851,0.00654215341990195,1,0.402985074626866,0.479717813051147,0.503056282481604,0.474736660718918
matrix,2022-03-31,2022-05-31,3.2188758248682,0.0638308616983471,0.104213763870494,0.72743721353077,0.202457659324661,0.28,0.181818181818182,-0.0753144911244858,9.51142552058089,-0.373734551393966,-0.585720966439954,0.275134894784316,-0.45768460890841,-1.74874649668346,0.155824992131143,0.18165318884133,0,0.865671641791045,0.479717813051147,0.210964811975219,0.442754298448563
maverick,2022-03-31,2022-05-31,5.41610040220442,0.0890848212516144,0.273352724318853,0.563247778757953,0.171699741447841,0.484444444444445,0.618421052631579,-0.393469701175782,10.5195863638464,-0.440826607357341,-0.716323847476571,0.325063421109116,-0.509706415950178,-2.23656903130948,0.124943783226236,0.150771979936423,0,0.955223880597015,0.479717813051147,0.52203314354873,0.446579486131668
melvin,2022-03-31,2022-05-31,3.76120011569356,0.0296625710726348,0.0577549195009317,0.404588131458367,0.328215893390397,0.232558139534884,0.326530612244898,-0.493268812112521,10.6022412789528,-0.24786016387231,-0.349764479272847,0.195972774476676,-0.337621228153005,-1.65603746389888,,,,0.73134328358209,0.479717813051147,0.209966474743187,0.348382651805878
oaktree,2022-03-31,2022-05-31,5.8636311755981,0.0374734299237674,0.101635253999997,0.527431961404302,0.155611664379495,0.355113636363636,0.330383480825959,0.128773124023784,3.15411391813621,0.333307982197098,,0.157480415426481,-0.0439095493864892,,-0.0453601325370185,-0.0195319358268314,1,0.0149253731343284,0.479717813051147,0.837149520491735,0.693138957023621
paulson,2022-03-31,2022-05-31,3.49650756146648,0.0895674372960051,0.181844518901671,0.740458034068543,0.183084402917841,0.0909090909090909,0.166666666666667,0.00147271393213008,5.00582371411709,-0.259986770563421,,0.223650127720681,-0.288924602860317,,-0.0211587723862569,0.00466942432393007,1,0.761194029850746,0.479717813051147,0.360652644423761,0.685936748981476
pershing-square,2022-03-31,2022-05-31,2.07944154167984,0.145455569411071,0.198599688948072,1,0.140245276174771,0.25,0,-0.0178312203891412,7.03768661046741,0.00887983854367087,0.0881623601922362,0.190339789680239,-0.192299632371233,0.200179414005157,0.149696346562594,0.175524543272781,0,0.253731343283582,0.479717813051147,0.401486842748649,0.680022478103638
polen,2022-03-31,2022-05-31,4.51085950651685,0.0482465081246889,0.091686315901975,0.595779948847628,0.0918466717777654,0.0659340659340659,0.0760869565217391,-0.149327731673002,18.26424465219,-0.124363893142681,-0.0795410409275607,0.22813681615207,-0.285816309947259,-0.274488476708074,0.0497011210457158,0.0755293177559028,0,0.582089552238806,0.479717813051147,0.246771083634082,0.317578852176666
pzena,2022-03-31,2022-05-31,5.17048399503815,0.02130932727894,0.0455722053769816,0.355793799737447,0.0780560811695482,0.102272727272727,0.0919540229885057,-0.00292672307512767,5.30437102960057,0.0799437465450318,0.0250558188525953,0.140530787360944,-0.0595238948532935,-1.02175723287676,-0.0919663336302981,-0.0661381369201111,1,0.134328358208955,0.479717813051147,0.731958023516197,0.75369518995285
ruane-cunniff,2022-03-31,2022-05-31,3.52636052461616,0.0596256173565543,0.0914373447723748,0.678126457721353,0.0898998505884703,0.0294117647058824,0.0294117647058824,-0.142580754970533,13.3775755375446,-0.0655959588558815,0.0270734768467723,0.188395884622615,-0.232541117663211,-0.545055850541235,-0.035172269631345,-0.00934407292115804,1,0.507462686567164,0.479717813051147,0.325480547551589,0.303575068712235
sachem-head,2022-03-31,2022-05-31,2.89037175789616,0.148075185123755,0.215730399042873,0.93745994737436,0.136952035237704,0.388888888888889,0.45,-0.0817295483586368,6.96303413926237,-0.079236544875096,,0.154275206534077,-0.141088093095703,,-0.266051747745798,-0.240223551035611,1,0.522388059701493,0.479717813051147,0.56579556228287,0.595964252948761
sands,2022-03-31,2022-05-31,4.21950770517611,0.0323554592674408,0.0648844435117499,0.462902611265379,0.12662828731896,0.0294117647058824,0.0704225352112676,-0.214306665381448,12.3378598473322,-0.34905932231776,-0.406701662756178,0.287535392033157,-0.476693935576657,-1.13711475130902,0.0821277496425136,0.107955946352701,0,0.835820895522388,0.479717813051147,0.157104642471543,0.239501416683197
semper-augustus,2022-03-31,2022-05-31,3.46573590279973,0.0841662996313199,0.189058242160491,0.762537113108553,0.115330551428312,0.0625,0.0909090909090909,0.204874373100296,7.72032730711352,0.124401066690802,0.287011931050536,0.159092781205505,-0.0510560596816719,1.32137457301314,-0.116035604949624,-0.0902074082394372,1,0.0597014925373134,0.479717813051147,0.565356272040924,0.600468635559082
senator,2022-03-31,2022-05-31,4.27666611901606,0.0314218333598569,0.0697389976846369,0.460030222495607,0.481363289656755,0.25,0.4,-0.472446416030278,10.8509040085422,-0.261916726655496,-0.495440355256858,0.164755204823395,-0.328570463497889,-3.14739710500799,-0.0229043715184839,0.00292382519170313,1,0.776119402985075,0.479717813051147,0.223770833282793,0.300166487693787
soroban,2022-03-31,2022-05-31,3.71357206670431,0.0736620905331283,0.153544405837939,0.726383577378345,0.240205164195641,0.024390243902439,0.2,-0.0626434069710135,16.3561112725043,-0.0584687257220647,-0.177631099891637,0.191496493467485,-0.1589125856513,-1.58918278976784,-0.083600240498546,-0.057772043788359,1,0.447761194029851,0.479717813051147,0.357150011661149,0.431382179260254
southeastern,2022-03-31,2022-05-31,3.61091791264422,0.0523684122805441,0.124512923371795,0.601444500572137,0.0857602626361124,0.0810810810810811,0.0285714285714286,-0.0518255213422476,4.25366798792591,-0.0239146867008277,-0.0492407616737461,0.143327492859518,-0.116398530025818,-0.557950052981571,-0.193683540635693,-0.167855343925506,1,0.343283582089552,0.479717813051147,0.607639843993815,0.745871365070343
srs,2022-03-31,2022-05-31,3.40119738166216,0.303181793749465,0.536157966068213,0.867175021453054,0.16654121789742,0.266666666666667,0.0833333333333333,0.0686414076368865,5.7743823746771,0.0552941971749053,0.558714595854453,0.436292736965485,-0.319790373653293,1.13873429733353,0.0473518486245739,0.0731800453347609,0,0.164179104477612,0.479717813051147,0.64963952060908,0.541452944278717
starboard,2022-03-31,2022-05-31,5.12989871492307,0.0477280048529245,0.0915655014350203,0.602595169129527,0.221827136203243,0.532544378698225,0.414814814814815,0.0444199882497068,4.09899790564601,-0.0321754070256436,,0.153325415951197,-0.119328848575424,,-0.0906037652091484,-0.0647755684989614,1,0.373134328358209,0.479717813051147,0.696606226778784,0.60117918252945
steadfast,2022-03-31,2022-05-31,3.68887945411394,0.0478712509775124,0.0859517303953123,0.614317268997109,0.406164758655888,0.575,0.575,2,12.166066595357,-0.238533091305204,-0.484947754557936,0.166692551283713,-0.329722919635647,-3.41726056235498,0.00541596022469507,0.0312441569348821,0,0.716417910447761,0.479717813051147,0.533681973094307,0.330905228853226
suvretta,2022-03-31,2022-05-31,4.46590811865458,0.0250206906356203,0.0561064634462611,0.367679622395177,0.377075107160304,0.183908045977012,0.24468085106383,-0.454971062231127,10.9219748253269,-0.195418439509533,-0.396891813444272,0.181986685253829,-0.282795619005965,-2.92057596765923,0.0126228848416878,0.0384510815518748,0,0.701492537313433,0.479717813051147,0.297078183706488,0.331575274467468
tci,2022-03-31,2022-05-31,2.39789527279837,0.117332405755544,0.179715137731767,0.96873223893093,0.153217945481274,0,0.153846153846154,-0.187518382326763,18.5814543716515,0.000974534329550039,0.171784417326274,0.208403329224469,-0.175017016837207,1.04249005536687,0.0453518211678292,0.0711800178780162,0,0.283582089552239,0.479717813051147,0.181054625751262,0.220907524228096
third-avenue,2022-03-31,2022-05-31,4.06044301054642,0.0365138320934688,0.0728419704473769,0.51127536804529,0.0935608551479006,0.0172413793103448,0.0338983050847458,-0.0354591741043462,3.12453385471663,0.0638753716319553,-0.311091185286416,0.153153268578372,-0.0653265265999036,-2.02086580218704,-0.0278905391306432,-0.00206234242045621,1,0.149253731343284,0.479717813051147,0.71049450801805,0.487718284130096
third-point,2022-03-31,2022-05-31,4.31748811353631,0.0561543223659781,0.132650111434205,0.61818956609318,0.39601666693802,0.133333333333333,0.293478260869565,-0.623126435176557,8.470415041815,-0.18141231327415,-0.294185711540534,0.241775535117788,-0.359596249312599,-0.590394132904972,-0.0809325433056683,-0.0551043465954813,1,0.671641791044776,0.479717813051147,0.171281159217391,0.383950740098953
tiger-global,2022-03-31,2022-05-31,4.47733681447821,0.0477916324453289,0.105946557177646,0.61706008137057,0.250506126358942,0.0340909090909091,0.497041420118343,-0.544800501830344,11.9826293017005,-0.439513125750055,-0.412878803808925,0.292700918825128,-0.536602669143263,-0.601641177857013,0.0267813584624796,0.0526095551726666,0,0.940298507462687,0.479717813051147,0.10154136882546,0.389269381761551
tiger-management,2022-03-31,2022-05-31,3.46573590279973,0.102365340362275,0.202496790688141,0.836149796653686,0.232884716527534,0.21875,0.342105263157895,-0.308320072668108,14.7153906730385,-0.184876604818746,0.136416742472663,0.200863099288957,-0.294357809281988,0.765738457943122,-0.108126320539635,-0.082298123829448,1,0.686567164179104,0.479717813051147,0.217971084114051,0.332232743501663
tweedy-browne,2022-03-31,2022-05-31,3.78418963391826,0.0647073096032198,0.147451651542228,0.670350866311846,0.0842284552369216,0.0454545454545455,0,-0.0180329150104248,11.4290856982632,0.0252996816828863,-0.185640623695459,0.15425859982745,-0.0800989180468592,-1.37767133220682,-0.00990605391412518,0.0159221427960618,1,0.208955223880597,0.479717813051147,0.588561294749159,0.740579426288605
valueact,2022-03-31,2022-05-31,2.56494935746154,0.135667079035115,0.181816743736784,0.99547827192186,0.0603801590606802,0.0769230769230769,0,-0.198821414645691,6.35987808170996,-0.0655019672533501,0.108844357151331,0.189153651066613,-0.187727596423236,-0.25115837003905,-0.00893720591710926,0.0168909907930777,1,0.492537313432836,0.479717813051147,0.451589365743328,0.652627944946289
viking,2022-03-31,2022-05-31,4.51085950651685,0.0257551001344756,0.0696267237558826,0.400135176404885,0.318729853791605,0.175824175824176,0.299065420560748,-0.332354355548922,11.5606826675274,-0.257709610261795,-0.31667951443084,0.182610177278609,-0.342836281275072,-0.945381849541594,0.107577991796443,0.13340618850663,0,0.746268656716418,0.479717813051147,0.179444066021309,0.392549902200699
whale-rock,2022-03-31,2022-05-31,3.89182029811063,0.0391800481801698,0.106390571431511,0.491253525964373,0.506641472464027,0.387755102040816,0.387755102040816,-0.382965647334941,13.4982720496958,-0.385319426507033,-0.215901147206813,0.331840271107939,-0.505781979607726,-0.0912447148702693,0.182464135226512,0.208292331936699,0,0.880597014925373,0.479717813051147,0.0764582610197712,0.246562257409096
yacktman,2022-03-31,2022-05-31,4.15888308335967,0.0369023786598031,0.0937664467197221,0.489743850120313,0.0731966504691621,0.015625,0.015625,-0.00132182374181206,10.1322901186636,0.123895768863271,0.0506220904086575,0.132856681137248,-0.0572615352043784,0.171991358605214,-0.065821946509051,-0.0399937497988639,1,0.0746268656716418,0.479717813051147,0.535841400717409,0.588221311569214
abrams,2022-06-30,2022-08-31,2.89037175789616,0.0860794841210971,0.173661075225349,0.817724370828459,0.052485597436479,0,0,-0.141132926687087,8.22794351647974,-0.0135348216906371,-0.0654358412145021,0.185075519629784,-0.230510216518089,-0.567831934982998,0.151109450768634,0.301300874650224,0,0.358208955223881,0.49207673060884,0.388345392469787,0.584109544754028
adage,2022-06-30,2022-08-31,6.98007594056176,0.00868940882562474,0.0498386475644699,0.214135724928367,0.158468125837966,0.104186046511628,0.108333333333333,-0.188196016171569,9.31398397707738,0.00201283476542974,-0.0334940085146067,0.215996440259064,-0.23234807162878,-0.0817929551415323,0.0659178418120122,0.216109265693602,0,0.283582089552239,0.49207673060884,0.432370859722604,0.383606314659119
akre,2022-06-30,2022-08-31,3.04452243772342,0.0897434489334014,0.14823346509303,0.836507519919221,0.0481893110140026,0.0476190476190476,0.0476190476190476,-0.146435874053028,11.7054385033487,-0.00185758922412124,-0.170560937001286,0.221040723268869,-0.207600135333168,-0.641910847946675,-0.0180727342180288,0.132118689663561,1,0.298507462686567,0.49207673060884,0.37799564331211,0.473389625549316
altimeter,2022-06-30,2022-08-31,2.70805020110221,0.324419489321828,0.540128642853308,0.991046859490066,0.670295810834221,0.0666666666666667,0.3,-0.579584338304232,14.5778579400009,-0.37254219924395,-0.647704590110664,0.444480939151516,-0.657728679326012,-1.67300320633461,-0.108407071913483,0.0417843519681066,1,0.940298507462687,0.49207673060884,0.0167631654360903,0.100383967161179
appaloosa,2022-06-30,2022-08-31,3.40119738166216,0.0711659282030702,0.137317935795885,0.76117746465434,0.273013490012042,0.266666666666667,0.352941176470588,-0.450298526544492,15.4318630091238,0.132725707023839,0.236206782557973,0.220445144706253,-0.163667907813288,0.861503842456747,0.0500539644095454,0.200245388291135,0,0.0597014925373134,0.49207673060884,0.342530637244607,0.414787024259567
atreides,2022-06-30,2022-08-31,3.66356164612965,0.0508865599924635,0.129808480037867,0.555463333658822,0.413839080848993,0.230769230769231,0.166666666666667,-0.149387885509914,12.0938376648202,-0.260270040667317,,0.279216330668954,-0.455714752731436,,0.0477043259421182,0.197895749823708,0,0.805970149253731,0.49207673060884,0.102157604936891,0.39357927441597
baupost,2022-06-30,2022-08-31,3.95124371858143,0.0645627480370201,0.158046178274773,0.680530669818154,0.145250277373001,0.0576923076923077,0.109090909090909,-0.317971934840297,6.6459483852321,-0.158282151529929,-0.471900195836441,0.183673696032158,-0.295021942706641,-2.66412738931682,-0.0298102511971174,0.120381172684472,1,0.671641791044776,0.49207673060884,0.401223675406933,0.476007729768753
berkshire-13f,2022-06-30,2022-08-31,3.85014760171006,0.199754820897062,0.407613561864293,0.875082175845668,0.0492506332121141,0,0.0408163265306122,-0.191708229504328,9.80143690497688,0.106112649008995,0.205691166894205,0.218196023744873,-0.198049926197472,0.863923130968577,-0.056180828218994,0.0940105956625957,1,0.104477611940299,0.49207673060884,0.504364913324592,0.495272159576416
cantillon,2022-06-30,2022-08-31,3.66356164612965,0.030995665239891,0.0600639052306131,0.409266258438896,0.0507473793703367,0.0512820512820513,0,-0.156184486458773,10.9835550873772,-0.0351864023710266,-0.0939995791313306,0.230359582646742,-0.254555177230995,-0.698598164516882,0.00941391345434658,0.159605337335936,0,0.432835820895522,0.49207673060884,0.371110540242364,0.397910296916962
coatue,2022-06-30,2022-08-31,4.39444915467244,0.0449208533317768,0.11483308190315,0.568557181226019,0.271678311865761,0.308641975308642,0.0344827586206897,-0.503444547267,11.5006487649022,-0.388784270462689,-0.324453635155787,0.348445848205928,-0.584656487765285,-0.976812853870401,-0.00137049085485225,0.148820933026737,1,0.970149253731343,0.49207673060884,0.105115149415579,0.299927145242691
corvex,2022-06-30,2022-08-31,3.49650756146648,0.0769407830327096,0.155992207541098,0.772444043020094,0.365074227425424,0.212121212121212,0.0714285714285714,0.0879963334475678,10.0902098957871,-0.028144870270495,-0.350511059895445,0.248629602558084,-0.290537036645157,-1.6234969919294,-0.0258243521648341,0.124367071716756,1,0.402985074626866,0.49207673060884,0.228844952766887,0.415252536535263
d1,2022-06-30,2022-08-31,3.17805383034795,0.0842405455825565,0.156994888873515,0.806036161717445,0.21519330359737,0.166666666666667,0.2,-0.699166445844275,14.7989267392567,-0.323023971405436,-0.339279230191263,0.299982425465069,-0.530857128092753,-0.891766613717713,-0.0704143989671506,0.079777024914439,1,0.850746268656716,0.49207673060884,0.0898294445664927,0.293702453374863
darsana,2022-06-30,2022-08-31,2.484906649788,0.0946671909331161,0.12772289705583,0.925251810417535,0.185163739832601,0.166666666666667,0.0909090909090909,-0.0598086340404499,6.00674025746006,-0.302947888268871,-0.174107013960253,0.265027838577886,-0.494092855110651,-0.466717582899087,0.0620845800910188,0.212276003972608,0,0.82089552238806,0.49207673060884,0.125895882966349,0.587749660015106
dragoneer,2022-06-30,2022-08-31,3.66356164612965,0.059925645557566,0.113377912383944,0.704548281374204,0.287024020998793,0,0.25,-0.696293453554985,6.15942811602496,-0.408022709523667,-0.582970450741837,0.347032289959441,-0.617350647396529,-1.27889242255035,-0.184061494326213,-0.0338700704446238,1,1,0.49207673060884,0.0573146800621239,0.353644728660584
duquesne,2022-06-30,2022-08-31,3.73766961828337,0.0826892291245009,0.180282151276156,0.755182474316813,0.306582405599462,0.214285714285714,0.326530612244898,-0.465163148182529,10.9244106690725,-0.110427465686895,0.0125461059572044,0.310439545063282,-0.357841437903883,-0.0325296780964815,0.170252363329389,0.320443787210978,0,0.567164179104478,0.49207673060884,0.24496016284468,0.446855068206787
egerton,2022-06-30,2022-08-31,3.25809653802148,0.0618428991067739,0.120480389735949,0.690923928503586,0.211862939515609,0.115384615384615,0.206896551724138,-0.247726658246447,14.2588637075814,-0.124031893805482,-0.198912978707593,0.224300759366744,-0.307100240843839,-1.50144094374904,0.05409653988101,0.2042879637626,0,0.582089552238806,0.49207673060884,0.258416796690652,0.3449447453022
elliott,2022-06-30,2022-08-31,3.25809653802148,0.141306503011103,0.27035223826108,0.887526875733058,0.151945222236434,0.230769230769231,0.2,-0.169131085390549,4.9204231288618,0.317214487323408,,0.220427875700631,-0.141643379655312,,0.108598391663642,0.258789815545232,0,0.0298507462686567,0.49207673060884,0.618804766413766,0.5259690284729
eminence,2022-06-30,2022-08-31,4.15888308335967,0.0259044728878071,0.0836038156430718,0.341673240418132,0.153963518715703,0.09375,0.121212121212121,-0.214744900629363,6.3712647566732,-0.00889766695598796,0.123922501719955,0.204739451870682,-0.277090414094096,0.109810261151231,0.0698212195080992,0.220012643389689,0,0.328358208955224,0.49207673060884,0.372656419583707,0.585062205791473
farallon,2022-06-30,2022-08-31,5.68697535633982,0.0202491020619925,0.0469394715979898,0.332831727465314,0.174561990510724,0.0610169491525424,0.0947712418300654,-0.0894293251733179,8.45784885061353,-0.00993103930513417,,0.180833018209947,-0.187371329957278,,-0.00319208454917977,0.14699933933241,1,0.343283582089552,0.49207673060884,0.391636183347888,0.459444314241409
fisher,2022-06-30,2022-08-31,6.83195356556586,0.0164673957435691,0.0635405360381843,0.303201492237277,0.0659880966323406,0.0970873786407767,0.120798319327731,-0.181922986364489,10.163375202207,-0.0714825298629999,-0.0832200376138661,0.216041136709399,-0.258681189904636,-0.143907886908349,0.0786889362134218,0.228880360095011,0,0.537313432835821,0.49207673060884,0.462987165660722,0.518905580043793
fundsmith,2022-06-30,2022-08-31,3.76120011569356,0.0531866431385267,0.113552972780765,0.625078235020583,0.111427443692214,0,0.0227272727272727,-0.250598983046781,12.7596707971816,-0.109822282673011,-0.157629551006845,0.219428979905589,-0.279900187308244,-0.729649255414397,-0.022986687982168,0.127204735899422,1,0.552238805970149,0.49207673060884,0.263117829374062,0.346969276666641
gardner-russo,2022-06-30,2022-08-31,4.44265125649032,0.0735666620400976,0.125863104987095,0.791689029120752,0.0447839373640386,0.0470588235294118,0.0357142857142857,-0.150401979573264,9.68657746139744,0.0323268869110706,-0.30736849945625,0.177484223035526,-0.138010408864917,-1.89833981132519,0.0409658327068882,0.191157256588478,0,0.223880597014925,0.49207673060884,0.560674029218238,0.522729218006134
giverny,2022-06-30,2022-08-31,4.14313472639153,0.0452177589153971,0.0823348026328794,0.576524151199489,0.0493170944852227,0.0317460317460317,0.0317460317460317,-0.154613670245417,9.86964413960322,-0.0204510668230621,-0.122083761836283,0.203919823478789,-0.234898157013687,-1.81761997682462,-0.0149726990947366,0.135218724786853,1,0.388059701492537,0.49207673060884,0.494834921778859,0.381649613380432
glenview,2022-06-30,2022-08-31,3.97029191355212,0.0531243807036819,0.139095361640517,0.613622328802472,0.205136618544417,0.113207547169811,0.189655172413793,-0.220605168701679,7.12579870569826,-0.00879489637340405,0.14048183053469,0.236258070567031,-0.222594687533939,0.169930087970519,-0.00542042872057005,0.14477099516102,1,0.313432835820896,0.49207673060884,0.425812452868616,0.61146879196167
gotham,2022-06-30,2022-08-31,7.00669522683704,0.0112570947118925,0.0801021366800761,0.215605392688234,0.219486891037668,0.16213768115942,0.168912848158131,-0.0367213090278941,6.87404973542424,0.0158742565321465,-0.0655028557606241,0.192369838242759,-0.20375821849852,-0.173279829852116,0.00884488601641967,0.159036309898009,0,0.26865671641791,0.49207673060884,0.496372416296851,0.609327614307404
greenhaven-road,2022-06-30,2022-08-31,3.80666248977032,0.161976774260685,0.278341226499061,0.93725757359324,0.281793416079454,0.133333333333333,0.303571428571429,-0.520318154663646,4.1586306547848,-0.375280074732294,,0.381027840022482,-0.579086715535336,,0.00166326174493212,0.151854685626522,0,0.955223880597015,0.49207673060884,0.145650876067555,0.414474278688431
greenlight,2022-06-30,2022-08-31,3.85014760171006,0.101716367351451,0.259311843039317,0.736339455312095,0.163096470413091,0.0851063829787234,0.173076923076923,-0.201846329943486,3.76029735695664,0.0840307813378605,0.204899802199514,0.342529846884428,-0.244579758176476,0.0805466807880687,0.347554759173262,0.497746183054852,0,0.134328358208955,0.49207673060884,0.615940224704331,0.464492857456207
harris,2022-06-30,2022-08-31,4.93447393313069,0.0539018987172355,0.201447621947133,0.456283295530703,0.0969284338158178,0.0287769784172662,0.0425531914893617,-0.188575988806079,8.91180021831999,-0.039065939783329,-0.0613475022229119,0.233464512918256,-0.261587917354313,-1.1056282705828,0.110779806816772,0.260971230698362,0,0.477611940298507,0.49207673060884,0.546577556264402,0.512555480003357
himalaya,2022-06-30,2022-08-31,1.79175946922806,0.228175356425663,0.33859351933983,1,0.131984384075915,0.166666666666667,0.166666666666667,-0.238930554371942,15.9395115968529,-0.0638654178021268,,0.276332348970861,-0.326267728556004,,0.0421084528906628,0.192299876772252,0,0.507462686567164,0.49207673060884,0.225743383960844,0.164886578917503
hitchwood,2022-06-30,2022-08-31,2.70805020110221,0.119906453325164,0.193975451573136,0.957886921600273,0.237383503917519,0.266666666666667,0.388888888888889,-0.584796525752207,19.7978695316424,-0.400535760434641,-0.455713847071661,0.358685292643638,-0.581569022919362,-1.94504060193537,0.0402974582597099,0.1904888821413,0,0.985074626865672,0.49207673060884,0.0992347275715466,0.167060986161232
hound,2022-06-30,2022-08-31,3.17805383034795,0.111445778313162,0.210479136397671,0.818456603690931,0.258346675462803,0.125,0.222222222222222,-0.223116131385875,9.01570621166434,-0.135365100305695,-0.424592976823243,0.215452113858695,-0.306110673118993,-3.76212810202946,0.0295448896372445,0.179736313518834,0,0.656716417910448,0.49207673060884,0.418102147137156,0.441405773162842
icahn,2022-06-30,2022-08-31,2.77258872223978,0.429442074093116,0.640567165870746,0.959874054553347,0.0783091183870622,0.0625,0.0625,-0.0472444790993099,1.83462811304962,0.322041184883719,-0.146209667307591,0.219786104196184,-0.0885585961940308,-0.407941892493038,-0.543298401869551,-0.393106977987961,1,0.0149253731343284,0.49207673060884,0.628805005727703,0.705593526363373
impactive,2022-06-30,2022-08-31,2.19722457733622,0.124784947104237,0.16823311156833,1,0.0930868055607834,0,0.1,-0.0284143843888867,3.15717797860868,0.0436367415192694,,0.19504176411581,-0.149153240980455,,0.0208541189486936,0.171045542830283,0,0.194029850746269,0.49207673060884,0.424077087071006,0.583568632602692
kingdon,2022-06-30,2022-08-31,4.02535169073515,0.0297014912263707,0.0529688816821174,0.44091306713321,0.461424914323873,0.267857142857143,0.378787878787879,-0.449620598800686,7.49425265897865,-0.133148669312599,,0.268794945501754,-0.360333968534663,,-0.0521832500350027,0.0980081738465869,1,0.641791044776119,0.49207673060884,0.155386361360546,0.419907510280609
lansdowne,2022-06-30,2022-08-31,3.13549421592915,0.136437805122388,0.242099056104707,0.94859854613886,0.259839338746093,0.0869565217391304,0.16,-0.514685722403152,4.99020837359689,-0.1285174429338,-0.449354343137014,0.293559353798624,-0.341233399923218,-2.60292031110814,0.247011196986494,0.397202620868084,0,0.611940298507463,0.49207673060884,0.315216468086684,0.407664388418198
light-street,2022-06-30,2022-08-31,3.43398720448515,0.113860793280485,0.294355520569113,0.722602699787166,0.317553421181131,0.0645161290322581,0.236842105263158,-0.624228496322426,5.65031196244788,-0.363311896125394,-0.443278621656246,0.308932464369806,-0.546974972460517,-1.58139591230154,,,,0.895522388059702,0.49207673060884,0.136367924450424,0.467996031045914
lone-pine,2022-06-30,2022-08-31,3.36729582998647,0.0545292270143281,0.0898883172988226,0.633378995386439,0.316585520470946,0.275862068965517,0.275862068965517,-0.459890661239508,17.4196305285973,-0.367782338122461,-0.37730889644804,0.257034661309821,-0.539182250555681,-1.2581167343395,-0.024239493228599,0.125951930652991,1,0.925373134328358,0.49207673060884,0.0661198875902753,0.227002635598183
markel-13f,2022-06-30,2022-08-31,4.87519732320115,0.0249489074385875,0.0651301924769674,0.409105874841435,0.0571034576463809,0.0687022900763359,0.0161290322580645,-0.182471800862223,10.7029874796258,0.0292514937105025,0.0107721566347331,0.217074021758486,-0.201852768107174,0.0941963162466222,0.00615322534074508,0.156344649222335,0,0.238805970149254,0.49207673060884,0.433934849145611,0.573029100894928
marshall-wace,2022-06-30,2022-08-31,7.87207397986687,0.00336466693741195,0.0165321422801612,0.114231064543733,0.361566008856184,0.298513152878384,0.273014618727776,-0.0940126128163059,6.40231207260033,-0.0380157042732876,-0.0748243410338607,0.214857221687252,-0.245319097943623,-0.876599685539934,-0.03200199177379,0.1181894321078,1,0.462686567164179,0.49207673060884,0.443719922093667,0.464768379926682
matrix,2022-06-30,2022-08-31,2.99573227355399,0.0880809327226641,0.133168859065148,0.880742482112517,0.296135853677396,0.05,0.24,-0.63557587829375,7.77321270779022,-0.320022064683969,-0.461478101107784,0.321763850952798,-0.51401533177064,-1.88093389888507,0.186420387304987,0.336611811186576,0,0.835820895522388,0.49207673060884,0.0967596293288022,0.393132507801056
maverick,2022-06-30,2022-08-31,5.34710753071747,0.0892612593505734,0.269795768357214,0.596968470976555,0.159297484396761,0.271428571428571,0.32,-0.335046830038311,9.9044670789888,-0.241201059533497,-0.545102193867026,0.395613963855649,-0.470355228021446,-1.98363949598668,0.0685813343186245,0.218772758200214,0,0.776119402985075,0.49207673060884,0.47076617384477,0.380568623542786
oaktree,2022-06-30,2022-08-31,5.94017125272043,0.0397698484665625,0.101462107615171,0.534664608775267,0.148036815152877,0.234210526315789,0.173295454545455,-0.11503539591177,2.86299709127257,0.280875748970214,,0.225107054347278,-0.135919409444623,,0.0203740281224827,0.170565452004072,0,0.0447761194029851,0.49207673060884,0.689815835374255,0.673081457614899
paulson,2022-06-30,2022-08-31,3.46573590279973,0.0999760454948085,0.243828611021385,0.786417199062031,0.216608747942117,0.15625,0.181818181818182,-0.471125837800709,4.04454219752094,-0.25948486492316,,0.243976866486234,-0.426517178758043,,-0.041644767592073,0.108546656289517,1,0.791044776119403,0.49207673060884,0.25555681055467,0.526131272315979
pershing-square,2022-06-30,2022-08-31,1.94591014905531,0.169866318291953,0.238918570216593,1,0.123698437890181,0,0.125,-0.331140949035885,6.18266682229096,0.0284310388165498,-0.0193027236276614,0.242696010181079,-0.275022295150672,-0.243729749692233,0.0656254402138359,0.215816864095425,0,0.253731343283582,0.49207673060884,0.273768734286392,0.548025131225586
polen,2022-06-30,2022-08-31,4.43081679884331,0.0524249437721772,0.105170559650269,0.631109934263128,0.0656514506923935,0.0714285714285714,0.142857142857143,-0.301398217836403,17.7374707607057,-0.173661627471538,-0.111405061929564,0.2551656672182,-0.35502525601316,-0.568119401059755,0.0771214940941139,0.227312917975704,0,0.701492537313433,0.49207673060884,0.254125915752653,0.294425457715988
pzena,2022-06-30,2022-08-31,5.11799381241676,0.0210532199966316,0.0416184177323534,0.347238924781289,0.0810336246757712,0.029940119760479,0.0795454545454545,-0.16947321704506,5.40990131284578,0.0943943320736507,-0.0314767534531868,0.195407939198109,-0.134146565031287,-1.40867787202464,0.010043804482443,0.160235228364033,0,0.119402985074627,0.49207673060884,0.643551764233158,0.56380307674408
ruane-cunniff,2022-06-30,2022-08-31,3.43398720448515,0.0616177233966754,0.089778133225344,0.697496791786034,0.0837918827670351,0,0.0882352941176471,-0.279806407661884,12.3885707711349,-0.0699581724121493,-0.0113260572326443,0.225993259820618,-0.297127095625387,-0.626146468394742,-0.0273186153136435,0.122872808567946,1,0.522388059701493,0.49207673060884,0.275827010307067,0.318343132734299
sachem-head,2022-06-30,2022-08-31,2.99573227355399,0.133614828032081,0.224432994565072,0.891950120446588,0.140911143879156,0.25,0.166666666666667,-0.165121937232691,6.06746424321929,-0.129413431659582,,0.224512506184986,-0.276168685482478,,-0.224078132077449,-0.0738867081958592,1,0.626865671641791,0.49207673060884,0.400104006014366,0.466431796550751
sands,2022-06-30,2022-08-31,4.23410650459726,0.0325527881747214,0.0824529634961906,0.460757409649169,0.105069473968842,0.0869565217391304,0.0735294117647059,-0.409154634001628,11.8741233543585,-0.344913543562235,-0.358520306503328,0.305900359886986,-0.533379577566224,-1.35775075415952,0.050652622783601,0.200844046665191,0,0.880597014925373,0.49207673060884,0.155365054537801,0.248565196990967
semper-augustus,2022-06-30,2022-08-31,3.46573590279973,0.0762994144022495,0.182986086420631,0.719524046552419,0.0757843752148213,0,0,-0.153205504975783,8.06979011116642,0.115559761674469,0.0486841081600287,0.224775097161629,-0.171975743981545,0.391084977863517,-0.0223696918445996,0.12782173203699,1,0.0895522388059701,0.49207673060884,0.451223580760557,0.593603610992432
senator,2022-06-30,2022-08-31,3.98898404656427,0.0362610276431701,0.0753860172667164,0.503397581857994,0.530382870684374,0.333333333333333,0.5,-0.83671715003573,5.56362064189351,-0.191980611636652,-0.458011336315746,0.221505904787807,-0.356512061790151,-3.26421450069019,0.00422287045307615,0.154414294334666,0,0.746268656716418,0.49207673060884,0.235932506744407,0.326888650655746
soroban,2022-06-30,2022-08-31,3.76120011569356,0.0692794153476243,0.134178680129435,0.712610793651797,0.114322964291565,0.0697674418604651,0.024390243902439,-0.0585437518297842,14.5887318753467,-0.036145235485178,-0.224017192999503,0.243627002202303,-0.256063244542299,-1.77864384882029,-0.0557794894044309,0.0944119344771587,1,0.447761194029851,0.49207673060884,0.379943497846229,0.414116382598877
southeastern,2022-06-30,2022-08-31,3.61091791264422,0.0548643435512653,0.142619755863745,0.596858442219554,0.186844597905308,0.108108108108108,0.108108108108108,-0.176542117864652,5.23556854275294,0.0548192623756193,-0.0401254094305448,0.189265417135483,-0.157382331527854,-0.614067429267469,-0.11651270095968,0.0336787229219093,1,0.17910447761194,0.49207673060884,0.498217009643855,0.585656642913818
srs,2022-06-30,2022-08-31,3.09104245335832,0.310121123293142,0.531845424245968,0.944467290145019,0.183681568726064,0.0454545454545455,0.3,-0.57424146922815,6.79110990081216,0.0638238747624522,0.685175921533314,0.507513929773102,-0.435837645866064,1.01623946007687,0.180529113601473,0.330720537483063,0,0.149253731343284,0.49207673060884,0.475536603664444,0.372024774551392
starboard,2022-06-30,2022-08-31,5.2040066870768,0.0536222881015832,0.106014635958639,0.655294463974662,0.187284114730084,0.148351648351648,0.0828402366863906,-0.316368414750874,4.29923898254943,-0.0175122859387298,,0.183445734072686,-0.180599952811058,,-0.0618468472846105,0.0883445765969791,1,0.373134328358209,0.49207673060884,0.446150022828405,0.347255319356918
steadfast,2022-06-30,2022-08-31,3.63758615972639,0.054917743495028,0.0939314698827595,0.677750616469297,0.293055192403157,0.342105263157895,0.375,-0.0904497983031303,10.5616591999578,-0.181887224646846,-0.378479913507472,0.20851989578781,-0.362999273505148,-2.62888720607957,0.0051155768680681,0.155307000749658,0,0.716417910447761,0.49207673060884,0.321564635644243,0.520044326782227
suvretta,2022-06-30,2022-08-31,4.48863636973214,0.0236227026976131,0.0492130363211373,0.364344542969384,0.313684722527271,0.258426966292135,0.241379310344828,-0.219012497317021,7.96806476256098,-0.128434241356789,-0.312637232426242,0.208074966763407,-0.314771077774032,-2.05257142943969,-0.0978443949631357,0.0523470289184539,1,0.597014925373134,0.49207673060884,0.308880957067814,0.522930800914764
tci,2022-06-30,2022-08-31,2.56494935746154,0.12129366091267,0.171374036779316,0.991760144320174,0.0589473359385541,0.230769230769231,0.0909090909090909,-0.153326855438993,18.9418092608104,-0.0606281734813749,0.111134339478881,0.219884312804568,-0.2173365068665,1.15827918223622,0.0355272863855917,0.185718710267181,0,0.492537313432836,0.49207673060884,0.25400446611902,0.321202248334885
third-avenue,2022-06-30,2022-08-31,4.02535169073515,0.0350417107581683,0.079057680155926,0.478788903623143,0.11146542438448,0.0357142857142857,0.0689655172413793,-0.267279279331934,3.08555281636867,0.0610705733011157,-0.246641095555361,0.208136306798969,-0.16481347888541,-1.75802070760021,0.133263316171062,0.283454740052651,0,0.164179104477612,0.49207673060884,0.569069499469116,0.343665659427643
third-point,2022-06-30,2022-08-31,4.06044301054642,0.0778749632534211,0.154490334235307,0.748548573094919,0.382572473337163,0.0689655172413793,0.28,-0.598037451312672,6.49725975712979,-0.170144907500779,-0.312240143121597,0.255727772389528,-0.421470931677184,-0.841431325201472,-0.156497888687809,-0.00630646480621984,1,0.686567164179104,0.49207673060884,0.112744059705177,0.476183027029038
tiger-global,2022-06-30,2022-08-31,4.29045944114839,0.0670414606056498,0.16435639978329,0.674451573265841,0.265512889041009,0.0547945205479452,0.215909090909091,-0.803636974832542,13.0085255211452,-0.366483234604974,-0.328252313274079,0.269123825668538,-0.548169961372368,-0.64877478137387,-0.0657904999995646,0.084400923882025,1,0.91044776119403,0.49207673060884,0.0710640211404549,0.423141688108444
tiger-management,2022-06-30,2022-08-31,2.484906649788,0.163983602260015,0.253057828113609,0.989027901530939,0.494407953624373,0.416666666666667,0.78125,-1.00447619481977,17.1485062482051,-0.208741438587368,-0.0411143441381932,0.263579240636897,-0.394359508064872,-0.32446186458048,-0.0458354389376072,0.104355984943982,1,0.761194029850746,0.49207673060884,0.116118603215681,0.273899734020233
tweedy-browne,2022-06-30,2022-08-31,3.80666248977032,0.0655038059168289,0.144304942343281,0.685942816768493,0.0779219014293352,0.0666666666666667,0.0454545454545455,-0.235674525672433,11.5457336644748,0.0426633642402479,-0.13385506061839,0.184725711614289,-0.140690614627554,-1.04880570950499,0.00587224851345727,0.156063672395047,0,0.208955223880597,0.49207673060884,0.507285079571527,0.490504384040833
valueact,2022-06-30,2022-08-31,2.77258872223978,0.138050523520463,0.207687219028626,0.978168357880139,0.0874923600852567,0.1875,0,-0.147172153203593,6.24350334500261,-0.0302423998788783,0.0584033913818938,0.257823318383118,-0.27292060670169,-0.252127143773472,0.0757900286529148,0.225981452534504,0,0.417910447761194,0.49207673060884,0.41018927675961,0.557830989360809
viking,2022-06-30,2022-08-31,4.40671924726425,0.0232646487703793,0.0564331122498803,0.354009747614496,0.285669033683692,0.182926829268293,0.263736263736264,-0.123436845247952,10.5175420697775,-0.188979361917347,-0.191877151872421,0.216333371741731,-0.381460001368095,-0.783737685355225,0.0865003787945656,0.236691802676155,0,0.73134328358209,0.49207673060884,0.187556628319104,0.578939139842987
whale-rock,2022-06-30,2022-08-31,3.52636052461616,0.0505171130717398,0.109824244620127,0.603454225791315,0.453742697213218,0.294117647058824,0.510204081632653,-0.87378676304004,11.9938328215302,-0.323063627887951,-0.111301546408127,0.361267142887425,-0.545398301750879,-0.274642729381908,0.127089123544886,0.277280547426476,0,0.865671641791045,0.49207673060884,0.0822630082865557,0.280767738819122
yacktman,2022-06-30,2022-08-31,4.17438726989564,0.0372520414787569,0.0940745260026431,0.498458246186178,0.0575830284258136,0.0615384615384615,0.046875,-0.150653270500266,9.79067316489384,0.130935014394092,0.00461510205934845,0.168283017034389,-0.136243299875385,0.0365337963216056,-0.0229226727768329,0.127268751104757,1,0.0746268656716418,0.49207673060884,0.491990961018856,0.422139018774033
abrams,2022-09-30,2022-11-30,2.89037175789616,0.0836896270200142,0.145428597788106,0.839662161382953,0.0855836434985117,0,0,-0.0701161011335178,8.18267041850703,0.0252691625214749,-0.0270242272143364,0.244384501276424,-0.236740790576931,-0.393406302270056,0.0981832478204929,0.228753279214614,0,0.287878787878788,0.499604117181315,0.351782281236859,0.704479515552521
adage,2022-09-30,2022-11-30,6.95272864462487,0.00859052351908874,0.0524619728208127,0.21175332079879,0.159218055234466,0.0908221797323136,0.115348837209302,-0.0787816902917927,9.49904956698584,-0.0319442951416243,-0.0547114514579497,0.231583087898363,-0.265343515552721,-0.385963623979401,0.100558191475127,0.231128222869248,0,0.424242424242424,0.499604117181315,0.424438313476565,0.494510382413864
akre,2022-09-30,2022-11-30,2.99573227355399,0.0879942897362409,0.14793071013781,0.822429913970083,0.04009142767251,0.05,0.0952380952380952,-0.0971184455251979,12.1840988291817,-0.00101158775669288,-0.092275511543481,0.273769699001579,-0.279400927280774,-0.347645814165003,0.0409472094119588,0.17151724080608,0,0.378787878787879,0.499604117181315,0.33571922815641,0.460995197296143
altimeter,2022-09-30,2022-11-30,2.77258872223978,0.406080891716175,0.617931755656467,0.989465997046801,0.118357450288428,0.125,0.0666666666666667,0.0660867447726393,14.596448035139,-0.490767499468123,-0.749583341364085,0.411718343847445,-0.627927638940784,-1.76753533650299,0.380553205819822,0.511123237213943,0,1,0.499604117181315,0.0780476872257405,0.167808413505554
appaloosa,2022-09-30,2022-11-30,3.09104245335832,0.09272213021589,0.160809021004617,0.860887959204973,0.156743619532697,0,0.266666666666667,-0.157712821711052,16.6938322364794,0.112725826995673,0.315040055330217,0.249399889727667,-0.167828506943963,1.23255847799171,0.137968778090009,0.26853880948413,0,0.151515151515152,0.499604117181315,0.339609460578491,0.385790467262268
atreides,2022-09-30,2022-11-30,3.61091791264422,0.0482628299313208,0.112500846659977,0.57002553489479,0.330719648734414,0.189189189189189,0.230769230769231,0.111439829547965,10.883515502483,-0.31457589790223,,0.288156236839559,-0.451993429656639,,0.174396529797922,0.304966561192043,0,0.848484848484848,0.499604117181315,0.154748445667147,0.688213884830475
baupost,2022-09-30,2022-11-30,3.80666248977032,0.0641869921297921,0.136276941505842,0.703266897612353,0.152985896024493,0.0888888888888889,0.211538461538462,-0.155397541488476,6.13303714290153,-0.138851114675125,-0.433342925378318,0.269509455084027,-0.390853000539537,-2.53609307494104,-0.0668249315638338,0.0637450998302873,1,0.727272727272727,0.499604117181315,0.33436607472912,0.556144595146179
berkshire-13f,2022-09-30,2022-11-30,3.89182029811063,0.206560747285114,0.417639588885575,0.871927185664788,0.0400788402951821,0.0612244897959184,0.0212765957446809,-0.0135323988177257,10.4298264512559,0.0756894262299034,0.0783311181746021,0.270771610827411,-0.214541132109084,0.206016292413544,-0.0341813798077429,0.0963886515863782,1,0.242424242424242,0.499604117181315,0.554080842619316,0.7005695104599
cantillon,2022-09-30,2022-11-30,3.66356164612965,0.0306742370553157,0.0585218029941944,0.405758014528718,0.0328895848813349,0,0,-0.0816278840914715,10.765337848798,-0.0552903641484328,-0.0487712667212938,0.262103581705694,-0.314075123447414,-0.307158823061481,0.0368099435055824,0.167379974899703,0,0.5,0.499604117181315,0.293704005346834,0.576103806495667
coatue,2022-09-30,2022-11-30,4.43081679884331,0.0425491771161934,0.109210402875011,0.560631073011285,0.255568876298176,0.19047619047619,0.160493827160494,0.0414019946784972,11.1530505662803,-0.408259671071336,-0.370731546726675,0.35726105248774,-0.506684059975947,-0.86093940153199,0.133852465562044,0.264422496956165,0,0.939393939393939,0.499604117181315,0.149948826857749,0.509115397930145
corvex,2022-09-30,2022-11-30,3.46573590279973,0.0806982128294898,0.171852804105811,0.788944331536298,0.177180608560799,0.09375,0.121212121212121,0.0670343643156216,10.3627305276794,0.0292618372268595,-0.310939443816798,0.274598150413318,-0.27031486870718,-1.33555101986353,-0.0288127883411316,0.101757243052989,1,0.272727272727273,0.499604117181315,0.346809259834083,0.535048067569733
d1,2022-09-30,2022-11-30,3.49650756146648,0.0580031241086836,0.115521451770606,0.666248530531906,0.282980435612601,0.333333333333333,0.0833333333333333,0.261105757691782,14.9667101834823,-0.357942195125697,-0.419461383745981,0.299427843852832,-0.493922675531421,-1.11501576542767,0.000699168145496948,0.131269199539618,0,0.878787878787879,0.499604117181315,0.115332574809068,0.3272365629673
darsana,2022-09-30,2022-11-30,2.484906649788,0.10301014985243,0.16567975017858,0.930661820325567,0.0765018862780849,0,0,0.0476196446897427,6.80812053133783,-0.281464188034741,-0.215783185656246,0.294096216733556,-0.448411269919728,-0.387092276082923,0.168730589340086,0.299300620734207,0,0.818181818181818,0.499604117181315,0.159781873578448,0.539056539535523
dragoneer,2022-09-30,2022-11-30,3.55534806148941,0.0703366832062807,0.125204564140952,0.737146586021095,0.154935090852365,0.0285714285714286,0.128205128205128,-0.0273399279122741,6.70895184779744,-0.462492252645827,-0.60513304981326,0.337072131912876,-0.547630960761767,-1.14968906685252,0.0590109261423277,0.189580957536449,0,0.984848484848485,0.499604117181315,0.0996966631212335,0.53583437204361
duquesne,2022-09-30,2022-11-30,4.14313472639153,0.0640276183964555,0.186111894627934,0.62823693778519,0.357374290226855,0.428571428571429,0.142857142857143,0.236256466624354,9.49810969784463,-0.0637411238048755,0.125674098684635,0.337788655653913,-0.357841437903884,0.58830702896232,0.0646624152684444,0.195232446662565,0,0.545454545454545,0.499604117181315,0.324113685246425,0.602460980415344
egerton,2022-09-30,2022-11-30,3.13549421592915,0.0603661016049308,0.116510113348738,0.674664421283321,0.101260998123872,0.0434782608695652,0.153846153846154,-0.139988990770018,14.5651505799594,-0.0676094361869331,-0.148502286661223,0.266340841077701,-0.327756440896135,-1.05905513782616,0.00823607310587629,0.138806104499997,0,0.560606060606061,0.499604117181315,0.282492322137055,0.288768619298935
elliott,2022-09-30,2022-11-30,3.36729582998647,0.122055649871291,0.230056033536475,0.869670734147618,0.347081649394707,0.275862068965517,0.192307692307692,0.396446200100615,4.24356767643256,0.432769270231059,,0.267896228885563,-0.141643379655312,,0.068793529348227,0.199363560742348,0,0.0151515151515152,0.499604117181315,0.480455817231483,0.561683475971222
eminence,2022-09-30,2022-11-30,4.07753744390572,0.0281637910117806,0.0828735656498253,0.376824460944159,0.177847400837591,0.135593220338983,0.203125,-0.0728814020017611,6.68497703351715,0.00879435167126091,0.17728272919942,0.24569890207002,-0.279359431626158,0.641518537851576,-0.0135565597845102,0.117013471609611,1,0.333333333333333,0.499604117181315,0.355530865920111,0.638041436672211
farallon,2022-09-30,2022-11-30,5.69035945432406,0.0180782166021985,0.0388314365541654,0.301067825909122,0.156782444843258,0.0675675675675676,0.064406779661017,0.00717844958387141,8.44944319670753,0.0110555235513207,,0.233433514474148,-0.259535143185276,,-0.00720483658646753,0.123365194807654,1,0.318181818181818,0.499604117181315,0.360456557378145,0.496711671352387
fisher,2022-09-30,2022-11-30,6.84268328223842,0.0149715406289192,0.0613026246386291,0.287821032743055,0.15140235199506,0.108858057630736,0.0992448759439051,-0.0574964131809142,10.4906022405418,-0.0622326256787465,-0.0783472341909759,0.254495804850344,-0.305330040948274,-0.185063409768308,0.103090104762392,0.233660136156513,0,0.53030303030303,0.499604117181315,0.370719752922066,0.578479111194611
fundsmith,2022-09-30,2022-11-30,3.8286413964891,0.0489491583790321,0.102643976439401,0.601183602668589,0.0779781093633091,0.0869565217391304,0.0232558139534884,-0.073079902783904,13.576705686707,-0.0611959704109467,-0.0864153793308727,0.259446289666005,-0.328758304917749,-0.230002983430773,-0.0388290370736508,0.0917409943204703,1,0.515151515151515,0.499604117181315,0.268819330320254,0.383760720491409
gardner-russo,2022-09-30,2022-11-30,4.4188406077966,0.0746865055605243,0.133276789743751,0.797532005405922,0.050439347755771,0.0120481927710843,0.0352941176470588,-0.0786946746783269,9.59667175236327,0.110179489648709,-0.211644315423915,0.208249053375605,-0.198135558140953,-1.44835715036785,-0.00865662373589646,0.121913407658225,1,0.196969696969697,0.499604117181315,0.476958734954595,0.707769691944122
giverny,2022-09-30,2022-11-30,4.14313472639153,0.0441916443405842,0.0836999213655972,0.583951537908758,0.089726902719849,0.0158730158730159,0.0158730158730159,-0.0275732078808541,9.47651161262838,-0.000663599080863706,-0.141772945085079,0.234150852778975,-0.264267665048224,-1.96692931140615,-0.0319009384839122,0.0986690929102089,1,0.363636363636364,0.499604117181315,0.441880189959849,0.475575298070908
glenview,2022-09-30,2022-11-30,3.97029191355212,0.0547262806914612,0.136474964060515,0.620508958883201,0.158135722406276,0.188679245283019,0.188679245283019,0.00272547701090526,7.94975317750682,0.0882960988791194,0.071696130408612,0.257725975175775,-0.239118653569,-0.0327616236471371,-0.0598147217304235,0.0707553096636976,1,0.212121212121212,0.499604117181315,0.472009749420523,0.766878843307495
gotham,2022-09-30,2022-11-30,7.05272104923232,0.0105817464170209,0.0708563885032218,0.227105752102667,0.210994492516709,0.171280276816609,0.132246376811594,0.0699594479921716,6.86686051177985,0.0117260557289743,-0.0894998976601151,0.224220000715838,-0.249819225758373,-0.76662572819732,0.0280165676190415,0.158586599013163,0,0.303030303030303,0.499604117181315,0.497653596804749,0.455578565597534
greenhaven-road,2022-09-30,2022-11-30,3.73766961828337,0.131451119554213,0.239833880254348,0.936082362698785,0.163698751845558,0.214285714285714,0.266666666666667,-0.0897732169630819,4.05856261945116,-0.42268923486526,,0.328097590141927,-0.559534119061606,,0.212425472005356,0.342995503399477,0,0.954545454545455,0.499604117181315,0.229295592221653,0.628002285957336
greenlight,2022-09-30,2022-11-30,3.73766961828337,0.11136353939949,0.256016349514783,0.784604631796011,0.189230473708858,0.0476190476190476,0.148936170212766,0.0934762951231972,4.82274571009353,0.112149667357147,0.184770433441415,0.353586244240671,-0.244579758176476,0.118131736214382,0.250141691555504,0.380711722949625,0,0.181818181818182,0.499604117181315,0.540935634204102,0.51372891664505
harris,2022-09-30,2022-11-30,4.94875989037817,0.063216879089089,0.225675673411393,0.464755634940316,0.0921531190219442,0.0354609929078014,0.0215827338129496,-0.0518059776987351,9.19246472926146,0.00857560526731295,-0.0634817805902601,0.331316679354884,-0.326927667496046,-1.3151562723231,0.091477147606771,0.222047179000892,0,0.348484848484849,0.499604117181315,0.559769574398978,0.687343537807465
himalaya,2022-09-30,2022-11-30,1.79175946922806,0.225997968872114,0.329771638586059,1,0.0217666739587369,0,0,-0.071989606461689,16.2793217523768,-0.107716974228148,,0.303107063029445,-0.36938315790162,,0.0463229829783645,0.176893014372486,0,0.606060606060606,0.499604117181315,0.200252370407284,0.322370558977127
hitchwood,2022-09-30,2022-11-30,2.89037175789616,0.108820184527891,0.216174403420197,0.804619594600215,0.288729758856946,0.277777777777778,0.133333333333333,-0.0463822931737912,19.1325991665766,-0.405995010347741,-0.509939207820409,0.348466653972092,-0.494689452658785,-1.81191767368482,,,,0.924242424242424,0.499604117181315,0.121598142991738,0.274639248847961
hound,2022-09-30,2022-11-30,2.77258872223978,0.105167481033284,0.182088458478964,0.886711104107774,0.273035448389703,0,0.333333333333333,-0.850265952083315,8.86993410323636,-0.0800487512340511,-0.423500009098192,0.247989438090533,-0.318404909553757,-4.05552283359997,-0.0322959881775064,0.0982740432166147,1,0.575757575757576,0.499604117181315,0.338971003191387,0.337246656417847
icahn,2022-09-30,2022-11-30,2.83321334405622,0.470314708986566,0.675194534446275,0.962075334335248,0.0702887693223183,0.117647058823529,0.0625,0.0175717700153971,1.94368047706011,0.372516146104681,-0.0469322933933841,0.201935036908821,-0.0767831108505919,-0.203027672645069,-0.598687877812851,-0.46811784641873,1,0.0303030303030303,0.499604117181315,0.543253214572736,0.729180753231049
impactive,2022-09-30,2022-11-30,2.19722457733622,0.12703203805088,0.173537350168945,1,0.0610348826535735,0,0,-0.143638494660788,4.26689595881709,0.162180162804954,,0.269973247793705,-0.248169266595071,,-0.0704414121673054,0.0601286192268157,1,0.0909090909090909,0.499604117181315,0.333082922766373,0.363440573215485
kingdon,2022-09-30,2022-11-30,3.85014760171006,0.0377834513252005,0.0801302891254404,0.499213558986172,0.495234175841268,0.319148936170213,0.428571428571429,-0.149236861126289,6.86309114665577,-0.11615891634287,,0.29698421079659,-0.345289998043355,,-0.0794794786028083,0.0510905527913128,1,0.636363636363636,0.499604117181315,0.202948035339103,0.484200537204742
lansdowne,2022-09-30,2022-11-30,2.83321334405622,0.152660395880881,0.250621944080986,0.983906927897528,0.240812610614399,0.0588235294117647,0.304347826086957,-0.422341783226161,5.1673632153433,-0.0359543026434115,-0.326319672356977,0.37490167389102,-0.372979568690898,-1.83090956285135,0.143191868162161,0.273761899556282,0,0.454545454545455,0.499604117181315,0.292264994657292,0.273750692605972
lone-pine,2022-09-30,2022-11-30,3.40119738166216,0.0487645639125455,0.0719999781367332,0.577018822953339,0.228046212207279,0.233333333333333,0.206896551724138,0.000354869852497382,15.4842206584123,-0.36824109527387,-0.424805123277023,0.285016453575423,-0.49511288387967,-1.33092868743552,0.0580482467912122,0.188618278185333,0,0.893939393939394,0.499604117181315,0.109438017338069,0.37995582818985
markel-13f,2022-09-30,2022-11-30,4.87519732320115,0.0252352841168442,0.0668352281742737,0.413461599489297,0.0347177840779933,0.00763358778625954,0.00763358778625954,-0.0319254776210205,10.8255640795722,0.0695002099657107,0.0766879360275509,0.246830575608966,-0.217951540116716,0.867604225228545,-0.0382955268188717,0.0922745045752494,1,0.257575757575758,0.499604117181315,0.381258952511994,0.647144794464111
marshall-wace,2022-09-30,2022-11-30,7.81681996576455,0.00309123022344053,0.0172982481067348,0.109621055153884,0.350572883742751,0.246172441579372,0.286694624475791,-0.0950698356174716,6.36936088896797,-0.0032810173804104,-0.00864341280404252,0.237630936803711,-0.255983956401948,0.101354845100816,-0.0203884858541254,0.110181545539996,1,0.393939393939394,0.499604117181315,0.370019678519229,0.429949671030045
matrix,2022-09-30,2022-11-30,3.25809653802148,0.0836664714343866,0.161195422017571,0.826166709676037,0.235601316520957,0.307692307692308,0.1,0.169512873687183,9.52175295353859,-0.312753399211871,-0.392685333614223,0.353805988087803,-0.483532284109362,-1.42599230944069,0.196093545629156,0.326663577023277,0,0.833333333333333,0.499604117181315,0.199053216405858,0.427564471960068
maverick,2022-09-30,2022-11-30,5.83773044716594,0.106951997002466,0.305591027642658,0.591693665562645,0.171556517526579,0.536443148688047,0.242857142857143,0.104048783788515,10.4557311361196,-0.176494961575156,-0.551301278965767,0.403761992069416,-0.454208327506702,-1.78536408539582,0.0133675525926528,0.143937583986774,0,0.757575757575758,0.499604117181315,0.543243455242794,0.619892001152039
oaktree,2022-09-30,2022-11-30,5.93489419561959,0.0430163967379087,0.125002745944325,0.533797309223678,0.131649014690029,0.12962962962963,0.134210526315789,0.0508095649878957,2.99497441232828,0.369503618794231,,0.261273803808896,-0.150231455339661,,0.000992818161945491,0.131562849556067,0,0.0454545454545455,0.499604117181315,0.655819741248309,0.752348959445953
paulson,2022-09-30,2022-11-30,3.3322045101752,0.121222255218907,0.276336910431997,0.805631862601935,0.176052034353655,0.107142857142857,0.21875,-0.394917488651144,4.11816722551971,-0.220863425175742,,0.275960983553067,-0.427514072067708,,-0.153354541682429,-0.0227845102883081,1,0.787878787878788,0.499604117181315,0.288261185506026,0.540621101856232
pershing-square,2022-09-30,2022-11-30,1.79175946922806,0.181751999458444,0.247363192669332,1,0.1360759978414,0,0.142857142857143,0.0540734771608942,6.97583268852723,0.112414605027483,0.191658538109286,0.286937405961812,-0.275022295150672,0.82771612563714,-0.0146931865216637,0.115876844872457,1,0.166666666666667,0.499604117181315,0.244979975006001,0.55753618478775
polen,2022-09-30,2022-11-30,4.44265125649032,0.0520500852556775,0.117675429004814,0.596622298462401,0.085068336615494,0.0352941176470588,0.0238095238095238,-0.0590071253873122,18.4760939965334,-0.190572374293293,-0.175420759136373,0.268687264014509,-0.382738437583801,-0.92648259599254,0.177244431175896,0.307814462570017,0,0.772727272727273,0.499604117181315,0.232966650898654,0.553529024124146
pzena,2022-09-30,2022-11-30,5.15905529921453,0.0212749679137511,0.0423077182826438,0.35407124055207,0.0644118309294433,0.0632183908045977,0.0239520958083832,-0.103197170598868,5.25860920667181,0.170433905057067,-0.0109356941686331,0.26989175707827,-0.204954358776045,-1.49932376936122,-0.0548829994711745,0.0756870319229466,1,0.0757575757575758,0.499604117181315,0.615792440371733,0.643266558647156
ruane-cunniff,2022-09-30,2022-11-30,3.43398720448515,0.0622119330879786,0.0990318570528628,0.703844393640265,0.134045294744222,0.0645161290322581,0.0645161290322581,-0.131049190773526,12.5139275362599,-0.124585936862942,-0.0695779139228073,0.252731170398026,-0.345255192270915,-0.828542207099054,5.97824409060699e-05,0.130629813835027,0,0.681818181818182,0.499604117181315,0.242351148717501,0.352261334657669
sachem-head,2022-09-30,2022-11-30,3.04452243772342,0.130383847043721,0.21177351852749,0.890547122770012,0.164933640872661,0.19047619047619,0.15,-0.213082035176766,6.06884146818668,-0.112708253432529,,0.303183549508578,-0.387969681995315,,-0.134654558205561,-0.00408452681144018,1,0.621212121212121,0.499604117181315,0.273521160311863,0.416284590959549
sands,2022-09-30,2022-11-30,4.20469261939097,0.0320736958773152,0.0716385113728759,0.45471100619305,0.103776916580224,0.0149253731343284,0.0434782608695652,-0.0806971195487084,12.1007940266804,-0.338371664291125,-0.388312575802024,0.332439064957804,-0.49591329287117,-1.37542841419632,0.148218552637019,0.27878858403114,0,0.863636363636364,0.499604117181315,0.160863454457123,0.257231742143631
semper-augustus,2022-09-30,2022-11-30,3.52636052461616,0.0779843222763276,0.18411867892572,0.715521413017179,0.0747834688023812,0.0588235294117647,0,-0.0205708950325793,7.66722114686668,0.240124635659698,0.226228061449509,0.252305151815689,-0.20457589207574,0.929873217038524,-0.103727152330889,0.0268428790632316,1,0.0606060606060606,0.499604117181315,0.455909165380868,0.79924875497818
senator,2022-09-30,2022-11-30,3.89182029811063,0.0353170250254339,0.0881992850475317,0.480704190915759,0.445758271332719,0.306122448979592,0.37037037037037,-0.238839746567546,8.6604893779659,-0.138837673148419,-0.398872774734183,0.269457350273913,-0.338368253041153,-2.69305861760561,0.0175270251959178,0.148097056590039,0,0.712121212121212,0.499604117181315,0.272101930085501,0.459638476371765
soroban,2022-09-30,2022-11-30,3.68887945411394,0.0770444485096021,0.166214182779673,0.739240556760339,0.116460810296817,0.025,0.0930232558139535,-0.209717572773009,14.7964503480808,-0.0386801977811105,-0.25194787280089,0.273971908060184,-0.299887674535131,-2.37128089038736,-0.0211558703150495,0.109414161079072,1,0.46969696969697,0.499604117181315,0.401112148147523,0.296760827302933
southeastern,2022-09-30,2022-11-30,3.66356164612965,0.0452384602902314,0.107472234826414,0.545445594965128,0.109619161020523,0.0769230769230769,0.027027027027027,-0.177377267988213,5.15993082439135,-0.0322578787374094,-0.24371419637518,0.248382473218195,-0.250353403833324,-1.81343957358886,-0.0554928166265307,0.0750772147675904,1,0.439393939393939,0.499604117181315,0.459621744290582,0.380247950553894
srs,2022-09-30,2022-11-30,3.04452243772342,0.317034109522272,0.53808481655357,0.969367156962324,0.0902417079831035,0.0952380952380952,0.136363636363636,-0.00232426253155448,7.01874964479998,-0.122084450829957,0.893441325624715,0.56572075033427,-0.405082535938602,1.29776340081136,-0.00396907578812133,0.126600955606,1,0.651515151515152,0.499604117181315,0.666795689935111,0.628729104995728
starboard,2022-09-30,2022-11-30,5.17048399503815,0.0655931730264818,0.128718670301645,0.71533176501627,0.18160931428394,0.0284090909090909,0.0604395604395604,-0.189304346258586,4.51651569782781,0.0809666927481075,,0.236730665278026,-0.235121117361512,,-0.0303512822374039,0.100218749156717,1,0.227272727272727,0.499604117181315,0.391900967168788,0.468609780073166
steadfast,2022-09-30,2022-11-30,3.52636052461616,0.0533712366946972,0.104546634302702,0.645917618314577,0.22961014371419,0.147058823529412,0.236842105263158,-0.191671752553673,10.6380962656392,-0.123880032376948,-0.368339839379271,0.251164022183555,-0.343005636677261,-2.47172041574542,0.0459119509271351,0.176481982321256,0,0.666666666666667,0.499604117181315,0.296348125393322,0.433846652507782
suvretta,2022-09-30,2022-11-30,4.27666611901606,0.0255354708486892,0.0512517869888265,0.371641882175589,0.289322630383079,0.166666666666667,0.325842696629214,-0.101989046498716,10.7320971616617,-0.0800986154293049,-0.281267569403864,0.232290727033529,-0.288692468421834,-1.77639920466441,-0.12034783479151,0.0102221966026109,1,0.590909090909091,0.499604117181315,0.296686352008881,0.577046751976013
tci,2022-09-30,2022-11-30,2.30258509299405,0.127092833069411,0.176410664705343,1,0.0253011671106478,0,0.230769230769231,-0.100612722335102,18.8839598123179,-0.0496772696926025,0.0573121058401757,0.245705341948163,-0.286529578709454,0.674613285362673,0.0908209302980423,0.221390961692163,0,0.484848484848485,0.499604117181315,0.218288033625353,0.36141899228096
third-avenue,2022-09-30,2022-11-30,3.97029191355212,0.0357808358074012,0.0895625161078355,0.466412089090348,0.0620482316524224,0,0.0535714285714286,-0.100096761631754,3.36360524343243,0.131156770515931,-0.190015502243396,0.275160252592931,-0.214797364347683,-1.61335308557004,0.100490247288309,0.23106027868243,0,0.121212121212121,0.499604117181315,0.552000738354412,0.484432756900787
third-point,2022-09-30,2022-11-30,4.11087386417331,0.0795378544492056,0.146598614320876,0.740521493347768,0.302813814852837,0.180327868852459,0.137931034482759,0.270074208121027,7.03961979193674,-0.168563593211925,-0.264456880661508,0.250329083059453,-0.323402860876691,-0.69227805091761,-0.143304109316733,-0.0127340779226116,1,0.742424242424242,0.499604117181315,0.227435395463913,0.576327085494995
tiger-global,2022-09-30,2022-11-30,4.15888308335967,0.0599637656275232,0.137881392776726,0.646434777116654,0.249347925773212,0.09375,0.205479452054795,-0.0907034703345567,14.9467226990116,-0.441400722227438,-0.483445953179821,0.286339783867579,-0.548388343946249,-1.01198071004368,0.235739443852071,0.366309475246192,0,0.96969696969697,0.499604117181315,0.0795085585562916,0.542144179344177
tiger-management,2022-09-30,2022-11-30,3.04452243772342,0.100013898443211,0.180733703455537,0.84013353115727,0.278170195417652,0.476190476190476,0.0833333333333333,0.207727726767919,16.3666842155643,-0.226174556132802,-0.137779994467157,0.279936391016009,-0.413956062072288,-0.595641352836495,0.0307464010055676,0.161316432399689,0,0.803030303030303,0.499604117181315,0.196544331345263,0.441672950983048
tweedy-browne,2022-09-30,2022-11-30,3.8286413964891,0.0680457584174396,0.154405647595731,0.706011530772055,0.058547903045842,0.0217391304347826,0,-0.0737365858272058,10.7981687922621,0.120123258917985,-0.0940445163977926,0.196869323969566,-0.185185109335134,-0.889076926525526,-0.0464710954645371,0.084098935929584,1,0.136363636363636,0.499604117181315,0.465068896051531,0.769479393959045
valueact,2022-09-30,2022-11-30,2.484906649788,0.141929195732659,0.23221430662633,0.998602741452783,0.0893064970953329,0,0.25,-0.0612174778943579,6.60313486060961,-0.0183210100921456,-0.0173326545060207,0.284511345581763,-0.30844456770388,-0.62639684325986,0.141717278422456,0.272287309816577,0,0.409090909090909,0.499604117181315,0.374347879292427,0.699956178665161
viking,2022-09-30,2022-11-30,4.47733681447821,0.0236092752348722,0.0490101875490252,0.37726274357819,0.268351056191807,0.227272727272727,0.170731707317073,-0.00938802769684614,12.0622318806333,-0.132977827940055,-0.0975258443872301,0.262374801643446,-0.330205848904063,-0.186776508408879,0.0547479670145799,0.185317998408701,0,0.696969696969697,0.499604117181315,0.220728091897359,0.609279990196228
whale-rock,2022-09-30,2022-11-30,3.68887945411394,0.0390967608776502,0.073191770911272,0.528246807453332,0.325233729980232,0.3,0.176470588235294,0.0550718367990872,13.2763705169854,-0.395465913282146,-0.214027634942138,0.362557953171509,-0.486475650098553,-0.243754384654228,0.420397724250293,0.550967755644415,0,0.909090909090909,0.499604117181315,0.118519811630732,0.270731329917908
yacktman,2022-09-30,2022-11-30,4.20469261939097,0.0320959086983526,0.0802376180471478,0.448645648632046,0.111039170960072,0.0597014925373134,0.0307692307692308,-0.0494010559945808,9.50122826583121,0.158965203113264,0.0803474248720444,0.214008889820048,-0.184397109746439,0.417632971845321,-0.0676747498286255,0.0628952815654956,1,0.106060606060606,0.499604117181315,0.389988497667212,0.635103046894074
abrams,2022-12-31,2023-02-28,2.77258872223978,0.0958780328782186,0.171655199880057,0.896301015313059,0.232344545951383,0.0625,0.166666666666667,-0.212605229128688,9.54547912354238,0.0575679044848826,-0.00120930311753903,0.303296907111902,-0.182117467249441,-0.659197878137242,0.0328765306551754,0.326212501199098,0,0.166666666666667,0.504898266767145,0.417754450317432,0.457053989171982
adage,2022-12-31,2023-02-28,6.88038408218601,0.00751393599281621,0.0464270477323596,0.191270010729936,0.182110207479872,0.100719424460432,0.163479923518164,0.036163467042539,9.13669330785991,-0.0366954084124151,-0.0757596700977609,0.245626694428179,-0.223673301979841,-0.241595114267777,0.128006717076223,0.421342687620145,0,0.590909090909091,0.504898266767145,0.518595079258714,0.464783519506455
akre,2022-12-31,2023-02-28,2.94443897916644,0.106787809928535,0.184558915890275,0.915480120133075,0.157197709724084,0.105263157894737,0.15,-0.0242557417078064,11.5338287505607,0.0311710030077112,-0.181271429311698,0.275181346793667,-0.200500047327618,-0.738478511846842,0.0413125675488392,0.334648538092762,0,0.257575757575758,0.504898266767145,0.412018506075207,0.549332559108734
altimeter,2022-12-31,2023-02-28,2.39789527279837,0.395312120206119,0.603994282383559,0.999484746497741,0.0604937037519063,0.0909090909090909,0.375,-0.247072688087611,15.7689309803971,-0.343582434187484,-0.677312114056378,0.440117414073563,-0.467581963886852,-1.45858547061069,0.337707857978613,0.631043828522536,0,1,0.504898266767145,0.286445747283333,0.32059571146965
appaloosa,2022-12-31,2023-02-28,3.17805383034795,0.0825124822317684,0.153395799566525,0.807747371215827,0.11856847411452,0.125,0.0454545454545455,-0.00919122252180316,14.0267725654948,0.00336196290374234,0.0588786560274479,0.287356376260942,-0.169548777441924,0.159803132572102,0.339224144118008,0.63256011466193,0,0.363636363636364,0.504898266767145,0.449641600927441,0.581667244434357
atreides,2022-12-31,2023-02-28,3.52636052461616,0.0459266021610144,0.0928860293152519,0.572284843015413,0.255779177151166,0.117647058823529,0.189189189189189,-0.0632343878286203,9.07564911974222,-0.215108506036068,,0.354056812195166,-0.382592432569493,,0.261953409938292,0.555289380482214,0,0.878787878787879,0.504898266767145,0.321710730706558,0.651002883911133
baupost,2022-12-31,2023-02-28,3.49650756146648,0.0678188924974193,0.150537779966145,0.714665025717571,0.127657326462572,0.121212121212121,0.355555555555556,0.0566762210180026,7.41333324417496,-0.0940120784628769,-0.426488250567018,0.31905490657299,-0.329572857280908,-2.79512540107764,-0.185486432098548,0.107849538445375,1,0.696969696969697,0.504898266767145,0.599377542498635,0.556957304477692
berkshire-13f,2022-12-31,2023-02-28,3.89182029811063,0.191253481834615,0.388970162010494,0.889849014682,0.0614061243369903,0.0204081632653061,0.0204081632653061,0.00978317757712777,10.9046894420549,-0.0196334001224238,0.118625612964626,0.288609266182881,-0.214288577304257,0.419532409718335,-0.140905643961947,0.152430326581976,1,0.5,0.504898266767145,0.564973651141549,0.702572584152222
cantillon,2022-12-31,2023-02-28,3.66356164612965,0.0312363014202751,0.0589138765184158,0.417562432844805,0.0533061805761488,0.0256410256410256,0.0256410256410256,0.0670972965424328,10.1781562006319,-0.00490162619078856,-0.0732519922205243,0.26266460056421,-0.235423188553018,-0.395407003801151,0.0245507661564964,0.317886736700419,0,0.424242424242424,0.504898266767145,0.413551540130289,0.458526164293289
coatue,2022-12-31,2023-02-28,4.27666611901606,0.0480237928692881,0.128815749936595,0.581119655819514,0.360309135213466,0.166666666666667,0.285714285714286,0.0345150417630205,12.1377154235864,-0.231027608131009,-0.482901196243302,0.400081952118374,-0.381918174201297,-1.52518020425714,0.30482261191172,0.598158582455643,0,0.909090909090909,0.504898266767145,0.330292880650492,0.605463206768036
corvex,2022-12-31,2023-02-28,3.3322045101752,0.110248422376837,0.204527885785514,0.894542449845711,0.233683230879347,0.142857142857143,0.25,-0.0703171059784893,7.9841469017154,-0.00330654684000677,-0.210913834094926,0.286329652288547,-0.230533833808023,-1.16476418871452,-0.0196616115315682,0.273674359012355,1,0.409090909090909,0.504898266767145,0.452208669580856,0.641527533531189
d1,2022-12-31,2023-02-28,3.40119738166216,0.0704802970716844,0.147210033746696,0.72303081567429,0.252938310552178,0.2,0.272727272727273,-0.116514693346763,15.3204618300904,-0.31031854402825,-0.522423613793567,0.343185670919763,-0.401803475459144,-1.63491909501918,0.0739342230640956,0.367270193608018,0,0.96969696969697,0.504898266767145,0.308023121408741,0.519276797771454
darsana,2022-12-31,2023-02-28,2.39789527279837,0.120165277914078,0.227723706464864,0.965754739702649,0.145340292667137,0,0.0833333333333333,-0.261192280733563,8.02341798975071,-0.0859032652852042,-0.181671282878298,0.311371313595125,-0.303612329594897,-0.243865004055394,0.135488124438127,0.42882409498205,0,0.666666666666667,0.504898266767145,0.303890308263064,0.366080105304718
dragoneer,2022-12-31,2023-02-28,3.43398720448515,0.0761890048979002,0.138988958570544,0.780139382502343,0.119921971053844,0.032258064516129,0.142857142857143,-0.163297435029269,6.126652276816,-0.337056431375054,-0.682843991546338,0.368092750942132,-0.455068534926846,-1.58942663070192,-0.0166828044951449,0.276653166048778,1,0.984848484848485,0.504898266767145,0.264991996670374,0.450345933437347
duquesne,2022-12-31,2023-02-28,4.04305126783455,0.0675104554642849,0.148503182664721,0.690585445201114,0.384392453713771,0.280701754385965,0.349206349206349,0.143439114333875,7.91397678334876,-0.0903458427258365,-0.0532475688524787,0.328328162644842,-0.280196184945993,-0.385122633783188,0.26483196509306,0.558167935636983,0,0.681818181818182,0.504898266767145,0.432089875005224,0.671432018280029
egerton,2022-12-31,2023-02-28,3.04452243772342,0.0655883361985836,0.130507933510858,0.698707679807903,0.192966235780393,0.142857142857143,0.217391304347826,-0.102738308692334,12.3592641241276,-0.0423171579242053,-0.213458727356668,0.267898291576061,-0.241255906424632,-1.36045127642489,0.0319652729204864,0.325301243464409,0,0.606060606060606,0.504898266767145,0.429176069939422,0.505663335323334
elliott,2022-12-31,2023-02-28,3.78418963391826,0.112360330095033,0.209291994734641,0.851085469783486,0.179012230978379,0.386363636363636,0.0689655172413793,0.184660667706116,4.01031178080582,0.313315526123912,,0.27200449851885,-0.141643379655312,,-0.0507493315382701,0.242586639005653,1,0.0151515151515152,0.504898266767145,0.559207610561922,0.587785422801971
eminence,2022-12-31,2023-02-28,4.15888308335967,0.025186742484587,0.0815179276937906,0.346501029621742,0.160823361566453,0.171875,0.101694915254237,0.140703005808883,6.87796771116204,0.0428427766194197,0.290822616813554,0.260062588057483,-0.207697982790461,0.714821286779641,0.00741231587707625,0.300748286420999,0,0.196969696969697,0.504898266767145,0.510100475469433,0.539641797542572
farallon,2022-12-31,2023-02-28,5.44241771052179,0.0218294651872814,0.0483628996564734,0.342574800809652,0.216568467245353,0.0606060606060606,0.266891891891892,-0.080668608745583,8.76435117992907,0.0330291921335309,-0.0841762424175065,0.240124180104124,-0.218101622336022,-0.080863807593115,-0.105943134583478,0.187392835960444,1,0.242424242424242,0.504898266767145,0.409738007821502,0.474965840578079
fisher,2022-12-31,2023-02-28,6.93147180559945,0.0127467508319796,0.0525896847628735,0.257389280428597,0.0917916141305175,0.1484375,0.0693703308431163,0.103334303677199,9.55432274488603,-0.0254960899993043,-0.101811911231212,0.275110713103438,-0.241539395429633,-0.094649533476968,0.130550296082377,0.4238862666263,0,0.53030303030303,0.504898266767145,0.550615211278784,0.386461585760117
fundsmith,2022-12-31,2023-02-28,3.63758615972639,0.0533636632849544,0.0989048327132114,0.651207427995466,0.0877802017936676,0,0.173913043478261,0.0385853722936718,12.70688724194,-0.0112277545910119,-0.0979452281320731,0.238204462430028,-0.225976623927727,0.0132435307002136,-0.0670932490858109,0.226242721458112,1,0.439393939393939,0.504898266767145,0.389555096821636,0.324270009994507
gardner-russo,2022-12-31,2023-02-28,4.4188406077966,0.0743192816584406,0.134500273976673,0.793710096819295,0.0408666827091968,0.0120481927710843,0.0120481927710843,0.0919005562755899,8.97304782474729,0.0148080522576507,-0.193731082769834,0.205657548379754,-0.185848425638955,-0.920167214459553,-0.0527375766015915,0.240598393942331,1,0.318181818181818,0.504898266767145,0.497013938014559,0.65164053440094
giverny,2022-12-31,2023-02-28,4.18965474202643,0.0467291930318622,0.0881055525883726,0.607008980673748,0.0716641672618809,0.0757575757575758,0.0317460317460317,0.0913603250441327,9.37427489466501,0.0243367714710468,-0.0475290216574693,0.244472979516736,-0.202812900118947,-0.819682252357481,-0.0462177992582212,0.247118171285702,1,0.303030303030303,0.504898266767145,0.513423070657724,0.588743150234222
glenview,2022-12-31,2023-02-28,3.93182563272433,0.0559722040118913,0.146116652442592,0.605024940342358,0.159926106768175,0.176470588235294,0.207547169811321,0.0562448548214913,6.89586514136881,-0.0189058642864006,0.197662223696883,0.245044305109861,-0.239118653569,0.176450441056179,-0.0670866646608283,0.226249305883095,1,0.484848484848485,0.504898266767145,0.557352809460444,0.669839262962341
gotham,2022-12-31,2023-02-28,7.09090982207998,0.0106847225876217,0.0706842551630594,0.221561301317127,0.188032638004642,0.164029975020816,0.131487889273356,0.0622335553106419,6.57412688367088,-0.000228331396311426,-0.0732226994797183,0.228332380369255,-0.207050692840115,-0.227360248245163,0.0463042997751948,0.339640270319118,0,0.393939393939394,0.504898266767145,0.567652493854533,0.444914370775223
greenhaven-road,2022-12-31,2023-02-28,3.49650756146648,0.131802726257256,0.227821800067109,0.940918359445577,0.100197044679756,0.0303030303030303,0.238095238095238,-0.0710659347925544,3.56707018041969,-0.253548403867214,,0.392255385180159,-0.419308904117347,,0.16312607037597,0.456462040919893,0,0.939393939393939,0.504898266767145,0.455075815136205,0.672411143779755
greenlight,2022-12-31,2023-02-28,3.73766961828337,0.119115850224041,0.283677962211404,0.797369103672106,0.180915715956333,0.119047619047619,0.119047619047619,0.0225399504387118,3.76986427162826,0.201428447902189,0.549189287043268,0.372179384234864,-0.184274407598155,0.639841616615471,0.0785832113027402,0.371919181846663,0,0.0454545454545455,0.504898266767145,0.70285879937415,0.682009160518646
harris,2022-12-31,2023-02-28,4.96284463025991,0.0209366494525304,0.0658901724592828,0.340496763267112,0.264559535523374,0.041958041958042,0.0283687943262411,-0.195017525762083,10.5801896825208,0.0138978582112673,0.0776626995844012,0.424835330581404,-0.298304934299098,-0.546510981620872,-0.00495392452449539,0.288382046019427,1,0.333333333333333,0.504898266767145,0.406916951168053,0.517131209373474
himalaya,2022-12-31,2023-02-28,1.79175946922806,0.207951865423335,0.297629690896251,1,0.0708345489121938,0,0,0.100152581613872,16.5170663189459,-0.180052079618291,,0.340012760217857,-0.302152846423451,,0.0574625910893936,0.350798561633316,0,0.833333333333333,0.504898266767145,0.298863359286693,0.231340751051903
hitchwood,2022-12-31,2023-02-28,2.94443897916644,0.0987322550756386,0.219371990457495,0.805699094166219,0.170850482464895,0.157894736842105,0.111111111111111,-0.344406597464653,16.0811582465499,-0.234328972572535,-0.536875658245156,0.377773565341987,-0.425486461499566,-1.8905823604371,,,,0.924242424242424,0.504898266767145,0.318100510323901,0.269404619932175
hound,2022-12-31,2023-02-28,2.56494935746154,0.111080262470838,0.172110945514719,0.966109926313872,0.4372942238202,0.0769230769230769,0.25,-0.443078758306129,9.38651416074469,-0.0304815601627032,-0.375556814930391,0.261575076612655,-0.238788695169222,-3.31826098942175,-0.0717719422476791,0.221564028296244,1,0.545454545454545,0.504898266767145,0.308448009693844,0.340629309415817
icahn,2022-12-31,2023-02-28,2.77258872223978,0.502800467774721,0.698466340691704,0.97270043957527,0.0414861098923891,0,0.0588235294117647,0.0245366281221167,1.49259118837934,0.241693485556482,0.0641194063171098,0.204887668954463,-0.0767831108505919,-0.237013289544423,-0.701506873315004,-0.408170902771081,1,0.0303030303030303,0.504898266767145,0.420397223786964,0.693764448165894
impactive,2022-12-31,2023-02-28,2.19722457733622,0.141277486273707,0.180773172613712,1,0.118499143595249,0.222222222222222,0.222222222222222,0.129989069967022,4.10252564621387,0.0552154545208737,,0.265015011108242,-0.233338788946638,,-0.222975875351324,0.0703600951925986,1,0.181818181818182,0.504898266767145,0.41086936418081,0.489379584789276
kingdon,2022-12-31,2023-02-28,3.66356164612965,0.0390529449735755,0.0661263114123349,0.502987977721625,0.554883174006465,0.333333333333333,0.446808510638298,0.176059636927359,5.16903887477365,-0.080520035126521,,0.300831894341464,-0.261868515267528,,-0.00820405984391381,0.285131910700009,1,0.636363636363636,0.504898266767145,0.300320265002993,0.482966095209122
lansdowne,2022-12-31,2023-02-28,2.70805020110221,0.187928685187114,0.275162900574715,0.993624173190856,0.247071443552858,0.0666666666666667,0.176470588235294,0.0380237251873634,6.16516220406883,0.0262153945599861,-0.111577361873351,0.406838753828023,-0.330703594125877,-0.999052859920877,0.0554697462872313,0.348805716831154,0,0.287878787878788,0.504898266767145,0.333358493921767,0.456715762615204
lone-pine,2022-12-31,2023-02-28,3.40119738166216,0.0529369480291802,0.0829886929534879,0.636788207670168,0.20743393678505,0.233333333333333,0.233333333333333,-0.0128788970897729,14.4981604959208,-0.217073543500613,-0.510804614463068,0.297104970009316,-0.33991821760504,-1.69652797686924,0.116281670599952,0.409617641143875,0,0.893939393939394,0.504898266767145,0.31559982077351,0.545835435390472
markel-13f,2022-12-31,2023-02-28,4.89783979995091,0.0243429788608699,0.0700079958347839,0.392191921856267,0.102817636323852,0.0597014925373134,0.0381679389312977,0.0960982926011678,10.0230529248967,0.0343301710046727,0.0895797508178412,0.254354635278713,-0.195935153758009,1.18109654571541,-0.0425652245992131,0.25077074594471,1,0.227272727272727,0.504898266767145,0.409612245765513,0.634247958660126
marshall-wace,2022-12-31,2023-02-28,7.72356247227797,0.00341207610897937,0.0163569484038601,0.108399453101574,0.369116472246877,0.269349845201238,0.334407735697019,-0.0255857191531108,6.43746722096445,-0.0164970754978108,-0.0728838813854018,0.236156593789654,-0.19759569795992,-0.610919570718462,0.0372538006679999,0.330589771211923,0,0.454545454545455,0.504898266767145,0.521081058753288,0.504349827766419
matrix,2022-12-31,2023-02-28,2.83321334405622,0.107755991925066,0.190306598891892,0.926669738907108,0.234973795109072,0.0588235294117647,0.384615384615385,0.00202972210246877,9.16410795813851,-0.164116336455253,-0.4400579932996,0.392300102446245,-0.349302700703431,-1.95805546838755,0.332935357757865,0.626271328301788,0,0.787878787878788,0.504898266767145,0.410524746064609,0.540515840053558
maverick,2022-12-31,2023-02-28,5.92692602597041,0.0887301383084544,0.272921580186723,0.556668533924595,0.168096427933787,0.325333333333333,0.262390670553936,-0.0761715192428847,9.96695169842621,-0.194576595495534,-0.570774196365907,0.400944759308309,-0.274102708194391,-1.91860908597276,0.1656117371786,0.458947707722523,0,0.848484848484848,0.504898266767145,0.725074848365072,0.701869428157806
oaktree,2022-12-31,2023-02-28,5.83773044716594,0.0528477300631142,0.166139397830328,0.563617984050845,0.170763732521314,0.113702623906706,0.195767195767196,0.0433744079365075,2.73109582103169,0.153990061176421,,0.251828239761943,-0.150231455339661,,-0.0311696190013654,0.262166351542557,1,0.0606060606060606,0.504898266767145,0.661149353274449,0.750508666038513
paulson,2022-12-31,2023-02-28,3.09104245335832,0.105528946436047,0.165797282122493,0.883139265886408,0.227642469533339,0.0454545454545455,0.25,-0.206805644562272,2.89012610677333,-0.145509383383078,,0.313804842467177,-0.422204271591498,,-0.361897355214956,-0.0685613846710335,1,0.757575757575758,0.504898266767145,0.282989083232731,0.436422973871231
pershing-square,2022-12-31,2023-02-28,1.79175946922806,0.174269343694367,0.235322654804369,1,0.0576195734215487,0,0,0.108979608148991,6.77795964483395,0.0765406072461946,0.234201759311665,0.278801016349196,-0.187207705391863,0.848471576817194,0.00710995748397603,0.300445928027899,0,0.121212121212121,0.504898266767145,0.34211895143023,0.491567671298981
polen,2022-12-31,2023-02-28,4.53259949315326,0.0475322500035018,0.0861288766875975,0.588430457140205,0.114203226992099,0.10752688172043,0.0235294117647059,-0.0422323467030976,15.5782686792507,-0.0957359122190151,-0.187423961092915,0.299948620137139,-0.278919697096282,-0.829672507954775,0.153421583120803,0.446757553664726,0,0.712121212121212,0.504898266767145,0.399497834096795,0.537686944007874
pzena,2022-12-31,2023-02-28,5.19295685089021,0.0211060073868622,0.0489364758999562,0.353165605038406,0.0838898413931634,0.144444444444444,0.114942528735632,0.115632925046732,5.42081226202126,0.0868033916087354,0.177994033160643,0.295482325704941,-0.204954358776045,-0.816367813528839,-0.141578551711387,0.151757418832536,1,0.0909090909090909,0.504898266767145,0.670116709482495,0.627607762813568
ruane-cunniff,2022-12-31,2023-02-28,3.46573590279973,0.0661884051715289,0.109777234428677,0.728764440437461,0.0578083159988243,0.0625,0.032258064516129,-0.0504513629914998,12.5497620199327,-0.0818089803109274,-0.0311773741166057,0.269282967127084,-0.254419823519072,-0.620627021226491,0.00431656659912449,0.297652537143047,0,0.651515151515152,0.504898266767145,0.437248616993445,0.598834872245789
sachem-head,2022-12-31,2023-02-28,2.89037175789616,0.166645839075107,0.264042372831234,0.930449778097593,0.312072654248412,0.277777777777778,0.380952380952381,-0.0472284617146155,6.18216245577464,-0.157913892157456,,0.343831524843128,-0.32641740738335,,-0.16418988478524,0.129146085758683,1,0.772727272727273,0.504898266767145,0.384260051061231,0.591938853263855
sands,2022-12-31,2023-02-28,4.20469261939097,0.0324301042026531,0.0812776778548904,0.458598001384431,0.136857520531307,0.0447761194029851,0.0447761194029851,-0.00664815173836248,11.1413127177717,-0.169735402996775,-0.398060040635436,0.368856661723088,-0.35937039061051,-1.36900584503077,0.163409169930327,0.45674514047425,0,0.803030303030303,0.504898266767145,0.357844206754447,0.388327330350876
semper-augustus,2022-12-31,2023-02-28,3.49650756146648,0.0841803235667504,0.192611359762059,0.730641994264821,0.0613173256386652,0,0.0294117647058824,0.105065517516715,7.9028692446154,0.0697315192589,0.199019117813178,0.26776889667615,-0.20457589207574,0.712389790489762,-0.102608971025989,0.190726999517934,1,0.151515151515152,0.504898266767145,0.506839677262402,0.58567875623703
senator,2022-12-31,2023-02-28,3.73766961828337,0.0673074974971908,0.20159816649499,0.613657230794123,0.527205100879923,0.333333333333333,0.428571428571429,0.0103299017659788,7.71637992940312,-0.0337892555799322,-0.434386513425568,0.267945864688287,-0.212909570874005,-2.9252752475539,0.109639473424616,0.402975443968538,0,0.575757575757576,0.504898266767145,0.518173617961297,0.618093848228455
soroban,2022-12-31,2023-02-28,2.94443897916644,0.105265507677633,0.216237785334749,0.830114298510074,0.14602779648183,0,0.525,-0.104051037897781,13.7103670575772,-0.0308639918512061,-0.314201077825974,0.274327410543225,-0.254908278294472,-2.77911985460584,-0.015518991501905,0.277816979042018,1,0.560606060606061,0.504898266767145,0.628614167281997,0.448201060295105
southeastern,2022-12-31,2023-02-28,3.68887945411394,0.0433656999938892,0.0752456373883019,0.55140226260658,0.100093390378604,0.025,0,-0.330634538231271,5.46022526859305,-0.017416224892268,-0.090010515536766,0.290577982117968,-0.240067697435937,-1.21111879993143,-0.139053922861682,0.154282047682241,1,0.46969696969697,0.504898266767145,0.435650252858919,0.373344242572784
srs,2022-12-31,2023-02-28,3.04452243772342,0.334324883501385,0.546322717270939,0.972386205843465,0.106158129051014,0.142857142857143,0.142857142857143,0.0839301921814171,7.30450251973645,0.0737902740294439,0.708070752749928,0.601630260838347,-0.405082535938602,0.986642699836296,-0.306678198477716,-0.0133422279337933,1,0.136363636363636,0.504898266767145,0.632737936203459,0.429417192935944
starboard,2022-12-31,2023-02-28,4.99043258677874,0.0695617744046643,0.146757877147809,0.735591773445917,0.200088612167536,0.0408163265306122,0.198863636363636,0.137148738283926,5.57150909756269,-0.023611547908099,,0.237783155292966,-0.206786223608588,,-0.0547989963820431,0.23853697416188,1,0.515151515151515,0.504898266767145,0.513575752871465,0.648017644882202
steadfast,2022-12-31,2023-02-28,3.43398720448515,0.055188507256325,0.106224472934645,0.644851169933149,0.371830837245932,0.225806451612903,0.294117647058824,-0.222590222348508,11.2692911747677,-0.0518106717857736,-0.420025107803938,0.253388709101665,-0.2180955064448,-2.62804517158193,0.12244479431338,0.415780764857303,0,0.621212121212121,0.504898266767145,0.390644286279754,0.29037356376648
suvretta,2022-12-31,2023-02-28,4.48863636973214,0.025910047157465,0.0571657515506941,0.392788093694062,0.433604590360476,0.460674157303371,0.333333333333333,0.00255362203229215,7.21001253200342,0.0297481555285953,-0.258267806863115,0.246151184241264,-0.192255559440935,-1.20975342068512,0.114156644962945,0.407492615506868,0,0.272727272727273,0.504898266767145,0.408041485576535,0.477558434009552
tci,2022-12-31,2023-02-28,2.30258509299405,0.13781189086009,0.178437144663583,1,0.0724794816587344,0.1,0.1,0.0462568139406425,18.7253927123229,-0.0961802058934497,-0.0920614887498613,0.269440717460468,-0.255887496621515,-0.188179478395072,0.171037387066426,0.464373357610348,0,0.727272727272727,0.504898266767145,0.305293292674894,0.424748927354813
third-avenue,2022-12-31,2023-02-28,4.00733318523247,0.0400733306305793,0.116070615725328,0.494063953815418,0.171533352633839,0.109090909090909,0.0754716981132076,0.123191843225787,3.16014384622044,0.153893021553673,-0.00708382373560479,0.276922759090081,-0.214797364347683,-0.733494951915664,-0.0407225691139419,0.252613401429981,1,0.0757575757575758,0.504898266767145,0.524994091556548,0.682736814022064
third-point,2022-12-31,2023-02-28,3.78418963391826,0.0898804693844719,0.160950423388534,0.803319014019706,0.279523451412916,0.136363636363636,0.377049180327869,0.0752868730274816,9.35477196694558,-0.123478303857998,-0.352718459700418,0.222346858003254,-0.238323105881435,-0.928145907144683,-0.0945110046247956,0.198824965919127,1,0.742424242424242,0.504898266767145,0.374136328433651,0.700663566589356
tiger-global,2022-12-31,2023-02-28,4.00733318523247,0.0810881858070397,0.154455133467907,0.755738373399631,0.286220549589167,0.145454545454545,0.265625,-0.288487369710593,17.3932072289133,-0.287489830639618,-0.576838030909118,0.321161084065558,-0.40476908136704,-1.3513682585466,0.349629179524554,0.642965150068477,0,0.954545454545455,0.504898266767145,0.227357996522516,0.425514936447144
tiger-management,2022-12-31,2023-02-28,3.36729582998647,0.064527061798453,0.111111144119444,0.728421703042858,0.513114923951011,0.448275862068966,0.238095238095238,-0.0549853259721314,13.4451448960237,-0.175397628308129,-0.221377477683059,0.31164104878852,-0.303385389298723,-1.33111438685306,,,,0.818181818181818,0.504898266767145,0.268495295087552,0.478897929191589
tweedy-browne,2022-12-31,2023-02-28,3.80666248977032,0.0776432551160661,0.170456995988965,0.76313383587078,0.11759814589207,0.0444444444444444,0.0652173913043478,-0.190343313484178,10.9756297558822,0.00403610403933002,-0.0700358914567594,0.205040502236136,-0.185185109335135,-0.739971924463581,-0.0761829226124014,0.217153047931521,1,0.348484848484849,0.504898266767145,0.478356987211355,0.523814260959625
valueact,2022-12-31,2023-02-28,2.19722457733622,0.174263715052362,0.27888504913422,1,0.164079095578721,0.111111111111111,0.333333333333333,-0.106035187245891,6.92181327013681,0.0834993556253532,0.224929521273314,0.300325713019097,-0.205004249153124,0.10327695005463,0.106469516573896,0.399805487117819,0,0.106060606060606,0.504898266767145,0.499446747385641,0.523614406585693
viking,2022-12-31,2023-02-28,4.33073334028633,0.0273899504089077,0.0601670009253592,0.416231940433531,0.290476770437251,0.184210526315789,0.295454545454545,-0.0808749781627327,11.2275830279063,0.00324686048074778,-0.14650442590537,0.270407905141265,-0.214876644524474,-0.520416577161463,0.0342409427907041,0.327576913334627,0,0.378787878787879,0.504898266767145,0.385259317335041,0.55060613155365
whale-rock,2022-12-31,2023-02-28,3.66356164612965,0.047084091687349,0.0891579651557231,0.5966031727321,0.439466466566909,0.333333333333333,0.35,-0.178898183845431,11.1644821738522,-0.205201957480301,-0.19341571065262,0.382240316312691,-0.394786146891222,-0.214152440051557,0.527687112283423,0.821023082827346,0,0.863636363636364,0.504898266767145,0.231901733439485,0.465417563915253
yacktman,2022-12-31,2023-02-28,4.21950770517611,0.0306255661279997,0.0839473459616109,0.427169723569771,0.0954823682796394,0.0294117647058824,0.0149253731343284,0.0897423842872298,9.03035958513004,0.0375013470866203,0.128502980610963,0.218555812191521,-0.184397109746439,0.575534236953576,-0.122330785523459,0.171005185020464,1,0.212121212121212,0.504898266767145,0.441811182535013,0.575178921222687
abrams,2023-03-31,2023-05-31,2.77258872223978,0.103164976475276,0.170231081275786,0.91932487070744,0.0708055583905198,0,0,0.120006395987903,11.4823054227806,0.0675979019262348,0.0353346984707503,0.289505896751993,-0.115436719978346,-0.259318670493285,0.0290979338759044,0.31141301243683,0,0.151515151515152,0.505747126436782,0.499041350611625,0.640798687934876
adage,2023-03-31,2023-05-31,6.81673588059497,0.00902444216707289,0.0535245643977289,0.214232549489777,0.182329275459043,0.139101861993428,0.192189105858171,0.0644196753849768,10.0563619094949,0.0576024027707415,0.0206995610421611,0.23066786117614,-0.133011998335291,1.23661098548696,0.0291470120026339,0.31146209056356,0,0.196969696969697,0.505747126436782,0.482814656199502,0.554574549198151
akre,2023-03-31,2023-05-31,2.89037175789616,0.109537261387688,0.187909715870968,0.924394935131208,0.0330271545857962,0,0.0526315789473684,0.026697547057996,12.2281545287065,-0.0357089542593141,-0.246152313666419,0.268980943221808,-0.186556788178396,-1.31458478150454,-0.00641850680174089,0.275896571759185,1,0.712121212121212,0.505747126436782,0.496420145927473,0.473961472511292
altimeter,2023-03-31,2023-05-31,2.39789527279837,0.309454242483857,0.520807564928956,0.99956928986335,0.0973182214463456,0.0909090909090909,0.0909090909090909,0.220404387324582,16.0677777495038,0.115225214030568,-0.555247935451947,0.358454437589836,-0.216059604483874,-0.688416961532307,-0.0330376101758711,0.249277468385055,1,0.106060606060606,0.505747126436782,0.322032115964137,0.22804556787014
appaloosa,2023-03-31,2023-05-31,3.3322045101752,0.0696482293165897,0.118582641175885,0.75498611284547,0.233462861592797,0.178571428571429,0.0416666666666667,0.316765048034767,17.5736063955799,-0.0287299073564882,0.117627962123902,0.279829217089987,-0.101830638610511,0.477966942064548,0.238902870634027,0.521217949194953,0,0.651515151515152,0.505747126436782,0.404011071642029,0.510685861110687
atreides,2023-03-31,2023-05-31,3.40119738166216,0.0591362067598321,0.134642760212093,0.652680789909878,0.354828485257173,0.3,0.382352941176471,0.104439012741136,9.40176153133619,0.0577337098935111,0.0690252498045123,0.331543323071486,-0.190144236877485,0.407588574509211,0.102078468100661,0.384393546661586,0,0.181818181818182,0.505747126436782,0.45105149642347,0.560034334659576
baupost,2023-03-31,2023-05-31,3.40119738166216,0.078912540013197,0.165550669922944,0.780686205473132,0.159261066718462,0.1,0.181818181818182,-0.047327574442483,6.76455022293145,-0.07951882119697,-0.403586209261539,0.296478588119002,-0.184605460140371,-2.23872363982115,-0.192348249646615,0.0899668289143104,1,0.833333333333333,0.505747126436782,0.572259656922023,0.661651968955994
berkshire-13f,2023-03-31,2023-05-31,3.87120101090789,0.24455796541772,0.464385857781045,0.901481167397717,0.0845676735055994,0.0625,0.0816326530612245,0.0836906849208575,11.4967865531262,0.00827690609153328,0.247313997422517,0.277008663114016,-0.130632222800433,1.05598776290865,-0.109123048792719,0.173192029768207,1,0.439393939393939,0.505747126436782,0.597818716106815,0.521442115306854
cantillon,2023-03-31,2023-05-31,3.61091791264422,0.0318123876488477,0.05736674343001,0.410282393934831,0.0813821017523282,0.027027027027027,0.0769230769230769,0.0391946012561984,10.0484493114537,-0.00936491310305635,-0.10905929298329,0.241132642412402,-0.162272764680464,-0.738373142583911,-0.0380549255027096,0.244260153058216,1,0.545454545454545,0.505747126436782,0.470631354664384,0.416944742202759
coatue,2023-03-31,2023-05-31,4.30406509320417,0.0522048608207822,0.113592311082574,0.640929753424437,0.338037374398547,0.310810810810811,0.291666666666667,0.52307218929685,16.4365614219746,0.015263694510878,-0.525205276134183,0.378492809511607,-0.229119722992736,-1.30208435877609,0.192264841708124,0.47457992026905,0,0.378787878787879,0.505747126436782,0.380898285433683,0.362323135137558
corvex,2023-03-31,2023-05-31,3.43398720448515,0.100548191877344,0.185801123063654,0.827054601762014,0.237582780605713,0.193548387096774,0.107142857142857,0.100631213896204,7.26935691901863,0.0433328167665788,0.0865055654477305,0.262596543626123,-0.109675246628378,0.00780767659681032,-0.00555609825832853,0.276758980302597,1,0.272727272727273,0.505747126436782,0.506710476323011,0.636088013648987
d1,2023-03-31,2023-05-31,3.55534806148941,0.0420852611188505,0.0844675898684253,0.530786409666634,0.499454009903654,0.485714285714286,0.4,0.0858207512845705,14.7419715946818,-0.0864873989970203,-0.573906726688622,0.293794457616128,-0.16911856092832,-1.90162144957714,0.0741446861925281,0.356459764753454,0,0.878787878787879,0.505747126436782,0.333131901809682,0.438386499881744
darsana,2023-03-31,2023-05-31,2.484906649788,0.113244486789975,0.178616151480157,0.970072415882473,0.270626615420517,0.166666666666667,0.0909090909090909,-0.00937118541241989,12.8463851894871,-0.0471346326897137,-0.224187915776684,0.284352938859812,-0.128551004322135,-0.333990552875275,0.249876548368255,0.532191626929181,0,0.757575757575758,0.505747126436782,0.318071232339367,0.464041948318481
dragoneer,2023-03-31,2023-05-31,3.40119738166216,0.0696613296789359,0.124053665403499,0.748429238178191,0.152179666059913,0.0666666666666667,0.0967741935483871,0.268449602151701,7.0076268844802,0.0193148407504179,-0.775745712543225,0.329158022306816,-0.207295086228705,-1.64342689134135,-0.18340326108258,0.0989118174783456,1,0.348484848484849,0.505747126436782,0.335408127468088,0.401243388652802
duquesne,2023-03-31,2023-05-31,3.87120101090789,0.0642224499228776,0.131025487698134,0.707797970343794,0.42091361132803,0.395833333333333,0.491228070175439,0.138544067087208,12.8966383277436,0.150734656488827,0.07253046301669,0.281644481797575,-0.091746347428449,0.380019425278358,0.375430430930753,0.657745509491678,0,0.0606060606060606,0.505747126436782,0.48783022416479,0.676967978477478
egerton,2023-03-31,2023-05-31,3.2188758248682,0.0681479618116943,0.14605469408943,0.685349168677229,0.228029742708893,0.24,0.0952380952380952,-0.22661376178752,12.5720435585802,0.0202047083040639,-0.217773552247509,0.238791895047183,-0.130124018626825,-1.54578037372336,0.0319085812011043,0.31422365976203,0,0.333333333333333,0.505747126436782,0.483037227635476,0.412829577922821
elliott,2023-03-31,2023-05-31,3.68887945411394,0.129873085443839,0.246600210168487,0.866196086357389,0.142523016684996,0.05,0.136363636363636,-0.045777719819719,4.32019548423247,0.0302805942819613,,0.269977756361014,-0.0816178124667171,,0.17803586708826,0.460350945649186,0,0.303030303030303,0.505747126436782,0.600410670495701,0.683730185031891
eminence,2023-03-31,2023-05-31,4.17438726989564,0.0236507890316773,0.0680550074586033,0.332171119010406,0.254139809678051,0.215384615384615,0.203125,0.0955831867852597,7.80523649458155,0.0495687768237979,0.307844851347316,0.239799298177816,-0.083587325518847,1.17330418252068,0.0648923698291752,0.347207448390101,0,0.227272727272727,0.505747126436782,0.506602398204133,0.579399645328522
farallon,2023-03-31,2023-05-31,5.2257466737132,0.0220593954740041,0.0441391676855805,0.344143924009113,0.183435518520132,0.0860215053763441,0.264069264069264,0.138269037735259,9.68702915069461,0.017088435545508,-0.171389807169794,0.222565523906633,-0.153742002420875,-0.616140579393222,-0.0948763252354214,0.187438753325504,1,0.363636363636364,0.505747126436782,0.495267307729259,0.528337836265564
fisher,2023-03-31,2023-05-31,6.93049476595163,0.0123183315360002,0.0522766398156824,0.260198089036931,0.0779336463641687,0.0654936461388074,0.06640625,0.110009121954544,9.95553755064579,0.0632337743915425,-0.0672018264962453,0.255309177369772,-0.14998617589824,0.000473050866093041,0.0557521596342289,0.338067238195154,0,0.166666666666667,0.505747126436782,0.579329893421783,0.424808204174042
fundsmith,2023-03-31,2023-05-31,3.68887945411394,0.0540954555379869,0.112351230184891,0.638333644295275,0.073942922575957,0.075,0.0263157894736842,0.0567590490613804,14.4462218473902,0.0130796655481177,-0.167724259377122,0.234191559250411,-0.151320141722463,-0.61770568967055,-0.123908116323726,0.158406962237199,1,0.409090909090909,0.505747126436782,0.461378669649526,0.448710650205612
gardner-russo,2023-03-31,2023-05-31,4.43081679884331,0.0750912971173019,0.124578966926631,0.806350278107572,0.0420379209379854,0.0238095238095238,0.0120481927710843,0.0618573385051982,9.33219503077147,0.00271914383451402,-0.0598312706236254,0.211434120735233,-0.130808718843254,-0.339005091737092,-0.0611579233692813,0.221157155191644,1,0.46969696969697,0.505747126436782,0.528977874885657,0.666582226753235
giverny,2023-03-31,2023-05-31,4.0943445622221,0.0460560413270294,0.0827636713445309,0.588221219612225,0.087663491194831,0.0166666666666667,0.106060606060606,0.0258561211433186,10.0220355231173,-0.0322922601449228,-0.0542115844608486,0.225326540712259,-0.120977308949802,-0.935270580850162,-0.0209559866677349,0.261359091893191,1,0.681818181818182,0.505747126436782,0.565514471328396,0.5910484790802
glenview,2023-03-31,2023-05-31,3.97029191355212,0.0493293353855301,0.11628516639371,0.579315259478221,0.166448236662431,0.283018867924528,0.254901960784314,-0.025651196540447,7.61075424770971,-0.0292960115207834,0.209942822505119,0.235844090277539,-0.10275432330854,0.220861549896981,-0.00939619249744833,0.272918886063477,1,0.666666666666667,0.505747126436782,0.646653777911654,0.667844474315643
gotham,2023-03-31,2023-05-31,7.1770187659099,0.0106070297252384,0.0653446232029492,0.223372474871728,0.206976363148827,0.171886936592819,0.0974188176519567,0.149190720251745,6.29443334120987,-0.00443989874967852,-0.0495263124367789,0.216037218746916,-0.127128242137528,-0.27886932216247,0.00536982665498315,0.287684905215909,0,0.484848484848485,0.505747126436782,0.603574261907754,0.545132160186768
greenhaven-road,2023-03-31,2023-05-31,3.61091791264422,0.141221689010489,0.248284942854388,0.920326182287386,0.186642211918394,0.162162162162162,0.0606060606060606,2,4.15712288258173,-0.124194935225855,0.76211931980463,0.343346270526488,-0.25381958202607,0.865232283223597,0.119781697224706,0.402096775785632,0,0.954545454545455,0.505747126436782,0.727849579886849,0.444545358419418
greenlight,2023-03-31,2023-05-31,3.66356164612965,0.130579653151278,0.316366350631592,0.775963175821873,0.13465545323809,0.205128205128205,0.261904761904762,0.241938564015027,3.67294130532782,0.198219534692985,1.01927371170028,0.359600323522889,-0.121583991111656,1.70310019628278,0.0343708001963929,0.316685878757319,0,0.0151515151515152,0.505747126436782,0.854569547600602,0.641897916793823
harris,2023-03-31,2023-05-31,5.00394630594546,0.0230176271255052,0.074304730338409,0.364860800844199,0.0962810985915152,0.100671140939597,0.0629370629370629,0.047835030825072,11.8369947458277,-0.00555085157626007,0.198010656527974,0.412188743607737,-0.164139474389037,-0.295124250645162,0.0101528412540055,0.292467919814931,0,0.5,0.505747126436782,0.669053488887034,0.493720769882202
himalaya,2023-03-31,2023-05-31,1.94591014905531,0.172084020111079,0.253577207865444,1,0.103621488745494,0.142857142857143,0,0.0565296183489572,16.6103579659687,-0.0765280257660462,,0.327895624764354,-0.145974782055459,,0.103701065991539,0.386016144552464,0,0.818181818181818,0.505747126436782,0.413379241132724,0.25167441368103
hitchwood,2023-03-31,2023-05-31,2.94443897916644,0.0712134457697796,0.124176320471871,0.768852806903944,0.466701299364456,0.526315789473684,0.526315789473684,-0.617535437386309,15.0359888779458,0.0134547607480802,-0.544790143681204,0.316269396099501,-0.238862399775019,-1.42060162613308,,,,0.393939393939394,0.505747126436782,0.283426428260777,0.240358337759972
hound,2023-03-31,2023-05-31,2.63905732961526,0.0890866680934376,0.144190019689102,0.87190297245715,0.314462325374182,0.214285714285714,0.153846153846154,0.160947479705046,11.4735583279599,-0.0075976594867306,-0.329529588302847,0.246898331488694,-0.121896635267798,-2.51870773242805,-0.0662627135001832,0.216052365060742,1,0.515151515151515,0.505747126436782,0.466328089656795,0.308544129133225
icahn,2023-03-31,2023-05-31,2.83321334405622,0.511528330910052,0.70428176106431,0.975813974435636,0.0290037033885732,0.0588235294117647,0,0.0124203430797507,1.46111199312865,-0.421197011411656,-0.384127757073573,0.464392152314465,-0.44492202180636,-0.711078631170078,-0.296669484720707,-0.0143544061597817,1,1,0.505747126436782,0.27229818432825,0.368247330188751
impactive,2023-03-31,2023-05-31,2.19722457733622,0.120633908628992,0.174733567598006,1,0.117072683188502,0,0,0.120682497474453,4.22967331056725,-0.056616770422032,,0.273262694320357,-0.169861447375724,,-0.162450104803789,0.119864973757136,1,0.772727272727273,0.505747126436782,0.416487224414543,0.438544481992722
kingdon,2023-03-31,2023-05-31,3.80666248977032,0.0326270625921506,0.0601122644931097,0.450127928695505,0.403057358578967,0.333333333333333,0.230769230769231,0.101263318548268,6.60379793797173,-0.0683357931193378,,0.28041329045977,-0.115993680689552,,0.128047321847749,0.410362400408675,0,0.803030303030303,0.505747126436782,0.429702817792342,0.492531418800354
lansdowne,2023-03-31,2023-05-31,3.04452243772342,0.14891778636274,0.257200834679447,0.961483057643519,0.246421417243318,0.333333333333333,0.0666666666666667,0.294315740813268,6.0001413566346,0.0426238198224888,0.328462231964141,0.395754924086167,-0.16466744109022,0.144273618735068,0.14390184661386,0.426216925174786,0,0.287878787878788,0.505747126436782,0.603148303764997,0.381837368011475
lone-pine,2023-03-31,2023-05-31,3.36729582998647,0.0482146620770637,0.0815843708966555,0.589862181018412,0.144503851780991,0.0689655172413793,0.1,0.0306605810610841,14.8732153716474,-0.0358637628522768,-0.576138884178916,0.258807670186199,-0.123762398595818,-1.73839907645964,0.0325070889932458,0.314822167554171,0,0.727272727272727,0.505747126436782,0.379000648081637,0.263698935508728
markel-13f,2023-03-31,2023-05-31,4.87519732320115,0.0236520748034815,0.0659894566968154,0.386132161013965,0.0588619670249181,0.0229007633587786,0.0447761194029851,0.0524550863515331,10.729151997722,-0.0192940579014286,0.059533467845674,0.236701742020337,-0.116296752338362,-0.0379206815518672,0.00245516029453841,0.284770238855464,0,0.590909090909091,0.505747126436782,0.570117892508248,0.6365727186203
marshall-wace,2023-03-31,2023-05-31,7.63482067774554,0.00494585482913105,0.0270744591867581,0.149817436226987,0.407363784531381,0.319478008699855,0.377266696152145,0.0452466435859017,8.05790911690447,-0.0192860432902851,-0.137194595358815,0.210729828705094,-0.103773883935068,-1.2540795413682,0.0525680361653258,0.334883114726251,0,0.575757575757576,0.505747126436782,0.610938467163416,0.575917720794678
matrix,2023-03-31,2023-05-31,2.83321334405622,0.124105551389884,0.204289251136534,0.950275268198254,0.165500969397919,0.0588235294117647,0.0588235294117647,0.340384454546712,10.6271172509208,0.155824992131143,-0.431564301710119,0.34140764082176,-0.137587152134759,-1.22228807597952,0.237187616628455,0.519502695189381,0,0.0454545454545455,0.505747126436782,0.40001492798851,0.324955016374588
maverick,2023-03-31,2023-05-31,6.10255859461357,0.107041701322222,0.305478648581912,0.583679393310174,0.234852520087098,0.429530201342282,0.32,-0.0544982317417434,11.3389932476694,0.124943783226236,-0.553938466577661,0.315137130342421,-0.129484607120705,-1.50759179356164,0.15322884177129,0.435543920332215,0,0.0909090909090909,0.505747126436782,0.695209259377848,0.421088010072708
oaktree,2023-03-31,2023-05-31,5.70044357339069,0.0578275248319218,0.184916898127937,0.570766393424545,0.123277597975561,0.183946488294314,0.288629737609329,-0.0303522509052447,2.72947642823186,-0.0453601325370185,,0.243510786392616,-0.0913856526278936,,,,,0.742424242424242,0.505747126436782,0.769124774614113,0.756031513214111
paulson,2023-03-31,2023-05-31,2.99573227355399,0.10589802327743,0.178049350258068,0.87138899874702,0.159050365770125,0.1,0.181818181818182,0.0794238889768814,3.16236512620121,-0.0211587723862569,,0.261605578689946,-0.138523968315544,,-0.212560128926841,0.0697549496340846,1,0.606060606060606,0.505747126436782,0.527871979842901,0.490731537342072
pershing-square,2023-03-31,2023-05-31,2.07944154167984,0.145999411127602,0.196439148722165,1,0.104331768908223,0.25,0,0.151072193728649,8.87781106590907,0.149696346562594,0.300984669916752,0.273054628700246,-0.0772733226054168,1.85742545876175,-0.0470604309022151,0.23525464765871,1,0.0757575757575758,0.505747126436782,0.389192511878864,0.604348659515381
polen,2023-03-31,2023-05-31,4.54329478227,0.052997791179511,0.122221592370968,0.613560987434089,0.0822978340003989,0.0851063829787234,0.0752688172043011,0.101207346524379,17.2022727119228,0.0497011210457158,-0.176301111341793,0.282007512506178,-0.157854628411222,-0.578335677309257,-0.0616126460978088,0.220702432463117,1,0.212121212121212,0.505747126436782,0.506737829698509,0.467387318611145
pzena,2023-03-31,2023-05-31,5.09375020080676,0.0220953952502731,0.0498537149764584,0.374639895786496,0.0988581616045749,0.0858895705521472,0.172222222222222,0.0250730074588911,5.85154385725623,-0.0919663336302981,0.341572693326162,0.28978879145866,-0.131764294281186,0.113453295147372,-0.00433665770497366,0.277978420855952,1,0.909090909090909,0.505747126436782,0.698076869678704,0.560965299606323
ruane-cunniff,2023-03-31,2023-05-31,3.43398720448515,0.0624673777515499,0.103259568839861,0.705477328602532,0.0684647282458443,0.0645161290322581,0.09375,-0.044925822817388,13.635382968436,-0.035172269631345,-0.104487502431125,0.242358421834053,-0.144754336055905,-0.854958632412561,0.000527909126541493,0.282842987687467,0,0.696969696969697,0.505747126436782,0.506389176772292,0.48013898730278
sachem-head,2023-03-31,2023-05-31,2.83321334405622,0.188582087855835,0.30970512427393,0.950916455001911,0.211996443235082,0.235294117647059,0.277777777777778,-0.125248369244516,7.38933840334923,-0.266051747745798,,0.34858138247699,-0.23306512440521,,-0.0598585312615624,0.222456547299363,1,0.984848484848485,0.505747126436782,0.511402615705632,0.44869077205658
sands,2023-03-31,2023-05-31,4.18965474202643,0.0306996346600346,0.0668987267012102,0.448847020063574,0.0918754960426122,0.0303030303030303,0.0447761194029851,0.136886007156549,11.5326052064462,0.0821277496425136,-0.458619083793931,0.308037199257557,-0.144546649027195,-1.46986411517701,-0.000826801073912808,0.281488277487013,1,0.136363636363636,0.505747126436782,0.456816238947473,0.253735452890396
semper-augustus,2023-03-31,2023-05-31,3.52636052461616,0.0825935854247117,0.184338635490402,0.7411990101148,0.0553368937934818,0.0294117647058824,0,0.0614642856507229,8.16484951304162,-0.116035604949624,0.194595701177119,0.254391229174753,-0.0914504919457346,0.164570138638609,0.0399284368444978,0.322243515405423,0,0.939393939393939,0.505747126436782,0.636472909558054,0.708461761474609
senator,2023-03-31,2023-05-31,3.80666248977032,0.0358479674989537,0.0723472350371263,0.481605596494707,0.675192424491638,0.533333333333333,0.5,0.498988651452434,11.5479910490605,-0.0229043715184839,-0.457572850165372,0.241502007791466,-0.127357725802407,-3.00730444134807,0.174806942485554,0.45712202104648,0,0.621212121212121,0.505747126436782,0.423433614256523,0.330674111843109
soroban,2023-03-31,2023-05-31,2.83321334405622,0.143534228172792,0.228118823215903,0.93151978103502,0.208437986927136,0.117647058823529,0.210526315789474,-0.132965768423044,15.4737957165407,-0.083600240498546,-0.260490701636271,0.248835726031565,-0.13983825647904,-2.79840066222654,0.00956731756136092,0.291882396122287,0,0.863636363636364,0.505747126436782,0.558359687283462,0.273062199354172
southeastern,2023-03-31,2023-05-31,3.76120011569356,0.0392037728567032,0.0745180562120198,0.522670975133309,0.150028466973743,0.162790697674419,0.1,0.0359964096889373,6.05490395439593,-0.193683540635693,-0.0551496847910017,0.275994571191449,-0.166630369691976,-0.898033361103988,-0.0362335368895011,0.246081541671425,1,0.96969696969697,0.505747126436782,0.556771244218991,0.697498977184296
srs,2023-03-31,2023-05-31,3.04452243772342,0.298128935278321,0.515043414155457,0.955793884287978,0.142797133016262,0.238095238095238,0.238095238095238,0.231492545937937,7.47965156521434,0.0473518486245739,0.391935113231247,0.517668200924117,-0.156333292620519,0.484050041847306,-0.123869339505516,0.158445739055409,1,0.242424242424242,0.505747126436782,0.743534763579458,0.421362936496735
starboard,2023-03-31,2023-05-31,4.63472898822964,0.0773534634260878,0.157516043499725,0.795233491668637,0.169806150711051,0.0388349514563107,0.326530612244898,-0.0498261638802062,6.72265891259248,-0.0906037652091484,-0.230163159069107,0.221207607216569,-0.121623844590098,-2.91969974698677,0.0656102058864402,0.347925284447366,0,0.893939393939394,0.505747126436782,0.748467838583593,0.755631923675537
steadfast,2023-03-31,2023-05-31,3.78418963391826,0.0382240393200303,0.0967075333315946,0.490957219692082,0.359542997602354,0.409090909090909,0.161290322580645,0.133691892368061,10.903543255663,0.00541596022469507,-0.414763542333112,0.230852950562343,-0.114786074008898,-2.57053449401834,0.117036377463625,0.39935145602455,0,0.454545454545455,0.505747126436782,0.503720479144171,0.397397041320801
suvretta,2023-03-31,2023-05-31,4.52178857704904,0.02579452616083,0.0529704432263808,0.382894713600604,0.350881622302019,0.25,0.224719101123596,-0.138677532159852,8.38030953235552,0.0126228848416878,-0.356406361687756,0.2171615942871,-0.110180444830916,-1.55319437367467,0.13067137370036,0.412986452261286,0,0.424242424242424,0.505747126436782,0.420006279243285,0.372086971998215
tci,2023-03-31,2023-05-31,2.19722457733622,0.127189328903626,0.151033373925508,1,0.152396792432175,0.111111111111111,0.2,-0.0245450820666872,16.7430028423222,0.0453518211678292,-0.000369511705379466,0.25831408807726,-0.169519896983856,0.45241992924333,0.0357710838141828,0.318086162375108,0,0.257575757575758,0.505747126436782,0.300173361326264,0.51555347442627
third-avenue,2023-03-31,2023-05-31,3.98898404656427,0.0383220346115008,0.105005682922076,0.489077470644547,0.147669515001395,0.0185185185185185,0.0363636363636364,0.0176794168845878,3.19888077690997,-0.0278905391306432,0.248450248328849,0.275571814196856,-0.133181549987606,0.400074871476931,0.19289977353935,0.475214852100275,0,0.636363636363636,0.505747126436782,0.567431281005048,0.461098879575729
third-point,2023-03-31,2023-05-31,3.8286413964891,0.0813918186349214,0.156763728238264,0.768855102875416,0.275321451218877,0.304347826086957,0.272727272727273,0.0238488003207151,11.6909552132728,-0.0809325433056683,-0.450291414681756,0.195274735426553,-0.0846158593010706,-1.48549024193073,0.0264187050400018,0.308733783600927,0,0.848484848484848,0.505747126436782,0.483824637734017,0.630225419998169
tiger-global,2023-03-31,2023-05-31,4.02535169073515,0.0773504850414731,0.155544996528334,0.725405878051339,0.186557045311359,0.160714285714286,0.145454545454545,0.297744836230582,20.3604050190657,0.0267813584624796,-0.612605048399654,0.274643870969261,-0.212812952271771,-1.07910159787791,0.195170875695693,0.477485954256618,0,0.318181818181818,0.505747126436782,0.310378819860322,0.358935117721558
tiger-management,2023-03-31,2023-05-31,3.40119738166216,0.0739338504978248,0.126970457928843,0.781654137257399,0.190170120842344,0.166666666666667,0.137931034482759,0.0506895167478734,16.0181801733185,-0.108126320539635,-0.250723083960276,0.287150829578557,-0.142852383111625,-1.45263276703247,,,,0.924242424242424,0.505747126436782,0.484573608706169,0.429870754480362
tweedy-browne,2023-03-31,2023-05-31,3.78418963391826,0.079399091104505,0.172364176813085,0.762575706846757,0.0777579138593669,0.0227272727272727,0.0444444444444444,-0.0221892512505797,11.2215787310376,-0.00990605391412518,0.0188196521278663,0.189700667284034,-0.102520478956287,-0.0925796207628082,-0.0842992094676674,0.198015869093258,1,0.560606060606061,0.505747126436782,0.539955082055631,0.691210508346558
valueact,2023-03-31,2023-05-31,2.19722457733622,0.143221873006283,0.214377233397963,1,0.182802727239137,0.111111111111111,0.111111111111111,0.145729120155851,10.1245472965703,-0.00893720591710926,0.271094723846206,0.296636570759568,-0.151709679686848,-0.00807722585082884,0.101256411220058,0.383571489780983,0,0.53030303030303,0.505747126436782,0.493932906243262,0.38889068365097
viking,2023-03-31,2023-05-31,4.39444915467244,0.0289498395593733,0.0694137075707466,0.429198573346962,0.258344835881658,0.246913580246914,0.197368421052632,0.0645366471270031,11.3724167681072,0.107577991796443,-0.258727766986236,0.228712967301084,-0.111203390534604,-1.14054076700519,-0.0289544118727687,0.253360666688157,1,0.121212121212121,0.505747126436782,0.471394852388577,0.549346923828125
whale-rock,2023-03-31,2023-05-31,3.71357206670431,0.0400716440583362,0.0806157313068532,0.521496939615633,0.445055084281296,0.341463414634146,0.307692307692308,0.422921968140176,13.7323329314283,0.182464135226512,-0.297060866148973,0.341195534846585,-0.184867996539064,0.0138830807462918,0.166292791428683,0.448607869989609,0,0.0303030303030303,0.505747126436782,0.263130489265857,0.211940661072731
yacktman,2023-03-31,2023-05-31,4.21950770517611,0.0313391535341401,0.0832607031886406,0.435687150637297,0.0604953437114611,0.0147058823529412,0.0147058823529412,0.00771009238217459,9.39342318238852,-0.065821946509051,0.12722588164136,0.217997521804217,-0.1046262975241,-0.0107262358172645,-0.015959606486517,0.266355472074409,1,0.787878787878788,0.505747126436782,0.575171524736977,0.65385764837265
abrams,2023-06-30,2023-08-31,2.83321334405622,0.104502140478054,0.205596183318945,0.888133280206536,0.0846117787656931,0.0588235294117647,0,0.0952160437408549,9.32695692098587,0.151109450768634,0.15380856132638,0.276141280091862,-0.068689573909015,0.132692203509991,-0.0380451167496833,0.226105739628982,1,0.09375,0.502057613168725,0.556896239867264,0.648626565933228
adage,2023-06-30,2023-08-31,6.75925527066369,0.0112764332076107,0.0600651279791583,0.245247584138969,0.166283011407151,0.125290023201856,0.174151150054765,0.0309553559574792,10.777120764827,0.0659178418120122,-0.00458657683465313,0.186620359908744,-0.0745151585302757,1.2037404712972,0.0370201131174576,0.301170969496122,0,0.265625,0.502057613168725,0.497831416216646,0.597196757793427
akre,2023-06-30,2023-08-31,2.89037175789616,0.108290270616229,0.192427070007702,0.925612307048622,0.0233447733330169,0,0,0.0552853940976305,12.4783133895169,-0.0180727342180288,-0.160053083577822,0.229055395864335,-0.0514127597522595,-0.78909609775359,0.0361950292647026,0.300345885643367,0,0.65625,0.502057613168725,0.537026053333188,0.596146881580353
altimeter,2023-06-30,2023-08-31,2.39789527279837,0.287133975418589,0.48927817390732,0.999714922721433,0.0718810718281174,0.0909090909090909,0.0909090909090909,0.193985829727591,15.6479680705517,-0.108407071913483,-0.602713061790985,0.264404681793893,-0.133533263479295,-0.817505123335767,-0.0327204804869427,0.231430375891722,1,0.921875,0.502057613168725,0.395215195545592,0.32958197593689
appaloosa,2023-06-30,2023-08-31,3.66356164612965,0.0483445777413861,0.0800639241742688,0.6249928156064,0.524299551620841,0.487179487179487,0.285714285714286,1.06892798353764,17.3274142228151,0.0500539644095454,0.0971299746817454,0.229587646662498,-0.0973733085241607,0.307417252636005,0.078711938556587,0.342862794935252,0,0.34375,0.502057613168725,0.382254514300191,0.435896009206772
atreides,2023-06-30,2023-08-31,3.43398720448515,0.0522380988696726,0.105743127684326,0.61768328416635,0.405217626407575,0.225806451612903,0.2,0.156675094638752,8.06093441203557,0.0477043259421182,-0.177574270245921,0.300870868774425,-0.0860049464314912,-0.272544420909072,-0.00435300335914313,0.259797853019522,1,0.359375,0.502057613168725,0.385576362141849,0.501699566841126
baupost,2023-06-30,2023-08-31,3.36729582998647,0.0745292060614155,0.142428287365237,0.769680557868332,0.1692586015614,0.172413793103448,0.2,-0.0406655355127818,7.4231544565441,-0.0298102511971174,-0.343720194103008,0.269537435597298,-0.0499401411190329,-2.16553086951995,-0.145512826566031,0.118638029812634,1,0.765625,0.502057613168725,0.612975596851302,0.637555181980133
berkshire-13f,2023-06-30,2023-08-31,3.87120101090789,0.284764407143536,0.510035264715994,0.912575306207507,0.0545225466449231,0.0625,0.0625,0.0686002052292755,11.1952372481409,-0.056180828218994,0.0500913106824132,0.23418735976094,-0.0825660826914442,-0.0269048239914241,-0.0224618219820254,0.241689034396639,1,0.84375,0.502057613168725,0.63859579237946,0.673823654651642
cantillon,2023-06-30,2023-08-31,3.63758615972639,0.0322612337389758,0.0635287497975169,0.416073161536605,0.0523773330704608,0.0526315789473684,0.027027027027027,0.152733132108917,10.3147681090605,0.00941391345434658,-0.0291363151729314,0.203371474783375,-0.0448681869497699,0.0246485025993212,0.00434490023898443,0.268495756617649,0,0.484375,0.502057613168725,0.491866030664558,0.553006291389465
coatue,2023-06-30,2023-08-31,4.51085950651685,0.0503223547012968,0.0962550213559449,0.62971840439115,0.23367250666797,0.252747252747253,0.0810810810810811,0.305378606236793,17.5639048709279,-0.00137049085485225,-0.619027430519403,0.324290033242444,-0.139619320063445,-1.92276920502542,0.14643231692998,0.410583173308645,0,0.59375,0.502057613168725,0.426392325497169,0.296557277441025
corvex,2023-06-30,2023-08-31,3.43398720448515,0.0814317251862165,0.156111102683037,0.761406409084545,0.348299088502348,0.258064516129032,0.258064516129032,0.082232268839981,7.37942637893098,-0.0258243521648341,0.0157601460830877,0.236314303545995,-0.0661781992281648,-0.401846813931117,-0.0662065450877864,0.197944311290878,1,0.734375,0.502057613168725,0.519884086289759,0.650177955627441
d1,2023-06-30,2023-08-31,3.63758615972639,0.0416175531298999,0.0727917765708458,0.535406449155579,0.360644251983423,0.289473684210526,0.228571428571429,-0.0222181795176543,12.6168231647569,-0.0704143989671506,-0.539034455159185,0.248492546483191,-0.110974957701684,-1.80511836914765,0.0654774078579508,0.329628264236616,0,0.890625,0.502057613168725,0.376703251738415,0.385827660560608
darsana,2023-06-30,2023-08-31,2.19722457733622,0.150641820029433,0.187623342511298,1,0.32259673450578,0.222222222222222,0.416666666666667,0.0424852340819612,12.9676211846977,0.0620845800910188,-0.353462490914362,0.227745752868099,-0.0499253400208441,-0.844410471330617,0.175509414625886,0.439660271004551,0,0.296875,0.502057613168725,0.346104126559452,0.418637424707413
dragoneer,2023-06-30,2023-08-31,3.25809653802148,0.0648149614140677,0.11596670898489,0.72055834428228,0.15274774376508,0.153846153846154,0.266666666666667,0.136861622944144,6.76265242579629,-0.184061494326213,-0.787296672744669,0.359614100410693,-0.166022949479489,-1.71344696515776,-0.151376373522777,0.112774482855887,1,0.96875,0.502057613168725,0.419823103252495,0.46048504114151
duquesne,2023-06-30,2023-08-31,3.97029191355212,0.0720335368573474,0.139810520515464,0.750189938676941,0.26913910709464,0.39622641509434,0.333333333333333,0.219631685141487,12.9186060588351,0.170252363329389,-0.0128645927520333,0.199203035727786,-0.0886015575717175,0.264679528422219,0.250690042901533,0.514840899280198,0,0.078125,0.502057613168725,0.491025836411075,0.714179873466492
egerton,2023-06-30,2023-08-31,3.13549421592915,0.0639572677074648,0.143266943373595,0.667188335295213,0.323218074045728,0.130434782608696,0.2,0.0458652678025818,13.8615378380828,0.05409653988101,-0.207423400447368,0.198810305703027,-0.054750191217401,-1.55335578982233,-0.0253132327013001,0.238837623677365,1,0.3125,0.502057613168725,0.483595343520747,0.613320827484131
elliott,2023-06-30,2023-08-31,3.78418963391826,0.102973464613799,0.221527886975419,0.794605868323126,0.133482255792555,0.181818181818182,0.1,0.0257269267668774,4.04020833343621,0.108598391663642,1.02275811900994,0.215513077624076,-0.0816178124667172,2.27514644796074,0.0016290777859444,0.265779934164609,0,0.15625,0.502057613168725,0.714458049048804,0.642102360725403
eminence,2023-06-30,2023-08-31,4.12713438504509,0.0227932103869207,0.0564542867566023,0.329672211056269,0.146433200706684,0.129032258064516,0.169230769230769,-0.0629367700651208,7.48451798592798,0.0698212195080992,0.336657927650669,0.216644361738786,-0.0527896614582819,1.40885247007964,-0.0182245280358569,0.245926328342808,1,0.234375,0.502057613168725,0.50898340533107,0.571496963500977
farallon,2023-06-30,2023-08-31,5.09375020080676,0.0244841712057335,0.059131887067149,0.377989594194348,0.224923361558029,0.104294478527607,0.21505376344086,-0.0753418818076912,9.26440759638625,-0.00319208454917977,-0.0967048994735926,0.210681960536487,-0.0344975111142655,-0.30381361736095,-0.028677308501883,0.235473547876782,1,0.609375,0.502057613168725,0.523338483372246,0.557823657989502
fisher,2023-06-30,2023-08-31,7.0604763659998,0.0134249589781614,0.0565547747213861,0.276943391667198,0.071181009748009,0.167381974248927,0.0518084066471163,0.0916504405299382,10.502108496482,0.0786889362134218,-0.121325396552796,0.210910807960318,-0.0600230492438354,-0.507285166603439,0.0545889060970208,0.318739762475686,0,0.1875,0.502057613168725,0.642544750438883,0.490870505571365
fundsmith,2023-06-30,2023-08-31,3.66356164612965,0.0571791109270044,0.128775900368057,0.655732428275334,0.0780635295973433,0.0256410256410256,0.05,0.0280355620866112,14.2910129211841,-0.022986687982168,-0.168286566853489,0.200310484441821,-0.0390615035283504,-0.620071906293245,-0.0992032409016992,0.164947615476966,1,0.703125,0.502057613168725,0.523955174677948,0.654109299182892
gardner-russo,2023-06-30,2023-08-31,4.4188406077966,0.0747637179482249,0.129415399443934,0.800987412523376,0.0462883383959111,0.0120481927710843,0.0238095238095238,0.0490114648638581,9.52980767929815,0.0409658327068882,-0.0146907279732011,0.173301546769746,-0.0377518615591335,-0.198818563584727,-0.0625727909114123,0.201578065467253,1,0.390625,0.502057613168725,0.56501007942454,0.599762320518494
giverny,2023-06-30,2023-08-31,4.07753744390572,0.0461170859513919,0.0843567497723307,0.593307688958823,0.0546374057917587,0,0.0166666666666667,0.135356584365009,10.0471127093834,-0.0149726990947366,-0.0234347424067564,0.198391437747745,-0.0446988538988925,-0.890791134277763,-0.0587358389871464,0.205415017391518,1,0.640625,0.502057613168725,0.587708078508119,0.673298239707947
glenview,2023-06-30,2023-08-31,3.8286413964891,0.0692929498451823,0.155685017425333,0.673722167201912,0.193332539795946,0.130434782608696,0.245283018867925,-0.0883297156844972,7.39579696382606,-0.00542042872057005,0.304391801491046,0.201482870159168,-0.0447301986269116,0.561034675803718,0.0639321432354484,0.328082999614113,0,0.625,0.502057613168725,0.611402022571388,0.794773876667023
gotham,2023-06-30,2023-08-31,7.16549347506085,0.0110116975228939,0.071992225673472,0.226798836813661,0.176594986135305,0.115919629057187,0.126050420168067,0.108482084883974,6.46258877926945,0.00884488601641967,0.0159809788758296,0.185222138796472,-0.0542304382027725,0.654026792992753,-0.00209910944618186,0.262051746932483,1,0.5,0.502057613168725,0.593221413777062,0.568947374820709
greenhaven-road,2023-06-30,2023-08-31,3.52636052461616,0.124284685172785,0.203662931662494,0.936934696023887,0.124816796905625,0.117647058823529,0.189189189189189,0.124872666058941,4.53515561279027,0.00166326174493212,0.0311415005780686,0.330054020788474,-0.0723619016440459,0.269980643714592,0.14082148292898,0.404972339307645,0,0.578125,0.502057613168725,0.571087745364886,0.641857147216797
greenlight,2023-06-30,2023-08-31,3.71357206670431,0.217722077842211,0.44214156556879,0.816232857713736,0.187582313237989,0.195121951219512,0.153846153846154,0.147746211260502,4.34940410910124,0.347554759173262,1.03174860582589,0.271231995427078,-0.0210235331933728,1.85480763912094,,,,0.015625,0.502057613168725,0.787905479394469,0.65808916091919
harris,2023-06-30,2023-08-31,4.95582705760126,0.0222829350713316,0.0604944620704695,0.362436315213319,0.135208057237157,0.0633802816901408,0.10738255033557,0.0308952312145965,10.9625502907885,0.110779806816772,0.273626490763063,0.368437580863726,-0.125401623462461,0.089371755929173,-0.0115635610061868,0.252587295372478,1,0.140625,0.502057613168725,0.602564246494703,0.526295304298401
himalaya,2023-06-30,2023-08-31,1.79175946922806,0.197638964140702,0.28956878506238,1,0.201974206835679,0,0.142857142857143,-0.129581263915756,16.6277133048648,0.0421084528906628,,0.263831799793524,-0.112620930310026,,0.0677001728909257,0.33185102926959,0,0.375,0.502057613168725,0.363121713912689,0.188879653811455
hound,2023-06-30,2023-08-31,2.77258872223978,0.0892307361085569,0.18630092349247,0.825255102790489,0.227724667275855,0.25,0.142857142857143,0.103730044710176,9.54825897445273,0.0295448896372445,-0.261974321221356,0.197815240417741,-0.0521069924828003,-2.07803573299855,-0.0433604159522384,0.220790440426426,1,0.421875,0.502057613168725,0.583606577962516,0.377862572669983
icahn,2023-06-30,2023-08-31,2.70805020110221,0.419202753586707,0.62712412266587,0.976362474224167,0.0855898591873985,0,0.117647058823529,-0.352441221685079,1.73753332557047,-0.543298401869551,-0.333247993250185,0.64787338384916,-0.44492202180636,-0.941036276110319,-0.39388994833399,-0.129739091955325,1,1,0.502057613168725,0.435528586664894,0.292065560817719
impactive,2023-06-30,2023-08-31,2.07944154167984,0.138136044976042,0.208192171425134,1,0.114239559528439,0,0.111111111111111,-0.0429596105521659,3.68257671645327,0.0208541189486936,0.424301994074892,0.252212958514946,-0.0815003630120469,0.656011422428426,-0.174508353224761,0.0896425031539038,1,0.4375,0.502057613168725,0.545285015260641,0.641584157943726
kingdon,2023-06-30,2023-08-31,4.00733318523247,0.0283622023317123,0.067326638559487,0.413455364355521,0.440485645043896,0.436363636363636,0.311111111111111,0.295394647174357,6.49443659109126,-0.0521832500350027,,0.20300999992665,-0.0803173804478008,,0.127534909874138,0.391685766252803,0,0.8125,0.502057613168725,0.474145669382152,0.476449012756348
lansdowne,2023-06-30,2023-08-31,2.94443897916644,0.136108116695868,0.216546495094208,0.959406067140905,0.231457588353916,0.157894736842105,0.238095238095238,0.331197327913665,8.07783766485249,0.247011196986494,0.289797093481615,0.301047544665919,-0.0524595658724115,0.105156603800606,0.0345273978992949,0.29867825427796,0,0.03125,0.502057613168725,0.577256058614542,0.677273631095886
lone-pine,2023-06-30,2023-08-31,3.36729582998647,0.0444617030875502,0.0780980139786924,0.542713390147733,0.131988901822345,0.0689655172413793,0.0689655172413793,0.00998120577548998,14.2250163131866,-0.024239493228599,-0.600434612965829,0.204248323354299,-0.0573807302856125,-1.9530976240351,0.00961666417201002,0.273767520550675,0,0.71875,0.502057613168725,0.413171338733608,0.29120746254921
markel-13f,2023-06-30,2023-08-31,4.87519732320115,0.0241341748390241,0.0686809941939435,0.391175583622438,0.0475683828777965,0.0305343511450382,0.0305343511450382,0.0663039537708951,10.9203729179664,0.00615322534074508,0.079431884183395,0.189874832960308,-0.0541231315180691,0.154392666674081,-0.0172350104881875,0.246915845890477,1,0.515625,0.502057613168725,0.568639426281428,0.623032569885254
marshall-wace,2023-06-30,2023-08-31,7.57147364885127,0.00829617151286366,0.0453600779436534,0.217209380023676,0.382968169941445,0.310504634397528,0.352827452875785,0.131491991247726,8.72388394691674,-0.03200199177379,-0.122380125921625,0.173860226499052,-0.0576405414400609,-1.20468838005704,0.0434103193688293,0.307561175747494,0,0.78125,0.502057613168725,0.648366450777619,0.516191244125366
matrix,2023-06-30,2023-08-31,2.94443897916644,0.100449687854084,0.155494455076808,0.913691748308432,0.138748913813561,0.157894736842105,0.0588235294117647,0.156196060995936,11.8182702169653,0.186420387304987,-0.435109349140797,0.292918497024177,-0.103803767994607,-1.09012588511059,0.107963056530021,0.372113912908686,0,0.046875,0.502057613168725,0.39921443355869,0.416872978210449
maverick,2023-06-30,2023-08-31,5.96614673912369,0.100054257711125,0.295145887924412,0.5625605576577,0.236323611867469,0.330769230769231,0.416107382550336,0.186681586756823,10.8301715210556,0.0685813343186245,-0.470820553006968,0.25416026137703,-0.129484607120705,-1.11844448869927,0.045456315542466,0.309607171921131,0,0.25,0.502057613168725,0.667975758990601,0.538655638694763
oaktree,2023-06-30,2023-08-31,5.46383180502561,0.0546114432390444,0.175457675878468,0.561102046204857,0.210407086628921,0.13135593220339,0.31438127090301,-0.192681908454811,2.96678657627989,0.0203740281224827,0.907073575171878,0.190237709308768,-0.0458502842429414,2.46143401508044,,,,0.453125,0.502057613168725,0.7451977950415,0.665958642959595
paulson,2023-06-30,2023-08-31,3.04452243772342,0.112961617987237,0.206484049999536,0.886906097598633,0.161472802162611,0.19047619047619,0.15,-0.160584931532945,3.06108809724264,-0.041644767592073,,0.264316045579951,-0.164248829317075,,0.00246590962007831,0.266616765998743,0,0.796875,0.502057613168725,0.525433104412481,0.335171550512314
pershing-square,2023-06-30,2023-08-31,2.07944154167984,0.1425227590546,0.188575365386634,1,0.162256953481933,0.125,0.125,0.0570887368630507,9.09622623920387,0.0656254402138359,0.219954186354585,0.226939284575393,-0.0739676559361333,1.56221913918263,-0.0598770878776681,0.204273768500997,1,0.28125,0.502057613168725,0.356102912412922,0.416839152574539
polen,2023-06-30,2023-08-31,4.60517018598809,0.0552653707005733,0.136535805176555,0.623009653827117,0.0745195347488957,0.08,0.0212765957446809,0.0614212230964076,16.7105621057614,0.0771214940941139,-0.185422821432968,0.228560640514472,-0.0632733946463764,-0.422794460994679,-0.0662381615871833,0.197912694791482,1,0.203125,0.502057613168725,0.528901746249195,0.631533026695252
pzena,2023-06-30,2023-08-31,5.08140436498446,0.0210852062009849,0.0491317059100057,0.362285588982223,0.0773593631941927,0.062111801242236,0.0736196319018405,0.0114519991070275,5.93085515143738,0.010043804482443,0.476305886252823,0.272413806456991,-0.0994458137560287,0.514910460152525,-0.0801421411667747,0.18400871521189,1,0.46875,0.502057613168725,0.662624824257445,0.614287376403809
ruane-cunniff,2023-06-30,2023-08-31,3.52636052461616,0.0688399420433086,0.10604433538104,0.761378825464286,0.0888667065730827,0.117647058823529,0.032258064516129,0.0351464378990272,13.3121837168973,-0.0273186153136435,-0.123830552320553,0.20848605533444,-0.0507259719109193,-1.0216756503776,0.02026140098452,0.284412257363185,0,0.75,0.502057613168725,0.5334567742515,0.494058012962341
sachem-head,2023-06-30,2023-08-31,2.70805020110221,0.214798530288055,0.377404807698828,0.937364035997326,0.192716170365964,0.2,0.294117647058824,-0.0228030793930407,6.19605659918843,-0.224078132077449,-0.086439209771908,0.322391617326954,-0.148901517922659,-1.02786928728188,-0.00164078047741412,0.262510075901251,1,0.984375,0.502057613168725,0.618950982643106,0.572627723217011
sands,2023-06-30,2023-08-31,4.18965474202643,0.0308989677112773,0.0606959598399004,0.445049868595988,0.121539642946952,0.0454545454545455,0.0454545454545455,0.0591888542698367,12.954079005725,0.050652622783601,-0.506419907468581,0.261873274606054,-0.0692322621112406,-1.68032067624322,-0.0157675210164408,0.248383335362224,1,0.328125,0.502057613168725,0.45183389299455,0.285626769065857
semper-augustus,2023-06-30,2023-08-31,3.49650756146648,0.0897127480340879,0.189064587884556,0.767380223692236,0.0790501790216864,0,0.0294117647058824,0.0798173238655752,8.11483584487091,-0.0223696918445996,0.195111790161216,0.206871706662357,-0.0914504919457347,-0.0363270794075788,-0.0111818862052548,0.25296897017341,1,0.671875,0.502057613168725,0.599196478583915,0.611060500144959
senator,2023-06-30,2023-08-31,3.97029191355212,0.0415142399728082,0.14409533599083,0.450921437668068,0.419200310421978,0.358490566037736,0.244444444444444,0.19161094945382,10.8881509709914,0.00422287045307615,-0.378468403116304,0.205195934608991,-0.0661526605651361,-2.27612787209224,0.0382450746007592,0.302395930979424,0,0.5625,0.502057613168725,0.550891082356092,0.521293044090271
soroban,2023-06-30,2023-08-31,2.63905732961526,0.160766130288947,0.242110040079109,0.956943810809381,0.0818908476447701,0,0.176470588235294,0.0163108439691835,16.5134959454487,-0.0557794894044309,-0.227981354550713,0.214775105780652,-0.0644938193052372,-2.84122804975981,-0.0243735061506888,0.239777350227976,1,0.828125,0.502057613168725,0.622642797633215,0.613000988960266
southeastern,2023-06-30,2023-08-31,3.76120011569356,0.0396681926349096,0.0760015466763971,0.524380051168821,0.158185416531159,0.0930232558139535,0.0930232558139535,-0.0424521923501368,5.92388081332364,-0.11651270095968,0.0428421547197698,0.276046838593596,-0.0967171242155588,-0.729086426619135,-0.112074266458624,0.152076589920041,1,0.9375,0.502057613168725,0.570949887257665,0.704677283763886
srs,2023-06-30,2023-08-31,3.09104245335832,0.265067808389502,0.48405531392793,0.918843391465465,0.154997451419073,0.272727272727273,0.238095238095238,0.222358536185464,7.49916554018367,0.180529113601473,0.366596344929028,0.496006447887911,-0.156333292620519,0.628054640360236,-0.372203706892906,-0.108052850514241,1,0.0625,0.502057613168725,0.689945791431604,0.584121227264404
starboard,2023-06-30,2023-08-31,3.87120101090789,0.0806448542606496,0.162961196508841,0.815894578231483,0.198363422186966,0.145833333333333,0.601941747572815,-0.0697696255648677,5.88893226932605,-0.0618468472846105,-0.160718441163742,0.190086444397412,-0.0727172962965454,-2.23614362499002,0.0249013670817308,0.289052223460396,0,0.859375,0.502057613168725,0.73293075238564,0.79434460401535
steadfast,2023-06-30,2023-08-31,3.91202300542815,0.0313517605610016,0.0746990381501751,0.418211054982081,0.228961059246345,0.26,0.159090909090909,0.122169837664534,10.7320127450316,0.0051155768680681,-0.356140093861618,0.206819624471894,-0.049503728603347,-2.15397312705386,-0.00539572945114153,0.258755126927523,1,0.546875,0.502057613168725,0.551918911606375,0.430905133485794
suvretta,2023-06-30,2023-08-31,4.60517018598809,0.0250859598166867,0.050080450962428,0.40722961280649,0.353234248893754,0.2,0.130434782608696,-0.10268383371674,7.42711289837977,-0.0978443949631357,-0.380610886153664,0.201827625871598,-0.0822696132091244,-1.92330770056632,0.239959976061362,0.504110832440027,0,0.90625,0.502057613168725,0.45929534062767,0.428671717643738
tci,2023-06-30,2023-08-31,2.30258509299405,0.119158170640818,0.147099149739763,1,0.220416643839581,0.2,0.111111111111111,0.142249970092536,16.2932418090695,0.0355272863855917,-0.00902083209707488,0.231050314117266,-0.0749506190035608,0.665931888398493,0.0466457157201339,0.310796572098799,0,0.40625,0.502057613168725,0.31959524226854,0.489518940448761
third-avenue,2023-06-30,2023-08-31,4.06044301054642,0.0381355172503863,0.100506824700135,0.490816030990562,0.136577994368942,0.0862068965517242,0.0185185185185185,0.0349374270334402,3.47738247021302,0.133263316171062,0.443741440142277,0.276355400153044,-0.0848009247302046,1.0026085397962,0.0516304858085821,0.315781342187247,0,0.109375,0.502057613168725,0.586772304048552,0.636127948760986
third-point,2023-06-30,2023-08-31,3.80666248977032,0.0590159201363413,0.136721521882308,0.640702763016682,0.348860813369695,0.266666666666667,0.282608695652174,0.110403942355773,13.6831502525361,-0.156497888687809,-0.429369187974207,0.134273968390011,-0.0553235183702097,-1.61810774989407,-0.00866114660285433,0.25548970977581,1,0.953125,0.502057613168725,0.473063334514694,0.611647486686707
tiger-global,2023-06-30,2023-08-31,3.71357206670431,0.0922172477584845,0.20540097023885,0.750714237284176,0.289304670942901,0.0487804878048781,0.303571428571429,0.0847458680035236,19.3516817861828,-0.0657904999995646,-0.697269284995361,0.292122569721469,-0.0825429090043222,-1.95311304768066,0.185583770216426,0.449734626595091,0,0.875,0.502057613168725,0.434652641464142,0.507615208625794
tweedy-browne,2023-06-30,2023-08-31,3.8286413964891,0.0836371092856281,0.182370404273791,0.766095211301316,0.0676308472589983,0.0434782608695652,0,0.0365289705893355,11.3072506002013,0.00587224851345727,0.125197135420674,0.16141343101516,-0.0537699963965603,0.51468015768064,-0.0687579550257553,0.19539290135291,1,0.53125,0.502057613168725,0.54731358390215,0.712746679782867
valueact,2023-06-30,2023-08-31,2.19722457733622,0.146729537699572,0.228457910044514,1,0.0247986272171404,0,0,0.0462036486246837,9.92414267671331,0.0757900286529148,0.469536790535212,0.238717346751136,-0.0566134306102881,0.699347455363204,0.0912879804405204,0.355438836819185,0,0.21875,0.502057613168725,0.574231790395752,0.501009345054627
viking,2023-06-30,2023-08-31,4.45434729625351,0.0240845421552871,0.0694196092652006,0.372632826390865,0.281492601891276,0.244186046511628,0.197530864197531,0.136607341405837,11.4598044108326,0.0865003787945656,-0.205557317001922,0.215470646460375,-0.050022033785303,-0.887575502313464,-0.0565120630807969,0.207638793297868,1,0.171875,0.502057613168725,0.494031765335592,0.663251519203186
whale-rock,2023-06-30,2023-08-31,3.71357206670431,0.0395764520953132,0.0859225275737793,0.515233114855203,0.270083029634374,0.219512195121951,0.219512195121951,0.244885658378326,13.2275894441347,0.127089123544886,-0.44131127442052,0.297230633226894,-0.0613257995334877,-0.475995504601102,0.0977831007639087,0.361933957142574,0,0.125,0.502057613168725,0.374826317095985,0.495218902826309
yacktman,2023-06-30,2023-08-31,4.20469261939097,0.0315771390109498,0.0805844536028915,0.437606395989184,0.0457728445421315,0.0149253731343284,0.0294117647058824,0.0420277876169737,9.54258781880076,-0.0229226727768329,0.247636869847139,0.2039590221045,-0.0612527260757558,0.804593332750147,-0.0734879458425499,0.190662910536115,1,0.6875,0.502057613168725,0.55479578612375,0.509459137916565
abrams,2023-09-30,2023-11-30,2.70805020110221,0.122852807293733,0.233332089813271,0.947044069224409,0.120247443047756,0,0.117647058823529,-0.138924228888295,10.4160410379476,0.0981832478204929,0.0836489223000948,0.263424647573713,-0.122528408614774,0.32548042223606,0.136167231031296,0.490267440732595,0,0.28125,0.499015101772816,0.489285407792699,0.359389692544937
adage,2023-09-30,2023-11-30,6.75576892198426,0.010838103622715,0.055387456732158,0.248201877527243,0.149180554900632,0.144353899883586,0.147331786542923,-0.0419157828518597,11.1409569194955,0.100558191475127,0.0735630324556149,0.176880850883749,-0.0653194687846348,1.69200815968177,-0.00782090357469145,0.346279306126608,1,0.25,0.499015101772816,0.476486140060326,0.568653166294098
akre,2023-09-30,2023-11-30,2.83321334405622,0.117075786938239,0.21266858436012,0.961563569656256,0.0598353503602297,0,0.0555555555555556,-0.0965942816179617,12.7837900946357,0.0409472094119588,-0.000988002489026085,0.216505193332795,-0.0743753042380724,-0.399475169302096,-0.0138587980632445,0.340241411638055,1,0.4375,0.499015101772816,0.537958294304655,0.59026026725769
altimeter,2023-09-30,2023-11-30,2.39789527279837,0.255436849203224,0.446588223528777,0.999770659938361,0.0793010593271384,0.272727272727273,0.272727272727273,-0.0481487567285576,16.8139846912894,0.380553205819822,-0.574285992623335,0.307556664612618,-0.133135824579375,-0.436793338108874,-0.113385384865501,0.240714824835798,1,0.03125,0.499015101772816,0.377226053923649,0.376733273267746
appaloosa,2023-09-30,2023-11-30,3.46573590279973,0.0637453453196022,0.115556707850818,0.722623448478657,0.160610152630363,0.03125,0.205128205128205,-0.061846502957873,19.8227363131576,0.137968778090009,0.158860434453582,0.227949965290785,-0.0767500703854249,0.491693644790125,0.0269046309473808,0.38100484064868,0,0.203125,0.499015101772816,0.449292283908485,0.628422021865845
atreides,2023-09-30,2023-11-30,3.29583686600433,0.0731289393212903,0.122365580578289,0.785921182322002,0.398296295282268,0.333333333333333,0.419354838709677,-0.135390106319185,11.8062955793079,0.174396529797922,-0.304237529757162,0.315085710763285,-0.188623311631872,-0.244546093433563,0.25757015974289,0.611670369444189,0,0.125,0.499015101772816,0.314901710915269,0.405050963163376
baupost,2023-09-30,2023-11-30,3.46573590279973,0.0712892198022023,0.150608182865858,0.748674517499438,0.325191824546129,0.25,0.172413793103448,-0.0740578188000031,6.61222284254409,-0.0668249315638338,-0.328156996902523,0.240268382146673,-0.155545353743307,-1.87904799332728,-0.0066031944860615,0.347497015215238,1,0.859375,0.499015101772816,0.49098263648665,0.6243776679039
berkshire-13f,2023-09-30,2023-11-30,3.80666248977032,0.276961145675973,0.50039724183362,0.91929539908532,0.0325951291416677,0.133333333333333,0.1875,-0.105735031536369,11.7625202184777,-0.0341813798077429,0.114581010090885,0.20219076696908,-0.121891103457373,0.399012315043274,-0.0597271342669769,0.294373075434322,1,0.75,0.499015101772816,0.64029229309186,0.556667327880859
cantillon,2023-09-30,2023-11-30,3.66356164612965,0.0313980927148094,0.0586713776692469,0.411511303151366,0.0393825401880396,0.0256410256410256,0,-0.0593383194027918,10.2490012555964,0.0368099435055824,-0.0161064382767874,0.195099266597275,-0.089031687256107,-0.212537859204839,-0.0719923616138021,0.282107848087497,1,0.453125,0.499015101772816,0.486039037568604,0.595221698284149
coatue,2023-09-30,2023-11-30,4.45434729625351,0.0463890328134801,0.100217858668379,0.592752688393858,0.199124537216764,0.116279069767442,0.164835164835165,-0.035070531772043,16.6791936378401,0.133852465562044,-0.619495025543763,0.336190083017666,-0.136506222609406,-1.4922657525076,0.216090667529408,0.570190877230707,0,0.21875,0.499015101772816,0.378073509473861,0.298618525266647
corvex,2023-09-30,2023-11-30,3.52636052461616,0.0689515072465349,0.133981300216133,0.698149368207497,0.332443539642873,0.323529411764706,0.258064516129032,-0.0250917908931876,8.58350334337299,-0.0288127883411316,-0.060661554566058,0.232329282677913,-0.160646245403169,-0.402731752109616,0.0397599807464946,0.393860190447794,0,0.6875,0.499015101772816,0.45109877735993,0.681774854660034
d1,2023-09-30,2023-11-30,3.61091791264422,0.0513523650072447,0.123614243792064,0.607263942306466,0.397178281616731,0.324324324324324,0.342105263157895,0.28955415177745,13.5155160657265,0.000699168145496948,-0.543600070678627,0.260118438005098,-0.145760500768779,-1.63049403981909,0.242542839154363,0.596643048855662,0,0.546875,0.499015101772816,0.371802616182046,0.523853242397308
darsana,2023-09-30,2023-11-30,2.30258509299405,0.11778106417301,0.154551990512388,1,0.20556174876906,0.2,0.111111111111111,0.274370631544946,12.4865959544268,0.168730589340086,-0.340126089105427,0.222971806540467,-0.0629651079470116,-0.660145651989701,0.0767830369920556,0.430883246693355,0,0.140625,0.499015101772816,0.339396986649394,0.413168758153915
dragoneer,2023-09-30,2023-11-30,3.36729582998647,0.06183368997292,0.102764564987861,0.723681933866549,0.258733149476755,0.206896551724138,0.115384615384615,-0.108609480780885,5.88543887941102,0.0590109261423277,-0.799780667093758,0.395559926067469,-0.283115018567987,-1.45442426777819,0.0501005286955963,0.404200738396895,0,0.359375,0.499015101772816,0.251252728446767,0.290858805179596
duquesne,2023-09-30,2023-11-30,3.71357206670431,0.0728560526025692,0.136520572797433,0.73182378599181,0.229551568063366,0.317073170731707,0.471698113207547,-0.0309935828020967,14.0454371261954,0.0646624152684444,-0.0593295177199473,0.191638777572048,-0.0862443181009566,0.281965781997986,0.538586882113672,0.892687091814971,0,0.34375,0.499015101772816,0.484799529758628,0.730759918689728
egerton,2023-09-30,2023-11-30,3.09104245335832,0.0686917584860585,0.142612664120027,0.728266755497655,0.183664426818791,0.181818181818182,0.217391304347826,-0.118425209956527,15.0522002924744,0.00823607310587629,-0.159877549351949,0.156133845778857,-0.075718826448123,-1.61685305375341,-0.00241285911679812,0.351687350584501,1,0.515625,0.499015101772816,0.549351844917983,0.491060525178909
elliott,2023-09-30,2023-11-30,3.76120011569356,0.108338397511822,0.209509206976573,0.797121334934093,0.146763097597766,0.0697674418604651,0.0909090909090909,-0.00286982278773013,3.75001864108243,0.068793529348227,1.02563602090697,0.166216141947667,-0.0816178124667171,2.80358621799339,-0.170440843449879,0.18365936625142,1,0.328125,0.499015101772816,0.658149058547235,0.65431022644043
eminence,2023-09-30,2023-11-30,4.0943445622221,0.0235278386699339,0.0568241468019164,0.329661041159048,0.200023225209039,0.1,0.129032258064516,-0.0970532099833449,7.16014721688429,-0.0135565597845102,0.0783437714496832,0.215554680342251,-0.124562572995515,0.633141129572142,0.081524691732802,0.435624901434101,0,0.625,0.499015101772816,0.432947122465227,0.5328129529953
farallon,2023-09-30,2023-11-30,5.06259503302697,0.0336877889586721,0.117212412739343,0.438895043008735,0.270892703695044,0.215189873417722,0.239263803680982,0.0991533764680436,10.2445841571578,-0.00720483658646753,-0.0898985423617324,0.203289503041973,-0.140699121652557,-0.499758819005321,0.00319484584263557,0.357295055543935,0,0.59375,0.499015101772816,0.526140975202654,0.676439225673676
fisher,2023-09-30,2023-11-30,7.06219163228656,0.0133196889576596,0.0520804312590313,0.27313434594627,0.0651571903970333,0.113110539845758,0.111587982832618,-0.0260944719460596,10.7288700112683,0.103090104762392,-0.0333419498550364,0.196778395741608,-0.0862146522888391,-0.0796658571282951,-0.00445554670522225,0.349644662996077,1,0.234375,0.499015101772816,0.614833943680675,0.615059554576874
fundsmith,2023-09-30,2023-11-30,3.66356164612965,0.0564109470021007,0.124080422470823,0.654830478526823,0.0774054839636403,0.0512820512820513,0.0512820512820513,-0.0796375409510436,14.5006044044353,-0.0388290370736508,-0.169339406527944,0.170725989296786,-0.111742461263742,-1.05226283593622,-0.112002409533113,0.242097800168186,1,0.78125,0.499015101772816,0.505335099848334,0.630483746528626
gardner-russo,2023-09-30,2023-11-30,4.40671924726425,0.0805801067698144,0.143818487613071,0.816625982284973,0.059249209796634,0.0121951219512195,0.0240963855421687,-0.0986276927509648,10.4572218097563,-0.00865662373589646,-0.00633583961041528,0.147897363536997,-0.0718674207032474,-0.833128495526364,-0.108417545515597,0.245682664185702,1,0.609375,0.499015101772816,0.599706878012104,0.69705605506897
giverny,2023-09-30,2023-11-30,4.04305126783455,0.0459667226149907,0.0906232621854926,0.5938024130765,0.0535973939511174,0.0175438596491228,0.0508474576271187,-0.0318649936825852,10.7850553569732,-0.0319009384839122,-0.0320028080247066,0.189975573261754,-0.109549172591469,-0.852196786233663,-0.0408461383503747,0.313254071350924,1,0.71875,0.499015101772816,0.560372577508618,0.679026544094086
glenview,2023-09-30,2023-11-30,3.85014760171006,0.0542619194668896,0.123060674511191,0.599438826777916,0.182569728304194,0.212765957446809,0.195652173913043,-0.0127264549847102,8.21066826997468,-0.0598147217304235,0.159505533673134,0.190795738822011,-0.123501757877837,0.458891653051522,0.015719786113315,0.369819995814614,0,0.84375,0.499015101772816,0.530501725820096,0.735678791999817
gotham,2023-09-30,2023-11-30,7.1800698743028,0.0116942103477745,0.0804843077536563,0.224805360223313,0.161483923747921,0.108910891089109,0.0958268933539413,0.0514446531022746,6.28853967271539,0.0280165676190415,0.0682454837955406,0.167161771351325,-0.0824342461234189,0.862746493384564,-0.0057977950039263,0.348302414697373,1,0.46875,0.499015101772816,0.579062376061903,0.535655975341797
greenhaven-road,2023-09-30,2023-11-30,3.25809653802148,0.133183248109332,0.234500470686245,0.943980026181135,0.0722728814076471,0.0384615384615385,0.264705882352941,0.00578936928648203,4.37465668110038,0.212425472005356,-0.34469958520873,0.371633727060816,-0.178327950477877,-0.0900232479642313,0.466410520918343,0.820510730619642,0,0.078125,0.499015101772816,0.454873968880003,0.491409093141556
greenlight,2023-09-30,2023-11-30,3.66356164612965,0.126912853726607,0.290988015834363,0.796405434993602,0.221561579824202,0.0512820512820513,0.0975609756097561,-0.191648118254645,3.28159452807375,0.250141691555504,0.514501914061249,0.300360971922671,-0.181643731083218,0.919565300732727,,,,0.046875,0.499015101772816,0.618774357044837,0.618332207202911
harris,2023-09-30,2023-11-30,4.89034912822175,0.0219644624929123,0.0599300342073099,0.3592743146703,0.114839383074656,0.0601503759398496,0.119718309859155,-0.0353548861445129,10.5935182061563,0.091477147606771,0.195698400913974,0.31114004226303,-0.0947426499253027,0.0642163064802437,-0.0114093868928263,0.342690822808473,1,0.296875,0.499015101772816,0.60175886543897,0.602538287639618
himalaya,2023-09-30,2023-11-30,1.79175946922806,0.197466711209099,0.271996294713153,1,0.0297759968208668,0,0,0.0158671956739356,17.7860064985369,0.0463229829783645,,0.248086460463969,-0.100859460704644,,0.059822714957641,0.41392292465894,0,0.40625,0.499015101772816,0.409123432669507,0.314996689558029
hound,2023-09-30,2023-11-30,2.89037175789616,0.100638289727924,0.177505934652094,0.857387726353909,0.248889262823303,0.222222222222222,0.125,0.0234061891168064,8.58270257815791,-0.0322959881775064,-0.285781293408695,0.22798683113406,-0.160335054335706,-2.26093455115623,0.252362838947028,0.606463048648327,0,0.734375,0.499015101772816,0.513201610359564,0.486799120903015
icahn,2023-09-30,2023-11-30,2.63905732961526,0.374519440233089,0.574417435162617,0.982125117390421,0.0983661123518391,0,0.0666666666666667,-0.248220459420332,1.85467345285737,-0.598687877812851,-0.416516707942157,0.645378432277485,-0.517655877884151,-0.937970426946873,-0.497160917165009,-0.14306070746371,1,1,0.499015101772816,0.388996654773892,0.20326554775238
impactive,2023-09-30,2023-11-30,2.07944154167984,0.138225436638038,0.204125015878086,1,0.061694518921526,0,0,-0.0523002609262181,3.65579546667112,-0.0704414121673054,0.182551735066805,0.232562843083516,-0.136114588903777,0.251093924239115,-0.171327376557427,0.182772833143872,1,0.890625,0.499015101772816,0.500513490428677,0.614649534225464
kingdon,2023-09-30,2023-11-30,4.00733318523247,0.0277291483219704,0.0589947548561263,0.400747966019225,0.455335505537094,0.363636363636364,0.363636363636364,-0.0457648891486784,9.11492330135749,-0.0794794786028083,,0.190103336277162,-0.113092454503023,,0.165433033169787,0.519533242871086,0,0.90625,0.499015101772816,0.428849247572599,0.700595617294312
lansdowne,2023-09-30,2023-11-30,3.58351893845611,0.122276582146582,0.192119477896812,0.918473947613251,0.236673016308062,0.472222222222222,0,0.191934407905591,8.56460063263622,0.143191868162161,0.0908276007449019,0.282031630069411,-0.132067269621579,-0.116878162864002,0.0703147702091259,0.424414979910425,0,0.171875,0.499015101772816,0.505272108795604,0.694180071353912
lone-pine,2023-09-30,2023-11-30,3.25809653802148,0.0467203916645488,0.0804355665638138,0.56787370415561,0.239534942022148,0.153846153846154,0.241379310344828,-0.0505383546723397,16.8958522393697,0.0580482467912122,-0.558368452131475,0.215924142415256,-0.117248064220763,-1.73912029963081,0.265356740184124,0.619456949885423,0,0.375,0.499015101772816,0.345793035563042,0.302734196186066
markel-13f,2023-09-30,2023-11-30,4.89034912822175,0.0245396280168844,0.0714734331112406,0.390014395518754,0.0415586412668089,0.0451127819548872,0.0305343511450382,-0.0138017606232949,10.9726617682072,-0.0382955268188717,0.080541461934572,0.170885041709514,-0.0844187864730095,-0.35683766538628,-0.00432987641402005,0.349770333287279,1,0.765625,0.499015101772816,0.601047394954684,0.635040938854218
marshall-wace,2023-09-30,2023-11-30,7.48661331313996,0.0126119752314396,0.0831549012144892,0.245041161264658,0.373203103473154,0.275784753363229,0.33470648815654,0.00541511639178143,8.62267881195942,-0.0203884858541254,-0.0600336669025317,0.175503464649617,-0.0850238091432165,-0.863507438777046,0.000612019726715041,0.354712229428014,0,0.65625,0.499015101772816,0.649030502432221,0.586243212223053
matrix,2023-09-30,2023-11-30,2.94443897916644,0.100836219105541,0.165075030015122,0.909577745051245,0.052733404350838,0,0,-0.0318864425280746,10.6309351577227,0.196093545629156,-0.460305350558037,0.301912435172929,-0.1397229796188,-0.90342559697343,0.0935873126019411,0.44768752230324,0,0.09375,0.499015101772816,0.374962951758153,0.542928338050842
maverick,2023-09-30,2023-11-30,5.69709348650541,0.107963175971441,0.306206635088149,0.592583664346313,0.208592747960551,0.459731543624161,0.587179487179487,-0.0914161220736955,11.7121626917217,0.0133675525926528,-0.468691497554513,0.25093794794606,-0.0786310112011592,-0.779341935750423,0.190430183784786,0.544530393486085,0,0.5,0.499015101772816,0.686830628582396,0.527592241764069
oaktree,2023-09-30,2023-11-30,5.29330482472449,0.0724320309416552,0.222259768770874,0.601957784417673,0.159487362330666,0.180904522613065,0.309322033898305,-0.115183546473521,2.74297046078324,0.000992818161945491,0.73562952033394,0.146900091728526,-0.0481094257326894,2.19744904672708,,,,0.53125,0.499015101772816,0.764101437667167,0.679094791412354
paulson,2023-09-30,2023-11-30,2.89037175789616,0.131292879422529,0.217699399073551,0.924836289087139,0.221692545407335,0.0555555555555556,0.19047619047619,0.0871258746497935,4.0504622279848,-0.153354541682429,-0.521573175412938,0.27722691855997,-0.269340421200063,-1.02998648779899,0.238659699168429,0.592759908869728,0,0.984375,0.499015101772816,0.325800741977627,0.489689946174622
pershing-square,2023-09-30,2023-11-30,2.07944154167984,0.133398836266126,0.166459714034855,1,0.183691228031148,0.125,0.125,-0.0302785417456359,10.1796745149339,-0.0146931865216637,0.188738013695229,0.197814125278896,-0.102050194821428,1.33729863721362,-0.0751011666415057,0.278999043059793,1,0.640625,0.499015101772816,0.342492394215223,0.572940468788147
polen,2023-09-30,2023-11-30,4.59511985013459,0.0519368618607414,0.125019975002671,0.609495696569297,0.0528247309361629,0.0707070707070707,0.08,-0.0589005003703572,16.6147099734248,0.177244431175896,-0.124605947319758,0.229541192281801,-0.0857298370587254,-0.294149332501213,-0.0996968242379276,0.254403385463371,1,0.109375,0.499015101772816,0.515421034024641,0.640191733837128
pzena,2023-09-30,2023-11-30,5.07517381523383,0.0215433615797245,0.0508652651617486,0.359139635814895,0.128945523970117,0.08125,0.0869565217391304,-0.00731937167342083,5.71972415084404,-0.0548829994711745,0.224881338296635,0.223176207709846,-0.111971976361815,-0.240582163264801,-0.12729035226842,0.226809857432879,1,0.8125,0.499015101772816,0.630207884001701,0.665830612182617
ruane-cunniff,2023-09-30,2023-11-30,3.58351893845611,0.0676506603729394,0.105131569482317,0.745611372155861,0.128918679133723,0.138888888888889,0.0882352941176471,-0.0508219824498269,13.566640693044,5.97824409060699e-05,-0.0890688016504069,0.173603359303145,-0.0919349810502576,-0.499865099599414,0.0135922347546711,0.36769244445597,0,0.5625,0.499015101772816,0.463958422566128,0.46174019575119
sachem-head,2023-09-30,2023-11-30,2.484906649788,0.246630778280248,0.378862222921862,0.973240735101768,0.223739475086489,0.333333333333333,0.466666666666667,-0.106692683987212,6.5225830018485,-0.134654558205561,-0.223660555213783,0.256509715614592,-0.164102446820731,-1.57831295788481,0.0312125628155784,0.385312772516877,0,0.953125,0.499015101772816,0.585174807169325,0.588589429855347
sands,2023-09-30,2023-11-30,4.31748811353631,0.0312923984225531,0.0612004826332811,0.455809466457276,0.0688097688536304,0.133333333333333,0.0151515151515152,-0.0918224235751018,13.2896971894957,0.148218552637019,-0.4629011814156,0.286186777627864,-0.150476500345243,-1.25031157882802,-0.00648560746727134,0.347614602234028,1,0.15625,0.499015101772816,0.411620532300647,0.418853729963303
semper-augustus,2023-09-30,2023-11-30,3.49650756146648,0.0977843794254718,0.194409521504405,0.801013163852369,0.0623607889197053,0,0,-0.0138318235958122,8.21434625310917,-0.103727152330889,0.159454437709444,0.182025752360793,-0.0914504919457346,-0.462902555789735,-0.0841842691053524,0.269915940595947,1,0.921875,0.499015101772816,0.625390029182047,0.84061861038208
senator,2023-09-30,2023-11-30,3.98898404656427,0.0319733879142299,0.0754329660550023,0.450412435899605,0.372783953149008,0.240740740740741,0.226415094339623,-0.219274206638457,12.5982853304949,0.0175270251959178,-0.36015158451669,0.189542349021795,-0.0740958226500702,-2.22826289715465,0.0958708646760503,0.449971074377349,0,0.484375,0.499015101772816,0.475977418814309,0.35484716296196
soroban,2023-09-30,2023-11-30,2.70805020110221,0.146890283627515,0.24878994107351,0.936299895030874,0.0683965134447513,0.133333333333333,0.0714285714285714,-0.0913461092067945,16.1487213115877,-0.0211558703150495,-0.200877233858938,0.161173745623654,-0.0705925487036333,-3.09802060363585,-0.0792692575877468,0.274830952113552,1,0.671875,0.499015101772816,0.668254623483335,0.472002923488617
southeastern,2023-09-30,2023-11-30,3.78418963391826,0.0398119715850842,0.0784123650569229,0.512616312998193,0.142086911904619,0.113636363636364,0.0930232558139535,-0.0488134302633774,5.16830457519632,-0.0554928166265307,-0.136109120466652,0.253490750668379,-0.152711447124048,-1.2431973304926,-0.0172677689946464,0.336832440706653,1,0.828125,0.499015101772816,0.541126404295798,0.463787704706192
srs,2023-09-30,2023-11-30,2.94443897916644,0.240696437971005,0.451985673327998,0.943156021230113,0.0867648226794224,0,0.136363636363636,-0.228282236774637,7.5950648923746,-0.00396907578812133,0.311959998774665,0.417919965970428,-0.184870904610146,0.871017727715113,-0.245979484589058,0.108120725112241,1,0.578125,0.499015101772816,0.627448266551379,0.415901839733124
starboard,2023-09-30,2023-11-30,3.2188758248682,0.0933523947054899,0.19008259676284,0.870017133471175,0.235656169186023,0.08,0.520833333333333,-0.170449872104531,5.67392873281992,-0.0303512822374039,-0.0144122502395645,0.223127250673406,-0.0750952113387953,-0.675191558108024,-0.0537482185870257,0.300351991114273,1,0.703125,0.499015101772816,0.634869279284459,0.668002545833588
steadfast,2023-09-30,2023-11-30,3.85014760171006,0.0298908746152671,0.059033112879686,0.41758988188671,0.284896455711546,0.212765957446809,0.26,-0.00837878464099382,11.408245832091,0.0459119509271351,-0.291000691548614,0.194379978410944,-0.0797151226585668,-1.61051156067602,0.0613666236470415,0.415466833348341,0,0.421875,0.499015101772816,0.473809391061564,0.568926393985748
suvretta,2023-09-30,2023-11-30,4.46590811865458,0.0306559802484454,0.0600657492471356,0.4707433101818,0.246023390395906,0.126436781609195,0.24,-0.0105900863949599,9.21229970273834,-0.12034783479151,-0.393561685610499,0.212500376760526,-0.157795971140102,-1.97743740468851,0.171486247543017,0.525586457244316,0,0.9375,0.499015101772816,0.482794418437218,0.489952147006989
tci,2023-09-30,2023-11-30,2.19722457733622,0.13460575258782,0.167040889928284,1,0.119810134651482,0,0.1,-0.200018029600753,13.064549738577,0.0908209302980423,0.0548959112537153,0.213123691590121,-0.0796051173157623,0.458002878972103,-0.061813986806848,0.292286222894451,1,0.3125,0.499015101772816,0.373187707821555,0.469072699546814
third-avenue,2023-09-30,2023-11-30,4.07753744390572,0.0402962670680639,0.108493350689642,0.497917592506505,0.0828184792479261,0.0508474576271187,0.0344827586206897,-0.0158684658031993,3.49202661261569,0.100490247288309,0.382198951712865,0.230835615896219,-0.0920774788109221,1.19557890181632,-0.0551671754120075,0.298933034289292,1,0.265625,0.499015101772816,0.587716873404319,0.611264109611511
third-point,2023-09-30,2023-11-30,3.68887945411394,0.067984470557369,0.14011947427494,0.710066610361935,0.233915899766735,0.2,0.288888888888889,-0.0418100878137947,16.1862789889188,-0.143304109316733,-0.395729889943733,0.138435884329145,-0.109375971476811,-1.56651261915086,0.0624516994067328,0.416551909108032,0,0.96875,0.499015101772816,0.457990417236734,0.610553681850433
tiger-global,2023-09-30,2023-11-30,3.87120101090789,0.082517422139518,0.196910682097762,0.718395250840194,0.129795067001903,0.1875,0.0487804878048781,0.125178151541591,20.0289878546772,0.235739443852071,-0.637066068680397,0.242007940420898,-0.1048188125482,-1.30770421541927,0.18539552038606,0.539495730087359,0,0.0625,0.499015101772816,0.373126646327945,0.457572460174561
tweedy-browne,2023-09-30,2023-11-30,3.85014760171006,0.0876700061642434,0.189667287569158,0.778999280206292,0.0690914373932293,0.0638297872340426,0.0434782608695652,-0.019160569742275,11.9711113771864,-0.0464710954645371,0.100919687002442,0.148795910245667,-0.082709804125976,0.265432767815019,-0.168989877483281,0.185110332218018,1,0.796875,0.499015101772816,0.552367040461808,0.798684418201447
valueact,2023-09-30,2023-11-30,2.484906649788,0.134463322673248,0.191548826793674,0.985383736644261,0.131446606143591,0.333333333333333,0.111111111111111,-0.367949874523197,9.72655513029063,0.141717278422456,0.418539100671042,0.269734698351344,-0.0949025434612143,0.720175085712383,0.107452832314252,0.461553042015551,0,0.1875,0.499015101772816,0.56441789650279,0.494225263595581
viking,2023-09-30,2023-11-30,4.38202663467388,0.0280308707288195,0.0650701214253044,0.425276866319772,0.265552159715212,0.1875,0.244186046511628,0.00879718907246305,12.225589662971,0.0547479670145799,-0.25119804532878,0.198374498258911,-0.11325207886386,-1.06736813939064,-0.0527462097651557,0.301353999936143,1,0.390625,0.499015101772816,0.449731484495925,0.558914482593536
whale-rock,2023-09-30,2023-11-30,3.68887945411394,0.0414855691231998,0.0875118555883495,0.534375822700766,0.245672229280328,0.275,0.292682926829268,-0.158186754907126,13.1976747226087,0.420397724250293,-0.422430681800562,0.289544058867251,-0.100944057696744,0.0882783555076188,0.255519210937489,0.609619420638788,0,0.015625,0.499015101772816,0.311542199550024,0.413163602352142
yacktman,2023-09-30,2023-11-30,4.24849524204936,0.0336984472871024,0.0960854704926173,0.45932495153434,0.0605976521530907,0.0714285714285714,0.0298507462686567,-0.0385534475274584,9.32058448163255,-0.0676747498286255,0.183940410402574,0.154576403907565,-0.0625956880466512,0.282855781556224,-0.116740131059184,0.237360078642115,1,0.875,0.499015101772816,0.589477943026137,0.683552443981171
abrams,2023-12-31,2024-02-29,2.70805020110221,0.123853062760108,0.24469263406186,0.952568252877348,0.0495820852963495,0,0,0.0612749268749493,9.623857172961,0.0328765306551754,0.0267216393284687,0.235198774381599,-0.122528408614774,0.822506447239684,-0.0234606863913804,0.159229922207917,1,0.461538461538462,0.497164461247638,0.45050963398569,0.432691484689713
adage,2023-12-31,2024-02-29,6.73578001424233,0.0111919951398273,0.056080192613279,0.252191187144217,0.169246614306492,0.144893111638955,0.161816065192084,0.091028307996548,11.210029309856,0.128006717076223,0.108785747443236,0.1365299310841,-0.0653194687846347,1.25092564899514,0.0297291480670586,0.212419756666356,0,0.246153846153846,0.497164461247638,0.504411064243571,0.523570358753204
akre,2023-12-31,2024-02-29,2.89037175789616,0.112412685297773,0.181658050385331,0.957699768981759,0.0690231519131053,0.0555555555555556,0,0.0872149664238784,12.0824904694966,0.0413125675488392,0.0698287709867966,0.182859570302717,-0.0743753042380724,-0.210512465652106,0.0299797728264256,0.212670381425723,0,0.415384615384615,0.497164461247638,0.513642810804809,0.65027391910553
altimeter,2023-12-31,2024-02-29,2.39789527279837,0.228488226136994,0.410534474517882,0.999869201034029,0.0727828064361366,0.0909090909090909,0.0909090909090909,0.133878218997412,17.7361110542876,0.337707857978613,-0.539498295832862,0.287930932553292,-0.133135824579375,-0.13271381669152,-0.11738909939764,0.0653015092016576,1,0.0615384615384615,0.497164461247638,0.288872033092445,0.351154536008835
appaloosa,2023-12-31,2024-02-29,3.66356164612965,0.0633174047080831,0.115745963622668,0.708462122059961,0.101674332576701,0.256410256410256,0.09375,0.110421514830768,20.1396766670569,0.339224144118008,0.361381471520933,0.178501191593939,-0.076750070385425,1.41034140421123,0.04874347585571,0.231434084455008,0,0.0461538461538462,0.497164461247638,0.44296330924161,0.578613102436066
atreides,2023-12-31,2024-02-29,3.46573590279973,0.0548809020766705,0.109814589162203,0.638829461090094,0.403413681169991,0.4375,0.333333333333333,-0.0333283836879818,9.31456913086044,0.261953409938292,-0.341693389070439,0.2868698615221,-0.188623311631872,0.0816158374261393,-0.0529183691615293,0.129772239437768,1,0.123076923076923,0.497164461247638,0.273988119328952,0.413776725530624
baupost,2023-12-31,2024-02-29,3.13549421592915,0.0845565911700319,0.172011043749483,0.835517575975941,0.381115027606959,0.0869565217391304,0.34375,-0.128575798682309,6.66807225328825,-0.185486432098548,-0.422203311310464,0.184696196084239,-0.155545353743307,-1.91627516357036,-0.0251856817888032,0.157504926810494,1,0.923076923076923,0.497164461247638,0.444151754842435,0.586393415927887
berkshire-13f,2023-12-31,2024-02-29,3.71357206670431,0.280389692255894,0.501924324259735,0.92918197563085,0.02815299000798,0,0.0888888888888889,0.103331239045577,11.1816646958529,-0.140905643961947,0.0249158010091565,0.162456703233837,-0.121891103457373,-0.28305358258072,0.0914624518683235,0.274153060467621,0,0.876923076923077,0.497164461247638,0.63219214954529,0.716165959835053
cantillon,2023-12-31,2024-02-29,3.61091791264422,0.0330005861957789,0.0690816825988934,0.428625586479672,0.0864804676227136,0,0.0512820512820513,0.104540038045841,10.3051508134974,0.0245507661564964,0.0233565900164743,0.174811442297091,-0.0890316872561068,0.131695085407763,-0.0346936959427725,0.147996912656525,1,0.492307692307692,0.497164461247638,0.457200037804905,0.475856304168701
coatue,2023-12-31,2024-02-29,4.60517018598809,0.0418830962516094,0.0897659542900973,0.567114215908061,0.179596486992892,0.29,0.174418604651163,0.190428396951147,15.8210842475402,0.30482261191172,-0.581680002476438,0.261273886791587,-0.136506222609406,-0.917168584103745,0.0304952480180607,0.213185856617358,0,0.0923076923076923,0.497164461247638,0.325217707388312,0.430363267660141
corvex,2023-12-31,2024-02-29,3.43398720448515,0.0836733809704355,0.162151400215119,0.747539753708276,0.166247293380076,0.0967741935483871,0.176470588235294,0.0555851513826857,9.63683906942682,-0.0196616115315682,-0.0666353821481692,0.220030148374398,-0.160646245403169,0.24177262172217,-0.100702519129187,0.0819880894701103,1,0.615384615384615,0.497164461247638,0.428345308286285,0.559301257133484
d1,2023-12-31,2024-02-29,3.3322045101752,0.0551326684383262,0.119229714765962,0.63292065882707,0.186707029124552,0.107142857142857,0.324324324324324,-0.198901866452123,13.5971248279048,0.0739342230640956,-0.554664645894338,0.216463500524632,-0.145760500768779,-1.12525948517534,0.163003830621842,0.345694439221139,0,0.353846153846154,0.497164461247638,0.347144939981411,0.281963050365448
darsana,2023-12-31,2024-02-29,2.39789527279837,0.105513440066548,0.136161417826681,0.983242134367972,0.105940360512403,0.0909090909090909,0,0.317894832129652,11.4193540975286,0.135488124438127,-0.322373515032842,0.19899309873734,-0.0629651079470117,-0.506437506998491,0.00309923588925218,0.18578984448855,0,0.215384615384615,0.497164461247638,0.344097050159462,0.455464482307434
dragoneer,2023-12-31,2024-02-29,3.3322045101752,0.0682725450563898,0.107001222035166,0.773138936215899,0.0958697674067411,0.0357142857142857,0.0689655172413793,0.0585024634440451,6.38452868923746,-0.0166828044951449,-0.797481085095543,0.400125498353186,-0.283115018567987,-0.708800173023849,0.0654022060992332,0.248092814698531,0,0.6,0.497164461247638,0.228831913371622,0.234971165657043
duquesne,2023-12-31,2024-02-29,3.91202300542815,0.0642054976766744,0.131351158562726,0.685117416052483,0.258065787677855,0.4,0.268292682926829,0.109509836577644,12.4341842013267,0.26483196509306,0.0435946302323086,0.176894970570114,-0.0862443181009565,0.733818388762329,0.25437985797564,0.437070466574938,0,0.107692307692308,0.497164461247638,0.436657549328179,0.763549149036408
egerton,2023-12-31,2024-02-29,3.09104245335832,0.0604274398868125,0.103453584449141,0.697539716151474,0.211725424155082,0.0909090909090909,0.0909090909090909,0.0690337761129218,16.6151159381327,0.0319652729204864,-0.105564226909256,0.132923389806494,-0.0757188264481231,-1.36538217914814,0.0330231799593257,0.215713788558623,0,0.476923076923077,0.497164461247638,0.444664801866126,0.287010669708252
elliott,2023-12-31,2024-02-29,3.71357206670431,0.0987653070082346,0.195766521174076,0.764689483584029,0.13552312826641,0.0975609756097561,0.13953488372093,0.0860410596128009,4.45933393585885,-0.0507493315382701,0.672913353389029,0.15790142418314,-0.081617812466717,1.57363293377899,-0.0686956838983382,0.11399492470096,1,0.692307692307692,0.497164461247638,0.681955066106275,0.688941478729248
eminence,2023-12-31,2024-02-29,4.00733318523247,0.0257993239871444,0.0578570647656017,0.355356509626492,0.20175341469741,0.127272727272727,0.2,0.0141997197830329,7.17149073368836,0.00741231587707625,0.0909578708559097,0.212250983779708,-0.124562572995515,1.45776470801915,-0.0210647392161266,0.161625869383171,1,0.507692307692308,0.497164461247638,0.382152208633683,0.580154716968536
engaged,2023-12-31,2024-02-29,2.19722457733622,0.121506587565023,0.15779198738198,1,0.255647574827608,0.333333333333333,0.142857142857143,0.218825873347049,2.85760406579046,-0.187263191515203,,0.296287386207938,-0.204867912696206,,-0.224468461188183,-0.0417778525888852,1,0.938461538461539,0.497164461247638,0.438921189641753,0.616091549396515
farallon,2023-12-31,2024-02-29,5.00394630594546,0.0263151541990668,0.0479787741355288,0.397183637385305,0.271652269482842,0.174496644295302,0.221518987341772,-0.12812815638944,9.40356238813068,-0.105943134583478,-0.0824828212926234,0.189710837889561,-0.140699121652556,-0.240636018280214,0.00272158936732134,0.185412197966619,0,0.830769230769231,0.497164461247638,0.444326631014354,0.450791984796524
fisher,2023-12-31,2024-02-29,7.05703698169789,0.0139026057784545,0.0520134680825759,0.287306712168444,0.0471314120012714,0.10594315245478,0.110539845758355,0.14142201025929,10.9190548710663,0.130550296082377,0.0236787584523331,0.154202497472918,-0.0862146522888391,-0.0184845715488617,-0.0211086607061106,0.161581947893187,1,0.230769230769231,0.497164461247638,0.622460327031151,0.597926795482636
fundsmith,2023-12-31,2024-02-29,3.68887945411394,0.0563105115429269,0.125041390474082,0.652856292842345,0.0360207949714336,0.025,0,0.0819385774667353,14.4932611407334,-0.0670932490858109,-0.167835407932101,0.160593811569196,-0.111742461263742,-1.38980563754458,-0.0416170916556615,0.141073516943636,1,0.753846153846154,0.497164461247638,0.530721874280795,0.57726401090622
gardner-russo,2023-12-31,2024-02-29,4.40671924726425,0.0759578696650529,0.133650209488779,0.794206654635805,0.0422742748909161,0.0121951219512195,0.0121951219512195,0.0675470128873581,10.6729939672302,-0.0527375766015915,0.0029254961765392,0.124309492000902,-0.0718674207032475,-1.19922334479334,0.0433028556187127,0.22599346421801,0,0.707692307692308,0.497164461247638,0.635064716682433,0.724341630935669
giverny,2023-12-31,2024-02-29,4.06044301054642,0.0425217408041216,0.081111262256065,0.54998388618735,0.0762314502618815,0.0517241379310345,0.0350877192982456,0.144642563296174,10.1449191097152,-0.0462177992582212,-0.0309410733418627,0.186026021151566,-0.109549172591469,-0.286959144992525,-0.0662903338776846,0.116400274721613,1,0.676923076923077,0.497164461247638,0.499861369306303,0.495858103036881
glenview,2023-12-31,2024-02-29,3.71357206670431,0.0673968193244424,0.149503198002826,0.679555377052993,0.174490420419455,0.146341463414634,0.25531914893617,0.154849296755467,8.12401117990033,-0.0670866646608283,0.0327013368146894,0.185856913984116,-0.123501757877837,-0.00417480610509321,-0.0638187012322446,0.118871907367053,1,0.738461538461539,0.497164461247638,0.546905631817287,0.738829612731934
gotham,2023-12-31,2024-02-29,7.18841273649695,0.0135710935287642,0.0874696521483923,0.240512913250878,0.173609133004117,0.118580060422961,0.111195734958111,0.107514591399416,6.52076020555815,0.0463042997751948,0.118873842299732,0.141384301055473,-0.0824342461234189,1.19622164787956,-0.00487212483798302,0.177818483761315,1,0.4,0.497164461247638,0.568603582424069,0.515360593795776
greenhaven-road,2023-12-31,2024-02-29,3.04452243772342,0.120990378789355,0.223619159108149,0.927570010044723,0.0743794532060919,0.0952380952380952,0.269230769230769,0.133454515953019,3.84297704611097,0.16312607037597,-0.5861831938451,0.302086073593498,-0.178327950477877,-0.670156151559044,0.192692860578557,0.375383469177854,0,0.184615384615385,0.497164461247638,0.418858508863184,0.516003489494324
greenlight,2023-12-31,2024-02-29,3.68887945411394,0.117665327880971,0.28924315976882,0.770054604140386,0.148875117047993,0.175,0.153846153846154,0.151171696132887,3.19637997021079,0.0785832113027402,0.598424419897313,0.259075247241753,-0.181643731083218,1.2778627172886,,,,0.338461538461539,0.497164461247638,0.704810108697969,0.537167847156525
harris,2023-12-31,2024-02-29,4.96284463025991,0.0214770119534562,0.0498559190664752,0.357462349136707,0.0982308258798723,0.104895104895105,0.037593984962406,0.123586697485152,10.2417097151249,-0.00495392452449539,0.102337734590355,0.168573955309561,-0.0947426499253026,0.003106683607626,-0.00963176335183619,0.173058845247462,1,0.553846153846154,0.497164461247638,0.539289613193307,0.654256880283356
himalaya,2023-12-31,2024-02-29,1.79175946922806,0.199195914443488,0.295637445052864,1,0.0402430902778295,0,0,0.123450266591794,16.8662524062135,0.0574625910893936,,0.168935646402525,-0.100859460704644,,0.112172936694923,0.294863545294221,0,0.369230769230769,0.497164461247638,0.405707161922562,0.255315572023392
hound,2023-12-31,2024-02-29,2.484906649788,0.138551999637142,0.263257061229317,0.968308969712314,0.359405289431701,0.0833333333333333,0.388888888888889,-0.340456761555218,8.48420289948143,-0.0717719422476791,-0.34894368155857,0.201368262783173,-0.160335054335706,-2.63736567865667,0.193236254125202,0.3759268627245,0,0.769230769230769,0.497164461247638,0.531309867368275,0.339168041944504
icahn,2023-12-31,2024-02-29,2.63905732961526,0.379356973526818,0.579423138329429,0.979536936546499,0.0308558385457699,0.0714285714285714,0.0714285714285714,-0.101534138070929,1.82166545798056,-0.701506873315004,-0.578249610592761,0.651987696805946,-0.509824356609649,-0.938462547453568,-0.483423694915089,-0.300733086315791,1,1,0.497164461247638,0.363857567751978,0.195995554327965
impactive,2023-12-31,2024-02-29,2.07944154167984,0.146199856113231,0.186346536802676,1,0.116833857385565,0.125,0.125,0.0834347461401272,3.9457099119444,-0.222975875351324,-0.108142129119267,0.235434870087551,-0.136114588903777,-0.29245388591369,-0.131483047205289,0.0512075613940091,1,0.953846153846154,0.497164461247638,0.454958616731823,0.566366195678711
kingdon,2023-12-31,2024-02-29,3.97029191355212,0.0276733697910355,0.0537845770773834,0.394672607729173,0.385141983544016,0.264150943396226,0.290909090909091,-0.0443338180146411,7.48710508240964,-0.00820405984391381,,0.17400564244546,-0.113092454503023,,-0.0251867544936358,0.157503854105662,1,0.569230769230769,0.497164461247638,0.430662106566003,0.480696082115173
lansdowne,2023-12-31,2024-02-29,3.66356164612965,0.123966809188271,0.184696423779938,0.910444537359563,0.0687810085713222,0.153846153846154,0.0833333333333333,0.203000307173486,10.2718237917561,0.0554697462872313,0.00762505916619172,0.244929185979426,-0.132067269621579,-0.117605655255623,-0.00522445843186348,0.177466150167434,1,0.384615384615385,0.497164461247638,0.517951272160107,0.683036208152771
lone-pine,2023-12-31,2024-02-29,3.2188758248682,0.0476238598434662,0.0880005303774173,0.562377440642161,0.202975286569821,0.16,0.192307692307692,0.108297217189839,16.8286770802287,0.116281670599952,-0.523069208266772,0.19214916714691,-0.117248064220763,-1.15877320805623,0.137547826602533,0.320238435201831,0,0.276923076923077,0.497164461247638,0.295898162746938,0.269333571195602
markel-13f,2023-12-31,2024-02-29,4.85203026391962,0.0238090755647057,0.0657140066233781,0.388013135062351,0.0448369753351865,0.015625,0.0526315789473684,0.104772327511226,11.1660932355572,-0.0425652245992131,0.0776732831840842,0.150093026614806,-0.0844187864730096,-0.568166207775786,0.0154706077324415,0.198161216331739,0,0.661538461538462,0.497164461247638,0.604554810803588,0.640490889549255
marshall-wace,2023-12-31,2024-02-29,7.48155570190952,0.027875619192279,0.152216401917071,0.293317415287384,0.397624324259363,0.335211267605634,0.338565022421525,0.11706710142777,8.41569343525272,0.0372538006679999,-0.00832847710258683,0.158956650340455,-0.0850238091432165,-0.498292835000604,-0.00474071133009124,0.177949897269206,1,0.430769230769231,0.497164461247638,0.667297878557282,0.743814826011658
matrix,2023-12-31,2024-02-29,2.94443897916644,0.105382098997091,0.168636495211553,0.942582513362937,0.0538535315959583,0.105263157894737,0.105263157894737,0.153089994375111,11.0298674690434,0.332935357757865,-0.367713712970063,0.265065168921437,-0.1397229796188,-0.136697061309346,,,,0.0769230769230769,0.497164461247638,0.351298641764827,0.506358146667481
maverick,2023-12-31,2024-02-29,5.8406416573734,0.0731404274796916,0.243932689289864,0.488976101925686,0.236219945723575,0.5,0.422818791946309,0.124962478507027,10.3240115892255,0.1656117371786,-0.445492333980147,0.211345279479038,-0.0786310112011591,-0.358793120331052,0.0541548196593737,0.236845428258671,0,0.153846153846154,0.497164461247638,0.578616110133104,0.606512546539307
oaktree,2023-12-31,2024-02-29,5.21493575760899,0.0791203232371141,0.242317371933552,0.578203625087998,0.16183289905332,0.146739130434783,0.21105527638191,-0.0319409129424464,2.58965686742725,-0.0311696190013654,0.562428120265333,0.157149980222039,-0.0481094257326893,1.85230305544131,,,,0.630769230769231,0.497164461247638,0.746949334210938,0.743354737758637
paulson,2023-12-31,2024-02-29,2.83321334405622,0.135308553825933,0.230911482962489,0.929957404396597,0.230044420352036,0,0.0555555555555556,-0.00864312895347216,2.62296152401455,-0.361897355214956,-0.592089749262221,0.247623242379582,-0.269340421200063,-1.05303790582093,0.19242923053308,0.375119839132378,0,0.984615384615385,0.497164461247638,0.29662983098158,0.397094994783402
pershing-square,2023-12-31,2024-02-29,2.07944154167984,0.147127530655242,0.18148655526836,1,0.113294135206144,0,0,-0.00939201906668581,10.0155567849096,0.00710995748397603,0.188403799894403,0.161368742716613,-0.102050194821428,1.38320626709896,-0.100588883626394,0.0821017249729037,1,0.523076923076923,0.497164461247638,0.332190417595112,0.47196826338768
polen,2023-12-31,2024-02-29,4.66343909411207,0.0564772341376807,0.132850729226498,0.639506804619832,0.0789332786726019,0.141509433962264,0.0808080808080808,0.0871349272495875,17.6943578721541,0.153421583120803,-0.068925905252097,0.165637311425052,-0.0857298370587253,-0.261516321425027,-0.081095456883408,0.10159515171589,1,0.2,0.497164461247638,0.499532594657588,0.614555180072784
pzena,2023-12-31,2024-02-29,5.0998664278242,0.0227703892495898,0.0493035187048178,0.367627714413129,0.123853753224703,0.0792682926829268,0.05625,0.133568139856845,5.79029301396829,-0.141578551711387,0.0607074016443849,0.193908966435022,-0.111971976361815,-0.405925277659011,-0.103843335303067,0.0788472732962307,1,0.892307692307692,0.497164461247638,0.587335657143465,0.765325725078583
ruane-cunniff,2023-12-31,2024-02-29,3.49650756146648,0.0707918308337586,0.115020354396567,0.773864819553311,0.0525073363678669,0.0303030303030303,0.111111111111111,0.0378738816262619,13.3923575446571,0.00431656659912449,-0.113161073522607,0.138665873470138,-0.0919349810502574,-0.548480363671703,0.00603938516706118,0.188729993766359,0,0.538461538461538,0.497164461247638,0.482082618999006,0.484121650457382
sachem-head,2023-12-31,2024-02-29,2.484906649788,0.201854350852373,0.365840022099103,0.97035000269989,0.250056134024057,0.25,0.25,-0.00315759653328152,6.41925944654259,-0.16418988478524,-0.358203155516806,0.180525165418022,-0.105263744756235,-1.85550064209323,0.14011749184747,0.322808100446768,0,0.907692307692308,0.497164461247638,0.559936032772054,0.530600726604462
sands,2023-12-31,2024-02-29,4.30406509320417,0.0315217202383694,0.061081358347406,0.448092612175524,0.087766627369458,0.0135135135135135,0.0266666666666667,0.113176177754913,13.0354516690148,0.163409169930327,-0.423830555746172,0.235601729180349,-0.150476500345243,-0.733681805904798,-0.0599816472384818,0.122708961360816,1,0.169230769230769,0.497164461247638,0.33617254507049,0.390907764434814
semper-augustus,2023-12-31,2024-02-29,3.55534806148941,0.0916054035424951,0.174333004192936,0.803879867988796,0.0743444542203282,0.0571428571428571,0,0.135644967611918,7.70795923131239,-0.102608971025989,0.139472478516675,0.154626930714733,-0.0756304103642368,-0.540777238619228,-0.0206334190568537,0.162057189542444,1,0.815384615384615,0.497164461247638,0.631039971835294,0.820759177207947
senator,2023-12-31,2024-02-29,4.24849524204936,0.0291750495344522,0.0656970428816574,0.434472818937361,0.366538907939874,0.442857142857143,0.277777777777778,0.270491316491954,11.9435792124877,0.109639473424616,-0.319222796111201,0.167389598110275,-0.0740958226500702,-1.64572216518199,0.031780025386666,0.214470633985964,0,0.307692307692308,0.497164461247638,0.456642410398478,0.415565639734268
soroban,2023-12-31,2024-02-29,3.36729582998647,0.107909744952916,0.214211227029185,0.820847013017163,0.16474437504624,0.517241379310345,0.0666666666666667,0.178336012391264,14.7001596178995,-0.015518991501905,-0.159970679888482,0.137113343400328,-0.0705925487036332,-2.71984478616352,-0.0251414140190992,0.157549194580198,1,0.584615384615385,0.497164461247638,0.669920378293086,0.476267665624619
southeastern,2023-12-31,2024-02-29,3.80666248977032,0.0384211589988712,0.0641640557389892,0.498503300105218,0.0935339476423387,0.0444444444444444,0.0227272727272727,-0.037206964720541,5.2437195280369,-0.139053922861682,-0.275867714267283,0.218093197746334,-0.152711447124048,-1.42620263059599,-0.0898159589019358,0.0928746496973619,1,0.861538461538462,0.497164461247638,0.493750068929987,0.481378346681595
srs,2023-12-31,2024-02-29,3.09104245335832,0.188155452031648,0.367646443941633,0.93897354561093,0.106344279023636,0.136363636363636,0,0.175552533056929,8.15995967811405,-0.306678198477716,-0.157132725185516,0.357415297724273,-0.184870904610147,0.271360532573373,-0.00725426143466759,0.17543634716463,1,0.969230769230769,0.497164461247638,0.479089259236984,0.423905581235886
starboard,2023-12-31,2024-02-29,3.25809653802148,0.081888292032017,0.166266791619004,0.814564202322782,0.124603961593632,0.153846153846154,0.12,0.206079485836683,5.29428307095456,-0.0547989963820431,-0.088808257475875,0.204402167957118,-0.0750952113387954,-0.57146496482993,-0.0939237707978164,0.0887668378014814,1,0.723076923076923,0.497164461247638,0.581012148192525,0.582031667232513
steadfast,2023-12-31,2024-02-29,3.87120101090789,0.0305135004107938,0.0530848216160104,0.422343217954981,0.313544125952011,0.25,0.234042553191489,0.084854168744402,12.1404355777916,0.12244479431338,-0.25355012163121,0.176973344513495,-0.079715122658567,-0.993058507230004,0.0187673264438614,0.201457935043159,0,0.261538461538462,0.497164461247638,0.391760800780379,0.464300245046616
suvretta,2023-12-31,2024-02-29,4.46590811865458,0.0332586528138213,0.0894693788402492,0.475861356965814,0.280568774010038,0.149425287356322,0.149425287356322,0.167257755481054,8.24320219847254,0.114156644962945,-0.118681998497676,0.271934585674826,-0.155042385279847,0.368556808896171,-0.194639007716855,-0.0119483991175574,1,0.292307692307692,0.497164461247638,0.374777605404749,0.534138321876526
tci,2023-12-31,2024-02-29,2.39789527279837,0.119454490571744,0.147794772413492,0.99938869133605,0.123719627298245,0.181818181818182,0,0.266081539424421,15.5391137504995,0.171037387066426,0.125734278164578,0.160482331097341,-0.079605117315762,0.426855399527045,0.00242117233134478,0.185111780930643,0,0.138461538461538,0.497164461247638,0.376555368720081,0.582725584506989
third-avenue,2023-12-31,2024-02-29,4.07753744390572,0.0371093427268618,0.0968580354562754,0.501790811998827,0.0907358024584692,0.0169491525423729,0.0169491525423729,0.021265053629605,3.38186248327924,-0.0407225691139419,0.278778240491972,0.240012799716237,-0.092077478810922,1.60323244328991,-0.128550210992261,0.0541403976070369,1,0.646153846153846,0.497164461247638,0.524108719255514,0.643353700637817
third-point,2023-12-31,2024-02-29,3.61091791264422,0.0747558635380618,0.157153742661616,0.740671597522355,0.186750992744138,0.216216216216216,0.275,0.0140612059474594,15.6591129485622,-0.0945110046247956,-0.324017441026679,0.166558559809259,-0.109375971476811,-0.733342333465178,-0.033000944038161,0.149689664561137,1,0.8,0.497164461247638,0.43009082761982,0.578670024871826
tiger-global,2023-12-31,2024-02-29,3.66356164612965,0.0808555762133628,0.188025522863994,0.715889124091448,0.106201026435063,0.0512820512820513,0.229166666666667,0.0355270847279451,20.1983763523739,0.349629179524554,-0.599647602015306,0.209891614566537,-0.104818812548199,-0.851352515486165,0.0810728386183817,0.263763447217679,0,0.0307692307692308,0.497164461247638,0.324968829553315,0.585709512233734
tweedy-browne,2023-12-31,2024-02-29,3.80666248977032,0.0855927627323735,0.175348200685818,0.783607149475244,0.0661806122131344,0,0.0425531914893617,0.0917318200687387,11.0527895263898,-0.0761829226124014,-0.0397977584109256,0.117230031727161,-0.0827098041259761,-1.33716254851694,-0.101933231340299,0.0807573772589986,1,0.784615384615385,0.497164461247638,0.620634991859978,0.752563059329987
valueact,2023-12-31,2024-02-29,2.63905732961526,0.117933172974707,0.183626231853717,0.960640586600985,0.300545676579482,0.214285714285714,0.0833333333333333,0.115342381555428,10.321350217337,0.106469516573896,0.291046033266397,0.248860745768919,-0.0949025434612141,0.374932052904518,0.0492192806107889,0.231909889210087,0,0.323076923076923,0.497164461247638,0.465291257876252,0.476986557245255
viking,2023-12-31,2024-02-29,4.36944785246702,0.0260385476711335,0.0542614389242988,0.401585982830961,0.311904092415878,0.227848101265823,0.2375,0.102477882712991,10.9445520519547,0.0342409427907041,-0.264536264599866,0.177953340290607,-0.11325207886386,-0.666227698657657,-0.0229422832249189,0.159748325374379,1,0.446153846153846,0.497164461247638,0.380666964819586,0.442339986562729
whale-rock,2023-12-31,2024-02-29,3.63758615972639,0.0420813097795878,0.086773417382231,0.528493675087492,0.356059494851045,0.263157894736842,0.3,0.121849227808445,12.8698501309126,0.527687112283423,-0.359773136292589,0.258092748068555,-0.100944057696744,0.552324609394863,0.0979974921271801,0.280688100726478,0,0.0153846153846154,0.497164461247638,0.231980890533873,0.480106979608536
yacktman,2023-12-31,2024-02-29,4.24849524204936,0.0331839835651705,0.090962803904456,0.467499504306174,0.0459858471419331,0,0,0.057884316324224,9.37230426638686,-0.122330785523459,0.0792722335092818,0.137946904263511,-0.0625956880466513,-0.405740710161757,-0.0772843077760533,0.105406300823244,1,0.846153846153846,0.497164461247638,0.599021778289326,0.691813170909882
abrams,2024-03-31,2024-05-31,2.56494935746154,0.121426202885937,0.224661544538659,0.97540739109986,0.0551663237475211,0,0.133333333333333,-0.00485556750093388,10.0924164620952,0.0290979338759044,-0.0352909232508271,0.252998026615494,-0.122528408614774,0.776059331435495,0.0855413921590863,0.220741012806755,0,0.476190476190476,0.493939393939395,0.435506639929518,0.395858943462372
adage,2024-03-31,2024-05-31,6.75809450442773,0.0118258436728146,0.0569755462605109,0.270888212839291,0.157038837986962,0.166085946573751,0.147268408551069,0.0917503310461596,11.8160079749273,0.0291470120026339,0.119435841736593,0.150678797746597,-0.0653194687846345,1.29501128730134,0.0250252288077072,0.160224849455376,0,0.46031746031746,0.493939393939395,0.499822671021323,0.541238844394684
akre,2024-03-31,2024-05-31,2.99573227355399,0.108847958360525,0.183671820958352,0.950011169965026,0.0488261435332694,0.1,0,0.0169536060964729,12.2508944565435,-0.00641850680174089,-0.0290597587460457,0.203987593296229,-0.0744226023004222,-0.545977503738239,0.069830947155848,0.205030567803517,0,0.634920634920635,0.493939393939395,0.528096106932622,0.630773425102234
altimeter,2024-03-31,2024-05-31,2.83321334405622,0.151496234216202,0.25524001704374,0.966617959276457,0.16966757842664,0.352941176470588,0,0.0776750058239047,19.2163973764147,-0.0330376101758711,-0.539426103210068,0.301070339200955,-0.133135824579375,-0.370802300571453,0.169215525896545,0.304415146544213,0,0.714285714285714,0.493939393939395,0.26315068449069,0.142447501420975
appaloosa,2024-03-31,2024-05-31,3.63758615972639,0.0576977704974954,0.121650253350875,0.653144014940132,0.2040446084537,0.157894736842105,0.17948717948718,0.167899906687413,17.6624294830632,0.238902870634027,0.357139097300816,0.207835902636159,-0.076750070385425,1.64473339443306,0.0284731228570019,0.16367274350467,0,0.0476190476190476,0.493939393939395,0.410172840010372,0.694096326828003
atreides,2024-03-31,2024-05-31,3.52636052461616,0.0464391052819929,0.0893968439521395,0.584141449328229,0.480694317186041,0.441176470588235,0.40625,0.181238761030028,10.7670155783647,0.102078468100661,-0.289299128594395,0.290266815811683,-0.188623311631872,0.00189080777865658,1.88575367485178e-05,0.135218478184417,0,0.285714285714286,0.493939393939395,0.257959771328605,0.426739156246185
baupost,2024-03-31,2024-05-31,3.09104245335832,0.102858846220364,0.204440371033446,0.855949529634248,0.233613877736984,0.272727272727273,0.304347826086957,-0.227858427731304,7.00283967025093,-0.192348249646615,-0.421990754289432,0.202256870782064,-0.155545353743307,-1.83966407963261,-0.036665565622768,0.0985340550249006,1,0.952380952380952,0.493939393939395,0.517990587040185,0.554161012172699
berkshire-13f,2024-03-31,2024-05-31,3.71357206670431,0.20586313310104,0.408106415757067,0.911868793281263,0.100161841486849,0.024390243902439,0.024390243902439,-0.0461842890028217,11.9404038656863,-0.109123048792719,0.0444291881940339,0.173116693603969,-0.121891103457373,0.140496082448506,-0.0345337648800664,0.100665855767602,1,0.873015873015873,0.493939393939395,0.556077689038328,0.720813751220703
cantillon,2024-03-31,2024-05-31,3.61091791264422,0.032812059685004,0.0676602685669409,0.42872986223276,0.0648420126018348,0.0540540540540541,0.0540540540540541,0.0604800206718134,10.9708390290087,-0.0380549255027096,-0.0734781263822596,0.195503820993911,-0.0890316872561068,-0.570936105469008,0.050539967309244,0.185739587956913,0,0.746031746031746,0.493939393939395,0.509014482759766,0.440127849578857
coatue,2024-03-31,2024-05-31,4.51085950651685,0.0379443715030982,0.0822043636167068,0.531889477400966,0.30469573193432,0.230769230769231,0.3,0.0669369818392568,16.7260225019987,0.192264841708124,-0.458903778219997,0.241757419012814,-0.136506222609406,-0.759685656624209,0.114563383757074,0.249763004404742,0,0.111111111111111,0.493939393939395,0.301616881345929,0.31221216917038
corvex,2024-03-31,2024-05-31,3.46573590279973,0.0909040388613612,0.184433689604425,0.75266285090765,0.209991402068922,0.1875,0.161290322580645,0.0550079753429401,9.35455523754584,-0.00555609825832853,-0.138306859937427,0.23338587243423,-0.160646245403169,-0.15925424186627,-0.124342510366804,0.0108571102808647,1,0.619047619047619,0.493939393939395,0.426341238460736,0.569118976593018
d1,2024-03-31,2024-05-31,3.52636052461616,0.0624837247488568,0.163951485047729,0.641808520618146,0.314955993448775,0.352941176470588,0.214285714285714,0.144555267410648,11.5987122212063,0.0741446861925281,-0.484155940243621,0.226165975655824,-0.145760500768779,-0.992948367053452,0.125745028508479,0.260944649156148,0,0.317460317460317,0.493939393939395,0.345000393258232,0.464637279510498
darsana,2024-03-31,2024-05-31,2.56494935746154,0.0904481777756741,0.121888832596621,0.917886383261164,0.152157165503533,0.153846153846154,0,0.10460112249251,10.8799499942394,0.249876548368255,-0.230671850543621,0.204079150715947,-0.0629651079470115,-0.382844145996498,0.0510830135160424,0.186282634163711,0,0.0317460317460317,0.493939393939395,0.353428792555727,0.495419651269913
dragoneer,2024-03-31,2024-05-31,3.36729582998647,0.0660024035538319,0.113165517544346,0.743607960035037,0.259363649279487,0.206896551724138,0.178571428571429,-0.0644658419319139,5.52328253567138,-0.18340326108258,-0.709721851758833,0.358425086320276,-0.283115018567987,-0.711766239247278,0.194875429439508,0.330075050087177,0,0.936507936507937,0.493939393939395,0.231111719482658,0.392609745264053
duquesne,2024-03-31,2024-05-31,4.27666611901606,0.0496855763573786,0.125673885031467,0.584916630813861,0.369452676982388,0.583333333333333,0.4,0.180245700393888,11.4398653116186,0.375430430930753,0.291360505152825,0.186949370007156,-0.0862443181009566,1.25710795021486,0.115375275859277,0.250574896506945,0,0.0158730158730159,0.493939393939395,0.491934949546979,0.814794600009918
egerton,2024-03-31,2024-05-31,3.09104245335832,0.0573672197701764,0.0870163357741876,0.679252944852277,0.16042905013488,0.136363636363636,0.136363636363636,0.114163081370679,15.3553414946772,0.0319085812011043,-0.12981312417257,0.144006236644351,-0.0757188264481228,-1.55600605379557,0.0499580186350514,0.18515763928272,0,0.444444444444444,0.493939393939395,0.49131646172778,0.310439825057983
elliott,2024-03-31,2024-05-31,3.68887945411394,0.115898423631238,0.19398758931102,0.82371901794226,0.211602426575044,0.15,0.170731707317073,0.0966010574562213,4.75051509830204,0.17803586708826,0.694882912555892,0.135130778472134,-0.0208569338366855,2.00203243344186,-0.0556819978930366,0.079517622754632,1,0.126984126984127,0.493939393939395,0.611525488826336,0.676999270915985
eminence,2024-03-31,2024-05-31,4.02535169073515,0.0269570164347888,0.0586728310311845,0.374668570662811,0.184664618343111,0.196428571428571,0.181818181818182,0.0622074834399633,7.26861169539947,0.0648923698291752,0.0323711735272749,0.221960035201357,-0.124562572995515,1.29615786247108,-0.0162061364563426,0.118993484191326,1,0.349206349206349,0.493939393939395,0.392448624744059,0.507564544677734
engaged,2024-03-31,2024-05-31,2.39789527279837,0.112713752358317,0.173299545051781,0.988792060929333,0.0944000234583704,0.181818181818182,0,-0.101036590712991,3.22463834848096,-0.2512212720672,,0.278003247244932,-0.204867912696206,,-0.344694930614633,-0.209495309966964,1,0.984126984126984,0.493939393939395,0.49521249174135,0.639316916465759
farallon,2024-03-31,2024-05-31,5.0998664278242,0.0272105504269584,0.0594227108758016,0.407770300456935,0.207890861593845,0.237804878048781,0.161073825503356,0.0851950513775404,9.62583020735474,-0.0948763252354214,-0.1132830842053,0.192649073754295,-0.140699121652556,-0.442877169217073,-0.0152066035539609,0.119993017093708,1,0.857142857142857,0.493939393939395,0.4781331615377,0.458475589752197
fisher,2024-03-31,2024-05-31,6.87005341179813,0.0158359680771507,0.0509464543334888,0.309824182097634,0.115109312846,0.0903426791277258,0.245478036175711,0.0527705140306158,12.2690665325222,0.0557521596342289,0.0452353533914978,0.165444604975601,-0.086214652288839,0.031555568762313,-0.0170092443789772,0.118190376268691,1,0.365079365079365,0.493939393939395,0.595972828079585,0.637549340724945
fundsmith,2024-03-31,2024-05-31,3.68887945411394,0.0581507606222618,0.125438480285709,0.660735450742461,0.0515314100296292,0.05,0.05,0.0672706808557903,15.0254788830638,-0.123908116323726,-0.210779322309293,0.153692538362151,-0.111742461263742,-1.90273376652305,0.0230856288275895,0.158285249475258,0,0.904761904761905,0.493939393939395,0.560399425094092,0.630623519420624
gardner-russo,2024-03-31,2024-05-31,4.39444915467244,0.0763621054399762,0.138770744650466,0.789377173079581,0.0277572425366965,0.0246913580246914,0.0365853658536585,-0.00673964708093401,10.3754294940858,-0.0611579233692813,-0.0533673279353454,0.120928847402916,-0.0718674207032474,-1.4874569468705,0.0972453012480426,0.232444921895711,0,0.793650793650794,0.493939393939395,0.644987012777895,0.720495283603668
giverny,2024-03-31,2024-05-31,3.93182563272433,0.0419721380487933,0.0820755360148912,0.546721871855542,0.09412963900392,0.0588235294117647,0.172413793103448,0.144837596951682,10.5117227254771,-0.0209559866677349,-0.110967928315803,0.195238938980904,-0.109549172591469,-0.750127962890989,-0.0390701529782218,0.0961294676694468,1,0.682539682539683,0.493939393939395,0.523826175899576,0.524531662464142
glenview,2024-03-31,2024-05-31,3.76120011569356,0.0580308243494896,0.1296162992285,0.659069246586585,0.178672427864185,0.13953488372093,0.0975609756097561,0.178671971018133,7.37338126038717,-0.00939619249744833,-0.082549592041628,0.185886228491701,-0.123501757877837,-0.334960890123261,-0.0773870078431254,0.0578126128045432,1,0.650793650793651,0.493939393939395,0.47535907199464,0.555525302886963
gotham,2024-03-31,2024-05-31,7.21964204013074,0.0149441647044631,0.0986428088529619,0.245433148786351,0.155357358090539,0.123718887262079,0.0959214501510574,0.205795703343011,6.44328147816225,0.00536982665498315,0.0581796474449114,0.154274264813401,-0.0824342461234189,0.488862066020963,0.0170657179814083,0.152265338629077,0,0.53968253968254,0.493939393939395,0.595401300988858,0.561353623867035
greenhaven-road,2024-03-31,2024-05-31,2.94443897916644,0.152982125341622,0.302490359668974,0.927719219032234,0.225067925609729,0.105263157894737,0.19047619047619,-2,4.29552643968263,0.119781697224706,-0.591677204899688,0.309466140307835,-0.178327950477876,-0.902962867275669,0.276099494356359,0.411299115004028,0,0.238095238095238,0.493939393939395,0.404017778609813,0.362306416034699
harris,2024-03-31,2024-05-31,4.89034912822175,0.0212075544170724,0.048192079564981,0.344322764004947,0.0994910082239407,0.0526315789473684,0.118881118881119,0.0632587570930597,9.97807482908821,0.0101528412540055,-0.0110977896207604,0.183679369900906,-0.0947426499253027,-0.125541029147379,-0.0438598469041928,0.0913397737434758,1,0.507936507936508,0.493939393939395,0.520301603920271,0.640606224536896
himalaya,2024-03-31,2024-05-31,1.79175946922806,0.203545634026362,0.303326859524241,1,0.0193789192918085,0,0,0.0931945547018743,16.8068196196232,0.103701065991539,-0.069288596242773,0.176962226081735,-0.100859460704644,-0.292742007061101,-0.0347545511745339,0.100445069473135,1,0.26984126984127,0.493939393939395,0.426385623817567,0.338386446237564
hound,2024-03-31,2024-05-31,2.70805020110221,0.126124186165849,0.272722895393376,0.887566455991427,0.266645322186881,0.266666666666667,0.0833333333333333,0.0443458909714577,8.08328636849324,-0.0662627135001832,-0.294195337135167,0.241925047647326,-0.160335054335706,-2.31579930988104,0.19268235582258,0.327881976470249,0,0.825396825396825,0.493939393939395,0.535534064610548,0.365410149097443
icahn,2024-03-31,2024-05-31,2.63905732961526,0.327007396973781,0.525066973879123,0.975365873247598,0.0860227040262972,0.142857142857143,0.142857142857143,0.0879807059888167,1.95363979458323,-0.296669484720707,-0.564917144237045,0.495993791271979,-0.412576745487551,-0.916944153581245,-0.401721546176577,-0.266521925528909,1,1,0.493939393939395,0.409562946375358,0.23309163749218
impactive,2024-03-31,2024-05-31,2.19722457733622,0.134920975246921,0.189052521894869,1,0.108010352294658,0.111111111111111,0,0.0828647448481555,3.8717928982983,-0.162450104803789,-0.218216097228101,0.244420168804187,-0.136114588903777,-0.461508747389959,-0.124392277952046,0.0108073426956223,1,0.920634920634921,0.493939393939395,0.42127460422287,0.552211344242096
kingdon,2024-03-31,2024-05-31,4.23410650459726,0.0188138949205679,0.0387566006626182,0.293623734303909,0.460553735256571,0.420289855072464,0.245283018867925,0.367651554236138,8.16584379958585,0.128047321847749,,0.185867249291891,-0.113092454503023,,-0.0756305046272203,0.0595691160204484,1,0.222222222222222,0.493939393939395,0.378168277042258,0.467596799135208
lansdowne,2024-03-31,2024-05-31,3.61091791264422,0.133178338471657,0.203474588834733,0.952751364707139,0.143740825639362,0.135135135135135,0.17948717948718,0.12915428146682,11.4989628548493,0.14390184661386,0.0228708406455369,0.243034080329673,-0.132067269621579,0.0227574409074441,-0.0447085605339321,0.0904910601137365,1,0.19047619047619,0.493939393939395,0.477176566396054,0.64041405916214
lone-pine,2024-03-31,2024-05-31,3.25809653802148,0.0467926521732326,0.0819229670963652,0.572533216226218,0.195941788840213,0.192307692307692,0.16,0.0918986751190384,16.4408209110605,0.0325070889932458,-0.456989877224831,0.208975369143984,-0.117248064220764,-1.25051331017312,0.236607011030498,0.371806631678167,0,0.428571428571429,0.493939393939395,0.336580589797959,0.187851473689079
markel-13f,2024-03-31,2024-05-31,4.88280192258637,0.0245744966355449,0.0697004326062801,0.394054647244927,0.0419805675959678,0.0378787878787879,0.0078125,0.0974297607698369,11.4441605155308,0.00245516029453841,0.0125323022893751,0.156209435916231,-0.0844187864730095,-1.01805243395811,-0.000664272453182568,0.134535348194486,1,0.555555555555556,0.493939393939395,0.61097418646787,0.67780077457428
marshall-wace,2024-03-31,2024-05-31,7.63723438878947,0.0260227782728797,0.145735436205055,0.295849351057603,0.304664191828245,0.371745419479267,0.265915492957747,0.142669024187894,8.60407502809793,0.0525680361653258,-0.027155073468843,0.170084035839657,-0.0850238091432167,-0.702906142365705,0.014690344268492,0.149889964916161,0,0.380952380952381,0.493939393939395,0.666157302146563,0.725947499275208
matrix,2024-03-31,2024-05-31,3.13549421592915,0.114205987429888,0.223138103535966,0.923905756200098,0.214450262290424,0.260869565217391,0.105263157894737,0.102563038481419,11.700609212704,0.237187616628455,-0.216089106686682,0.255884170436379,-0.1397229796188,0.168752374017945,,,,0.0634920634920635,0.493939393939395,0.3532423941622,0.47591570019722
maverick,2024-03-31,2024-05-31,5.99893656194668,0.049828212725732,0.187048174351751,0.45504491527327,0.288052165172367,0.558312655086849,0.482558139534884,0.0625172464233026,10.0950114635031,0.15322884177129,-0.409305718983708,0.212496344879709,-0.078631011201159,-0.301747829989066,0.0415271176755806,0.176726738323249,0,0.174603174603175,0.493939393939395,0.548588151905244,0.609244823455811
paulson,2024-03-31,2024-05-31,2.89037175789616,0.178981876537874,0.32735740637019,0.951377593298827,0.101605209368146,0.111111111111111,0.0588235294117647,0.267603688719623,2.97330146529513,-0.212560128926841,-0.507507423136553,0.298424929329783,-0.214384310814879,-0.938465568612034,0.101878357257093,0.237077977904762,0,0.968253968253968,0.493939393939395,0.433993013809558,0.515409409999847
pershing-square,2024-03-31,2024-05-31,1.94591014905531,0.156040181597363,0.200963838364207,1,0.0576667073682726,0,0.125,0.034514233747202,10.3799749501874,-0.0470604309022151,0.142379306382752,0.158731060520786,-0.102050194821428,1.17810805581446,-0.121605404992165,0.0135942156555033,1,0.761904761904762,0.493939393939395,0.404935779987389,0.48519441485405
polen,2024-03-31,2024-05-31,4.64439089914137,0.0587601033116258,0.143291973834117,0.639597524885931,0.106638303974646,0.0480769230769231,0.0660377358490566,0.0431505188846335,18.3234665512936,-0.0616126460978088,-0.165678598659798,0.176057361091421,-0.0857298370587253,-0.964321391447106,-0.000499117593404513,0.134700503054264,1,0.80952380952381,0.493939393939395,0.496567511647571,0.607493758201599
pzena,2024-03-31,2024-05-31,5.06890420222023,0.0229163450614725,0.0457039804463183,0.365231008518277,0.0933048197860387,0.050314465408805,0.0792682926829268,0.090812417466561,5.81220658159803,-0.00433665770497366,-0.0201855408284018,0.191576062356976,-0.111971976361815,-0.396584149872247,-0.126360936526531,0.00883868412113713,1,0.603174603174603,0.493939393939395,0.556510235472087,0.639842927455902
ruane-cunniff,2024-03-31,2024-05-31,3.52636052461616,0.0709521407915396,0.114229376664088,0.776985067604309,0.0378862751932094,0.0294117647058824,0,0.0290884958093975,13.7603560495518,0.000527909126541493,-0.125608561215951,0.143508284210853,-0.0919349810502574,-0.619025999739587,-0.0258337952813646,0.109365825366304,1,0.571428571428571,0.493939393939395,0.467484542068792,0.513794898986816
sachem-head,2024-03-31,2024-05-31,2.39789527279837,0.204011782706873,0.397902222621052,0.976961183569522,0.344769381171492,0.363636363636364,0.416666666666667,0.0886858265844406,5.53276055993179,-0.0598585312615624,-0.439997567079112,0.190603945730565,-0.105263744756235,-2.33582626349533,0.186457304823638,0.321656925471306,0,0.777777777777778,0.493939393939395,0.587707156480301,0.370321601629257
sands,2024-03-31,2024-05-31,4.33073334028633,0.0326244906089152,0.0681971283693206,0.456927428932582,0.10045211347531,0.0526315789473684,0.027027027027027,0.08310122903289,13.6050104738346,-0.000826801073912808,-0.396672719272966,0.246586143834505,-0.150476500345243,-0.914638681394394,0.0900109755935208,0.225210596241189,0,0.587301587301587,0.493939393939395,0.372237679786881,0.301021844148636
semper-augustus,2024-03-31,2024-05-31,3.58351893845611,0.0972034094515337,0.178306755044473,0.810330989794838,0.0427807150503145,0.0555555555555556,0.0285714285714286,0.134753085458672,7.35723287963504,0.0399284368444978,0.0430697457952272,0.155133863276174,-0.0756304103642368,-0.6420203020596,0.00743544289825351,0.142635063545922,0,0.396825396825397,0.493939393939395,0.611893260174219,0.738242983818054
senator,2024-03-31,2024-05-31,4.21950770517611,0.0290895105014867,0.0636132754070264,0.432501809358097,0.324126910217543,0.25,0.271428571428571,-0.0602991042191103,11.4436985489903,0.174806942485554,-0.244452445670418,0.186042029290503,-0.0740958226500702,-1.26022304997351,0.000241520761124853,0.135441141408793,0,0.142857142857143,0.493939393939395,0.443290074744328,0.618607938289642
soroban,2024-03-31,2024-05-31,3.17805383034795,0.0978731573638267,0.174978563661626,0.850810513886306,0.225910241360974,0.0833333333333333,0.241379310344828,-0.200009516354729,15.4818590536262,0.00956731756136092,-0.164218725746642,0.141231020110028,-0.0705925487036334,-2.65027592513482,0.0313352826078003,0.166534903255469,0,0.523809523809524,0.493939393939395,0.58855852470388,0.42898890376091
southeastern,2024-03-31,2024-05-31,3.76120011569356,0.0408829239845071,0.0825132488488563,0.539027364340583,0.124125849347459,0.0465116279069768,0.0888888888888889,0.000566917078563063,4.92083204682119,-0.0362335368895011,-0.288734081663497,0.231179134123835,-0.152711447124048,-1.4289164933591,-0.0549690400170939,0.0802305806305748,1,0.73015873015873,0.493939393939395,0.499849988194531,0.4738529920578
srs,2024-03-31,2024-05-31,3.09104245335832,0.149943035330644,0.294862747615323,0.917968700047176,0.183869274138171,0.227272727272727,0.227272727272727,-0.131860733546288,9.18078502036693,-0.123869339505516,0.000308714899611817,0.378178737442096,-0.184870904610146,0.557067450872399,0.0727617742351367,0.207961394882805,0,0.888888888888889,0.493939393939395,0.485666429820748,0.344637334346771
starboard,2024-03-31,2024-05-31,3.09104245335832,0.077389084654913,0.15749216673325,0.793379320567931,0.132247663016838,0.0454545454545455,0.192307692307692,0.00874280550433169,5.66247271136075,0.0656102058864402,-0.0925134479864818,0.226218504125149,-0.0750952113387954,-0.323839479628983,-0.152177685601941,-0.016978064954272,1,0.333333333333333,0.493939393939395,0.528495762030769,0.672289431095123
steadfast,2024-03-31,2024-05-31,4.00733318523247,0.0323083568549597,0.0754222522152821,0.459035116658122,0.356007231986325,0.236363636363636,0.125,0.0816949642345531,11.6711506879616,0.117036377463625,-0.223263624105488,0.200983756726919,-0.0797151226585668,-0.958083624008712,0.0883031817469061,0.223502802394575,0,0.253968253968254,0.493939393939395,0.370712960091464,0.480008870363236
suvretta,2024-03-31,2024-05-31,4.59511985013459,0.0301468312343657,0.0923478416242763,0.42387328355717,0.207187404170502,0.232323232323232,0.126436781609195,0.0803988610972717,8.20455335530159,0.13067137370036,-0.142808547468785,0.294857087386918,-0.155042385279847,0.307279598536538,-0.215782165187031,-0.080582544539362,1,0.206349206349206,0.493939393939395,0.408327682926259,0.449799716472626
tci,2024-03-31,2024-05-31,2.30258509299405,0.130233494385285,0.207176548444016,1,0.0638822542431278,0,0.0909090909090909,0.0977047251338624,16.15245816856,0.0357710838141828,0.0927988461971271,0.155695593977985,-0.079605117315762,0.198087758027456,0.0508338932497055,0.186033513897374,0,0.412698412698413,0.493939393939395,0.454510981398522,0.399337917566299
third-avenue,2024-03-31,2024-05-31,4.06044301054642,0.0342470990999214,0.075195274906431,0.487049711963145,0.0783098065807728,0.0172413793103448,0.0338983050847458,0.0281910740753066,3.53990879611492,0.19289977353935,0.242568883787952,0.238154836937213,-0.0920774788109221,1.86799825522666,-0.20722766678621,-0.0720280461385417,1,0.0952380952380952,0.493939393939395,0.464262672981434,0.545143783092499
third-point,2024-03-31,2024-05-31,3.66356164612965,0.0670457263740053,0.123764670799927,0.726193019683395,0.2169035484685,0.230769230769231,0.189189189189189,0.165800690313034,17.2699660554676,0.0264187050400018,-0.299030022049579,0.183429737258857,-0.109375971476811,-0.587981175283273,-0.064213807908959,0.0709858127387096,1,0.492063492063492,0.493939393939395,0.355711798983314,0.504862904548645
tiger-global,2024-03-31,2024-05-31,3.71357206670431,0.0834323893579171,0.198123497104176,0.747394007987928,0.122609263809753,0.0975609756097561,0.0512820512820513,0.26384729512942,21.0688628341753,0.195170875695693,-0.456307841835595,0.212483607047783,-0.104818812548199,-0.714522497498401,0.114568114238839,0.249767734886507,0,0.0793650793650794,0.493939393939395,0.328344116068741,0.390428364276886
tweedy-browne,2024-03-31,2024-05-31,3.80666248977032,0.0893050595021391,0.197167115399057,0.775900384599294,0.0587868894540965,0.0444444444444444,0.0444444444444444,0.0390462353481603,11.0451161106575,-0.0842992094676674,-0.0624044425157421,0.126225620988985,-0.0827098041259761,-1.5356985052095,-0.0969280104916245,0.0382716101560441,1,0.841269841269841,0.493939393939395,0.641205910577789,0.731730759143829
valueact,2024-03-31,2024-05-31,2.484906649788,0.143889526255632,0.231124961039123,0.975422264311591,0.172053676703314,0.0833333333333333,0.214285714285714,-0.0950342947694207,11.1887129621262,0.101256411220058,-0.00544076411913755,0.252375086243706,-0.0949025434612141,-0.238744663072829,0.170043564081839,0.305243184729508,0,0.301587301587302,0.493939393939395,0.479645114131307,0.397821843624115
viking,2024-03-31,2024-05-31,4.4188406077966,0.0271852326219321,0.0657494972040503,0.409370236923851,0.305653846186243,0.265060240963855,0.227848101265823,-0.0163172501968784,11.8383292292305,-0.0289544118727687,-0.266464879504349,0.189192714372216,-0.11325207886386,-0.834703888693212,0.0627679918958266,0.197967612543495,0,0.698412698412698,0.493939393939395,0.400895766419905,0.492828071117401
whale-rock,2024-03-31,2024-05-31,3.49650756146648,0.053955311544449,0.11036746239325,0.619075745258684,0.318360684446383,0.212121212121212,0.315789473684211,0.18471505330449,15.7977447817927,0.166292791428683,-0.262298362297252,0.24730005698441,-0.100944057696744,0.451056145454451,0.298055999787917,0.433255620435585,0,0.158730158730159,0.493939393939395,0.273166163477201,0.478954195976257
yacktman,2024-03-31,2024-05-31,4.29045944114839,0.0349598382888592,0.103213079177618,0.468755810774468,0.0652550758064933,0.0684931506849315,0.0285714285714286,0.0334504140946042,9.56215855401114,-0.015959606486517,0.056115409688443,0.13044209653203,-0.0625956880466512,-0.142393404755542,-0.0832502294390754,0.0519493912085933,1,0.666666666666667,0.493939393939395,0.574487327328228,0.614334106445313
abrams,2024-06-30,2024-08-31,2.63905732961526,0.203640147998398,0.401334681236311,0.969815345988894,0.401334681236311,0.0714285714285714,0,0.4683142870142,8.08124404007073,-0.0380451167496833,0.0996628092441668,0.22979576548368,-0.0853367183129809,1.33382382559089,-0.0786121904688924,0.0874698920760381,1,0.703125,0.495327102803739,0.318269492180398,0.472303658723831
adage,2024-06-30,2024-08-31,6.75693238924755,0.0143722648693532,0.0589762418026692,0.306419326307475,0.151211093995936,0.130232558139535,0.131242740998839,0.0198952852322351,12.4885299831104,0.0370201131174576,0.113161541926375,0.147885823283527,-0.0365405923119795,1.82912387229766,0.0300532519766429,0.196135334521573,0,0.328125,0.495327102803739,0.449865710465945,0.568062722682953
akre,2024-06-30,2024-08-31,2.94443897916644,0.105404919065708,0.156782184818244,0.949430697199044,0.0505284130831153,0.105263157894737,0.15,-0.0615585340069314,11.0328325444437,0.0361950292647026,0.0128002963264251,0.202297180707065,-0.0744226023004223,-0.0935092663706681,-0.0303023882810729,0.135779694263858,1,0.34375,0.495327102803739,0.528377585776703,0.58625066280365
altimeter,2024-06-30,2024-08-31,2.99573227355399,0.126962153067655,0.191664761958178,0.929404617563618,0.113470582031186,0.3,0.176470588235294,0.0335866866884701,20.5717534722542,-0.0327204804869427,-0.624561049067146,0.291113209597277,-0.119761050657494,-0.518431210089974,0.348503894127001,0.514585976671932,0,0.6875,0.495327102803739,0.28805187073074,0.296497851610184
appaloosa,2024-06-30,2024-08-31,3.61091791264422,0.0567224980348999,0.122421819476402,0.63526491151588,0.0815699029958939,0,0.0263157894736842,-0.0803028790366069,17.2728756879112,0.078711938556587,0.34908933627744,0.204836475309016,-0.0598163388028437,1.18661147822539,0.168647040802011,0.334729123346942,0,0.171875,0.495327102803739,0.491833831847752,0.600359797477722
atreides,2024-06-30,2024-08-31,3.68887945411394,0.0372012871539673,0.0577933711084121,0.4970996670759,0.322951201087815,0.35,0.235294117647059,-0.0851966968762704,10.1755523877444,-0.00435300335914313,-0.345570772560436,0.273083644691474,-0.0726031026459116,-0.260304386797778,0.375877612981563,0.541959695526494,0,0.5,0.495327102803739,0.348748217182177,0.344160497188568
baupost,2024-06-30,2024-08-31,3.17805383034795,0.0888703324317639,0.207823613047629,0.765666116599401,0.207307780558387,0.208333333333333,0.136363636363636,-0.00457798508411442,6.55188724804291,-0.145512826566031,-0.370356273648387,0.222149453827605,-0.0582405363122468,-1.38288772472745,0.0722033169874168,0.238285399532347,0,0.90625,0.495327102803739,0.535753227195826,0.626477599143982
berkshire-13f,2024-06-30,2024-08-31,3.71357206670431,0.148083716299296,0.300918963313113,0.904768470409292,0.112111802769908,0.0487804878048781,0.0487804878048781,-0.169492768326621,13.1747449563197,-0.0224618219820254,0.0622360166326171,0.155556193331509,-0.0218605308520032,0.159157709985958,-0.071363773914273,0.0947183086306575,1,0.625,0.495327102803739,0.569216340196879,0.525467813014984
cantillon,2024-06-30,2024-08-31,3.66356164612965,0.0357409978172396,0.0828803453148515,0.470860480139078,0.100105402511395,0.102564102564103,0.0540540540540541,-0.0611972496752952,11.6079133313126,0.00434490023898443,-0.0372435270378884,0.187485460999997,-0.0634483138895123,0.055050604396737,0.0259026275942839,0.191984710139214,0,0.421875,0.495327102803739,0.491994155086931,0.428686946630478
coatue,2024-06-30,2024-08-31,4.30406509320417,0.0444140049604727,0.0820930966234441,0.582398978968446,0.184773607902427,0.0945945945945946,0.263736263736264,0.00752846503424042,17.2738411614407,0.14643231692998,-0.487370064963261,0.233558677362608,-0.0524341190578566,-0.771295646666291,0.18847823354239,0.35456031608732,0,0.078125,0.495327102803739,0.356326600259809,0.298193663358688
corvex,2024-06-30,2024-08-31,3.49650756146648,0.088228036401718,0.158535455069189,0.799575066994761,0.173818270630156,0.121212121212121,0.09375,0.0727784584944567,8.70456252561465,-0.0662065450877864,-0.129665480528638,0.205557484468713,-0.0598290917700748,-0.196047838994959,-0.0107847488586175,0.155297333686313,1,0.796875,0.495327102803739,0.463165493835998,0.54014390707016
d1,2024-06-30,2024-08-31,3.55534806148941,0.0606113208195093,0.156729251668431,0.619287798120366,0.343217645572756,0.314285714285714,0.294117647058824,-0.103573077434983,9.4707975456539,0.0654774078579508,-0.479457932810847,0.188029821832006,-0.0512762988804532,-1.00511560081847,0.123891868035745,0.289973950580676,0,0.203125,0.495327102803739,0.400976629783698,0.340694636106491
darsana,2024-06-30,2024-08-31,2.63905732961526,0.0906033509337161,0.122488583915974,0.918531065062845,0.177413404198185,0.214285714285714,0.153846153846154,0.161855628416224,10.7245520123454,0.175509414625886,-0.279168468119432,0.176992812625345,-0.0626346573591401,-0.580169138022415,0.205135785661188,0.371217868206119,0,0.0625,0.495327102803739,0.376080486799339,0.481455206871033
dragoneer,2024-06-30,2024-08-31,3.49650756146648,0.0595057532694246,0.102091993225135,0.686344303931631,0.253203215375866,0.272727272727273,0.172413793103448,0.192311535770701,6.9640422975565,-0.151376373522777,-0.763343694526002,0.288549003778986,-0.0891446809325958,-1.08486300834994,0.199582996697009,0.36566507924194,0,0.921875,0.495327102803739,0.30712367920938,0.510250389575958
duquesne,2024-06-30,2024-08-31,4.14313472639153,0.0486245797606286,0.0922452074504626,0.628576302552421,0.420631202823968,0.285714285714286,0.375,-0.278071509529361,8.54831526185817,0.250690042901533,0.247164640562866,0.19561076053628,-0.0275797962606571,1.25379526148266,0.160952980006262,0.327035062551193,0,0.015625,0.495327102803739,0.420284347584712,0.639273405075073
egerton,2024-06-30,2024-08-31,3.25809653802148,0.0501158357967175,0.0760086576452826,0.611554636985451,0.164055104799618,0.230769230769231,0.0909090909090909,-0.0439146771328129,15.7119589529505,-0.0253132327013001,-0.152569402280867,0.123417277844725,-0.0342570999237866,-1.54297632663174,-0.00826220336784223,0.157819879177088,1,0.65625,0.495327102803739,0.518304858316075,0.44843864440918
elliott,2024-06-30,2024-08-31,3.61091791264422,0.117213975273469,0.199360680925637,0.840255738717814,0.101066841476835,0.108108108108108,0.175,0.0375304140257366,4.53263784409944,0.0016290777859444,0.62482276631765,0.130730449593774,-0.0356384117108332,1.23357633774232,0.0843200139593512,0.250402096504282,0,0.453125,0.495327102803739,0.695245063676499,0.674709737300873
eminence,2024-06-30,2024-08-31,4.02535169073515,0.0254068790201399,0.0520932644248843,0.349315643402167,0.166398657754676,0.160714285714286,0.160714285714286,0.128575341835286,7.64748847375162,-0.0182245280358569,0.0430529208467725,0.210364951754308,-0.0593989048131287,1.07960315712928,0.037045395716931,0.203127478261861,0,0.609375,0.495327102803739,0.451183621103765,0.606368005275726
engaged,2024-06-30,2024-08-31,2.484906649788,0.102409160098061,0.13490989715558,0.931670190124802,0.209023022036569,0.0833333333333333,0,-0.0552657071947879,2.91718114439266,-0.27574118673889,,0.310988533384001,-0.149969012019403,,-0.327511191539401,-0.16142910899447,1,0.953125,0.495327102803739,0.437042938597584,0.59269779920578
fairfax-13f,2024-06-30,2024-08-31,3.63758615972639,0.163241158254464,0.320542164706928,0.872502938865228,0.115890360756844,0.0526315789473684,0.142857142857143,-0.0379523914161769,5.91631990720931,-0.391353932280239,,0.219370677055104,-0.131283267053721,,-0.0683225770530745,0.0977595054918559,1,0.984375,0.495327102803739,0.621951077378172,0.781308889389038
farallon,2024-06-30,2024-08-31,5.02388052084628,0.0271724683973053,0.0555685970613151,0.398931805543694,0.172774000715179,0.118421052631579,0.182926829268293,-0.0473807089836314,9.68492810620363,-0.028677308501883,-0.0457148142768326,0.185205198283696,-0.0652142388034557,0.158415562857671,-0.113849779753548,0.0522323027913822,1,0.671875,0.495327102803739,0.494630477821447,0.506250143051148
fisher,2024-06-30,2024-08-31,6.89264164117209,0.0180903199147453,0.0530225016697699,0.33533860477504,0.0673790471296394,0.10761421319797,0.0872274143302181,0.0709439785300038,13.0136114671,0.0545889060970208,0.0268715468625916,0.161117781171205,-0.0339261977142197,0.0993331497178402,0.0020522748973624,0.168134357442293,0,0.234375,0.495327102803739,0.590120797409776,0.647178471088409
fundsmith,2024-06-30,2024-08-31,3.68887945411394,0.0593215531834233,0.130055713919177,0.666839921368347,0.0423756258471061,0,0,-0.0403705114501997,15.4642768696399,-0.0992032409016992,-0.264924533987306,0.140958815916518,-0.0441879879230158,-2.18647529484517,-0.0435114297982412,0.122570652746689,1,0.875,0.495327102803739,0.595057672593219,0.674425184726715
gardner-russo,2024-06-30,2024-08-31,4.34380542185368,0.0766610923070558,0.13672335636533,0.796430789484123,0.0343680043949495,0.025974025974026,0.0740740740740741,-0.0292316782954815,10.3568618341217,-0.0625727909114123,0.0267777761074888,0.116168093392028,-0.0238620748102206,-0.84867441458537,0.0205128677245216,0.186594950269452,0,0.78125,0.495327102803739,0.640529008288047,0.80351734161377
giverny,2024-06-30,2024-08-31,3.91202300542815,0.0411829000289912,0.0832733267112407,0.539656850350228,0.0789101263521825,0.04,0.0588235294117647,-0.0383371820236318,11.0596246718288,-0.0587358389871464,-0.101336272586449,0.17389261504503,-0.0605018931157366,-0.818532949184215,-0.0321040756550515,0.133978006889879,1,0.75,0.495327102803739,0.549411300534055,0.478093415498734
glenview,2024-06-30,2024-08-31,3.8286413964891,0.0601176658458234,0.131491777529401,0.657661352785281,0.180937702653677,0.195652173913043,0.13953488372093,-0.0834118581988219,7.57382765314876,0.0639321432354484,0.0434678121617738,0.164357413275531,-0.0427072840382297,0.250222881282446,-0.119225075179188,0.0468570073657422,1,0.21875,0.495327102803739,0.525799797135583,0.731159150600433
gotham,2024-06-30,2024-08-31,7.24921505711439,0.0160464763631264,0.104500104224014,0.25343670818423,0.15203251753283,0.11727078891258,0.0907759882869693,0.153975513579227,6.82073628323002,-0.00209910944618186,0.0307162426794501,0.142581467197416,-0.0400059312867423,0.113709357199159,0.0359603829015598,0.20204246544649,0,0.484375,0.495327102803739,0.628774818814043,0.65995067358017
greenhaven-road,2024-06-30,2024-08-31,2.89037175789616,0.14837146763711,0.285594588582269,0.944825027855673,0.0680460964332903,0.0555555555555556,0.105263157894737,-0.0900297646977927,3.92421468253015,0.14082148292898,-0.466537913099056,0.321132459634384,-0.115864603359288,-0.230605473917538,-0.00578900237517993,0.160293080169751,1,0.09375,0.495327102803739,0.445932113117749,0.281556069850922
harris,2024-06-30,2024-08-31,4.88280192258637,0.0219514173444063,0.0561850192644155,0.345510769500916,0.0850551377904266,0.0378787878787879,0.0451127819548872,-0.0453026182044449,9.68837896050981,-0.0115635610061868,0.0457968881386481,0.175639520909851,-0.0466803982929173,-0.00979064859655574,-0.0778949948164289,0.0881870877285016,1,0.5625,0.495327102803739,0.565790445135286,0.68098247051239
himalaya,2024-06-30,2024-08-31,1.94591014905531,0.190841743489889,0.280716006867099,1,0.0648578293612119,0.142857142857143,0,0.125101006248797,17.7328656005456,0.0677001728909257,0.0133585112856897,0.150761952264263,-0.0322172857757527,-0.183919060537051,0.0503985068799668,0.216480589424897,0,0.1875,0.495327102803739,0.47494603243259,0.404382407665253
hound,2024-06-30,2024-08-31,2.77258872223978,0.152788867132334,0.291049089935605,0.913438081714506,0.574561572042574,0.3125,0.266666666666667,0.396249568236312,8.26384284482604,-0.0433604159522384,-0.206782727588029,0.267252983569705,-0.0879022621012898,-0.852236566516083,0.329720148601291,0.495802231146221,0,0.71875,0.495327102803739,0.338433561538277,0.344880044460297
icahn,2024-06-30,2024-08-31,2.63905732961526,0.416534379304756,0.617544730660148,0.980770898602814,0.116364389272155,0.142857142857143,0.142857142857143,-0.0945098686527258,1.93870407625575,-0.39388994833399,-0.623230441524511,0.24390547917961,-0.165160328959143,-1.24646175669076,-0.234394309991961,-0.0683122274470303,1,1,0.495327102803739,0.534538990349051,0.516332387924194
impactive,2024-06-30,2024-08-31,2.30258509299405,0.121863571284578,0.178572464175807,1,0.0756321174697109,0.1,0,-0.0276412471880005,3.89045249411962,-0.174508353224761,-0.0968321844328953,0.253152692882513,-0.10503147710843,-0.163135496838798,-0.0996188256666228,0.0664632568783077,1,0.9375,0.495327102803739,0.489268608208694,0.659980356693268
kingdon,2024-06-30,2024-08-31,4.15888308335967,0.0228408673427214,0.0646554219511113,0.335567643037445,0.371029584705962,0.25,0.304347826086957,-0.15446997314324,8.22403644881592,0.127534909874138,-0.139998340461455,0.169242725761044,-0.0395196171927229,-0.643266031117244,-0.0115487878049204,0.15453329474001,1,0.109375,0.495327102803739,0.46551094309044,0.433452606201172
lansdowne,2024-06-30,2024-08-31,3.29583686600433,0.165363745705247,0.301261785678657,0.960315353763898,0.145636754380473,0,0.27027027027027,-0.190872620234698,13.7308393115312,0.0345273978992949,0.0756964063823254,0.224825242042966,-0.0533692703930981,-0.0283396570718704,0.050733891117993,0.216815973662924,0,0.359375,0.495327102803739,0.572585041668086,0.432525277137756
lone-pine,2024-06-30,2024-08-31,3.17805383034795,0.049378809176394,0.0846147830589386,0.581433971957486,0.216463928693264,0.166666666666667,0.230769230769231,-0.0273703960309149,16.2224375934142,0.00961666417201002,-0.544451719623163,0.202638903771521,-0.0587593231312652,-1.8065516893145,0.272276131742837,0.438358214287768,0,0.40625,0.495327102803739,0.391720514413486,0.275361657142639
markel-13f,2024-06-30,2024-08-31,4.89783979995091,0.0246768673393812,0.067092667328734,0.396899406839834,0.0475345289783357,0.0223880597014925,0.00757575757575758,0.00251504199284655,11.7326918330261,-0.0172350104881875,0.0317651661819728,0.143092848077607,-0.0397280784581493,-0.546734581134134,-0.0387770155150308,0.1273050670299,1,0.59375,0.495327102803739,0.60395432446518,0.728321194648743
marshall-wace,2024-06-30,2024-08-31,7.71735127218533,0.0361843655419581,0.174203241851315,0.342113610087548,0.314393741445264,0.317757009345794,0.260848601735776,0.158027129928281,9.17609722593429,0.0434103193688293,-0.0486546880706105,0.160126104500361,-0.0438416368459316,-0.945327234669811,0.0311096459183291,0.19719172846326,0,0.296875,0.495327102803739,0.673265751868517,0.722929954528809
matrix,2024-06-30,2024-08-31,3.13549421592915,0.128201137231165,0.250003612456538,0.946974867138981,0.118860403680565,0.0869565217391304,0.0869565217391304,0.199123077524639,12.6227649904346,0.107963056530021,-0.26134159769533,0.253356944475749,-0.0574224654972406,0.117732546094063,,,,0.125,0.495327102803739,0.407511106466618,0.299839347600937
maverick,2024-06-30,2024-08-31,5.58724865840025,0.0335499395424324,0.116233333450436,0.445554974316624,0.257942553344351,0.322097378277154,0.550868486352357,0.0215320965206781,12.3991628653865,0.045456315542466,-0.263228331688074,0.20446925338637,-0.0295290897334473,0.217857375898127,0.0786879517979726,0.244770034342903,0,0.28125,0.495327102803739,0.508674446901118,0.6827272772789
paulson,2024-06-30,2024-08-31,2.77258872223978,0.205281646279287,0.383069789360588,0.975304122694521,0.105678420302584,0.0625,0.166666666666667,-0.0678170055811561,3.19944929364512,0.00246590962007831,-0.407110237698372,0.255241065913654,-0.0672956438426706,-0.565570638477802,0.624994950566825,0.791077033111755,0,0.4375,0.495327102803739,0.543330250216876,0.423637896776199
pershing-square,2024-06-30,2024-08-31,2.19722457733622,0.140082145433531,0.187612638044134,1,0.063920790742885,0.222222222222222,0,-0.0329950076119236,10.5621229945044,-0.0598770878776681,0.0503343514178583,0.146233307560619,-0.021641878158253,0.525995505398561,-0.105372142874441,0.0607099396704898,1,0.765625,0.495327102803739,0.47521864332269,0.651954054832459
polen,2024-06-30,2024-08-31,4.70048036579242,0.0596004725728331,0.143639088645149,0.634753913412311,0.0864802294606323,0.109090909090909,0.0576923076923077,-0.083302713953451,18.6001254992648,-0.0662381615871833,-0.241440326079401,0.173848199348425,-0.0519622079491999,-1.19648977027644,-0.0392572737409411,0.126824808803989,1,0.8125,0.495327102803739,0.533169817757934,0.560398101806641
pzena,2024-06-30,2024-08-31,5.07517381523383,0.0232715887432819,0.0444928513609851,0.354501657952932,0.0879648025981086,0.075,0.0691823899371069,-0.0239422201932793,5.75434864397359,-0.0801421411667747,0.0608788512541466,0.180783295449339,-0.0517273031424848,-0.410305569194703,-0.120940775662162,0.0451413068827681,1,0.859375,0.495327102803739,0.630948671877909,0.708112716674805
ruane-cunniff,2024-06-30,2024-08-31,3.61091791264422,0.0689800978942695,0.108973876955437,0.766642271517326,0.0467537766823116,0.0810810810810811,0,-0.00383944504989743,14.3948899097449,0.02026140098452,-0.110992834704765,0.127772389357901,-0.0213408011355624,-0.425975556681405,-0.0553870652136701,0.11069501733126,1,0.390625,0.495327102803739,0.488074576188597,0.515741109848023
sachem-head,2024-06-30,2024-08-31,2.77258872223978,0.170126744883452,0.361072662739141,0.901579988507527,0.290208933880752,0.5625,0.363636363636364,-0.0718457874849026,5.34456011663297,-0.00164078047741412,-0.395332842903617,0.160413844285202,-0.0655687466892152,-2.4225446222916,0.346532476021168,0.512614558566099,0,0.46875,0.495327102803739,0.680984756247218,0.483628273010254
sands,2024-06-30,2024-08-31,4.18965474202643,0.0358600585173277,0.0911739476634048,0.477923189835097,0.0853824076724687,0.0151515151515152,0.144736842105263,-0.0492817830264403,14.6549235578705,-0.0157675210164408,-0.478422454516707,0.245943467900879,-0.0657671249812769,-1.28313256810796,0.129725125678095,0.295807208223026,0,0.578125,0.495327102803739,0.465341507351577,0.262199342250824
semper-augustus,2024-06-30,2024-08-31,3.66356164612965,0.0925529324170677,0.172510199507796,0.801073791203034,0.0651733300464038,0.128205128205128,0.0555555555555556,0.0222941017709168,7.15309074156559,-0.0111818862052548,0.128264228842524,0.152565908303359,-0.0381051340917985,-0.333059620318618,0.10366083985186,0.26974292239679,0,0.546875,0.495327102803739,0.642234213345594,0.781136810779572
senator,2024-06-30,2024-08-31,4.24849524204936,0.0274936813567983,0.0612658242057908,0.402654773498971,0.270478222079393,0.242857142857143,0.220588235294118,-0.0693717047917504,10.9227094119474,0.0382450746007592,-0.24623932849333,0.180281679996516,-0.0509272950475873,-1.18887308567508,0.0737691818664207,0.239851264411351,0,0.3125,0.495327102803739,0.486620797626711,0.523333847522736
soroban,2024-06-30,2024-08-31,3.2188758248682,0.0875536739434605,0.212764872142847,0.768015592625303,0.23315637718053,0.16,0.125,0.0283175397175784,16.7836127788387,-0.0243735061506888,-0.132318132079899,0.117016544350296,-0.0290341910501812,-2.51870442981861,0.0670875667787421,0.233169649323673,0,0.640625,0.495327102803739,0.618287754722708,0.492785692214966
southeastern,2024-06-30,2024-08-31,3.8286413964891,0.0386954839671916,0.0762707595890934,0.52329548099494,0.0897276435129086,0.108695652173913,0.0465116279069768,-0.125703537553658,5.05081653168522,-0.112074266458624,-0.160185693527973,0.218202280842181,-0.0778094767656906,-1.01273315427042,-0.0467021727334437,0.119379909811487,1,0.890625,0.495327102803739,0.583985530917072,0.55372679233551
srs,2024-06-30,2024-08-31,3.09104245335832,0.143153194995142,0.243699083048759,0.919916618373042,0.169925131840217,0.227272727272727,0.227272727272727,0.0148091213879468,9.67267166560729,-0.372203706892906,-0.153094038174351,0.310647668069739,-0.157282534264729,0.150700309794278,0.343433270363378,0.509515352908309,0,0.96875,0.495327102803739,0.462219033559289,0.536559641361237
starboard,2024-06-30,2024-08-31,2.99573227355399,0.0795258884127426,0.150019869876848,0.802013150329156,0.0769805362158473,0,0.0909090909090909,-0.11915818845562,5.72467220190477,0.0249013670817308,-0.0683383017294988,0.231497219158598,-0.0645419986505944,-0.543310513440645,-0.11479655507272,0.0512855274722101,1,0.375,0.495327102803739,0.565776791556796,0.597175359725952
steadfast,2024-06-30,2024-08-31,3.93182563272433,0.0326241335717596,0.06884660524543,0.452414132741671,0.354271414219591,0.235294117647059,0.290909090909091,-0.0462054430730164,13.3008724249555,-0.00539572945114153,-0.264309481649587,0.188964858411853,-0.0656539288840884,-1.28707353705872,0.109116972838293,0.275199055383223,0,0.515625,0.495327102803739,0.425793316637198,0.485952883958817
suvretta,2024-06-30,2024-08-31,4.57471097850338,0.030923005777928,0.073653621114505,0.451697595103275,0.242833206646262,0.0927835051546392,0.111111111111111,0.0329888257423165,9.28904008616903,0.239959976061362,-0.0929034892287359,0.283006460268215,-0.0932760476808607,0.413256652090728,-0.159298820818609,0.00678326172632146,1,0.03125,0.495327102803739,0.37985819990953,0.472446829080582
tci,2024-06-30,2024-08-31,2.30258509299405,0.122242318910784,0.187155762343853,1,0.0863190284519377,0.1,0.1,0.0314073496517149,14.5312251007121,0.0466457157201339,-0.00835706951167103,0.146383305541213,-0.0174097431030773,0.0553382566047256,0.0245812972200014,0.190663379764932,0,0.265625,0.495327102803739,0.465350320601885,0.470334202051163
third-avenue,2024-06-30,2024-08-31,4.07753744390572,0.0371534137897746,0.0832631098802902,0.511460503559667,0.0533673806103131,0.0338983050847458,0.0172413793103448,-0.0723349538014524,3.48651774714551,0.0516304858085821,0.304260056316853,0.230506327301144,-0.0617007087403209,1.90476876556122,-0.130507004277061,0.0355750782678696,1,0.25,0.495327102803739,0.531103616448072,0.546598434448242
third-point,2024-06-30,2024-08-31,3.78418963391826,0.0547681210976234,0.112799616420943,0.649203792998923,0.198740357811514,0.25,0.153846153846154,0.108972840401941,17.0531098548206,-0.00866114660285433,-0.389157965157066,0.179348314007438,-0.0379431105890466,-1.32251257513886,-0.0242442113833718,0.141837871161559,1,0.53125,0.495327102803739,0.433098406795892,0.382100790739059
tiger-global,2024-06-30,2024-08-31,3.78418963391826,0.0734967140872277,0.174050152379381,0.737964499371934,0.110157512105383,0.113636363636364,0.0487804878048781,0.167215697296741,20.7224379872416,0.185583770216426,-0.474971373632639,0.204095863665548,-0.0478391458073905,-0.673077586201368,0.169318101391662,0.335400183936593,0,0.046875,0.495327102803739,0.351170490769919,0.383397042751312
tweedy-browne,2024-06-30,2024-08-31,3.78418963391826,0.091286686173657,0.18355593226745,0.783172439406271,0.105033655908771,0,0.0222222222222222,0.0206945234055754,11.0431446002056,-0.0687579550257553,-0.00278998948377027,0.120031067305838,-0.0422514296769293,-0.937405932520564,-0.110465310714683,0.0556167718302471,1,0.828125,0.495327102803739,0.58580553506039,0.808671057224274
valueact,2024-06-30,2024-08-31,2.30258509299405,0.183470425693831,0.282982252996345,1,0.15367314234774,0,0.166666666666667,-0.244873413148054,10.6566631849643,0.0912879804405204,0.127734981427899,0.250989395498258,-0.0820042942770884,0.203639993000356,0.12330749789708,0.289389580442011,0,0.15625,0.495327102803739,0.506133926185051,0.338533699512482
viking,2024-06-30,2024-08-31,4.40671924726425,0.0272380607016136,0.0690239362601981,0.414177579242903,0.363227257865614,0.304878048780488,0.313253012048193,-0.0317659499478755,12.0679476239686,-0.0565120630807969,-0.248423942319144,0.161895242383957,-0.0375712025789861,-0.735389850066339,0.0546650229371086,0.220747105482039,0,0.734375,0.495327102803739,0.430462914193858,0.528805673122406
whale-rock,2024-06-30,2024-08-31,3.66356164612965,0.0445794122959531,0.0853519020689269,0.579427297548841,0.347911819298155,0.384615384615385,0.272727272727273,0.0472814765693311,15.1960523514924,0.0977831007639087,-0.317315044578199,0.251992898538595,-0.0830174418394349,0.4188254200108,0.522230005221912,0.688312087766843,0,0.140625,0.495327102803739,0.270230193602156,0.373266190290451
yacktman,2024-06-30,2024-08-31,4.27666611901606,0.0355717951638278,0.0984070555148938,0.476109372114967,0.04185548154018,0.0138888888888889,0.0273972602739726,-0.0425577744776118,9.4607531060945,-0.0734879458425499,0.0799296341186404,0.116147871935351,-0.0281260801207698,-0.579164974026111,-0.0897569403645012,0.0763251421804293,1,0.84375,0.495327102803739,0.64793580563986,0.662011623382568
abrams,2024-09-30,2024-11-30,2.63905732961526,0.248302533737547,0.460368311365348,0.977521947915817,0.0629844803525933,0,0,0.196777305362332,6.58741607801153,0.136167231031296,0.310512217616324,0.187650471562714,-0.0697760142439377,2.05576631636651,-0.217945541578323,-0.0752206056181765,1,0.21875,0.495490417136414,0.555295267050673,0.597783267498016
adage,2024-09-30,2024-11-30,6.76157276880406,0.0137215025816831,0.0584367566537554,0.295375557054918,0.141763391250032,0.131944444444444,0.127906976744186,0.0474842540077223,11.7876107684647,-0.00782090357469145,0.0584095838128244,0.105688666413226,-0.0365405923119797,0.886668178358566,0.067019805291643,0.20974474125179,0,0.59375,0.495490417136414,0.523421747118218,0.529975771903992
akre,2024-09-30,2024-11-30,2.89037175789616,0.103613671042672,0.161090858465835,0.948064206347855,0.0533744896175323,0,0.0526315789473684,0.0557710181512754,10.9546950746412,-0.0138587980632445,0.0329179912171815,0.14473697875534,-0.0744226023004223,-0.0364101070325702,-0.173544522247397,-0.0308195862872498,1,0.625,0.495490417136414,0.494738661726664,0.61346960067749
altimeter,2024-09-30,2024-11-30,3.13549421592915,0.11633703281164,0.191897764574341,0.872720191141416,0.160688890035755,0.347826086956522,0.25,0.00326609907565156,19.1378258647056,-0.113385384865501,-0.617428032610312,0.206514250468631,-0.119761050657493,-0.511462844594537,0.128273609973355,0.270998545933502,0,0.859375,0.495490417136414,0.277021795926879,0.271475553512573
appaloosa,2024-09-30,2024-11-30,3.63758615972639,0.0633476851866882,0.157636730692192,0.65494746121288,0.196974034242624,0.105263157894737,0.0810810810810811,0.0862936509346972,14.7907971440434,0.0269046309473808,0.391922886761869,0.192490327433094,-0.0598163388028438,1.26047967301332,0.226123764315446,0.368848700275592,0,0.421875,0.495490417136414,0.501940654163353,0.601752758026123
atreides,2024-09-30,2024-11-30,3.55534806148941,0.0548724375342591,0.126828332601835,0.604149964376696,0.335165702259297,0.171428571428571,0.275,-0.0335426147930475,9.01672449770299,0.25757015974289,-0.157998550679525,0.253786705537152,-0.0726031026459117,0.299017631265017,0.219997509071579,0.362722445031726,0,0.0625,0.495490417136414,0.341561351501518,0.630881011486054
baupost,2024-09-30,2024-11-30,3.04452243772342,0.120623605073302,0.260029366103395,0.868178161185952,0.25992140567459,0.285714285714286,0.375,-0.0329527466280267,6.5435846041534,-0.0066031944860615,-0.284840595215684,0.212140474250416,-0.0582405363122467,-0.959079871076864,0.0363346822419598,0.179059618202107,0,0.578125,0.495490417136414,0.539635696317954,0.534890472888947
berkshire-13f,2024-09-30,2024-11-30,3.68887945411394,0.131077361853281,0.262408170722263,0.896814148042141,0.0885661616028079,0.075,0.0975609756097561,-0.0497593722189577,12.1567093831125,-0.0597271342669769,0.00905445741503635,0.109629125784895,-0.0159763809086986,-0.135912810616989,-0.0486708943164257,0.0940540416437209,1,0.71875,0.495490417136414,0.594493851949774,0.615699231624603
cantillon,2024-09-30,2024-11-30,3.63758615972639,0.0333276588547345,0.0773347149695379,0.428356430486428,0.0930906783219704,0.0263157894736842,0.0512820512820513,0.089279565482269,11.5626979145642,-0.0719923616138021,-0.112848487239893,0.131400606625016,-0.0634483138895121,-0.662228266853258,0.0705301962787078,0.213255132238855,0,0.75,0.495490417136414,0.516700587109491,0.515377044677734
coatue,2024-09-30,2024-11-30,4.39444915467244,0.0408800932123433,0.0785654801906054,0.557687191591592,0.216935930637583,0.17283950617284,0.0945945945945946,0.0467289567885601,16.101087693453,0.216090667529408,-0.410601285337162,0.166201549647739,-0.0524341190578566,-0.734899865849353,0.0509358191190761,0.193660755079223,0,0.140625,0.495490417136414,0.31791077126568,0.190640792250633
corvex,2024-09-30,2024-11-30,3.40119738166216,0.0803542004988978,0.144067047826835,0.767039180650045,0.0975295989382521,0.1,0.181818181818182,0.142606905173906,8.26183409144333,0.0397599807464946,0.0491529612511634,0.154677732750681,-0.0598290917700749,0.750227536664348,-0.0130282541422475,0.129696681817899,1,0.390625,0.495490417136414,0.487717119395177,0.652927875518799
d1,2024-09-30,2024-11-30,3.52636052461616,0.0664489343466514,0.177469571434324,0.648871139900192,0.360092517468463,0.323529411764706,0.342857142857143,-0.135595447907498,9.2569041573811,0.242542839154363,-0.404232839795665,0.137307527439827,-0.0406274351124171,-0.69221428783985,-0.0599041757582046,0.0828207602019421,1,0.109375,0.495490417136414,0.372831298421666,0.37651789188385
darsana,2024-09-30,2024-11-30,2.70805020110221,0.0814462731735646,0.115073818794423,0.851870422443217,0.20615783432127,0.2,0.142857142857143,0.104506400744594,9.44819803972624,0.0767830369920556,-0.234423505048209,0.139888854336317,-0.06263465735914,-0.492138788925783,0.167593408176603,0.31031834413675,0,0.296875,0.495490417136414,0.366196333536507,0.306848734617233
dragoneer,2024-09-30,2024-11-30,3.17805383034795,0.0715751308800655,0.102237032066501,0.788384270343911,0.143649228002104,0,0.272727272727273,0.0941553189616554,7.44004094741727,0.0501005286955963,-0.649784370686659,0.229048571283309,-0.0822132466020187,-0.559667171290033,-0.095621362783571,0.0471035731765757,1,0.375,0.495490417136414,0.288769914714492,0.287601917982101
duquesne,2024-09-30,2024-11-30,4.27666611901606,0.0615776603339178,0.158689083475675,0.648018506693993,0.340424372750053,0.430555555555556,0.349206349206349,0.0119220370507838,7.11202388403668,0.538586882113672,0.499359966377332,0.164890323817439,-0.0222852513648947,1.69708994100006,0.17316732925295,0.315892265213096,0,0.015625,0.495490417136414,0.542783168625063,0.833471059799194
egerton,2024-09-30,2024-11-30,3.40119738166216,0.0481832461800524,0.0746967484697695,0.587224956443376,0.181624034504651,0.2,0.0769230769230769,0.000464927314327712,15.3129844384183,-0.00241285911679812,-0.0966755711046267,0.0975675304934662,-0.0342570999237868,-0.917783386173916,-0.0624877388757167,0.08023719708443,1,0.5,0.495490417136414,0.466968200626485,0.398818820714951
elliott,2024-09-30,2024-11-30,3.55534806148941,0.12218978824371,0.202529831390888,0.855888234126271,0.200822306232867,0.0285714285714286,0.0810810810810811,0.027164347472676,4.23360938436601,-0.170440843449879,0.516458270998689,0.112149486666636,-0.0361786602765916,0.986676073971673,0.222345144351477,0.365070080311623,0,0.921875,0.495490417136414,0.627944588936458,0.690381944179535
eminence,2024-09-30,2024-11-30,3.89182029811063,0.0269652405889711,0.0610621109323666,0.364613062897228,0.17006990952488,0.142857142857143,0.25,0.0603858892637912,7.01047268647506,0.081524691732802,0.0780865726936041,0.175805378493762,-0.0548871512739932,1.07721188453318,-0.122096220633105,0.0206287153270418,1,0.28125,0.495490417136414,0.475065509519676,0.526452779769898
engaged,2024-09-30,2024-11-30,2.19722457733622,0.138412592965888,0.182991183444927,1,0.29228389747364,0.111111111111111,0.333333333333333,0.0543641070746863,2.95639334945212,-0.189651219651539,,0.274319194369976,-0.149969012019403,,-0.379578123696115,-0.236853187735968,1,0.953125,0.495490417136414,0.43982929951887,0.599468052387238
fairfax-13f,2024-09-30,2024-11-30,3.43398720448515,0.158967747417116,0.282147948346966,0.904875705464024,0.131936607284585,0.0645161290322581,0.236842105263158,-0.0730707988350366,5.72903100857685,-0.360884167430109,,0.182009877688271,-0.126061995999073,,0.000432820759439539,0.143157756719586,0,0.984375,0.495490417136414,0.612526544910788,0.626743197441101
farallon,2024-09-30,2024-11-30,4.99721227376412,0.0257514101688333,0.0473961757797783,0.38220332185895,0.152980102324139,0.135135135135135,0.157894736842105,0.066810304338195,9.21638406945372,0.00319484584263557,0.0114296112403749,0.104291867183095,-0.0247218997640331,0.475748495860108,-0.0786212201620108,0.0641037157981359,1,0.46875,0.495490417136414,0.500966956340414,0.457824021577835
fisher,2024-09-30,2024-11-30,6.82219739062049,0.017653175424398,0.055967082001036,0.32380283835137,0.0591903573919812,0.0599128540305011,0.123857868020305,0.0598317191270684,12.4030895805338,-0.00445554670522225,0.0143911952675794,0.101598179186597,-0.0339261977142197,-0.173175981926733,0.0377903066609282,0.180515242621075,0,0.53125,0.495490417136414,0.626204742165164,0.613025307655335
fundsmith,2024-09-30,2024-11-30,3.68887945411394,0.0594290713120956,0.117459451192551,0.675134007080906,0.0470521141567888,0,0,0.0296680168071389,14.8613796387326,-0.112002409533113,-0.236861585170796,0.104199166989066,-0.0441879879230157,-1.8178040943961,-0.0666702889233877,0.076054647036759,1,0.84375,0.495490417136414,0.565481875951669,0.704251229763031
gardner-russo,2024-09-30,2024-11-30,4.34380542185368,0.0761161614389354,0.145101172647092,0.79301020645791,0.0383729357247492,0.025974025974026,0.025974025974026,0.0286185342773003,10.309806900217,-0.108417545515597,0.0366242450457953,0.0679496079114208,-0.0221821808065619,-0.409717068297161,0.0471832605523536,0.1899081965125,0,0.828125,0.495490417136414,0.611959870997748,0.821119129657745
giverny,2024-09-30,2024-11-30,3.95124371858143,0.0417328944963099,0.0856187597546613,0.549670448554705,0.0543254438599634,0.0961538461538462,0.06,0.105636528073594,10.8824984004374,-0.0408461383503747,-0.0784638870444808,0.137725299868821,-0.0605018931157367,-0.588078786319784,-0.125382056838698,0.0173428791214483,1,0.65625,0.495490417136414,0.556567857496564,0.496856600046158
glenview,2024-09-30,2024-11-30,3.76120011569356,0.0651003103562668,0.158566321443711,0.673298558744499,0.196566201989899,0.162790697674419,0.217391304347826,0.0036432918825035,7.25977342939904,0.015719786113315,0.0730427879224079,0.140577843513473,-0.0465029313013973,0.314514887300838,0.00211872849506761,0.144843664455214,0,0.4375,0.495490417136414,0.544154346187102,0.782096087932587
gotham,2024-09-30,2024-11-30,7.24565506759454,0.0169945848772125,0.110305174168275,0.249949408725862,0.143189817272386,0.103423680456491,0.106609808102345,0.224394868736959,6.56782499090976,-0.0057977950039263,0.0457917914720059,0.101884921988971,-0.0400059312867423,0.544288854059828,0.0396504685946206,0.182375404554767,0,0.546875,0.495490417136414,0.613442404766469,0.521639704704285
greenhaven-road,2024-09-30,2024-11-30,2.70805020110221,0.142581625252353,0.265962590812937,0.970737740210638,0.107340881091133,0.0666666666666667,0.222222222222222,0.0856912122816529,3.81077705957437,0.466410520918343,-0.229081657845548,0.255991920963932,-0.0674188200342262,0.377301106576228,-0.3800173859001,-0.237292449939953,1,0.03125,0.495490417136414,0.433617388825064,0.477965712547302
harris,2024-09-30,2024-11-30,4.98360662170834,0.0562609114958796,0.20627047994841,0.463135404042157,0.233350365726086,0.136986301369863,0.0454545454545455,0.259955785786703,7.53032140644667,-0.0114093868928263,0.110808594605238,0.130372496225638,-0.0466803982929172,0.0890200792320536,-0.126130803883391,0.0165941320767554,1,0.609375,0.495490417136414,0.593649504936482,0.724648594856262
himalaya,2024-09-30,2024-11-30,2.07944154167984,0.194237858915152,0.290181794689164,1,0.0603957041010655,0.125,0,-0.0354296750965347,17.2120528225061,0.059822714957641,-0.0620870405717333,0.0940432791408477,-0.00917127829084208,-0.604921573971267,0.160791218009465,0.303516153969611,0,0.359375,0.495490417136414,0.508789634067134,0.437660127878189
hound,2024-09-30,2024-11-30,2.83321334405622,0.102105121107764,0.224352223745499,0.851184531547224,0.298770877045679,0.176470588235294,0.125,-0.221580248129653,11.1716057955591,0.252362838947028,0.0641915433922227,0.234658763031135,-0.0872003175887975,0.539805623762002,0.0111302244196912,0.153855160379838,0,0.09375,0.495490417136414,0.393027011394545,0.530991971492767
icahn,2024-09-30,2024-11-30,2.63905732961526,0.386472696155327,0.592977758309968,0.97564741449556,0.0351199416355064,0,0,-0.0932935469734723,2.10218054010427,-0.497160917165009,-0.776333034857559,0.212516380135892,-0.250039873762808,-1.49000099518301,-0.0561654232485736,0.0865595127115731,1,1,0.495490417136414,0.477423944449431,0.587303817272186
impactive,2024-09-30,2024-11-30,2.30258509299405,0.123740784848431,0.17073790046763,1,0.180279995866093,0.2,0.2,0.0450896873204015,3.7310239854147,-0.171327376557427,-0.0404214393388528,0.245473561672104,-0.0863732186420363,0.103361782357573,-0.128748661282615,0.013976274677532,1,0.9375,0.495490417136414,0.474912429961162,0.71144700050354
kingdon,2024-09-30,2024-11-30,4.21950770517611,0.0205870021513621,0.0428603385944438,0.307802036820753,0.325358035490002,0.294117647058824,0.25,0.0506047970255349,6.48120484028497,0.165433033169787,-0.127213361507421,0.127010896280976,-0.0163853603148977,-0.757433488767938,0.108029232226366,0.250754168186512,0,0.203125,0.495490417136414,0.484301806572699,0.603663504123688
lansdowne,2024-09-30,2024-11-30,3.3322045101752,0.150532756311788,0.242689317583194,0.961384314342373,0.24932061988981,0.142857142857143,0.111111111111111,0.0154544542734609,11.494437630876,0.0703147702091259,0.184216655061764,0.128830069497029,-0.0433163844423113,0.127072755656307,-0.0515006935226648,0.0912242424374819,1,0.3125,0.495490417136414,0.490320410158284,0.374632388353348
lone-pine,2024-09-30,2024-11-30,3.36729582998647,0.0461835926203159,0.0807626799605517,0.548459938469735,0.233527122254105,0.310344827586207,0.166666666666667,0.0836974437251681,15.4398578264872,0.265356740184124,-0.362095555465004,0.188363094832751,-0.0587593231312652,-0.611997750872735,-0.0219398291664591,0.120785106793688,1,0.046875,0.495490417136414,0.321821800901533,0.329395651817322
markel-13f,2024-09-30,2024-11-30,4.88280192258637,0.0244724077112589,0.0693016441625179,0.392348429657179,0.050848580088367,0.0454545454545455,0.0597014925373134,0.0888804130915807,11.353822372695,-0.00432987641402005,0.0526692376000313,0.106395604161135,-0.0397280784581495,-0.0388606494897807,-0.0968478693408722,0.0458770666192745,1,0.515625,0.495490417136414,0.588211723357649,0.594699561595917
marshall-wace,2024-09-30,2024-11-30,7.71556953452021,0.0358920876448593,0.173455846856645,0.35492687252265,0.278542092590867,0.263932233615693,0.265242545616377,0.0853375717531068,9.36057841184222,0.000612019726715041,-0.0286322861815233,0.113685176214308,-0.0438416368459316,-0.693965493528128,0.0193632679988248,0.162088203958972,0,0.484375,0.495490417136414,0.672237306440178,0.712482035160065
matrix,2024-09-30,2024-11-30,1.94591014905531,0.425601976508507,0.566795603627655,1,0.824840656376567,0,0.695652173913044,-1.83609617525244,3.58050085391712,0.0935873126019411,-0.257738022033897,0.191003464718914,-0.0536379866294032,-0.258654619280949,,,,0.265625,0.495490417136414,0.281802024260959,0.346097111701965
maverick,2024-09-30,2024-11-30,5.43372200355424,0.0270118600681249,0.056072782537958,0.416856072365474,0.285658805390225,0.349344978165939,0.441947565543071,-0.0276677356979403,11.6138855585943,0.190430183784786,-0.104206405278011,0.173489170586184,-0.0295290897334473,0.530233099075523,0.0452395063500694,0.187964442310216,0,0.15625,0.495490417136414,0.43562785652386,0.654461860656738
paulson,2024-09-30,2024-11-30,2.70805020110221,0.16129020129712,0.275471670044665,0.965697380511166,0.146976190449114,0.0666666666666667,0.125,0.0519950018889493,2.78423698265747,0.238659699168429,-0.321269908313585,0.224108265117801,-0.0643730982964462,-0.228692598729192,0.652392699689166,0.795117635649313,0,0.125,0.495490417136414,0.429314041101701,0.383219093084335
pershing-square,2024-09-30,2024-11-30,2.39789527279837,0.115546886404665,0.134709022153867,0.999521581922898,0.20170533827952,0.181818181818182,0,0.215530821855622,10.7647976427094,-0.0751011666415057,0.069180898152207,0.116065226943077,-0.0183402946722107,0.500973521291674,-0.0561511545294327,0.086573781430714,1,0.765625,0.495490417136414,0.366787503014738,0.437472969293594
polen,2024-09-30,2024-11-30,4.77068462446567,0.0512074254553959,0.123828653863672,0.579380296320646,0.151574673718984,0.14406779661017,0.0818181818181818,-0.0284065877024101,16.7036736037912,-0.0996968242379276,-0.216169725231162,0.11872616950039,-0.0519622079492,-1.17412936634476,-0.103272151559517,0.0394527844006292,1,0.8125,0.495490417136414,0.513624573668524,0.649587690830231
pzena,2024-09-30,2024-11-30,5.05624580534831,0.0230344156352022,0.0470822446691872,0.348391574749634,0.0819747557857846,0.0509554140127389,0.06875,0.0866723658136693,5.66797246801213,-0.12729035226842,0.0390184568194854,0.149826623419565,-0.0517273031424846,-0.443548202434028,-0.164588801359972,-0.0218638653998249,1,0.890625,0.495490417136414,0.638576506481654,0.763008892536163
ruane-cunniff,2024-09-30,2024-11-30,3.61091791264422,0.0691260029129227,0.125965134725267,0.760896046654311,0.0723971088329779,0.0540540540540541,0.0540540540540541,-0.00387421034957341,13.8081975533818,0.0135922347546711,-0.17905874207807,0.101153106963447,-0.0213408011355622,-1.02588056572312,-0.0478612618550739,0.0948636741050728,1,0.453125,0.495490417136414,0.519929297370655,0.698231399059296
sachem-head,2024-09-30,2024-11-30,2.63905732961526,0.0913699060505756,0.155673723519601,0.881404608405454,0.354088970031763,0.214285714285714,0.3125,-0.0536753467714638,5.95147606166745,0.0312125628155784,-0.288602110714717,0.144548977019403,-0.0655687466892152,-1.47299999764123,0.219498578478492,0.362223514438638,0,0.40625,0.495490417136414,0.422284867162078,0.520158052444458
sands,2024-09-30,2024-11-30,4.20469261939097,0.0332221783076032,0.0849770257394756,0.462048158165945,0.0992010798604685,0.0447761194029851,0.0303030303030303,-0.0323857168080448,14.034628453854,-0.00648560746727134,-0.413796822355045,0.177308984720165,-0.0657671249812771,-1.235503745718,-0.0118504726871435,0.130874463273003,1,0.5625,0.495490417136414,0.445279284775108,0.314739733934402
semper-augustus,2024-09-30,2024-11-30,3.61091791264422,0.0927547144686136,0.185009763965565,0.797454355050426,0.143738901718186,0.0540540540540541,0.102564102564103,0.0566594000214951,8.07533098088732,-0.0841842691053524,0.113446067087614,0.129483847942134,-0.0381051340917984,-0.196983059485757,0.135909301067035,0.278634237027181,0,0.796875,0.495490417136414,0.59393005736652,0.76381254196167
senator,2024-09-30,2024-11-30,4.12713438504509,0.0243752788875604,0.0482204599722425,0.35225411391242,0.279134783252672,0.225806451612903,0.314285714285714,0.0267867982406947,10.118095907684,0.0958708646760503,-0.113375293005684,0.137079397210731,-0.0509272950475872,-0.468585483595558,-0.0136056517424296,0.129119284217717,1,0.25,0.495490417136414,0.460075665796774,0.497218072414398
soroban,2024-09-30,2024-11-30,3.17805383034795,0.0854543954069015,0.200580505063473,0.778989254508621,0.127123302702551,0.125,0.16,0.0597726144236078,17.6277462703556,-0.0792692575877468,-0.157307216546991,0.0909605083466923,-0.0290341910501812,-2.4626544855262,0.111544051770985,0.254268987731132,0,0.78125,0.495490417136414,0.652072696569639,0.62379264831543
southeastern,2024-09-30,2024-11-30,3.78418963391826,0.0445530725359293,0.0948139183172199,0.568963699035965,0.161681880673945,0.0681818181818182,0.108695652173913,-0.0793580705563478,4.58481066160975,-0.0172677689946464,-0.128825036138586,0.167289874348971,-0.0778094767656905,-0.784907823201833,-0.10393936265806,0.0387855733020872,1,0.640625,0.495490417136414,0.537396148636841,0.584145486354828
srs,2024-09-30,2024-11-30,2.99573227355399,0.136506347236517,0.223436147621162,0.923867665523795,0.12479271267869,0.15,0.227272727272727,-0.0899030871961271,9.80268133162691,-0.245979484589058,-0.401012970647771,0.268733546051424,-0.157282534264729,-0.52707568899987,0.0007489456748144,0.143473881634961,0,0.96875,0.495490417136414,0.415022733401001,0.352169245481491
starboard,2024-09-30,2024-11-30,2.94443897916644,0.0735616566647463,0.10846802742196,0.795297086452722,0.189755745615629,0.105263157894737,0.15,0.0907830130965803,5.74525454107433,-0.0537482185870257,0.0276292637309294,0.178958577096924,-0.0645419986505944,0.097098031840388,-0.221623500798796,-0.0788985648386493,1,0.6875,0.495490417136414,0.467437485743824,0.546727359294891
steadfast,2024-09-30,2024-11-30,3.98898404656427,0.0302935348357525,0.0684850079686937,0.432283675766403,0.354754766320093,0.277777777777778,0.235294117647059,0.0225865227256165,12.138755396619,0.0613666236470415,-0.0880489571042539,0.16836280497873,-0.0656539288840882,-0.261956795578186,-0.0364249118238184,0.106300024136328,1,0.34375,0.495490417136414,0.387792259267093,0.449629932641983
suvretta,2024-09-30,2024-11-30,4.56434819146784,0.028971174657527,0.0932404050586126,0.409531993816376,0.186558495270579,0.15625,0.164948453608247,0.12858714635063,8.60821980974736,0.171486247543017,-0.114403237278493,0.247418134092872,-0.0932760476808607,0.129363447024893,0.0865254791297256,0.229250415089872,0,0.1875,0.495490417136414,0.458460826777733,0.473202586174011
tci,2024-09-30,2024-11-30,2.30258509299405,0.127907854883767,0.206400408671939,1,0.0382413143631013,0,0,0.0729300250658416,15.4515894213038,-0.061813986806848,-0.0366251767646029,0.108379390568309,-0.0490893936573478,-0.154583636640005,0.0499727824879252,0.192697718448072,0,0.734375,0.495490417136414,0.461401866004329,0.429205000400543
third-avenue,2024-09-30,2024-11-30,4.07753744390572,0.0341760631229284,0.0831002461767064,0.481883895677134,0.088676508560055,0.0338983050847458,0.0338983050847458,0.0480149905994465,3.70483066931168,-0.0551671754120075,0.269710140072802,0.211455745149737,-0.0515919296747669,1.29154693501615,-0.0705889500360081,0.0721359859241386,1,0.703125,0.495490417136414,0.577048381291812,0.606431663036346
third-point,2024-09-30,2024-11-30,3.73766961828337,0.054108620061348,0.132358841946292,0.612875586432485,0.296309900661346,0.238095238095238,0.272727272727273,-0.161952921618698,12.845962765144,0.0624516994067328,-0.35224581549018,0.148518171478056,-0.0379431105890465,-1.18455991227554,-0.126766207757686,0.0159587282024609,1,0.328125,0.495490417136414,0.427375705995164,0.463604032993317
tiger-global,2024-09-30,2024-11-30,3.80666248977032,0.0726854586483931,0.182317100294971,0.718487412975372,0.0783861536544495,0.0666666666666667,0.0454545454545455,0.0804912549470484,18.9213078604413,0.18539552038606,-0.424623085318653,0.162513903331194,-0.0478391458073906,-0.486643406554044,0.0540827597824779,0.196807695742625,0,0.171875,0.495490417136414,0.367148587636041,0.312815457582474
tweedy-browne,2024-09-30,2024-11-30,3.76120011569356,0.0887941867447943,0.185846832858755,0.786275917189439,0.0639707463836514,0.0232558139534884,0.0454545454545455,-0.0361194505560905,10.191589282805,-0.168989877483281,-0.0622662747131911,0.077340971113103,-0.0241417505302197,-0.993458440885727,0.104007649268792,0.246732585228939,0,0.90625,0.495490417136414,0.63157711490091,0.859984397888184
valueact,2024-09-30,2024-11-30,2.30258509299405,0.182215030859218,0.272223710540348,1,0.212102904692994,0.5,0.5,0.101364028935564,11.4011896272945,0.107452832314252,0.255115490766597,0.166453212911457,-0.0820042942770886,0.661302839928845,-0.138830391639081,0.00389454432106525,1,0.234375,0.495490417136414,0.564488556971833,0.395897269248962
viking,2024-09-30,2024-11-30,4.4188406077966,0.0248172274146696,0.0560338738566628,0.385779547319151,0.326589913606079,0.289156626506024,0.280487804878049,0.0529775469394635,11.4975077667156,-0.0527462097651557,-0.194900882840418,0.131338384899351,-0.0375712025789858,-0.535617163651179,0.0156312341537402,0.158356170113887,0,0.671875,0.495490417136414,0.423595874571208,0.534085392951965
whale-rock,2024-09-30,2024-11-30,3.58351893845611,0.0403562634701259,0.0750664355165675,0.540792536617011,0.213722608684246,0.222222222222222,0.282051282051282,0.0105966028837827,12.2488925299602,0.255519210937489,-0.137553201172787,0.21153438015811,-0.0830174418394349,0.840583538788201,0.359194650857247,0.501919586817394,0,0.078125,0.495490417136414,0.328158768084347,0.452625602483749
yacktman,2024-09-30,2024-11-30,4.26267987704132,0.0337553044700743,0.0988037580644197,0.451067371278591,0.0764258251233733,0.028169014084507,0.0416666666666667,-0.0889051989537665,8.71475809820835,-0.116740131059184,0.0192297387578599,0.0939613544035627,-0.0281260801207698,-0.709580539658083,-0.0960944382279088,0.0466304977322379,1,0.875,0.495490417136414,0.647626907479804,0.753744125366211
abrams,2024-12-31,2025-02-28,2.56494935746154,0.239567898851098,0.444982190907851,0.986980865115736,0.0431872021379579,0,0.0714285714285714,-0.00170117795687464,7.51469486168073,-0.0234606863913804,0.0955991204713009,0.22399179750454,-0.1071872061425,1.60221545840493,-0.17716702060324,-0.00833437853688492,1,0.587301587301587,0.497821350762527,0.543565550899979,0.720338582992554
adage,2024-12-31,2025-02-28,6.76734312526539,0.014985546320072,0.0609524840283685,0.317550780249243,0.15608472658483,0.170310701956272,0.165509259259259,0.00968298714516481,12.2891535475271,0.0297291480670586,0.113615822768054,0.103683114716444,-0.0365405923119796,1.01944925661587,-0.00161536689822467,0.16721727516813,1,0.333333333333333,0.497821350762527,0.528916788669223,0.572184920310974
akre,2024-12-31,2025-02-28,2.89037175789616,0.104668281140794,0.168693292376419,0.948723932422392,0.0496800096327238,0,0,-0.0387597979000123,11.4378330348798,0.0299797728264256,0.131614047121759,0.171185858003748,-0.0744226023004222,0.491093695227792,-0.309193960928598,-0.140361318862243,1,0.317460317460317,0.497821350762527,0.490968856016365,0.610974848270416
altimeter,2024-12-31,2025-02-28,3.17805383034795,0.111939388160736,0.194488915507609,0.832239777218474,0.189218175377231,0.208333333333333,0.173913043478261,-0.197017773484881,19.5208199727367,-0.11738909939764,-0.407091044364589,0.203841513910706,-0.0641847897596407,-0.240113248673156,-0.0643481078219404,0.104484534244414,1,0.920634920634921,0.497821350762527,0.319126188887677,0.279816925525665
appaloosa,2024-12-31,2025-02-28,3.61091791264422,0.0615769692450348,0.155352197896963,0.668121828035188,0.115876599483028,0.0540540540540541,0.0789473684210526,-0.0406292646394574,15.1014910501815,0.04874347585571,0.445832991100983,0.186195241674249,-0.0598163388028437,1.2126859709167,0.0714790051256158,0.240311647191971,0,0.238095238095238,0.497821350762527,0.573344555009556,0.691371142864227
atreides,2024-12-31,2025-02-28,3.78418963391826,0.0387127868160148,0.0763401965511285,0.512666779179699,0.417941294070715,0.386363636363636,0.228571428571429,0.073372550234764,10.6517624120057,-0.0529183691615293,-0.170198275390254,0.257823131153581,-0.130477296929489,0.165267743019384,0.304410382343767,0.473243024410122,0,0.698412698412698,0.497821350762527,0.305345566792479,0.335490256547928
baupost,2024-12-31,2025-02-28,3.09104245335832,0.0860549923692073,0.167517439087665,0.801613672454365,0.236570074470674,0.181818181818182,0.142857142857143,-0.0235300911389588,7.20253362472725,-0.0251856817888032,-0.346383278521836,0.216882046275069,-0.0652538828602727,-0.873001990664767,0.137766999787553,0.306599641853908,0,0.619047619047619,0.497821350762527,0.434171214561482,0.530677437782288
berkshire-13f,2024-12-31,2025-02-28,3.63758615972639,0.140387995832133,0.281185989137553,0.897167364413866,0.046169862432243,0.0263157894736842,0.075,0.00298591624594689,11.4530322045061,0.0914624518683235,-0.0847608797387566,0.110487858724201,-0.0197433137755332,-0.367302791631606,-0.0896345380316783,0.0791981040346764,1,0.158730158730159,0.497821350762527,0.580194029542383,0.544241487979889
cantillon,2024-12-31,2025-02-28,3.58351893845611,0.0378041054195009,0.103272533576607,0.464223843069135,0.0973099839928315,0.0277777777777778,0.0789473684210526,0.0117919463408607,12.5238158119003,-0.0346936959427725,-0.022654929635164,0.121502325652903,-0.0634483138895122,-0.108544711012495,0.0253599230670868,0.194192565133442,0,0.666666666666667,0.497821350762527,0.517698551840948,0.545992791652679
coatue,2024-12-31,2025-02-28,4.21950770517611,0.0379857444913225,0.0788737790236618,0.521378278327852,0.191864643875642,0.235294117647059,0.358024691358025,0.0977022797940326,16.5566744397087,0.0304952480180607,-0.0741797715939455,0.182999953162673,-0.0796183899472999,-0.0741801795551478,0.0144419377003309,0.183274579766686,0,0.301587301587302,0.497821350762527,0.451105960208882,0.489181756973267
corvex,2024-12-31,2025-02-28,3.49650756146648,0.0624330933341885,0.123786455090398,0.699264698415325,0.186490960050116,0.151515151515152,0.0666666666666667,0.109491285443966,8.72802132256635,-0.100702519129187,-0.142930909191018,0.160648855566944,-0.0944150596900402,-0.035061383054236,0.0245063011192266,0.193338943185581,0,0.873015873015873,0.497821350762527,0.423870093391401,0.554824709892273
d1,2024-12-31,2025-02-28,3.55534806148941,0.0546425222582204,0.15524389375115,0.593756900389677,0.386277410037291,0.457142857142857,0.441176470588235,0.150355223045531,8.75236253251058,0.163003830621842,-0.287566908106792,0.170661901735412,-0.0612873903187526,-0.432650242222209,-0.0439024971160007,0.124930144950354,1,0.0793650793650794,0.497821350762527,0.40144160163426,0.499914169311523
darsana,2024-12-31,2025-02-28,2.63905732961526,0.0890909697598469,0.120767343692956,0.904496078976081,0.2018391933676,0.142857142857143,0.2,-0.211957767715343,7.61571091258079,0.00309923588925218,0.0048416902027173,0.15215040348298,-0.0626346573591401,0.126322303225482,0.239599858985665,0.40843250105202,0,0.396825396825397,0.497821350762527,0.447173696090697,0.522386848926544
dragoneer,2024-12-31,2025-02-28,3.13549421592915,0.0696921320417967,0.11421711446898,0.770417160805611,0.186076557646926,0.130434782608696,0.166666666666667,-0.00440339532696894,8.06096254734481,0.0654022060992332,-0.478824854456571,0.244885588631236,-0.0883709202989285,-0.185236699957392,-0.34969699448288,-0.180864352416525,1,0.19047619047619,0.497821350762527,0.31100288343829,0.236872866749764
duquesne,2024-12-31,2025-02-28,4.30406509320417,0.0506133260975823,0.158839630576725,0.56053511799771,0.321370052927107,0.283783783783784,0.263888888888889,0.219748920692834,7.36002762516422,0.25437985797564,0.445733454956734,0.189715043187162,-0.0620077605100056,1.09979545770846,0.197550002360174,0.366382644426529,0,0.0158730158730159,0.497821350762527,0.574631316031436,0.80841326713562
egerton,2024-12-31,2025-02-28,3.40119738166216,0.0474221808720115,0.0856965228448754,0.585269574667461,0.206241514580456,0.266666666666667,0.266666666666667,-0.136210572032256,15.8249833314948,0.0330231799593257,0.0063148336594871,0.12487871085179,-0.0399487099707092,-0.271940664353371,-0.141196546639109,0.0276360954272457,1,0.26984126984127,0.497821350762527,0.48180275279172,0.384836792945862
elliott,2024-12-31,2025-02-28,3.46573590279973,0.149839619550209,0.217318134382977,0.90208355978484,0.104001949503531,0.0625,0.142857142857143,-0.143537738998173,3.42755132756211,-0.0686956838983382,0.300930857788536,0.134583989667148,-0.0650129540267702,0.516480651694342,0.43321815798396,0.602050800050315,0,0.761904761904762,0.497821350762527,0.649719528390208,0.690958023071289
eminence,2024-12-31,2025-02-28,3.95124371858143,0.0252211064033689,0.065732944428158,0.344419418128581,0.191620638843343,0.211538461538462,0.163265306122449,-0.00746581994061552,7.63092065426188,-0.0210647392161266,0.0477174186703664,0.174222584682994,-0.0759688328298198,0.963255053127332,-0.247542229514572,-0.0787095874482172,1,0.53968253968254,0.497821350762527,0.477093495392143,0.603452324867249
engaged,2024-12-31,2025-02-28,2.07944154167984,0.152050237667234,0.235676800786472,1,0.18522134100369,0.125,0.222222222222222,-0.237163599096269,3.05164686920596,-0.224468461188183,,0.235718073236872,-0.128784225103145,,-0.269098481103646,-0.100265839037291,1,0.984126984126984,0.497821350762527,0.560117482070803,0.461495190858841
fairfax-13f,2024-12-31,2025-02-28,3.43398720448515,0.114771272348079,0.199721001885869,0.893754317547033,0.247658025807344,0.129032258064516,0.129032258064516,0.347694651941315,4.64319946102011,-0.0704646466160021,,0.163592436770466,-0.126061995999073,,-0.0586461117612488,0.110186530305106,1,0.777777777777778,0.497821350762527,0.469663967368272,0.511029064655304
farallon,2024-12-31,2025-02-28,4.89034912822175,0.0281251432781395,0.0490806248927683,0.405045150721681,0.220192775317973,0.165413533834586,0.25,0.00305050279779899,9.40837024534781,0.00272158936732134,-0.0649887400491269,0.12813826051523,-0.0596676661997542,0.114617807913603,-0.125069305127807,0.0437633369385479,1,0.412698412698413,0.497821350762527,0.469533384433689,0.380991220474243
fisher,2024-12-31,2025-02-28,6.88243747099785,0.0191013198102589,0.0590760099434712,0.346115726675505,0.0728104031514619,0.111794871794872,0.0566448801742919,0.0294896835640958,13.064257803182,-0.0211086607061106,0.0713897976940922,0.100841276970408,-0.0339261977142197,-0.0187918363706798,0.0324576774815317,0.201290319547886,0,0.555555555555556,0.497821350762527,0.615905604970431,0.701565563678742
fundsmith,2024-12-31,2025-02-28,3.63758615972639,0.0613778882385296,0.113850156015615,0.699696977321073,0.0522277270093238,0.0526315789473684,0.1,-0.0747315576727121,15.1487346915767,-0.0416170916556615,-0.134784721101165,0.111200205113047,-0.0441879879230158,-1.40035247237435,-0.151849971911013,0.0169826701553417,1,0.682539682539683,0.497821350762527,0.571410390234036,0.609553635120392
gardner-russo,2024-12-31,2025-02-28,4.21950770517611,0.0796681823955879,0.143868197226159,0.803276439478564,0.0514971016340683,0.0441176470588235,0.155844155844156,-0.0964160598510613,11.1809540434564,0.0433028556187127,0.0146220757726216,0.0992385620750494,-0.0350592323793296,-0.526770743711497,-0.0385391031175369,0.130293538948818,1,0.253968253968254,0.497821350762527,0.600402415997623,0.680632174015045
giverny,2024-12-31,2025-02-28,4.12713438504509,0.0415719808767153,0.0837534309448019,0.55004334469328,0.0743176796591304,0.17741935483871,0.0192307692307692,0.0393944334386452,11.1458505842512,-0.0662903338776846,-0.0915380184667128,0.134097687858102,-0.0605018931157367,-0.325971604991459,-0.102515876696891,0.0663167653694633,1,0.746031746031746,0.497821350762527,0.530081519834199,0.47258660197258
glenview,2024-12-31,2025-02-28,3.58351893845611,0.060272050427156,0.1355954154475,0.652224733986504,0.206179887311973,0.138888888888889,0.27906976744186,-0.180515723302333,7.1705447043944,-0.0638187012322446,-0.169870144121346,0.184935279812559,-0.102996502631907,-0.584389885642422,0.0351301753233922,0.203962817389747,0,0.73015873015873,0.497821350762527,0.516157331691672,0.590879380702972
gotham,2024-12-31,2025-02-28,7.2591161280971,0.0220206036196496,0.132475388745079,0.269560931792944,0.139313525499444,0.116115411681914,0.10413694721826,0.0871161110236301,6.82539051546899,-0.00487212483798302,0.0436926957323711,0.104791788457879,-0.0400059312867423,0.495460894102498,0.0411193944924166,0.209952036558771,0,0.46031746031746,0.497821350762527,0.643108741284565,0.637674331665039
greenhaven-road,2024-12-31,2025-02-28,2.77258872223978,0.141093449723785,0.24671485873629,0.978085718021992,0.103606992753308,0.1875,0.133333333333333,0.0958220050328656,4.12991508294785,0.192692860578557,-0.0754046429039004,0.296657183197416,-0.0845101081634629,0.613352240174176,-0.458573244450679,-0.289740602384324,1,0.0476190476190476,0.497821350762527,0.49474633052589,0.562249541282654
harris,2024-12-31,2025-02-28,5.03043792139244,0.0556246231213331,0.205987346148381,0.45249161453503,0.089042149254131,0.0980392156862745,0.0547945205479452,-0.00822249178599429,8.05011901182219,-0.00963176335183619,0.00432064676755595,0.160705760892959,-0.0686107834572158,0.043798841298026,-0.0842145624776993,0.0846180795886555,1,0.507936507936508,0.497821350762527,0.652188996639039,0.737108528614044
himalaya,2024-12-31,2025-02-28,2.07944154167984,0.19698329504823,0.293085387735961,1,0.0229739416025642,0,0,0.0922489544194387,17.3121215324781,0.112172936694923,-0.11448236558012,0.129021604141801,-0.058658561374874,-0.584955820352331,0.100134679001421,0.268967321067775,0,0.126984126984127,0.497821350762527,0.447556982580748,0.37801319360733
hound,2024-12-31,2025-02-28,2.89037175789616,0.0710126256246462,0.122939529529873,0.76154785683189,0.493984350385901,0.277777777777778,0.235294117647059,-0.652285164348029,13.8601060311904,0.193236254125202,0.0868222116873154,0.258401802257643,-0.0872003175887975,0.899012943293189,0.0579528011642605,0.226785443230615,0,0.0317460317460317,0.497821350762527,0.265681344083085,0.494544595479965
icahn,2024-12-31,2025-02-28,2.63905732961526,0.321000081335694,0.527066953915929,0.976669979842718,0.070867315564637,0,0,-0.286689955859941,1.94877038681445,-0.483423694915089,-0.918969945043034,0.243330895915847,-0.340239336426696,-1.58036282204422,-0.0478549478154334,0.120977694250921,1,1,0.497821350762527,0.384725399510377,0.514339506626129
impactive,2024-12-31,2025-02-28,2.30258509299405,0.126768898710989,0.175204318977847,1,0.160164932642481,0.2,0.2,-0.0997510223307626,4.13654514740177,-0.131483047205289,-0.307239437736491,0.256304056995695,-0.0863732186420361,-0.404513462531766,-0.110461261520078,0.0583713805462764,1,0.952380952380952,0.497821350762527,0.450718306564138,0.514696180820465
kingdon,2024-12-31,2025-02-28,4.06044301054642,0.0235782795422672,0.0486649686575537,0.33312850998645,0.403607298931513,0.275862068965517,0.382352941176471,-0.152137087287666,6.69968079471971,-0.0251867544936358,-0.158199327448856,0.170920470714974,-0.108715729848771,-0.849456685015628,0.326838509592814,0.495671151659168,0,0.634920634920635,0.497821350762527,0.447717888097368,0.409537494182587
lansdowne,2024-12-31,2025-02-28,3.2188758248682,0.144948026701436,0.238471817542353,0.959510258517713,0.129714136364695,0.04,0.142857142857143,0.0737207122831594,12.9257574945735,-0.00522445843186348,0.0951124543211409,0.13320620787415,-0.0504573185347554,-0.0441208077291786,0.181188238598954,0.350020880665308,0,0.476190476190476,0.497821350762527,0.523687095518521,0.457723557949066
lone-pine,2024-12-31,2025-02-28,3.40119738166216,0.0464538759372062,0.0885674977873638,0.559347829029538,0.196911339422587,0.133333333333333,0.103448275862069,0.00448515085596621,16.7499985819573,0.137547826602533,-0.101310750986814,0.229267373045273,-0.0705417730149232,-0.0520245779500214,-0.0659221915207552,0.1029104505456,1,0.111111111111111,0.497821350762527,0.372696074976704,0.350059390068054
markel-13f,2024-12-31,2025-02-28,4.88280192258637,0.0247814955124015,0.0668664868630463,0.40148009306124,0.0687987968025798,0.0454545454545455,0.0454545454545455,0.0208152763948483,11.9902565562303,0.0154706077324415,0.0231447634203948,0.124574486409333,-0.0467606341478499,-0.00870184757573044,-0.0913395678211022,0.0774930742452525,1,0.365079365079365,0.497821350762527,0.556867209297167,0.640718758106232
marshall-wace,2024-12-31,2025-02-28,7.75319426988434,0.0368454685109539,0.174527000297463,0.360775071314084,0.301868630119363,0.280807213396307,0.253232278198841,0.0332695542704312,9.04422211458069,-0.00474071133009124,0.00862040308063983,0.116228167871511,-0.0438416368459315,-0.477879114449083,-0.0444392909879534,0.124393351078401,1,0.444444444444444,0.497821350762527,0.658377635505402,0.662159562110901
maverick,2024-12-31,2025-02-28,5.41164605185504,0.0277035854018463,0.0695779159586354,0.415222960060539,0.289814679448279,0.339285714285714,0.353711790393013,0.0790033987747322,12.938675894514,0.0541548196593737,-0.100076873523714,0.113130107183485,-0.0403402417475655,0.1152598710517,0.04985503895431,0.218687681020665,0,0.206349206349206,0.497821350762527,0.442723828794845,0.497578144073486
paulson,2024-12-31,2025-02-28,2.56494935746154,0.214637171978408,0.381402395872262,0.985472447336065,0.126441452810488,0.0769230769230769,0.2,0.147699147510813,3.37811189587219,0.19242923053308,-0.41357324651183,0.247972662444328,-0.0659556527400396,-0.403545001418781,0.94319475946847,1.11202740153483,0,0.0634920634920635,0.497821350762527,0.483376946892513,0.405878961086273
pershing-square,2024-12-31,2025-02-28,2.30258509299405,0.114490863418853,0.158912119964264,1,0.0588692726319474,0,0.0909090909090909,-0.0236211296577897,11.4577779115252,-0.100588883626394,-0.0040760026721044,0.099210516717858,-0.0302140088020169,0.0960938021831894,-0.121615260619135,0.0472173814472192,1,0.857142857142857,0.497821350762527,0.474867698987526,0.607941269874573
polen,2024-12-31,2025-02-28,4.82028156560504,0.0490902408893453,0.115868414197488,0.579271160050945,0.0775500869886374,0.120967741935484,0.076271186440678,-0.0456576318383022,16.779214999159,-0.081095456883408,-0.0940152971128758,0.127586951352113,-0.0519622079491999,-0.800634732601288,-0.257597342601878,-0.0887647005355235,1,0.80952380952381,0.497821350762527,0.559127628436184,0.612989604473114
pzena,2024-12-31,2025-02-28,5.02388052084628,0.0240829639305266,0.0552090025217836,0.364075587557036,0.0733335355251493,0.0460526315789474,0.0764331210191083,-0.0539500543458379,5.91150867968198,-0.103843335303067,-0.15428981767693,0.160927523586785,-0.0672390302557926,-0.679559152484156,-0.0945849429063692,0.0742476991599856,1,0.904761904761905,0.497821350762527,0.606162517062622,0.593911826610565
ruane-cunniff,2024-12-31,2025-02-28,3.66356164612965,0.0685485060218011,0.121608862684388,0.755996745551467,0.0999206278075282,0.0769230769230769,0.027027027027027,-0.0818200629793907,15.1811577524004,0.00603938516706118,-0.114375486452405,0.129335350110522,-0.0386323508441659,-0.479493406068861,-0.0723602983653925,0.0964723437009622,1,0.380952380952381,0.497821350762527,0.463013934889438,0.675334572792053
sachem-head,2024-12-31,2025-02-28,2.63905732961526,0.101927102498298,0.196209236748237,0.893013300974659,0.347359689034535,0.285714285714286,0.285714285714286,-0.0489893711719976,7.11546840272129,0.14011749184747,-0.268719710563288,0.197358590398376,-0.0655687466892152,-1.29389718368706,0.190033965659496,0.358866607725851,0,0.0952380952380952,0.497821350762527,0.437854399162676,0.565331935882568
sands,2024-12-31,2025-02-28,4.26267987704132,0.0353078420343988,0.0875752083786983,0.474756448656421,0.132689429199772,0.126760563380282,0.0746268656716418,0.0254041086959332,15.2206646146564,-0.0599816472384818,-0.180901725450679,0.175165480305605,-0.0657671249812771,-0.67282433371729,-0.133865379769631,0.0349672622967233,1,0.714285714285714,0.497821350762527,0.481319877133373,0.486261278390884
semper-augustus,2024-12-31,2025-02-28,3.61091791264422,0.093486655712214,0.192853260732801,0.802198209810017,0.10194745600048,0,0,-0.0558232456240464,8.59740398596126,-0.0206334190568537,-0.0367798182992944,0.141853505918695,-0.0531471918008376,-0.790577183560682,0.329400751990485,0.49823339405684,0,0.523809523809524,0.497821350762527,0.587777941370735,0.771630108356476
senator,2024-12-31,2025-02-28,4.21950770517611,0.0616854941394089,0.199551280205767,0.522516898215328,0.499775590225256,0.323529411764706,0.258064516129032,0.48116088290486,9.34689048249463,0.031780025386666,0.101569548445782,0.151747928211754,-0.0545958257641093,0.631603768632611,-0.012390202923226,0.156442439143129,1,0.285714285714286,0.497821350762527,0.401380744119983,0.572405934333801
soroban,2024-12-31,2025-02-28,3.17805383034795,0.0854473469653642,0.194106800945432,0.792421280109898,0.0526019055895634,0.0833333333333333,0.0833333333333333,0.0331518684643136,18.621781589319,-0.0251414140190992,-0.0917539451252116,0.0921880905282416,-0.0290341910501812,-1.23524956869544,0.0540859182487739,0.222918560315129,0,0.603174603174603,0.497821350762527,0.572636284163865,0.635994732379913
southeastern,2024-12-31,2025-02-28,3.78418963391826,0.0419151005404302,0.0776808047348663,0.559311184134089,0.191604077723979,0.0681818181818182,0.0681818181818182,-0.000931451121525561,4.52439285781504,-0.0898159589019358,-0.26684482306749,0.176405948534105,-0.0863160514517296,-0.790565935290998,0.000339810943870394,0.169172453010225,0,0.825396825396825,0.497821350762527,0.467789042882412,0.564417958259583
srs,2024-12-31,2025-02-28,2.99573227355399,0.13812735699087,0.257662558159604,0.921104264050482,0.103843175304608,0.2,0.2,0.046856218061775,10.4930381505037,-0.00725426143466759,-0.252204465329088,0.269307423841423,-0.115962766059761,-0.294479453642033,-0.101552131455979,0.0672805106103759,1,0.492063492063492,0.497821350762527,0.484806605243466,0.363735139369965
starboard,2024-12-31,2025-02-28,3.09104245335832,0.0628475866487818,0.101037594391992,0.709945516410468,0.298259994871939,0.227272727272727,0.105263157894737,0.161573801714352,5.24701037420562,-0.0939237707978164,-0.197267013488007,0.202109855100069,-0.0915857756741786,-0.731914006492333,-0.179887957791531,-0.0110553157251764,1,0.841269841269841,0.497821350762527,0.418112069113886,0.585335731506348
steadfast,2024-12-31,2025-02-28,4.02535169073515,0.0289287316119498,0.0589350250199272,0.412943716607795,0.410657973506961,0.303571428571429,0.277777777777778,0.0931912455663102,10.9904516715537,0.0187673264438614,0.0683897355086069,0.196442386262687,-0.0656539288840883,0.478349821335553,-0.0725526563877585,0.0962799856785962,1,0.349206349206349,0.497821350762527,0.384743237670062,0.557442545890808
suvretta,2024-12-31,2025-02-28,4.54329478227,0.0285540541582301,0.0777589190880802,0.429818648112194,0.265660728864978,0.180851063829787,0.197916666666667,-0.0316505510469679,9.01466199155401,-0.194639007716855,-0.085519957892732,0.168329291328729,-0.0932760476808607,0.248294231007124,0.149661705625422,0.318494347691776,0,0.968253968253968,0.497821350762527,0.451081315023718,0.62771999835968
tci,2024-12-31,2025-02-28,2.30258509299405,0.124906881566428,0.180891628620726,1,0.0617467049202204,0,0,-0.0371799857800139,17.0161064420744,0.00242117233134478,0.0210616798032283,0.131997798186439,-0.0490893936573478,-0.175566873003853,-0.0111749501796499,0.157657691886705,1,0.428571428571429,0.497821350762527,0.438649462655505,0.580779314041138
third-avenue,2024-12-31,2025-02-28,4.07753744390572,0.0322031547188871,0.0728963114245774,0.46222113472926,0.0987714130934525,0.0338983050847458,0.0338983050847458,-0.168420614560905,3.53538812514815,-0.128550210992261,0.012162762626367,0.222226483088364,-0.0962234450876173,0.988866012968081,0.158096729058339,0.326929371124693,0,0.936507936507937,0.497821350762527,0.519589291831144,0.703674912452698
third-point,2024-12-31,2025-02-28,3.76120011569356,0.0519220121324779,0.131506084825833,0.56956519740203,0.236141439738976,0.232558139534884,0.214285714285714,0.00154332283733095,14.3091137176523,-0.033000944038161,-0.308400516060117,0.150051272009739,-0.0599566663650274,-1.14997430831271,-0.0354135687448627,0.133419073321492,1,0.650793650793651,0.497821350762527,0.450351561300059,0.59971684217453
tiger-global,2024-12-31,2025-02-28,3.89182029811063,0.0639036859589374,0.165188081323746,0.67916213297148,0.11941409290026,0.163265306122449,0.0888888888888889,0.121238104727342,18.9688792897802,0.0810728386183817,-0.0976357559150619,0.159702090472315,-0.0478391458073905,0.0602623950792658,-0.114417165407693,0.0544154766586613,1,0.174603174603175,0.497821350762527,0.434696451208644,0.585482239723206
tweedy-browne,2024-12-31,2025-02-28,3.76120011569356,0.0749835420323636,0.130807855167065,0.772906487555774,0.114113102361003,0,0,-0.346327164969123,9.55642804500808,-0.101933231340299,-0.190284010932116,0.0985621960735783,-0.0491481257031434,-1.89558045271336,0.17784090683738,0.346673548903734,0,0.888888888888889,0.497821350762527,0.588476098997721,0.610274910926819
valueact,2024-12-31,2025-02-28,2.484906649788,0.132536001053169,0.220782766470148,0.953928132377629,0.163824307637679,0.166666666666667,0,0.109061963966311,12.0682656546654,0.0492192806107889,0.321909608253767,0.179221191402189,-0.0820042942770884,1.36156308831283,-0.250409331635604,-0.0815766895692496,1,0.222222222222222,0.497821350762527,0.442774621656027,0.319980770349503
viking,2024-12-31,2025-02-28,4.45434729625351,0.0228801970198767,0.0579195165125887,0.359345822694993,0.358796864595767,0.255813953488372,0.228915662650602,0.11892360849901,11.9691007036167,-0.0229422832249189,0.0141671302490874,0.126813386044085,-0.047095445552321,0.501391153358284,-0.00195447929927997,0.166878162767075,1,0.571428571428571,0.497821350762527,0.386968470729197,0.571582496166229
whale-rock,2024-12-31,2025-02-28,3.63758615972639,0.0422897686212445,0.0908276044469765,0.542199472234508,0.224023146266609,0.157894736842105,0.111111111111111,0.168628166933616,12.7859672088264,0.0979974921271801,0.254373424548466,0.231974192802229,-0.0801109887856708,1.19493980682533,0.264477148796712,0.433309790863067,0,0.142857142857143,0.497821350762527,0.432529483720509,0.510044634342194
yacktman,2024-12-31,2025-02-28,4.26267987704132,0.0362013015966173,0.104413602983113,0.47511508021207,0.0682922644254078,0,0,-0.130829891943495,9.05735219007053,-0.0772843077760533,-0.166238457284473,0.110328337691509,-0.0542160045862484,-1.78226737196493,-0.008671901368248,0.160160740698107,1,0.793650793650794,0.497821350762527,0.650034447895655,0.459279209375382
abrams,2025-03-31,2025-05-31,2.56494935746154,0.258168569035267,0.46917668186428,0.988361609550963,0.065846931518521,0,0,-0.0980551844795505,7.59328426483335,0.0855413921590863,0.257179810958732,0.261347606517715,-0.162545312848467,1.89742714074195,-0.409311887854514,-0.11348305553944,1,0.26984126984127,0.496311907270812,0.533985748946399,0.64459902048111
adage,2025-03-31,2025-05-31,6.7286286130847,0.0128238276387084,0.0560136129455438,0.287244000053237,0.161767498625617,0.141148325358852,0.173762945914845,-0.0579000331666474,11.3377114605828,0.0250252288077072,0.15525687522972,0.137447228117611,-0.0893257437373105,0.446382740294557,0.0391061679889195,0.334935000303994,0,0.444444444444444,0.496311907270812,0.572983299667057,0.554967701435089
akre,2025-03-31,2025-05-31,2.89037175789616,0.104464342259379,0.175551188009661,0.947419882346254,0.0874198528830197,0,0,-0.105785951937798,11.3405112731707,0.069830947155848,0.0290214883567991,0.157108479890784,-0.0596296000259707,0.165964891295335,-0.449708248203255,-0.153879415888181,1,0.301587301587302,0.496311907270812,0.458002390319458,0.477298557758331
altimeter,2025-03-31,2025-05-31,3.09104245335832,0.107821176186754,0.212827725423611,0.866453861142582,0.232802247838099,0.272727272727273,0.333333333333333,-0.109420557279302,18.5895296152064,0.169215525896545,0.366152495752595,0.285181008810003,-0.127048316228332,0.740925738145663,-0.140111916720074,0.155716915595,1,0.126984126984127,0.496311907270812,0.489886351429541,0.433982163667679
appaloosa,2025-03-31,2025-05-31,3.55534806148941,0.0850358976253643,0.219247039272098,0.732376622087367,0.181627062780755,0.114285714285714,0.162162162162162,-0.149430392775075,13.9581095743735,0.0284731228570019,0.271781983753208,0.192462468356613,-0.086868884158446,0.33126355334265,0.164252995266786,0.46008182758186,0,0.428571428571429,0.496311907270812,0.573729031848877,0.449053466320038
atreides,2025-03-31,2025-05-31,3.71357206670431,0.0452697590074329,0.100903824228449,0.573752651398617,0.3569968850289,0.24390243902439,0.295454545454545,-0.146933318842059,11.6674738666996,1.88575367485178e-05,0.209632846926198,0.310844186813323,-0.2383158133073,0.497242481830725,0.73005214967639,1.02588098199146,0,0.53968253968254,0.496311907270812,0.402453027608635,0.396064192056656
baupost,2025-03-31,2025-05-31,3.13549421592915,0.0746358853551047,0.147479935996558,0.792915857899545,0.209876940793211,0.173913043478261,0.136363636363636,0.017758267303543,8.00163383830149,-0.036665565622768,-0.360202903572776,0.206578276740119,-0.105303988791854,-0.518709220299517,0.115432435051316,0.41126126736639,0,0.682539682539683,0.496311907270812,0.371778470470313,0.483532041311264
berkshire-13f,2025-03-31,2025-05-31,3.58351893845611,0.128082639556539,0.257590665571557,0.890179677603851,0.0520572053014551,0,0.0526315789473684,-0.0322321361721076,10.9692420214496,-0.0345337648800664,-0.157949203067339,0.127079985858971,-0.092720638728592,-0.573165518273444,-0.0621550304353979,0.233673801879676,1,0.650793650793651,0.496311907270812,0.525141237693337,0.498631417751312
cantillon,2025-03-31,2025-05-31,3.61091791264422,0.0329908573929626,0.0683810250871607,0.428513389009267,0.0716302227647627,0.027027027027027,0,-0.0691016449724974,11.7027402897183,0.050539967309244,0.00637665872558052,0.139464210640343,-0.0903612610869349,-0.104421002082174,-0.0620783563397316,0.233750475975342,1,0.365079365079365,0.496311907270812,0.504985721893376,0.585502505302429
coatue,2025-03-31,2025-05-31,4.24849524204936,0.043865406865768,0.0954748786679637,0.565795960511171,0.203985497452551,0.342857142857143,0.323529411764706,-0.268805093307956,16.7018962755374,0.114563383757074,0.425321395288621,0.253294320352245,-0.188734904271285,0.67527855918603,0.00351495094483373,0.299343783259908,0,0.19047619047619,0.496311907270812,0.543264783487029,0.356233060359955
corvex,2025-03-31,2025-05-31,3.46573590279973,0.0691720044443845,0.132945911817258,0.722278178406571,0.157102168050644,0.125,0.151515151515152,-0.0560869547598951,8.04494466168138,-0.124342510366804,-0.113399730509932,0.167153777951079,-0.179021438413443,0.0871520847989291,0.0890927969750062,0.38492162929008,0,0.873015873015873,0.496311907270812,0.42936973472629,0.674607813358307
d1,2025-03-31,2025-05-31,3.71357206670431,0.0466911580697867,0.13781709470148,0.532388568207492,0.460999371035663,0.439024390243902,0.342857142857143,0.0814317923116228,9.11540232555834,0.125745028508479,0.11338665514426,0.186502227196733,-0.115318135661292,0.67994194464737,-0.0949480406313624,0.200880791683712,1,0.142857142857143,0.496311907270812,0.378804841146779,0.547521650791168
darsana,2025-03-31,2025-05-31,2.63905732961526,0.0900160214795016,0.125528404289057,0.894403929714521,0.252276039814362,0.142857142857143,0.142857142857143,0.0461067777867262,6.71972298917032,0.0510830135160424,0.285604205859309,0.131423543335073,-0.0706317836689764,1.18497694578505,0.0214803166219472,0.317309148937021,0,0.333333333333333,0.496311907270812,0.430284894719276,0.40753111243248
dragoneer,2025-03-31,2025-05-31,3.09104245335832,0.074706673216008,0.118953269644583,0.795851484199011,0.268664766752672,0.136363636363636,0.173913043478261,-0.186207883795661,7.66879120281278,0.194875429439508,0.0343365699778344,0.270748034624045,-0.177401180955144,0.681918833277754,-0.46486861154367,-0.169039779228595,1,0.0634920634920635,0.496311907270812,0.336903854106402,0.575133740901947
duquesne,2025-03-31,2025-05-31,3.89182029811063,0.0571939357625727,0.161336706789332,0.613670209466132,0.326030754648361,0.244897959183673,0.5,-0.175649684013566,7.97918684955761,0.115375275859277,0.945892262464404,0.221827582811476,-0.131642661642213,2.23790784194038,0.12006585835077,0.415894690665844,0,0.158730158730159,0.496311907270812,0.694468840486278,0.635985493659973
egerton,2025-03-31,2025-05-31,3.29583686600433,0.0500100644929656,0.0926822850484644,0.597977413630078,0.210746250260057,0.0740740740740741,0.166666666666667,0.00230220440637103,15.1992011080816,0.0499580186350514,0.135980050501667,0.151736959181824,-0.075952574896319,1.28335720836811,-0.226160153288461,0.0696686790266128,1,0.380952380952381,0.496311907270812,0.355249283734128,0.366635739803314
elliott,2025-03-31,2025-05-31,3.40119738166216,0.153163969691258,0.231286623422141,0.922893859923282,0.201058912502785,0.133333333333333,0.1875,0.179293998709312,4.34531353085914,-0.0556819978930366,0.171647391155223,0.159697560505472,-0.0598552105370082,0.640691415072528,0.190311871899552,0.486140704214626,0,0.761904761904762,0.496311907270812,0.556908610639222,0.565737128257752
eminence,2025-03-31,2025-05-31,3.85014760171006,0.0276446230124622,0.0552999206286918,0.371489156917123,0.221851390397211,0.127659574468085,0.211538461538462,-0.0883182811467016,8.42859229317996,-0.0162061364563426,0.127897254580958,0.183113676216,-0.101903849723482,1.61152163778498,-0.311137905371528,-0.0153090730564534,1,0.603174603174603,0.496311907270812,0.420303305202955,0.627473175525665
engaged,2025-03-31,2025-05-31,2.19722457733622,0.142010678887396,0.217000966749564,1,0.316671276026128,0.222222222222222,0.125,-0.215081590791993,3.24373951504824,-0.344694930614633,,0.308984103280491,-0.302338447734627,,-0.142921965927358,0.152906866387716,1,0.984126984126984,0.496311907270812,0.417572561545583,0.390868991613388
fairfax-13f,2025-03-31,2025-05-31,3.36729582998647,0.141789131739809,0.285672598495158,0.92022220704805,0.138530284094637,0.0344827586206897,0.0967741935483871,0.169803518223358,4.75223974603301,-0.26903019133508,,0.15024816780816,-0.150401665133523,,0.190823830416679,0.486652662731753,0,0.968253968253968,0.496311907270812,0.585000656491163,0.60760098695755
farallon,2025-03-31,2025-05-31,4.89034912822175,0.0292845956576073,0.0549017409892155,0.413387586633517,0.146116864575025,0.120300751879699,0.120300751879699,-0.0173638682988691,9.31162298807163,-0.0152066035539609,-0.106282339787424,0.145030281837119,-0.110470161140118,0.0336061946335032,-0.0699353905405225,0.225893441774552,1,0.587301587301587,0.496311907270812,0.46534897480991,0.435194551944733
fisher,2025-03-31,2025-05-31,6.90675477864855,0.0155557047184798,0.0512431408930775,0.298594165076226,0.150680005294923,0.118118118118118,0.0964102564102564,-0.0843491996924015,10.9483458204129,-0.0170092443789772,0.136188395573159,0.131278076748765,-0.0885601480149164,-0.00185158944478357,-0.00176406084411773,0.294064771470956,1,0.619047619047619,0.496311907270812,0.597035592414376,0.588748693466187
fundsmith,2025-03-31,2025-05-31,3.63758615972639,0.0585169176747224,0.101865879418826,0.691726226668108,0.0891070922350233,0.0526315789473684,0.0526315789473684,-0.0653307192675956,13.7510750741838,0.0230856288275895,-0.0993103406821335,0.136969719449449,-0.0636181544274453,-1.12276906283654,-0.270317332280914,0.0255115000341602,1,0.46031746031746,0.496311907270812,0.517834184870197,0.494621247053146
gardner-russo,2025-03-31,2025-05-31,4.45434729625351,0.0782662826230723,0.148325861686917,0.808734986277992,0.0671187225682185,0.232558139534884,0.0294117647058824,0.00830817453758646,10.625410991048,0.0972453012480426,0.0546916644733566,0.098935045916985,-0.0350592323793295,0.295375804669567,-0.252400419984924,0.0434284123301502,1,0.222222222222222,0.496311907270812,0.53221905571382,0.698055803775787
giverny,2025-03-31,2025-05-31,3.98898404656427,0.0445838406926429,0.0988135809552597,0.569453841950644,0.0695171796464366,0.037037037037037,0.161290322580645,-0.00853178480359026,10.7545667235537,-0.0390701529782218,-0.119605700222452,0.147398860482539,-0.0965762601436206,-0.180174020119874,-0.224298141489805,0.0715306908252689,1,0.698412698412698,0.496311907270812,0.510898834090657,0.582047164440155
glenview,2025-03-31,2025-05-31,3.78418963391826,0.0775165643096564,0.199878665685515,0.675717226018422,0.197861213805829,0.295454545454545,0.138888888888889,0.023574461536783,8.0809478549957,-0.0773870078431254,-0.151441066223778,0.184647376789267,-0.104812297015461,-0.0920249102606851,0.0232530132637791,0.319081845578853,0,0.80952380952381,0.496311907270812,0.4961479295579,0.686816692352295
gotham,2025-03-31,2025-05-31,7.34018683532012,0.0273251658967414,0.153863329637337,0.279416896348253,0.159640844073966,0.174561972744971,0.104855735397607,0.127751549603324,6.49445447977844,0.0170657179814083,0.022208397761683,0.140463692605311,-0.0868872823707897,-0.300228820586134,0.0719260798306491,0.367754912145723,0,0.476190476190476,0.496311907270812,0.671506733733215,0.742430627346039
greenhaven-road,2025-03-31,2025-05-31,2.83321334405622,0.128462174836342,0.254074732868969,0.955778888888999,0.091467340631945,0.117647058823529,0.0625,-0.0618142457992971,3.81304746642528,0.276099494356359,0.290850733865754,0.299307791838303,-0.157493741990896,1.20298300268415,-0.589504914704161,-0.293676082389087,1,0.0317460317460317,0.496311907270812,0.556003885312201,0.609175622463226
harris,2025-03-31,2025-05-31,5.06259503302697,0.0200395380967413,0.0433728792361369,0.327666968657275,0.226528194074213,0.113924050632911,0.0849673202614379,-0.243845446519953,8.90191150475815,-0.0438598469041928,-0.054157991422094,0.178962161183581,-0.132025319258041,-0.0475172464538537,-0.160267434523725,0.135561397791349,1,0.714285714285714,0.496311907270812,0.454452191004845,0.365949064493179
himalaya,2025-03-31,2025-05-31,2.07944154167984,0.190593214567035,0.261169032628421,1,0.0908596230936418,0,0,-0.203363089796105,16.2493493574778,-0.0347545511745339,-0.0453757755164344,0.145340187484211,-0.133321320190903,-0.27491798301864,0.110513376999684,0.406342209314758,0,0.666666666666667,0.496311907270812,0.394234204120416,0.276792109012604
hound,2025-03-31,2025-05-31,2.83321334405622,0.106463561967525,0.154883614068935,0.870255599579152,0.579582960447731,0.176470588235294,0.222222222222222,0.885131752584162,10.2865472260379,0.19268235582258,0.15093094298855,0.233638537568762,-0.0932010577211603,1.10447990456118,-0.0266366267958318,0.269192205519242,1,0.0793650793650794,0.496311907270812,0.195278304116538,0.50123256444931
icahn,2025-03-31,2025-05-31,2.63905732961526,0.340002819229334,0.545457242305463,0.978098387887724,0.0376376043337244,0,0,0.00970349755679204,2.01421801326632,-0.401721546176577,-1.05616350071153,0.258403379777276,-0.340239336426696,-1.71301654068194,-0.0192787771768023,0.276550055138272,1,1,0.496311907270812,0.355967788872749,0.403616070747376
impactive,2025-03-31,2025-05-31,2.30258509299405,0.12015655248911,0.173130394666392,1,0.134284344208477,0.2,0.2,-0.108954440400684,3.98207653530039,-0.124392277952046,-0.396165206711166,0.282917619803773,-0.203169978555408,-0.484607737018779,-0.131408337017371,0.164420495297703,1,0.888888888888889,0.496311907270812,0.392454746610177,0.46843695640564
kingdon,2025-03-31,2025-05-31,3.98898404656427,0.0251309211734368,0.0508974558640495,0.35985696567842,0.423779780729045,0.333333333333333,0.379310344827586,-0.192371484711618,6.8822587993441,-0.0756305046272203,-0.0624271816672309,0.181942186314777,-0.160889489336513,-0.392547921920845,0.229658186378002,0.525487018693076,0,0.793650793650794,0.496311907270812,0.42581159515079,0.436226963996887
lansdowne,2025-03-31,2025-05-31,2.99573227355399,0.157990687828217,0.293640721860435,0.975642738436538,0.254786930192907,0.1,0.28,-0.667518968300909,9.6866756674502,-0.0447085605339321,0.168457367507767,0.207019489335851,-0.167408633755039,-0.0405677991935025,0.354534145131173,0.650362977446247,0,0.73015873015873,0.496311907270812,0.536858257177526,0.339153349399567
lone-pine,2025-03-31,2025-05-31,3.09104245335832,0.0530134093507557,0.0887723746721231,0.610386232617238,0.220972353094874,0.181818181818182,0.4,-0.165293060697559,16.9027729343519,0.236607011030498,0.292299528374517,0.266498804997597,-0.160234864593823,0.76367247842485,-0.178797476212435,0.11703135610264,1,0.0476190476190476,0.496311907270812,0.436621948473506,0.392140835523605
markel-13f,2025-03-31,2025-05-31,4.90527477843843,0.0264605803669157,0.0789836178189895,0.412936687600031,0.0580870658165937,0.0222222222222222,0,-0.00732556013788489,11.1909211907123,-0.000664272453182568,-0.0261397491291668,0.133082148854284,-0.0744369833656181,0.141171817183861,-0.165593897479185,0.13023493483589,1,0.571428571428571,0.496311907270812,0.524888435199419,0.587105333805084
marshall-wace,2025-03-31,2025-05-31,7.79482315217939,0.036645851608813,0.17769264036865,0.338988072741311,0.304238343517736,0.277182866556837,0.246457707170459,-0.0609317637132546,8.20893442740664,0.014690344268492,0.0517294258141457,0.133142573032914,-0.0879432240291422,-0.114331656403508,-0.0325232848924449,0.263305547422629,1,0.492063492063492,0.496311907270812,0.614192050248033,0.710658371448517
maverick,2025-03-31,2025-05-31,5.44673737166631,0.0262369324695098,0.0669143224541955,0.411634593077568,0.366496545494958,0.327586206896552,0.303571428571429,0.000264585132592163,12.6945030910867,0.0415271176755806,0.450652141131941,0.183855354496613,-0.133561376423554,1.54999664573652,0.00718812088072279,0.303016953195797,0,0.396825396825397,0.496311907270812,0.458382063440153,0.502686679363251
paulson,2025-03-31,2025-05-31,2.63905732961526,0.215785936847496,0.398123934461733,0.969196812552556,0.0675880796076347,0.142857142857143,0.0769230769230769,0.0557363570470924,3.34776112615559,0.101878357257093,-0.16373160549401,0.219733562471485,-0.0762645164792133,0.503880250175409,0.679166982430084,0.974995814745158,0,0.206349206349206,0.496311907270812,0.547987737626419,0.63759446144104
pershing-square,2025-03-31,2025-05-31,2.39789527279837,0.126244440034506,0.18504420318912,0.995046473054417,0.224674576757821,0.181818181818182,0.1,-0.0557206425112201,11.7551685218331,-0.121605404992165,-0.0214693353183939,0.150410644164111,-0.13209115387484,-0.212244873198344,-0.135203474718157,0.160625357596917,1,0.857142857142857,0.496311907270812,0.38965602045896,0.455740422010422
polen,2025-03-31,2025-05-31,4.76217393479776,0.0472275376465377,0.106032621750265,0.574879017433071,0.127983998079216,0.0598290598290598,0.112903225806452,-0.150314250732684,15.1889413155792,-0.000499117593404513,-0.00353155906815256,0.155532824105734,-0.113404525515997,-0.839514732013585,-0.285672924383309,0.0101559079317653,1,0.555555555555556,0.496311907270812,0.528798424128711,0.521541774272919
pzena,2025-03-31,2025-05-31,4.98360662170834,0.0252537565097522,0.0485837605318725,0.388668415173176,0.0893902085505312,0.0753424657534247,0.111842105263158,-0.025717575903102,6.02365498920271,-0.126360936526531,-0.289277389296343,0.158204757097632,-0.105372425181237,-0.705619890643193,-0.128392783699428,0.167436048615646,1,0.904761904761905,0.496311907270812,0.534405105487564,0.62019008398056
ruane-cunniff,2025-03-31,2025-05-31,3.63758615972639,0.0660986189080775,0.0961276241639529,0.75074693193937,0.0683828856381431,0.0526315789473684,0.0769230769230769,-0.0674313242924252,14.4622258032719,-0.0258337952813646,-0.0834370472233809,0.135069723308399,-0.0895482790962399,0.0490582187687023,-0.102099015309928,0.193729817005146,1,0.634920634920635,0.496311907270812,0.420416343082077,0.437285453081131
sachem-head,2025-03-31,2025-05-31,2.77258872223978,0.0789659073227539,0.138885012902674,0.780259344403631,0.315713105530873,0.1875,0.0714285714285714,0.317930834371866,6.20369980563051,0.186457304823638,-0.26573465416546,0.247601304186915,-0.111188854357813,-1.18827637530879,0.150416982244219,0.446245814559293,0,0.0952380952380952,0.496311907270812,0.360623716382213,0.473659157752991
sands,2025-03-31,2025-05-31,4.31748811353631,0.03350177986063,0.0734687985780325,0.470418857892614,0.142568039145563,0.12,0.0704225352112676,-0.13951868372963,14.7831085239225,0.0900109755935208,0.246312621135467,0.225201229506888,-0.133408881996684,0.255159755531467,-0.229438215277023,0.066390617038051,1,0.238095238095238,0.496311907270812,0.519130942424094,0.362245857715607
semper-augustus,2025-03-31,2025-05-31,3.58351893845611,0.10318249756021,0.205495042904945,0.822409023513934,0.0968117912047791,0.0277777777777778,0.0540540540540541,0.103160161186257,8.57980723213352,0.00743544289825351,-0.118728592944779,0.112612814600208,-0.0531471918008376,-0.281325071516687,0.0225679306483046,0.318396762963379,0,0.507936507936508,0.496311907270812,0.510396181138658,0.537663102149963
senator,2025-03-31,2025-05-31,3.93182563272433,0.0378791102643705,0.116278107384478,0.444200622696664,0.481220276636835,0.196078431372549,0.397058823529412,-0.59225525782221,10.9950872745365,0.000241520761124853,0.166032417344472,0.186863701790733,-0.111970479034443,1.07463822381104,-0.0537637953762916,0.242065036938783,1,0.523809523809524,0.496311907270812,0.365179026063476,0.515605926513672
soroban,2025-03-31,2025-05-31,3.29583686600433,0.0872000500672873,0.217854113609899,0.749086252525198,0.269337882928821,0.296296296296296,0.208333333333333,-0.0527004840760688,18.3019982627534,0.0313352826078003,-0.0733193335147929,0.117379197172623,-0.065678479647313,-0.318379432812551,-0.0382325355292351,0.257596296785839,1,0.412698412698413,0.496311907270812,0.403408862885615,0.397272795438767
southeastern,2025-03-31,2025-05-31,3.76120011569356,0.0414086020607043,0.080305533074853,0.544517643074164,0.108005408116242,0.0697674418604651,0.0909090909090909,-0.121321123926746,4.25841668376399,-0.0549690400170939,-0.373168475563084,0.16348866407446,-0.14246871573576,-1.00780112631225,-0.14074385989003,0.155084972425044,1,0.746031746031746,0.496311907270812,0.475872245996035,0.424422085285187
srs,2025-03-31,2025-05-31,3.13549421592915,0.123733535914462,0.254405012667353,0.860253224373575,0.149537420850758,0.304347826086957,0.2,0.0579210925106045,9.64969895484525,0.0727617742351367,0.00848152016583392,0.275473011850755,-0.122945494875879,0.0795806047177226,-0.081561818437012,0.214267013878062,1,0.285714285714286,0.496311907270812,0.542440853976281,0.344906389713287
starboard,2025-03-31,2025-05-31,3.09104245335832,0.0687937712736774,0.10890847404521,0.756298657481465,0.250740776312711,0.0909090909090909,0.0909090909090909,-0.00542843859811539,5.64107561791229,-0.152177685601941,-0.254071378596443,0.177590284750739,-0.148046529685934,-0.64432861667332,-0.203327859582708,0.0925009727323657,1,0.920634920634921,0.496311907270812,0.378532872981004,0.615047752857208
steadfast,2025-03-31,2025-05-31,3.97029191355212,0.034102522043821,0.0886421777556145,0.46128106838203,0.357717977842057,0.30188679245283,0.339285714285714,-0.291114531091329,10.7222590568974,0.0883031817469061,0.272322602020252,0.217498332953027,-0.1204325987542,1.17150931597779,-0.206221171807684,0.0896076605073901,1,0.253968253968254,0.496311907270812,0.442050705588146,0.452245026826859
suvretta,2025-03-31,2025-05-31,4.59511985013459,0.0294479805963235,0.0722969217461575,0.455056735542975,0.219812507656076,0.161616161616162,0.117021276595745,-0.0884224119949148,8.82375911172035,-0.215782165187031,-0.14420412574523,0.150275341305289,-0.173645128274146,0.186512699677586,0.250572814109316,0.54640164642439,0,0.952380952380952,0.496311907270812,0.402300425946741,0.555108368396759
tci,2025-03-31,2025-05-31,2.30258509299405,0.138034229508356,0.219524315655177,1,0.0592639137176952,0,0,0.0223501774639994,15.4649552155721,0.0508338932497055,0.181288410610228,0.174642633689771,-0.0644652283814988,0.353118589032578,-0.188410530582155,0.107418301732919,1,0.349206349206349,0.496311907270812,0.483938701840419,0.410112470388413
third-avenue,2025-03-31,2025-05-31,4.11087386417331,0.0319746884979501,0.0685918989253405,0.465610589052667,0.0740592693553374,0.0491803278688525,0.0169491525423729,-0.0356928575647443,3.62169241941297,-0.20722766678621,-0.127146524366563,0.20417942208179,-0.172466949528737,1.12911032239094,0.100904329271549,0.396733161586623,0,0.936507936507937,0.496311907270812,0.44077036390703,0.667923092842102
third-point,2025-03-31,2025-05-31,3.78418963391826,0.0466421023421249,0.137888144001934,0.511830372959288,0.302306076882671,0.227272727272727,0.209302325581395,-0.156115081888792,11.3337846412568,-0.064213807908959,-0.168882156166031,0.147278956929438,-0.114923611708775,-0.328260980249589,-0.157639860216419,0.138188972098655,1,0.777777777777778,0.496311907270812,0.405850082626573,0.505126237869263
tiger-global,2025-03-31,2025-05-31,3.80666248977032,0.0592834944127178,0.161789451467966,0.627448127915463,0.121874474544099,0.111111111111111,0.183673469387755,0.00503810703618754,17.7721662905013,0.114568114238839,0.45037729611053,0.195305994482257,-0.124800916718219,1.09914828688931,-0.139449113715924,0.156379718599151,1,0.174603174603175,0.496311907270812,0.548481089607944,0.627199709415436
tweedy-browne,2025-03-31,2025-05-31,4.07753744390572,0.073888417976075,0.145133442149439,0.746372312318844,0.143851358512156,0.271186440677966,0,-0.273714990552942,8.48390122944123,-0.0969280104916245,-0.229610397538467,0.0862525739296502,-0.0491481257031435,-1.25632160686432,0.0348433854727313,0.330672217787805,0,0.841269841269841,0.496311907270812,0.539939812822746,0.562661290168762
valueact,2025-03-31,2025-05-31,2.63905732961526,0.112891562408718,0.169778644897704,0.932450436961082,0.212385934855333,0.142857142857143,0,0.0428845943917321,13.621135603288,0.170043564081839,0.343119378712033,0.217473891016677,-0.15664618080215,1.35184716881732,-0.387165460253274,-0.0913366279382001,1,0.111111111111111,0.496311907270812,0.346433766633167,0.408262699842453
viking,2025-03-31,2025-05-31,4.51085950651685,0.0210063287618172,0.0467638241177793,0.335737421629492,0.343904687350457,0.296703296703297,0.255813953488372,0.0184647350361941,11.2900440103527,0.0627679918958266,0.208511668388299,0.142161789691528,-0.0505994674104661,2.05137430885408,-0.100852896597115,0.194975935717959,1,0.317460317460317,0.496311907270812,0.356805736401886,0.604779362678528
whale-rock,2025-03-31,2025-05-31,3.46573590279973,0.0502532112837467,0.0938903190690155,0.601294067791803,0.292806316948967,0.15625,0.289473684210526,-0.381415179099238,13.3550240162658,0.298055999787917,1.01540592285702,0.308497239552922,-0.206508159622638,2.11168597238986,0.510880597972972,0.806709430288047,0,0.0158730158730159,0.496311907270812,0.578965986292034,0.49526509642601
yacktman,2025-03-31,2025-05-31,4.24849524204936,0.0389956620678609,0.110402990148159,0.495099249052927,0.0718544288833854,0,0.0140845070422535,-0.117395424635123,8.69786334022876,-0.0832502294390754,-0.214416753521531,0.111901069305712,-0.0806025890266144,-0.794323708134144,-0.101079740282363,0.194749092032711,1,0.825396825396825,0.496311907270812,0.541123382642294,0.451997697353363
abrams,2025-06-30,2025-08-31,2.56494935746154,0.245944125408936,0.451727675720563,0.990269272788788,0.0422670117777184,0.0769230769230769,0.0769230769230769,0.0813716890085169,7.8670480557003,-0.0786121904688924,0.0395921330787725,0.274267625108722,-0.162545312848467,0.845399035901953,,-0.011457000514419,,0.80952380952381,0.494645588985211,0.57974763259518,0.713339447975159
adage,2025-06-30,2025-08-31,6.73696695800186,0.0145037537259046,0.0600007374657311,0.30779986965463,0.162209001208696,0.162514827995255,0.155502392344498,0.0949744397293377,12.6508402233911,0.0300532519766429,0.197222579782606,0.135916587083069,-0.0893257437373104,1.3677029048878,,0.236793787266416,,0.492063492063492,0.494645588985211,0.487217253206753,0.510321795940399
akre,2025-06-30,2025-08-31,2.94443897916644,0.107240251053039,0.181352207205165,0.952340025533158,0.074372491204592,0.105263157894737,0.0555555555555556,-0.0184119375272575,11.8427828402398,-0.0303023882810729,-0.0234679937061943,0.143327913934977,-0.059629600025971,-0.591363625494578,,-0.0974427018392404,,0.650793650793651,0.494645588985211,0.536427699570219,0.590299427509308
altimeter,2025-06-30,2025-08-31,2.89037175789616,0.109261686061902,0.199926658583492,0.859277752241688,0.185143619938591,0.166666666666667,0.318181818181818,0.332309839074575,20.6747126458392,0.348503894127001,0.247538081990576,0.285244575785866,-0.127048316228332,1.18608937000051,,-0.0088884637032971,,0.0634920634920635,0.494645588985211,0.341013761074447,0.476731032133102
appaloosa,2025-06-30,2025-08-31,3.63758615972639,0.0591648348931297,0.124283489426733,0.646316437608257,0.283688030831425,0.210526315789474,0.142857142857143,0.147116065829907,16.2895449216252,0.168647040802011,0.455768129566969,0.19121831085583,-0.086868884158446,0.81452260681211,,0.201455237415201,,0.206349206349206,0.494645588985211,0.467361628320808,0.548421859741211
atreides,2025-06-30,2025-08-31,3.87120101090789,0.033536254753935,0.0683721264507489,0.470998978721165,0.447220727610585,0.354166666666667,0.24390243902439,0.269935086940904,10.4950864532515,0.375877612981563,0.63147999825865,0.334558357604788,-0.2383158133073,1.69436581628311,,0.487128355488526,,0.0476190476190476,0.494645588985211,0.380877889016304,0.497520983219147
baupost,2025-06-30,2025-08-31,3.13549421592915,0.0705819019064475,0.113132747802565,0.787491991606865,0.174783665945593,0.130434782608696,0.130434782608696,0.166650384222949,8.85858884728049,0.0722033169874168,-0.143557077163014,0.20662147950672,-0.105303988791854,0.460447633917257,,0.20437021305675,,0.365079365079365,0.494645588985211,0.353028181058295,0.417929530143738
berkshire-13f,2025-06-30,2025-08-31,3.71357206670431,0.121686886623093,0.223078609840172,0.872884744556832,0.0664152407606599,0.146341463414634,0.0277777777777778,-0.00456922617691317,11.2574900415677,-0.071363773914273,-0.208413095488997,0.136876591968798,-0.0927206387285922,-0.646488316215469,,0.1884749963611,,0.777777777777778,0.494645588985211,0.499442758194293,0.631953239440918
cantillon,2025-06-30,2025-08-31,3.63758615972639,0.0345871304760778,0.0873402564015302,0.448198956382622,0.0702581561302687,0.0263157894736842,0,0.113457759726979,12.3571343309941,0.0259026275942839,0.0578538220366952,0.142194954662892,-0.0903612610869348,0.283129501058705,,0.148858251551203,,0.507936507936508,0.494645588985211,0.504470737589601,0.550744533538818
coatue,2025-06-30,2025-08-31,4.24849524204936,0.0417582757174635,0.0808385048428385,0.573128146544463,0.199345697076069,0.185714285714286,0.185714285714286,0.459074251845935,15.7003739665808,0.18847823354239,0.499573729245141,0.261113660388898,-0.188734904271285,1.47136926977852,,0.107895615414248,,0.174603174603175,0.494645588985211,0.442803975371843,0.550840497016907
corvex,2025-06-30,2025-08-31,3.40119738166216,0.0866353855243023,0.158419548946209,0.768291388189959,0.208960671969672,0.0666666666666667,0.125,-0.0864941433490575,8.54574351824047,-0.0107847488586175,-0.139397750327433,0.184004981246897,-0.179021438413443,-0.435239585905442,,0.312990351679866,,0.603174603174603,0.494645588985211,0.40542401156816,0.62689483165741
d1,2025-06-30,2025-08-31,3.49650756146648,0.0504595896758868,0.141664611767121,0.561757003749431,0.254258553383545,0.151515151515152,0.317073170731707,0.0986243212559086,8.71932788414736,0.123891868035745,0.156516855710045,0.191902977559823,-0.115318135661292,1.32103520957579,,0.129479470016835,,0.253968253968254,0.494645588985211,0.429615086248328,0.563771843910217
darsana,2025-06-30,2025-08-31,2.63905732961526,0.0849773005295021,0.134461596237611,0.862187571670972,0.0731989669380865,0,0,0.0176182889190575,6.30978004378611,0.205135785661188,0.697637984659129,0.200320901401733,-0.0706317836689764,2.46194233758092,,0.0394884820250273,,0.142857142857143,0.494645588985211,0.587972123015538,0.70975124835968
dragoneer,2025-06-30,2025-08-31,2.99573227355399,0.0818564987222339,0.128030997710859,0.839258232022483,0.308382736159566,0.15,0.227272727272727,0.0302250902929167,10.6335595533964,0.199582996697009,-0.227295714671591,0.271618386515267,-0.177401180955144,0.378350762811772,,-0.14104168508602,,0.158730158730159,0.494645588985211,0.225159776362454,0.428617835044861
duquesne,2025-06-30,2025-08-31,4.17438726989564,0.0430377762460105,0.133167771688448,0.525689393068384,0.31337631532934,0.476923076923077,0.306122448979592,0.271917667246953,9.14508999859477,0.160952980006262,0.958916754054798,0.229865047535965,-0.131642661642213,2.07185326877286,,0.433649059815621,,0.222222222222222,0.494645588985211,0.687208429134645,0.630480945110321
egerton,2025-06-30,2025-08-31,3.2188758248682,0.0510678987317707,0.0941031614353998,0.597892369287091,0.254423612408176,0.16,0.222222222222222,0.117504259300614,16.0679600341477,-0.00826220336784223,0.0318700463010762,0.155720741407055,-0.0759525748963192,-0.261643565861762,,0.0850227462049896,,0.587301587301587,0.494645588985211,0.419806964569775,0.439057558774948
elliott,2025-06-30,2025-08-31,2.94443897916644,0.1607114227733,0.260912354021376,0.947424256839887,0.115398564598404,0.157894736842105,0.466666666666667,0.0922234955093254,4.16906931361694,0.0843200139593512,0.29682790174218,0.169898071749745,-0.0575763626471636,0.665194574608766,,0.462378281445892,,0.317460317460317,0.494645588985211,0.686015922263692,0.516741991043091
eminence,2025-06-30,2025-08-31,3.80666248977032,0.0276013962763968,0.0488460439710369,0.367995907968682,0.311375897973466,0.244444444444444,0.276595744680851,0.126114580981249,8.671485866737,0.037045395716931,0.133307567007563,0.186642526831996,-0.101903849723482,1.11166505904064,,-0.0500071651575363,,0.444444444444444,0.494645588985211,0.41362144477254,0.622482776641846
engaged,2025-06-30,2025-08-31,1.94591014905531,0.158075265374763,0.190601658651264,1,0.268580790762333,0.142857142857143,0.333333333333333,-0.0924197159281106,3.78711102643849,-0.327511191539401,,0.259530660870222,-0.302338447734627,,,-0.0917296167308499,,1,0.494645588985211,0.444844532417095,0.624349296092987
fairfax-13f,2025-06-30,2025-08-31,3.3322045101752,0.142684113249599,0.299025009636161,0.90727951201747,0.0663247820136335,0.0714285714285714,0.103448275862069,0.0143722141336999,4.62141511349748,-0.0683225770530745,,0.174200994016008,-0.141490300531104,,,0.211197284584672,,0.761904761904762,0.494645588985211,0.624910001919545,0.598837375640869
farallon,2025-06-30,2025-08-31,4.93447393313069,0.0445089735529119,0.159475813795092,0.457758928676044,0.303651830990518,0.158273381294964,0.120300751879699,0.309949718487541,10.7735601771316,-0.113849779753548,-0.204396313022617,0.135321567679842,-0.110470161140118,-0.61053416614714,,0.318415736684547,,0.888888888888889,0.494645588985211,0.421520808258672,0.681004285812378
fisher,2025-06-30,2025-08-31,6.89365635460264,0.016299292712183,0.0517527971527859,0.307591207654952,0.0771920981316837,0.0953346855983773,0.107107107107107,0.0865831906876227,11.9936562905438,0.0020522748973624,0.197546069111092,0.133567086890524,-0.0885601480149166,0.753220748087344,,0.213294369524219,,0.555555555555556,0.494645588985211,0.583377649255802,0.531398117542267
fundsmith,2025-06-30,2025-08-31,3.66356164612965,0.0616417930974799,0.1144421165033,0.709933811706588,0.0698930753211212,0.0769230769230769,0.0526315789473684,0.0463241097381532,14.6476741758443,-0.0435114297982412,-0.221415173111284,0.137735989335243,-0.0636181544274452,-1.81428880828704,,0.0560227334849655,,0.714285714285714,0.494645588985211,0.540325334300862,0.457442551851273
gardner-russo,2025-06-30,2025-08-31,4.44265125649032,0.0752021050713891,0.125795068156599,0.806400387611967,0.0638988498681794,0.0235294117647059,0.0348837209302326,0.0533785034679413,10.7494316955526,0.0205128677245216,0.00283450254676354,0.116347065061496,-0.0350592323793296,0.197319246441629,,0.0570697273803973,,0.53968253968254,0.494645588985211,0.499707947210301,0.634768545627594
giverny,2025-06-30,2025-08-31,4.00733318523247,0.0442555645677562,0.0852627320067938,0.560263352376248,0.098481115327046,0.0545454545454545,0.037037037037037,0.0721524086551271,11.2041154353574,-0.0321040756550515,-0.143754888443501,0.152278230295945,-0.0965762601436209,-0.384067429648717,,0.0698026895006556,,0.666666666666667,0.494645588985211,0.467722909375647,0.502859354019165
glenview,2025-06-30,2025-08-31,3.73766961828337,0.0746622897373991,0.160451442662334,0.691828011902101,0.203609992378223,0.238095238095238,0.272727272727273,-0.139008364150753,8.90509556959273,-0.119225075179188,-0.103911401080865,0.213343156765774,-0.104812297015461,0.156834424348227,,0.307423691826036,,0.920634920634921,0.494645588985211,0.485995238171886,0.577683568000794
gotham,2025-06-30,2025-08-31,7.41155628781116,0.0287886478118808,0.161009562082629,0.270116846238655,0.160661572392573,0.137160120845921,0.0733290071382219,0.332620119095009,7.19669164130267,0.0359603829015598,0.0628028127245172,0.14599210485934,-0.0868872823707897,0.643653338166944,,0.26740471181078,,0.46031746031746,0.494645588985211,0.588382071249025,0.559103310108185
greenhaven-road,2025-06-30,2025-08-31,2.89037175789616,0.114814115597142,0.242359224005636,0.905241926514673,0.111858775998066,0.111111111111111,0.0588235294117647,0.157968730505941,3.62524105657355,-0.00578900237517993,0.182228715034172,0.285133440211755,-0.157493741990896,0.830614970643619,,-0.315393063267102,,0.571428571428571,0.494645588985211,0.574715666889096,0.569568157196045
harris,2025-06-30,2025-08-31,5.14166355650266,0.019347455246043,0.0451308592806803,0.309535240774578,0.118356206902367,0.175438596491228,0.107594936708861,0.032250586297618,9.35402634945178,-0.0778949948164289,0.0232645885105268,0.172578796433829,-0.132025319258041,-0.261422868654036,,0.210817727681259,,0.793650793650794,0.494645588985211,0.583584191806552,0.716676831245422
himalaya,2025-06-30,2025-08-31,2.19722457733622,0.157661286205272,0.183553764971629,1,0.179336918808287,0.111111111111111,0,0.195150099145475,15.1293785776653,0.0503985068799668,0.23622820297043,0.162463472505166,-0.133321320190903,1.01965517823849,,0.202402939844663,,0.428571428571429,0.494645588985211,0.338646078891672,0.322615683078766
hound,2025-06-30,2025-08-31,3.3322045101752,0.0732726693972117,0.13256233017248,0.760539282332672,0.28243123682495,0.392857142857143,0,0.383403255528855,11.7876467262401,0.329720148601291,0.458769157164022,0.219070625305019,-0.0932010577211603,1.92548556786146,,0.0791283853891991,,0.111111111111111,0.494645588985211,0.376904492455561,0.479007542133331
icahn,2025-06-30,2025-08-31,2.484906649788,0.322616194925566,0.504723494580196,0.987615042470739,0.0813431533991763,0,0.142857142857143,0.0519183303486682,1.87944816508185,-0.234394309991961,-1.20342558206551,0.23298613401845,-0.237795348181495,-2.04969545591842,,0.176037035535363,,0.984126984126984,0.494645588985211,0.324322780650555,0.592643260955811
impactive,2025-06-30,2025-08-31,2.19722457733622,0.116833093384397,0.158544268758912,1,0.22463313013836,0.111111111111111,0.2,0.0153617304095808,4.28988645384197,-0.0996188256666228,-0.334671883514889,0.266776252513323,-0.203169978555408,-0.480809440837156,,0.245789559468902,,0.841269841269841,0.494645588985211,0.340584671139554,0.554797649383545
kingdon,2025-06-30,2025-08-31,3.98898404656427,0.0236665594783264,0.0416428068358664,0.324955829994309,0.396489262592863,0.296296296296296,0.296296296296296,0.0702591796008553,6.2259900052637,-0.0115487878049204,0.0687205550615516,0.204020185979105,-0.160889489336513,0.54857868615447,,0.2942904278685,,0.619047619047619,0.494645588985211,0.40276090365721,0.534294486045837
lansdowne,2025-06-30,2025-08-31,3.04452243772342,0.122482800481558,0.217154391475114,0.934093908668791,0.274736394209804,0.142857142857143,0.1,0.0865726241125726,12.5712973641428,0.050733891117993,0.51243146563384,0.204918008671933,-0.167408633755039,0.684153365025166,,0.411240185724239,,0.412698412698413,0.494645588985211,0.500871736241329,0.333005577325821
lone-pine,2025-06-30,2025-08-31,3.09104245335832,0.0538486129746671,0.0907851775800604,0.618513249254078,0.205445906204505,0.227272727272727,0.227272727272727,0.190645918402632,17.9148184048393,0.272276131742837,0.367393396413431,0.272994638230408,-0.160234864593823,1.07226368906764,,-0.0246550567589278,,0.126984126984127,0.494645588985211,0.399243833054411,0.440046221017838
markel-13f,2025-06-30,2025-08-31,4.91998092582813,0.0248061349893342,0.0686408724866365,0.397977735421604,0.0550955378679799,0.0218978102189781,0.00740740740740741,0.0490898128547116,11.9369248575023,-0.0387770155150308,-0.0700802724182419,0.131119222022195,-0.074436983365618,-0.758696622766377,,0.103077057721255,,0.682539682539683,0.494645588985211,0.577769384198987,0.561288237571716
marshall-wace,2025-06-30,2025-08-31,7.81601383915903,0.0305477685350794,0.158156143654846,0.332179254674574,0.314106888893246,0.285483870967742,0.270181219110379,0.115608568076044,9.05703685028765,0.0311096459183291,0.0549139380049006,0.136560830234593,-0.0879432240291421,-0.176168441285204,,0.156484484869834,,0.476190476190476,0.494645588985211,0.578064330654318,0.62535434961319
maverick,2025-06-30,2025-08-31,5.51745289646471,0.0324766653122207,0.0718312555819795,0.48445957970404,0.298444574920568,0.317269076305221,0.267241379310345,0.159615834474668,15.0977663104388,0.0786879517979726,0.291292920935145,0.187975858062599,-0.133561376423554,1.20484236607975,,0.23412754154093,,0.333333333333333,0.494645588985211,0.407616936048767,0.503250360488892
paulson,2025-06-30,2025-08-31,2.70805020110221,0.181139462970098,0.314438815488495,0.970716295677639,0.0999925539976764,0.133333333333333,0.0714285714285714,0.140930455321409,3.45565873050309,0.624994950566825,0.819356642412762,0.353294554886697,-0.0762645164792132,1.69591832388517,,0.365908308328884,,0.0158730158730159,0.494645588985211,0.728559095957191,0.581561625003815
pershing-square,2025-06-30,2025-08-31,2.39789527279837,0.129108865599402,0.205919841274949,0.993175564540002,0.134742468165748,0.0909090909090909,0.0909090909090909,0.140388076031935,14.315526927496,-0.105372142874441,-0.142434976375253,0.154757820436,-0.13209115387484,-0.967712740717987,,0.0880841248998484,,0.857142857142857,0.494645588985211,0.429808405092413,0.469172954559326
polen,2025-06-30,2025-08-31,5.48063892334199,0.048849630138044,0.0937295902094131,0.587948239249219,0.113184281423149,0.629166666666667,0.239316239316239,0.0230123467062608,15.4193932137161,-0.0392572737409411,-0.038828091901383,0.148055192241573,-0.113404525515997,-0.486033759898123,,-0.0303571359540567,,0.698412698412698,0.494645588985211,0.560191494601739,0.567777395248413
pzena,2025-06-30,2025-08-31,5.02388052084628,0.0248110552474183,0.050501332536299,0.387450204518787,0.067891712474205,0.0789473684210526,0.0410958904109589,0.0710886197399446,6.07737971955901,-0.120940775662162,-0.259760864008852,0.165891480319877,-0.105372425181237,-0.907365362788155,,0.175533693393518,,0.936507936507937,0.494645588985211,0.568292049227041,0.550854325294495
ruane-cunniff,2025-06-30,2025-08-31,3.76120011569356,0.0648525364858147,0.103221327024015,0.73099380141238,0.0817923909868056,0.13953488372093,0.0263157894736842,0.0576673689804448,14.2966738769041,-0.0553870652136701,-0.0936219407829924,0.148099477477401,-0.0895482790962397,0.29861829531485,,0.169396763239821,,0.746031746031746,0.494645588985211,0.403334016907208,0.437046438455582
sachem-head,2025-06-30,2025-08-31,2.94443897916644,0.0693332406882329,0.127917429604525,0.719668627520204,0.27350920451758,0.263157894736842,0.125,0.250174706866803,6.76854788275714,0.346532476021168,0.073088939141758,0.266247354190819,-0.111188854357813,-0.572047050821869,,0.0699543665022554,,0.0793650793650794,0.494645588985211,0.477598959070603,0.705590009689331
sands,2025-06-30,2025-08-31,4.18965474202643,0.0361422323932643,0.0977805176316554,0.490630870931966,0.123884279473213,0.0454545454545455,0.16,0.169699268549344,15.996587865314,0.129725125678095,0.247060942124577,0.215928277744123,-0.133408881996684,0.248588591729686,,0.024243620945408,,0.238095238095238,0.494645588985211,0.519075995967282,0.447685688734055
semper-augustus,2025-06-30,2025-08-31,3.61091791264422,0.088379215989342,0.16861061336791,0.789230711631805,0.12465253638835,0.0540540540540541,0.0277777777777778,0.135936407537154,8.81046118688054,0.10366083985186,0.0988048810028812,0.130687446302629,-0.0531471918008376,0.598681400427048,,0.185322072649881,,0.301587301587302,0.494645588985211,0.485409811575215,0.509186863899231
senator,2025-06-30,2025-08-31,3.98898404656427,0.0323619032150803,0.096045621819938,0.42665883865159,0.313945914880694,0.259259259259259,0.215686274509804,0.318320580364483,12.0373694664854,0.0737691818664207,0.168620538696942,0.192515564945055,-0.111970479034443,0.352310049490456,,0.129469437451955,,0.349206349206349,0.494645588985211,0.449870546119218,0.560950636863709
soroban,2025-06-30,2025-08-31,3.36729582998647,0.0757573424500945,0.189649777252,0.706025358753775,0.19918298152575,0.103448275862069,0.037037037037037,0.369388990283286,19.6899703818935,0.0670875667787421,-0.0223033575351624,0.126670906761292,-0.065678479647313,0.0638670919198582,,0.16003507192457,,0.380952380952381,0.494645588985211,0.350808599543124,0.363827705383301
southeastern,2025-06-30,2025-08-31,3.89182029811063,0.0366745376893564,0.0757726141316684,0.49877275289976,0.17554142193175,0.163265306122449,0.0465116279069768,0.0556876807876534,4.60962380865091,-0.0467021727334437,-0.362457537412141,0.148704369880862,-0.14246871573576,-0.945212072591106,,0.0793290897885,,0.73015873015873,0.494645588985211,0.438966757353254,0.313283205032349
srs,2025-06-30,2025-08-31,3.25809653802148,0.162328849249976,0.305262757698076,0.878170554804417,0.206940223295706,0.269230769230769,0.173913043478261,0.258063817547413,9.70412235635762,0.343433270363378,0.0961912744354071,0.270548057582081,-0.122945494875879,-0.200679366012825,,0.00998942520209453,,0.0952380952380952,0.494645588985211,0.517953155757065,0.461266934871674
starboard,2025-06-30,2025-08-31,3.17805383034795,0.0648803787574081,0.115875822075528,0.730418743989262,0.087990754408273,0.0833333333333333,0,0.0480239659718103,5.68448588694564,-0.11479655507272,-0.220618236311078,0.18270039138063,-0.148046529685934,-0.58156517729838,,0.0657785747942446,,0.904761904761905,0.494645588985211,0.484710419026206,0.670360803604126
steadfast,2025-06-30,2025-08-31,4.29045944114839,0.0249248388134678,0.0543131123452306,0.370313630626735,0.448482740752893,0.493150684931507,0.30188679245283,0.421826845609465,12.0050387482234,0.109116972838293,0.158955062844147,0.213996181991466,-0.1204325987542,0.204591937220069,,0.0671603021402684,,0.285714285714286,0.494645588985211,0.394904713156816,0.487840235233307
suvretta,2025-06-30,2025-08-31,4.55387689160054,0.0272074923925955,0.0609344345237214,0.408527673304389,0.222874014722727,0.105263157894737,0.141414141414141,0.071445662838116,9.33140837712881,-0.159298820818609,-0.101917963180671,0.178235401361301,-0.173645128274146,0.175901057465633,,0.287438864263128,,0.968253968253968,0.494645588985211,0.409430920021059,0.590443134307861
tci,2025-06-30,2025-08-31,2.30258509299405,0.147800733874687,0.241164559435308,1,0.0448466304500542,0,0,0.156235912251958,15.7199919346631,0.0245812972200014,0.155070522196599,0.173853786905529,-0.0644652283814989,0.118039740967538,,0.11443307072543,,0.523809523809524,0.494645588985211,0.511975604827949,0.443711817264557
third-avenue,2025-06-30,2025-08-31,3.95124371858143,0.0344074261618103,0.083251903170208,0.492423696901807,0.101212151859023,0.0576923076923077,0.19672131147541,-0.0280251699361181,3.95512978888902,-0.130507004277061,0.0533216731398671,0.194018095331751,-0.169743441244884,1.47188798973014,,0.285938476794297,,0.952380952380952,0.494645588985211,0.494834254809417,0.790645778179169
third-point,2025-06-30,2025-08-31,3.93182563272433,0.0401936069725994,0.0934817333174872,0.504063685136134,0.235551135110424,0.313725490196078,0.204545454545455,0.179693242929078,13.4361589402206,-0.0242442113833718,-0.270976425533507,0.150988074614891,-0.114923611708775,-0.74901001062312,,0.00111845076241869,,0.634920634920635,0.494645588985211,0.38836760920909,0.285186976194382
tiger-global,2025-06-30,2025-08-31,3.91202300542815,0.0626258987421462,0.163150462180903,0.647639054264182,0.107558144330164,0.14,0.0444444444444444,0.248075263325244,19.8966589483928,0.169318101391662,0.403872649101039,0.184133689605849,-0.124800916718219,1.11128313183479,,0.0184817680978827,,0.19047619047619,0.494645588985211,0.471464817281383,0.600435554981232
tweedy-browne,2025-06-30,2025-08-31,4.51085950651685,0.0741702878163888,0.159979374851828,0.727366601698151,0.0916313464776308,0.362637362637363,0.0169491525423729,-0.0452521762280374,7.58955933624234,-0.110465310714683,-0.236691468965035,0.0967196387330505,-0.038940778262294,-0.669429032042689,,0.248693193861305,,0.873015873015873,0.494645588985211,0.56575127952524,0.735016942024231
valueact,2025-06-30,2025-08-31,2.89037175789616,0.0907526449535574,0.151730559454771,0.861326505615655,0.269953818505436,0.333333333333333,0.142857142857143,0.200614619082086,16.2599388865732,0.12330749789708,0.447132555699732,0.221878562878799,-0.15664618080215,1.1061115084846,,-0.0838706157860237,,0.26984126984127,0.494645588985211,0.407530182313398,0.354838579893112
viking,2025-06-30,2025-08-31,4.4188406077966,0.0196457179174235,0.0427468199869007,0.311238433616545,0.333061459449456,0.240963855421687,0.307692307692308,0.094336087157216,10.7497777056779,0.0546650229371086,0.127656328904122,0.146735112770287,-0.050599467410466,1.07771385910288,,0.146605902638602,,0.396825396825397,0.494645588985211,0.411583491057507,0.640117168426514
whale-rock,2025-06-30,2025-08-31,3.73766961828337,0.0445458146609864,0.10046453254318,0.576255988135298,0.303530567291389,0.380952380952381,0.1875,0.223754275777057,13.3163682800035,0.522230005221912,1.24143862224236,0.304434296655697,-0.206508159622638,2.86823527034602,,0.260364677267058,,0.0317460317460317,0.494645588985211,0.580229585826769,0.554703593254089
yacktman,2025-06-30,2025-08-31,4.24849524204936,0.0370858769307237,0.0933383593897034,0.490381059333763,0.059429934255925,0.0142857142857143,0.0142857142857143,-0.0216558159113958,9.50213412378802,-0.0897569403645012,-0.250860915351564,0.111669694684997,-0.0806025890266142,-1.8804114688036,,0.199047770536537,,0.825396825396825,0.494645588985211,0.608332353468108,0.534357190132141
abrams,2025-09-30,2025-11-30,2.56494935746154,0.219155144802316,0.415565926764795,0.991468400919684,0.0498633325640683,0,0,0.00914278605338645,9.05906643642155,-0.217945541578323,-0.0559742385771066,0.269825825436545,-0.137460219697421,0.604061122765775,,,,0.952380952380952,0.49505928853755,0.545046133278182,0.684836804866791
adage,2025-09-30,2025-11-30,6.77078942390898,0.0156164014555225,0.0665137501356915,0.321079311428731,0.168673133065076,0.184633027522936,0.156583629893238,0.06194011729049,12.9338943853849,0.067019805291643,0.25567883605665,0.135124787332972,-0.0893257437373105,1.34921163314143,,,,0.26984126984127,0.49505928853755,0.487099657774022,0.421190738677979
akre,2025-09-30,2025-11-30,2.94443897916644,0.104646055811154,0.1789447837906,0.934383135399222,0.0817840732110484,0,0,-0.0178010862846888,11.6353295423614,-0.173544522247397,-0.227677853838478,0.130534411868595,-0.0755146922208517,-0.818210306893498,,,,0.936507936507937,0.49505928853755,0.461549368052741,0.606530964374542
altimeter,2025-09-30,2025-11-30,3.13549421592915,0.0992336777284266,0.188129312061557,0.818861504700873,0.149459353701017,0.347826086956522,0.166666666666667,0.0898187599716564,22.3610422994014,0.128273609973355,0.633557408750799,0.291105516029394,-0.127048316228332,0.649171826051844,,,,0.174603174603175,0.49505928853755,0.585178735806235,0.462491154670715
appaloosa,2025-09-30,2025-11-30,3.80666248977032,0.0533552247111778,0.156131184602724,0.575854102203498,0.241985244692757,0.222222222222222,0.0789473684210526,0.135341019558485,14.2709650449291,0.226123764315446,0.648625418709791,0.197525747416699,-0.0868688841584461,0.598964613807916,,,,0.0476190476190476,0.49505928853755,0.614834699900428,0.678644776344299
atreides,2025-09-30,2025-11-30,4.02535169073515,0.0347810518279159,0.0892191287439447,0.464026570752901,0.316169280466633,0.232142857142857,0.104166666666667,0.0660970427531793,9.7638803267407,0.219997509071579,1.11664160768119,0.3070059506832,-0.2383158133073,1.85373321198511,,,,0.0793650793650794,0.49505928853755,0.653388375105688,0.640405058860779
baupost,2025-09-30,2025-11-30,3.09104245335832,0.0694831287004129,0.110490222517974,0.76211696408369,0.217461475898795,0.181818181818182,0.217391304347826,0.148410670611731,9.1305279865342,0.0363346822419598,-0.0593472389063117,0.149292437975507,-0.0519753066622446,1.82018814939198,,,,0.396825396825397,0.49505928853755,0.30516523917088,0.360169529914856
berkshire-13f,2025-09-30,2025-11-30,3.71357206670431,0.121476052280649,0.226892210520624,0.866854348444738,0.0320035404966201,0.024390243902439,0.024390243902439,0.0373964034811684,12.0598207006355,-0.0486708943164257,-0.196792028677392,0.117683711315583,-0.0927206387285922,-0.210473064602062,,,,0.603174603174603,0.49505928853755,0.457891012533732,0.528235077857971
cantillon,2025-09-30,2025-11-30,3.63758615972639,0.0350866040673057,0.0853682529186359,0.455738335106882,0.0638572195025754,0.0263157894736842,0.0263157894736842,0.0487846910286678,13.0680414024416,0.0705301962787078,0.0664840312759517,0.134824380391518,-0.0903612610869348,0.522144787251024,,,,0.253968253968254,0.49505928853755,0.488060358179616,0.540389835834503
coatue,2025-09-30,2025-11-30,4.30406509320417,0.0371115964666985,0.0726614627479667,0.51377671541096,0.170791949008084,0.148648648648649,0.1,0.127672490601143,17.1602285955275,0.0509358191190761,0.620472312620362,0.280768745082518,-0.188734904271285,0.478490142408521,,,,0.301587301587302,0.49505928853755,0.59564802640467,0.430235147476196
corvex,2025-09-30,2025-11-30,3.3322045101752,0.0785987494834551,0.141152329063935,0.768777594804148,0.231124007992563,0.178571428571429,0.233333333333333,0.16714403514171,9.40536121227566,-0.0130282541422475,-0.0145332721944075,0.204967438816491,-0.139601842092937,0.541525855357322,,,,0.523809523809524,0.49505928853755,0.39433836477644,0.546755909919739
d1,2025-09-30,2025-11-30,3.63758615972639,0.0410099624802525,0.0952296974171268,0.525350123741475,0.413773365960439,0.342105263157895,0.242424242424242,0.18959918084391,9.23601519078263,-0.0599041757582046,0.206423251270955,0.179215224370215,-0.115318135661292,0.802361086321585,,,,0.666666666666667,0.49505928853755,0.412080810926352,0.446139812469482
darsana,2025-09-30,2025-11-30,2.63905732961526,0.08718853974522,0.134894054227475,0.870472250537915,0.145831885063267,0.0714285714285714,0.0714285714285714,0.192505203754436,7.0729905316012,0.167593408176603,0.686671610104624,0.19444450044686,-0.0706317836689764,2.50113652394844,,,,0.126984126984127,0.49505928853755,0.546408466853784,0.581445276737213
dragoneer,2025-09-30,2025-11-30,3.25809653802148,0.0738343317859172,0.112334578921381,0.80334286008298,0.338436725993839,0.346153846153846,0.15,-0.0785495366533831,9.13753154392898,-0.095621362783571,-0.000310691075653513,0.234009128502428,-0.177401180955144,0.325358027919025,,,,0.746031746031746,0.49505928853755,0.351039701439687,0.46499302983284
duquesne,2025-09-30,2025-11-30,4.12713438504509,0.0474545566993173,0.131622451489558,0.55726410849225,0.373243247977588,0.467741935483871,0.492307692307692,0.00441467154438445,9.46266559864797,0.17316732925295,1.22740937788318,0.215557858546819,-0.118427921218444,2.02178783905187,,,,0.111111111111111,0.49505928853755,0.759197542735905,0.638948202133179
egerton,2025-09-30,2025-11-30,3.17805383034795,0.0572444157854763,0.0989152584762254,0.658044454277193,0.166181637267722,0.125,0.16,-0.0276185953270266,16.7740336838645,-0.0624877388757167,-0.0865837408027405,0.141669375188602,-0.0759525748963191,-0.472285692868584,,,,0.682539682539683,0.49505928853755,0.428804781015688,0.377088695764542
elliott,2025-09-30,2025-11-30,2.99573227355399,0.16604483508926,0.2857610024206,0.941967024527955,0.0886640794588219,0.25,0.210526315789474,0.120197114285873,4.01560514708706,0.222345144351477,0.188501787518931,0.176107055048937,-0.0514416073105427,0.8672415952491,,,,0.0634920634920635,0.49505928853755,0.623232085544044,0.625811040401459
eminence,2025-09-30,2025-11-30,3.76120011569356,0.0309714322666641,0.0499924057107189,0.41726269771879,0.204160785412751,0.162790697674419,0.2,0.00203185585442991,9.12682759386876,-0.122096220633105,-0.112710633471568,0.166860838386653,-0.0972962434390343,-0.0488485081877201,,,,0.825396825396825,0.49505928853755,0.480365294267491,0.556609749794006
engaged,2025-09-30,2025-11-30,2.19722457733622,0.132994673393686,0.207524986642571,1,0.192211878508631,0.222222222222222,0,0.130901387748474,3.07944024666893,-0.379578123696115,,0.272220906273585,-0.294441351512764,,,,,0.984126984126984,0.49505928853755,0.495165413488587,0.567384600639343
fairfax-13f,2025-09-30,2025-11-30,3.36729582998647,0.141280471294849,0.295688323919604,0.899543312236099,0.0519284539019578,0.103448275862069,0.0714285714285714,0.098174865818043,5.19134736036506,0.000432820759439539,,0.17162619204356,-0.141490300531104,,,,,0.492063492063492,0.49505928853755,0.606835266077296,0.493300229310989
farallon,2025-09-30,2025-11-30,4.93447393313069,0.0272885444651649,0.0559913299564886,0.407547471922546,0.300985457608945,0.165467625899281,0.165467625899281,-0.185676415247913,10.88210393863,-0.0786212201620108,-0.126924053848933,0.128944926766271,-0.0884866015168478,0.134205521421783,,,,0.73015873015873,0.49505928853755,0.375591798272833,0.37544459104538
fisher,2025-09-30,2025-11-30,6.92165818415113,0.0174845294489163,0.0571065359163706,0.323506838031701,0.0583311733010897,0.108481262327416,0.0831643002028398,0.092455158345036,12.3635105784097,0.0377903066609282,0.216157755180149,0.13042407883996,-0.0885601480149165,1.0672357050132,,,,0.380952380952381,0.49505928853755,0.549506363211412,0.418307244777679
fundsmith,2025-09-30,2025-11-30,3.55534806148941,0.0550183706890077,0.0857410429123888,0.677486027417856,0.122302461517313,0,0.102564102564103,-0.150771786318489,12.914806514981,-0.0666702889233877,-0.290220529214027,0.128093283027395,-0.0636181544274453,-1.63259152888702,,,,0.698412698412698,0.49505928853755,0.482912146053936,0.308437705039978
gardner-russo,2025-09-30,2025-11-30,4.44265125649032,0.0764124023506816,0.124596499860238,0.802791883168823,0.0396270533294282,0.0235294117647059,0.0235294117647059,-0.00862882181723252,10.4439462339545,0.0471832605523536,-0.0864495327690315,0.119005779274038,-0.0330370863896239,0.44758943902854,,,,0.333333333333333,0.49505928853755,0.450126009257348,0.554272830486298
giverny,2025-09-30,2025-11-30,3.95124371858143,0.0425465185348814,0.078717261643819,0.542484750092267,0.150586837149361,0.0192307692307692,0.0727272727272727,0.111982878581304,12.0507992616037,-0.125382056838698,-0.281548936927405,0.142199438782933,-0.0965762601436207,-0.856063811117304,,,,0.841269841269841,0.49505928853755,0.42575851687934,0.392248839139938
glenview,2025-09-30,2025-11-30,3.97029191355212,0.0641272651161698,0.150179445121465,0.641129982166727,0.181699694148997,0.320754716981132,0.142857142857143,0.155018512339865,8.35375709107957,0.00211872849506761,-0.0702131265311757,0.205251860440012,-0.0714527695574246,0.285049525360438,,,,0.46031746031746,0.49505928853755,0.495974905167422,0.623018264770508
gotham,2025-09-30,2025-11-30,7.42416528104203,0.0293228298265651,0.162934244630437,0.277068117067944,0.144719142967704,0.112768496420048,0.101510574018127,0.318020553325834,7.01624397901243,0.0396504685946206,0.0976148565005323,0.139646672983907,-0.0868872823707896,1.09416801069336,,,,0.365079365079365,0.49505928853755,0.550227207063612,0.546160101890564
greenhaven-road,2025-09-30,2025-11-30,2.70805020110221,0.108405085432711,0.158944690505876,0.974068127229575,0.186314621162767,0,0.166666666666667,-0.161435063044783,3.8017561626096,-0.3800173859001,0.115369011050524,0.179092553213712,-0.243109104913317,0.584992622900076,,,,1,0.49505928853755,0.476787239076305,0.800582945346832
harris,2025-09-30,2025-11-30,5.17614973257383,0.0196119484516829,0.044457827215448,0.315186285332421,0.0865226535854606,0.101694915254237,0.0701754385964912,0.0141227633280877,9.69530877142428,-0.126130803883391,-0.0813437438736532,0.153422104058822,-0.121051322993175,-0.0413221804788878,,,,0.857142857142857,0.49505928853755,0.538900989046803,0.621969819068909
himalaya,2025-09-30,2025-11-30,2.19722457733622,0.162576622631964,0.19140109582823,1,0.0573391026219541,0,0,0.18331946768265,16.0364217913589,0.160791218009465,0.419694372272643,0.165488692921736,-0.133321320190903,1.35144421632599,,,,0.142857142857143,0.49505928853755,0.433890002211976,0.421758323907852
hound,2025-09-30,2025-11-30,3.40119738166216,0.0796213520405011,0.136895269006464,0.764355977042999,0.127838162610737,0.233333333333333,0.178571428571429,0.0509874577022161,11.0232353767938,0.0111302244196912,0.286385517373176,0.170381818276927,-0.0932010577211603,1.31485724936327,,,,0.444444444444444,0.49505928853755,0.514758659527814,0.582836449146271
icahn,2025-09-30,2025-11-30,2.56494935746154,0.315433221271578,0.477970569165288,0.985340937225632,0.0874820132336506,0.153846153846154,0.0833333333333333,0.147674770280394,1.63990943975348,-0.0561654232485736,-1.25415971260667,0.216854681892623,-0.0747193530056161,-2.09638783220105,,,,0.650793650793651,0.49505928853755,0.373515225501607,0.398970544338226
impactive,2025-09-30,2025-11-30,2.19722457733622,0.118859515053984,0.166247120220727,1,0.139144787708469,0.111111111111111,0.111111111111111,-0.0647011559064651,4.06224603267374,-0.128748661282615,-0.477987391209468,0.215521206061492,-0.203169978555408,-0.626407930698787,,,,0.888888888888889,0.49505928853755,0.351741908624874,0.44818389415741
kingdon,2025-09-30,2025-11-30,4.15888308335967,0.0220968276897066,0.0602647941593027,0.333040281000951,0.430698847720383,0.4375,0.333333333333333,0.208963225355213,7.97768733071733,0.108029232226366,0.248259876540405,0.205525247838155,-0.120185887609192,0.852184002603588,,,,0.206349206349206,0.49505928853755,0.450838905030488,0.536520659923554
lansdowne,2025-09-30,2025-11-30,3.09104245335832,0.16027008513018,0.329219068978855,0.906808546268017,0.199468292125052,0.181818181818182,0.142857142857143,0.447143147240352,15.7592056589492,-0.0515006935226648,0.230476200278242,0.197625083389491,-0.167408633755039,0.30466489610583,,,,0.619047619047619,0.49505928853755,0.482348596614021,0.307584077119827
lone-pine,2025-09-30,2025-11-30,3.2188758248682,0.0456398566222585,0.0706574073132939,0.556480531183073,0.31660156802567,0.32,0.227272727272727,-0.00498889298467569,15.9997039159241,-0.0219398291664591,0.408013880544719,0.234436431858588,-0.160234864593823,0.536479283035407,,,,0.555555555555556,0.49505928853755,0.47320407165489,0.397488653659821
markel-13f,2025-09-30,2025-11-30,4.85981240436167,0.0256370371750151,0.068190869019338,0.408932396747305,0.048443525498189,0.0232558139534884,0.0802919708029197,0.0408357344908034,12.1835153075652,-0.0968478693408722,-0.207446265129767,0.111882063553229,-0.0690703702534435,-1.49044677938129,,,,0.777777777777778,0.49505928853755,0.597364674768367,0.491776078939438
marshall-wace,2025-09-30,2025-11-30,7.80302664363222,0.0464400589996801,0.202372068442244,0.373766467553157,0.302943994901004,0.262254901960784,0.271774193548387,0.0791708941351446,8.75108569408188,0.0193632679988248,-0.00165008231447172,0.131335531727952,-0.0879432240291421,-1.30770829391118,,,,0.412698412698413,0.49505928853755,0.627135635003244,0.541432976722717
maverick,2025-09-30,2025-11-30,5.30330490805908,0.028045868426842,0.0657141301163183,0.427357109622322,0.309468842415424,0.482587064676617,0.582329317269076,0.137575335155303,14.5442554380082,0.0452395063500694,0.349547207367157,0.189948408866497,-0.133561376423554,0.907672930586667,,,,0.349206349206349,0.49505928853755,0.520666433949179,0.587717413902283
paulson,2025-09-30,2025-11-30,2.30258509299405,0.185383414751077,0.294645100102895,1,0.104979323258594,0,0.333333333333333,0.389652875642649,3.26710919279529,0.652392699689166,1.04464267453788,0.356668029035438,-0.0762645164792133,1.89280705273565,,,,0.0158730158730159,0.49505928853755,0.783910128992212,0.509690642356873
pershing-square,2025-09-30,2025-11-30,2.39789527279837,0.130662024647093,0.202522922450908,0.992922380329926,0.0558715306903572,0,0,0.064463303990842,14.7201583556812,-0.0561511545294327,-0.1986394647474,0.150267823869449,-0.131223997746078,-1.02798445341947,,,,0.634920634920635,0.49505928853755,0.429337219915986,0.413536101579666
polen,2025-09-30,2025-11-30,5.44673737166631,0.0448258331703249,0.0848095104714618,0.564562637297773,0.169871170205423,0.224137931034483,0.25,-0.0563032199112551,15.8683278555639,-0.103272151559517,-0.0441532082426001,0.136396603399349,-0.113404525515997,-0.820673613393413,,,,0.793650793650794,0.49505928853755,0.504363083660438,0.631202161312103
pzena,2025-09-30,2025-11-30,5.03695260241363,0.0249022822707325,0.061946896065648,0.391675428630472,0.0752570357722403,0.051948051948052,0.0394736842105263,0.00615491111506753,5.94316792803343,-0.164588801359972,-0.458592941181119,0.148768752018371,-0.0817888293001501,-1.31769517351959,,,,0.920634920634921,0.49505928853755,0.540717442878503,0.433839946985245
ruane-cunniff,2025-09-30,2025-11-30,3.85014760171006,0.0674095963285998,0.0998979323358274,0.754838473717202,0.100303082805959,0.148936170212766,0.0697674418604651,0.0341706061188204,15.2817448827122,-0.0478612618550739,-0.0563567894171386,0.138726838747007,-0.0895482790962397,1.10120432060077,,,,0.587301587301587,0.49505928853755,0.336900454266589,0.466868013143539
sachem-head,2025-09-30,2025-11-30,2.94443897916644,0.073273877949209,0.139973095076532,0.772292317215144,0.344599247731332,0.315789473684211,0.315789473684211,0.0999191835628536,7.23032338317503,0.219498578478492,0.129994248698767,0.260751612548442,-0.111188854357813,-0.313305028453102,,,,0.0952380952380952,0.49505928853755,0.489813913601272,0.611002027988434
sands,2025-09-30,2025-11-30,4.15888308335967,0.0372752052070642,0.107212004072133,0.472100613253711,0.103834837648682,0.0625,0.0909090909090909,0.0398731941303647,17.146128693329,-0.0118504726871435,0.199448534611005,0.21406777709214,-0.133408881996684,-0.323251275349557,,,,0.507936507936508,0.49505928853755,0.567582696534685,0.525514543056488
semper-augustus,2025-09-30,2025-11-30,3.63758615972639,0.0804825596342771,0.157027489426473,0.806248921744029,0.109843402005155,0.0526315789473684,0.027027027027027,0.119898366638441,8.34599099945826,0.135909301067035,-0.0820591119106119,0.148952069725162,-0.0395270728436146,0.358127405712428,,,,0.158730158730159,0.49505928853755,0.439456398670114,0.590883791446686
senator,2025-09-30,2025-11-30,4.0943445622221,0.0348791921516862,0.11032833621834,0.449759248372503,0.329706990980027,0.283333333333333,0.203703703703704,0.0437621595833907,11.4249388972331,-0.0136056517424296,0.130249915068044,0.186054089918242,-0.111970479034443,-0.302266477513156,,,,0.53968253968254,0.49505928853755,0.50728575887496,0.641154050827026
soroban,2025-09-30,2025-11-30,3.36729582998647,0.0749144720172378,0.170027992887198,0.723519321635762,0.138779666008129,0.103448275862069,0.103448275862069,0.170961827795808,20.5043033902074,0.111544051770985,0.0245286333168148,0.121146001624253,-0.065678479647313,1.46163034180291,,,,0.19047619047619,0.49505928853755,0.283849014765378,0.405450224876404
southeastern,2025-09-30,2025-11-30,3.89182029811063,0.0391861029878937,0.0779156057203504,0.520482324667028,0.188212261049685,0.122448979591837,0.122448979591837,-0.0123832035531163,4.37974785925105,-0.10393936265806,-0.256462802214195,0.143568403463404,-0.0910615229049698,-0.164945333205974,,,,0.80952380952381,0.49505928853755,0.462746041961103,0.553848803043366
srs,2025-09-30,2025-11-30,3.3322045101752,0.153086455934232,0.304768429848032,0.879946079333788,0.111655820577294,0.214285714285714,0.153846153846154,-0.0498127414855376,10.2851906877433,0.0007489456748144,-0.321879373871143,0.264235636217669,-0.122945494875879,-0.853122484478023,,,,0.476190476190476,0.49505928853755,0.502275066974729,0.357162982225418
starboard,2025-09-30,2025-11-30,2.99573227355399,0.0646433499326291,0.128718365198131,0.712895021269044,0.140814020698486,0.05,0.208333333333333,-0.0820321673172529,5.05047818755322,-0.221623500798796,-0.431609749432651,0.142551876684002,-0.138392884097998,-1.57801089799248,,,,0.968253968253968,0.49505928853755,0.512226859223451,0.620889484882355
steadfast,2025-09-30,2025-11-30,4.67282883446191,0.028610140166751,0.0688044511081981,0.433243618506351,0.402573209692909,0.570093457943925,0.36986301369863,0.0288808028851873,12.1149556756651,-0.0364249118238184,0.0928861462062396,0.189853222453052,-0.1204325987542,-0.227666913963425,,,,0.571428571428571,0.49505928853755,0.476077176461844,0.60466068983078
suvretta,2025-09-30,2025-11-30,4.49980967033027,0.0234867595199341,0.0598825266936038,0.357333282287986,0.15979943465262,0.1,0.147368421052632,0.217283193186007,8.93560696246408,0.0865254791297256,0.145094303824533,0.214294710922457,-0.116809450379528,0.484791003054663,,,,0.238095238095238,0.49505928853755,0.535981451740617,0.604173123836517
tci,2025-09-30,2025-11-30,2.19722457733622,0.166107722109437,0.271199437834057,1,0.0789380387316747,0,0.1,0.0385446713650321,15.5791955678083,0.0499727824879252,0.133134779582597,0.156644668828988,-0.0644652283814986,0.0835467431920072,,,,0.317460317460317,0.49505928853755,0.507391589792574,0.390660375356674
third-avenue,2025-09-30,2025-11-30,3.91202300542815,0.0367056882751343,0.0899824017901357,0.502764478236225,0.13064949665954,0.04,0.0769230769230769,0.0939235325020732,3.72738923454827,-0.0705889500360081,-0.0349884676752802,0.194988185135504,-0.13684497755668,1.78827949274095,,,,0.714285714285714,0.49505928853755,0.411734057937309,0.616468012332916
third-point,2025-09-30,2025-11-30,3.78418963391826,0.0424410776825794,0.0901369279064187,0.531995281116572,0.234734229352583,0.204545454545455,0.313725490196078,0.0952795844244796,14.3380429907991,-0.126766207757686,-0.328571528939073,0.124754000140618,-0.101797306770043,-1.16215910117696,,,,0.873015873015873,0.49505928853755,0.411155345471578,0.381860166788101
tiger-global,2025-09-30,2025-11-30,4.02535169073515,0.0527065067741152,0.104861150657447,0.643572818950215,0.161411693941769,0.178571428571429,0.08,-0.0518404771436223,19.6832284627704,0.0540827597824779,0.767994891531227,0.182634163540803,-0.124800916718219,1.54301881702887,,,,0.285714285714286,0.49505928853755,0.554168138642058,0.42945858836174
tweedy-browne,2025-09-30,2025-11-30,4.57471097850338,0.0734297959123931,0.164840250040873,0.717469820111761,0.0921671481898299,0.103092783505155,0.043956043956044,0.0654990922591846,7.85479251440691,0.104007649268792,-0.147630287531256,0.12196654423469,-0.0389407782622941,0.310111815041128,,,,0.222222222222222,0.49505928853755,0.461894557902314,0.598886847496033
valueact,2025-09-30,2025-11-30,2.77258872223978,0.0842698144018476,0.129621885438215,0.861563883924252,0.147265835387504,0.0625,0.166666666666667,0.0573103163765115,16.0733853488117,-0.138830391639081,0.11735390175484,0.210028322318188,-0.15664618080215,0.257985342762395,,,,0.904761904761905,0.49505928853755,0.422746718420261,0.499392181634903
viking,2025-09-30,2025-11-30,4.35670882668959,0.0214564575229052,0.0415207139278678,0.335904357673855,0.318493329529484,0.192307692307692,0.240963855421687,0.107226082622893,11.3713546649091,0.0156312341537402,0.037382160342284,0.124005900379624,-0.0505994674104661,0.860423139880331,,,,0.428571428571429,0.49505928853755,0.385536257611436,0.551692545413971
whale-rock,2025-09-30,2025-11-30,3.58351893845611,0.0450701906484153,0.0868467565793439,0.568884184084753,0.199304577289445,0.0555555555555556,0.19047619047619,0.163838315115294,14.1625795247353,0.359194650857247,2.00009046580299,0.303844930703545,-0.206508159622638,3.38629507202676,,,,0.0317460317460317,0.49505928853755,0.824268005681495,0.592446446418762
yacktman,2025-09-30,2025-11-30,4.24849524204936,0.036815743507092,0.0920722267494514,0.491486389074897,0.0510204780502919,0.0857142857142857,0.0857142857142857,-0.0253016728902764,9.74157397088518,-0.0960944382279088,-0.372891568782015,0.10062424822314,-0.0529779413505889,-1.96306237371445,,,,0.761904761904762,0.49505928853755,0.600894494675564,0.424123704433441
abrams,2025-12-31,2026-02-28,2.484906649788,0.203326018727927,0.384120233694603,0.993657475839511,0.0603774745910688,0,0.0769230769230769,-0.0838332714406208,9.22843952877721,-0.17716702060324,-0.263293404176238,0.217393462439987,-0.0969746993942636,0.105162084998443,,,,0.873015873015873,0.497843794920939,0.511132818975409,0.709425449371338
adage,2025-12-31,2026-02-28,6.80682936039218,0.0145537753551309,0.0628341255563248,0.314824715429923,0.143153553630796,0.201327433628319,0.172018348623853,0.0453122541573147,12.7452227852085,-0.00161536689822467,0.223557990055072,0.138454375517809,-0.0274290885148799,1.58174517610953,,,,0.428571428571429,0.497843794920939,0.523587107493384,0.567228496074677
akre,2025-12-31,2026-02-28,2.89037175789616,0.105917990526753,0.188104659081356,0.931725179473907,0.0591881480639603,0,0.0526315789473684,-0.0950946559447986,11.6725699801584,-0.309193960928598,-0.396549932439239,0.127292690813774,-0.170990500341622,-1.43982053886855,,,,0.968253968253968,0.497843794920939,0.454569762423502,0.473789721727371
altimeter,2025-12-31,2026-02-28,2.89037175789616,0.1190659793924,0.226750778650094,0.891539277968407,0.174556642386295,0.166666666666667,0.347826086956522,-0.129353288662163,23.6872626391863,-0.0643481078219404,0.131235446829475,0.300007054310672,-0.180104197199918,-0.456451295185618,,,,0.603174603174603,0.497843794920939,0.462277340979644,0.367497116327286
appaloosa,2025-12-31,2026-02-28,3.63758615972639,0.04806871286517,0.109885379554013,0.596257291068287,0.210739798666877,0.0526315789473684,0.2,-0.0744758319033644,15.137544169249,0.0714790051256158,0.705644874958732,0.197122320176398,-0.0502235114552192,0.59920494178682,,,,0.253968253968254,0.497843794920939,0.657604157264223,0.554231226444244
atreides,2025-12-31,2026-02-28,3.89182029811063,0.0371099672751977,0.0761785651943908,0.516286167424183,0.335682426514699,0.183673469387755,0.285714285714286,0.202349407880662,10.5879464256728,0.304410382343767,0.800803390136825,0.271928082809284,-0.0507860459671348,1.64241970855662,,,,0.0793650793650794,0.497843794920939,0.583910418169068,0.600317180156708
baupost,2025-12-31,2026-02-28,3.09104245335832,0.0640818632649692,0.104445505333811,0.724258561471908,0.157586808515301,0.136363636363636,0.136363636363636,0.0969607695761492,11.557558552568,0.137766999787553,-0.112358786539835,0.125661608040066,-0.0228359282003529,1.64221168109427,,,,0.222222222222222,0.497843794920939,0.307592822799236,0.29846915602684
berkshire-13f,2025-12-31,2026-02-28,3.73766961828337,0.126672510064246,0.226005674380223,0.8825931362828,0.0416821738888826,0.0952380952380952,0.0731707317073171,0.0252115032170502,11.5751406574509,-0.0896345380316783,-0.203200512725303,0.114386077930696,-0.0458726187257372,-0.209607381077592,,,,0.682539682539683,0.497843794920939,0.506640277540588,0.589591145515442
cantillon,2025-12-31,2026-02-28,3.61091791264422,0.0367980267588056,0.0861676941850611,0.479864254208342,0.059942382051153,0.027027027027027,0.0526315789473684,0.0180707083082836,13.9677028263007,0.0253599230670868,0.0188641756379553,0.125920792338555,-0.0118960684504832,0.222297329847621,,,,0.365079365079365,0.497843794920939,0.537214737654105,0.626241087913513
coatue,2025-12-31,2026-02-28,3.95124371858143,0.0408822837743186,0.0656219371811981,0.541644839887304,0.147613649086846,0.25,0.472972972972973,-0.0204543358621153,17.87087809237,0.0144419377003309,0.50634229324943,0.257417932539405,-0.108519534478843,0.825649626182924,,,,0.396825396825397,0.497843794920939,0.622035114318565,0.55864429473877
corvex,2025-12-31,2026-02-28,3.17805383034795,0.0924305676897833,0.167050744855098,0.842587331526634,0.140366565883352,0.0833333333333333,0.214285714285714,0.0741335841110206,9.63977374718017,0.0245063011192266,-0.14332449049449,0.188241536886733,-0.0433982917474274,-0.105101421458998,,,,0.380952380952381,0.497843794920939,0.475193592848608,0.583672940731049
d1,2025-12-31,2026-02-28,3.73766961828337,0.0376074673478345,0.0948101257803087,0.498172115584306,0.265942301639117,0.30952380952381,0.236842105263158,0.206223274126163,9.68257624904715,-0.0439024971160007,0.281924886815977,0.131023312715589,-0.0238885425246018,1.29692934286365,,,,0.53968253968254,0.497843794920939,0.530777614629821,0.556746602058411
darsana,2025-12-31,2026-02-28,2.77258872223978,0.0835793160790999,0.151645935376845,0.816609443404784,0.0881959052180786,0.125,0,0.167081179500196,7.60376102551076,0.239599858985665,0.598420734409277,0.175386686410941,-0.0141769415785904,1.77659163822094,,,,0.111111111111111,0.497843794920939,0.62286949192289,0.595200479030609
dragoneer,2025-12-31,2026-02-28,3.29583686600433,0.0697469947999889,0.110991257249327,0.763432268857957,0.163440090796015,0.185185185185185,0.153846153846154,0.0124831916949795,9.82808325185727,-0.34969699448288,-0.482669764116667,0.216388581073013,-0.244693688137169,-0.418396536936315,,,,0.984126984126984,0.497843794920939,0.325379731271473,0.317891806364059
duquesne,2025-12-31,2026-02-28,4.06044301054642,0.0463856777952396,0.136332152380582,0.553723318670752,0.39833646701181,0.448275862068966,0.483870967741936,0.0708826039297892,8.96573609864744,0.197550002360174,1.27173461687977,0.193907608036778,-0.0298210298442859,2.2583352452744,,,,0.126984126984127,0.497843794920939,0.760958630303924,0.645562887191773
egerton,2025-12-31,2026-02-28,3.13549421592915,0.0705704442678206,0.147830658825954,0.710601450430585,0.335142015445191,0.347826086956522,0.375,-0.0301268723437605,18.7606373776565,-0.141196546639109,-0.132151555199839,0.114933223571234,-0.0277264275772079,-1.02109402687085,,,,0.841269841269841,0.497843794920939,0.435222833575631,0.634098827838898
elliott,2025-12-31,2026-02-28,3.04452243772342,0.174133117802312,0.304712703437564,0.941264846295487,0.0519920703446031,0.0952380952380952,0.05,0.0627171374588815,3.90061342407347,0.43321815798396,0.429749656165642,0.160948946241162,-0.0514416073105427,0.784904364648871,,,,0.0317460317460317,0.497843794920939,0.673684920206569,0.614557981491089
eminence,2025-12-31,2026-02-28,3.66356164612965,0.0341810649668364,0.0538589186679959,0.466858686575473,0.156949860664495,0.0769230769230769,0.162790697674419,-0.0729973733959739,9.3380144627945,-0.247542229514572,-0.395811446852653,0.149437271478819,-0.155131002748927,-1.40061247866728,,,,0.904761904761905,0.497843794920939,0.474349348808175,0.394448190927506
engaged,2025-12-31,2026-02-28,2.19722457733622,0.164437754719353,0.244737237685881,1,0.183364306491856,0,0,-0.039048486944255,3.35987540567459,-0.269098481103646,-0.834270131349316,0.275424759567149,-0.123899355901447,-0.379298833852531,,,,0.952380952380952,0.497843794920939,0.271214617422245,0.333257555961609
fairfax-13f,2025-12-31,2026-02-28,3.36729582998647,0.100521122896363,0.2033257623655,0.868624422308431,0.143139598460448,0.103448275862069,0.103448275862069,0.00907101260446507,5.10685566375419,-0.0586461117612488,,0.167342752622203,-0.0914842712081008,,,,,0.587301587301587,0.497843794920939,0.561332061199046,0.628943979740143
farallon,2025-12-31,2026-02-28,4.97673374242057,0.0329244652420708,0.0670414014620114,0.476729408105516,0.295164955314829,0.193103448275862,0.158273381294964,-0.0212509605264593,11.7803631344239,-0.125069305127807,-0.318716434124838,0.115409059034996,-0.0657367024865581,-1.15269999704521,,,,0.80952380952381,0.497843794920939,0.407789372605668,0.407511353492737
fisher,2025-12-31,2026-02-28,6.92362862813843,0.0185420224593873,0.0547783054581135,0.340835333735198,0.0721362830137636,0.114173228346457,0.112426035502959,0.0587079723791602,12.4528801297205,0.0324576774815317,0.199021369034274,0.12334109648226,-0.00908933867900375,1.03458050255222,,,,0.349206349206349,0.497843794920939,0.57631400772301,0.51723712682724
fundsmith,2025-12-31,2026-02-28,3.61091791264422,0.0540786017893778,0.0789565088474018,0.668911299481332,0.0718818565491018,0.0540540540540541,0,-0.145421764170203,12.164166666236,-0.151849971911013,-0.3648696595168,0.117640696572707,-0.0274839623238545,-3.29468492141246,,,,0.857142857142857,0.497843794920939,0.647691128333833,0.478384286165237
gardner-russo,2025-12-31,2026-02-28,4.46590811865458,0.0785386788737781,0.133170129869048,0.808844308364009,0.0371300248738505,0.0574712643678161,0.0352941176470588,-0.00693630865693338,10.6163620388327,-0.0385391031175369,-0.0687279651735573,0.0967443266408435,-0.033037086389624,0.180675232271158,,,,0.523809523809524,0.497843794920939,0.502739471439658,0.576293349266052
giverny,2025-12-31,2026-02-28,3.91202300542815,0.0467632719775645,0.084840686138138,0.586963917287378,0.149070170060046,0.04,0.0769230769230769,-0.0842594121235281,11.6259155468686,-0.102515876696891,-0.303250689786327,0.123446308789117,-0.0407507793148104,-2.16895054039953,,,,0.746031746031746,0.497843794920939,0.554517542178422,0.57465797662735
glenview,2025-12-31,2026-02-28,3.98898404656427,0.0593801749255102,0.138558975488712,0.622879673490218,0.211453733180386,0.277777777777778,0.264150943396226,0.131854651787159,8.72700973719797,0.0351301753233922,-0.13600934023319,0.154086387245858,-0.0503673821136997,-0.533567194596459,,,,0.333333333333333,0.497843794920939,0.526045527864195,0.650158107280731
gotham,2025-12-31,2026-02-28,7.44949800538285,0.0304460067532933,0.167499513885548,0.269960640146874,0.129688960903704,0.0948225712623618,0.0715990453460621,0.175852120632797,6.93879925712145,0.0411193944924166,0.121261069387094,0.131520962805273,-0.00802889857005074,1.88177176252841,,,,0.317460317460317,0.497843794920939,0.54811182615441,0.428453505039215
greenhaven-road,2025-12-31,2026-02-28,2.70805020110221,0.111657327895599,0.152352844551351,0.98174139718553,0.105591091366481,0.0666666666666667,0.0666666666666667,-0.0486673700760977,2.90201785880463,-0.458573244450679,-0.3650782363957,0.232176325772754,-0.302128807235496,-0.370365214491174,,,,1,0.497843794920939,0.405932770055947,0.65442705154419
harris,2025-12-31,2026-02-28,5.11799381241676,0.01943944542852,0.0354197555416612,0.314149384710571,0.127120612586646,0.0598802395209581,0.112994350282486,0.233891400260752,9.32794142574622,-0.0842145624776993,-0.148630151741587,0.126194212980342,-0.0443435967635246,-0.76962065984594,,,,0.666666666666667,0.497843794920939,0.569250791989092,0.597157061100006
himalaya,2025-12-31,2026-02-28,2.19722457733622,0.167700997964629,0.223054219384173,1,0.0774216446863955,0.111111111111111,0.111111111111111,0.0996866353917071,17.3858513652352,0.100134679001421,0.431685037442693,0.150806599301495,-0.0331312321797708,1.65107594296552,,,,0.238095238095238,0.497843794920939,0.492708950000537,0.405257493257523
hound,2025-12-31,2026-02-28,3.58351893845611,0.0876461104972947,0.149423432810027,0.790288722537396,0.313954252889058,0.305555555555556,0.166666666666667,-0.0764524843589326,11.3400279030146,0.0579528011642605,0.27409435607758,0.158835784026093,-0.0332386476791622,1.18471256998979,,,,0.26984126984127,0.497843794920939,0.434623016879571,0.544335722923279
icahn,2025-12-31,2026-02-28,2.56494935746154,0.297838649393143,0.491165383975689,0.977770953859662,0.0693370317342694,0,0,-0.079240924701776,2.08207124606147,-0.0478549478154334,-1.32395276608955,0.166313433498771,-0.0873665963340101,-2.70570413815407,,,,0.571428571428571,0.497843794920939,0.391585370283749,0.470390319824219
impactive,2025-12-31,2026-02-28,2.07944154167984,0.151650975672099,0.208199435100931,1,0.157878805806034,0,0.111111111111111,-0.280824932645869,3.430748234528,-0.110461261520078,-0.597017080196675,0.174600752830023,-0.0893779555716801,-1.77659979658136,,,,0.761904761904762,0.497843794920939,0.444887960506418,0.326895534992218
kingdon,2025-12-31,2026-02-28,4.04305126783455,0.0261162646067419,0.075555949956419,0.374186120055758,0.384656771614476,0.315789473684211,0.390625,0.0236047499748,6.95925156144615,0.326838509592814,0.4370128837574,0.147573752774078,0,1.57699585608269,,,,0.0634920634920635,0.497843794920939,0.513508858841556,0.662058293819428
lansdowne,2025-12-31,2026-02-28,3.17805383034795,0.142522813847973,0.295318627156216,0.90249957160563,0.235918480377284,0.125,0.0454545454545455,0.124536066277228,14.9217394692769,0.181188238598954,0.356201344546802,0.197987403341079,-0.014952383134952,0.375515326501449,,,,0.158730158730159,0.497843794920939,0.532854481068481,0.369714587926865
lone-pine,2025-12-31,2026-02-28,3.46573590279973,0.0429409841738669,0.0681496183885479,0.517564048672716,0.29982566889595,0.4375,0.28,-0.00963764928629845,14.0409800142172,-0.0659221915207552,0.264685499038217,0.195324529364811,-0.0685792504930981,0.125087997134345,,,,0.619047619047619,0.497843794920939,0.557268673815993,0.496881037950516
markel-13f,2025-12-31,2026-02-28,4.85203026391962,0.0266348778404955,0.0687883787398274,0.419931411789969,0.0424654307857851,0.0078125,0.0155038759689922,0.0179669687937864,12.541489365947,-0.0913395678211022,-0.17310741186363,0.0932740045585085,-0.0164824035314431,-1.76427680812415,,,,0.698412698412698,0.497843794920939,0.643774658957422,0.64433217048645
marshall-wace,2025-12-31,2026-02-28,7.83082299513532,0.0506309822978269,0.214131496867411,0.373190740721894,0.300158697399533,0.282081843464442,0.261846405228758,0.131336493057861,8.99346641890913,-0.0444392909879534,-0.0255272157502164,0.126071305188653,-0.0521322639986693,-1.34838744517424,,,,0.555555555555556,0.497843794920939,0.647211792718424,0.540514171123505
maverick,2025-12-31,2026-02-28,5.18178355029209,0.0297517608225323,0.0598261853815798,0.436561680601475,0.336272362732935,0.353932584269663,0.427860696517413,0.219728295093995,15.5611932288093,0.04985503895431,0.411247680295788,0.174299271647312,-0.0303566557335757,1.80836029884218,,,,0.301587301587302,0.497843794920939,0.451332572916187,0.589871227741242
paulson,2025-12-31,2026-02-28,2.19722457733622,0.197182537174077,0.304831150428643,1,0.0543093898742383,0.111111111111111,0.2,0.0939964928627234,3.84443535602464,0.94319475946847,0.917303114796646,0.338728033056775,-0.0762645164792134,1.60074139894498,,,,0.0158730158730159,0.497843794920939,0.733571533590148,0.658031821250916
pershing-square,2025-12-31,2026-02-28,2.39789527279837,0.129914756980352,0.181479702300186,0.994954549113987,0.191013129030188,0.0909090909090909,0.0909090909090909,0.0585810899590525,18.046814789447,-0.121615260619135,-0.314205689346364,0.157807972248487,-0.065340280041253,-1.69729049070021,,,,0.793650793650794,0.497843794920939,0.388938649869773,0.42826446890831
polen,2025-12-31,2026-02-28,5.44241771052179,0.044872582166638,0.0853037965124261,0.583580133033915,0.110291766613835,0.242424242424242,0.245689655172414,-0.274184041967034,16.6575856011674,-0.257597342601878,-0.335592313690087,0.150424942185864,-0.154436764444612,-1.94619723535391,,,,0.936507936507937,0.497843794920939,0.523473050970355,0.503416836261749
pzena,2025-12-31,2026-02-28,5.05624580534831,0.0258191710576795,0.0637731501618487,0.393798584185299,0.089247927667876,0.0764331210191083,0.0584415584415584,0.0765370052221833,6.06127213082322,-0.0945849429063692,-0.45303712803902,0.129537322753635,-0.0445893994679394,-2.96575335840915,,,,0.714285714285714,0.497843794920939,0.66960783144309,0.340189009904861
ruane-cunniff,2025-12-31,2026-02-28,3.87120101090789,0.0624604843447235,0.106321454313728,0.719273072947528,0.093062404633703,0.0833333333333333,0.0638297872340426,0.0590027974679694,15.04661450954,-0.0723602983653925,-0.0964927429914423,0.108860045157737,-0.0370677751450585,0.569252789561369,,,,0.634920634920635,0.497843794920939,0.403430213546167,0.356979042291641
sachem-head,2025-12-31,2026-02-28,2.99573227355399,0.0685764296859301,0.133222567704907,0.735171753489495,0.375579313703884,0.3,0.263157894736842,0.186363683535333,8.08830518370887,0.190033965659496,0.241796928267019,0.219795508809302,-0.00956452580369005,-0.307494638702078,,,,0.142857142857143,0.497843794920939,0.544190029663224,0.572867155075073
sands,2025-12-31,2026-02-28,4.18965474202643,0.0389153273437405,0.1137066812141,0.485483322966923,0.118981144342709,0.0909090909090909,0.0625,-0.0976722895476511,17.3090979765224,-0.133865379769631,-0.0951756585213685,0.206643029289652,-0.133143979224299,-1.44701969284609,,,,0.825396825396825,0.497843794920939,0.554165292017815,0.612091779708862
semper-augustus,2025-12-31,2026-02-28,3.66356164612965,0.0822196522457514,0.144057005270382,0.820700994735585,0.0728651467927762,0.0512820512820513,0.0263157894736842,0.0819162194302222,7.7214210909936,0.329400751990485,0.285229397372534,0.140465165517665,-0.0395270728436147,1.16008203667464,,,,0.0476190476190476,0.497843794920939,0.514426966986134,0.611315131187439
senator,2025-12-31,2026-02-28,4.07753744390572,0.0434939697959678,0.14025260692629,0.509720855958072,0.307916900386106,0.322033898305085,0.333333333333333,-0.081714570497071,12.9426104686975,-0.012390202923226,0.18256497474181,0.165027588153741,-0.0155194665764473,-0.308668769605528,,,,0.492063492063492,0.497843794920939,0.597613295876175,0.762857437133789
soroban,2025-12-31,2026-02-28,3.3322045101752,0.0659488910504592,0.147246000835669,0.726950966222955,0.162240636308223,0.107142857142857,0.137931034482759,0.117084903077242,20.0455980123816,0.0540859182487739,0.0209974174282226,0.121101566753067,-0.0191178364500963,1.58040553105297,,,,0.285714285714286,0.497843794920939,0.304828442989441,0.426100581884384
southeastern,2025-12-31,2026-02-28,3.97029191355212,0.041803427525731,0.0775602854880921,0.565457228825159,0.100865938791597,0.0754716981132076,0,0.136231953672101,4.3972842517949,0.000339810943870394,-0.312971268478562,0.121032250719917,-0.0323205525115781,-0.912292231344215,,,,0.412698412698413,0.497843794920939,0.534880264018247,0.461012780666351
srs,2025-12-31,2026-02-28,3.43398720448515,0.101921570619079,0.235485606696083,0.767587815301926,0.178752371081393,0.258064516129032,0.178571428571429,0.0336684692292867,9.89754647249237,-0.101552131455979,-0.550083259499224,0.234073932295707,-0.166727798909329,-1.57178443068023,,,,0.73015873015873,0.497843794920939,0.435525429673526,0.307567626237869
starboard,2025-12-31,2026-02-28,3.09104245335832,0.0626171202239528,0.120227817233774,0.694677274499817,0.129938376662646,0.136363636363636,0.05,-0.00662998918426474,5.28802435619285,-0.179887957791531,-0.454295333449597,0.111735564433345,-0.0787342695527882,-1.56397412279611,,,,0.888888888888889,0.497843794920939,0.518966200274004,0.424891531467438
steadfast,2025-12-31,2026-02-28,4.88280192258637,0.0256349100925459,0.0652003277174762,0.387202302307864,0.371635136754285,0.492424242424242,0.373831775700935,0.0318625350164622,11.9510441262338,-0.0725526563877585,0.0769079209962072,0.14445147988132,-0.0196229872308599,-0.507654794946672,,,,0.650793650793651,0.497843794920939,0.564143536988212,0.790498852729797
suvretta,2025-12-31,2026-02-28,4.49980967033027,0.0261523195673945,0.0866108171991896,0.364346629734256,0.195526975605575,0.144444444444444,0.144444444444444,0.195745632768268,8.52473237095833,0.149661705625422,0.0457320962553763,0.190070552430995,-0.0279691915382097,0.0778316858779211,,,,0.206349206349206,0.497843794920939,0.554989820930757,0.644096076488495
tci,2025-12-31,2026-02-28,2.19722457733622,0.166607449392877,0.272785852193129,1,0.0327954929700275,0,0,0.017852521653259,16.3792188322419,-0.0111749501796499,0.221187078671725,0.134217483196692,-0.0279704194621155,0.77275777387086,,,,0.476190476190476,0.497843794920939,0.528995115711267,0.505638360977173
third-avenue,2025-12-31,2026-02-28,3.93182563272433,0.037287232348979,0.093474986002513,0.507624757155085,0.107107360448565,0.0784313725490196,0.06,0.0323894818025428,3.82116031458876,0.158096729058339,-0.0357476027057391,0.162101511649863,-0.0480055203150702,1.28283155078196,,,,0.19047619047619,0.497843794920939,0.475578292110874,0.548660159111023
third-point,2025-12-31,2026-02-28,3.78418963391826,0.0427156834879198,0.0757703987920874,0.540903166020065,0.248103864667936,0.25,0.25,-0.141668600547096,13.8042054623807,-0.0354135687448627,-0.225700399018277,0.106471146151031,-0.0140327399115997,-0.544288731971153,,,,0.507936507936508,0.497843794920939,0.430741396267491,0.4080451130867
tiger-global,2025-12-31,2026-02-28,3.98898404656427,0.0521899405585882,0.111987404715142,0.627470071059125,0.0852332910196948,0.0185185185185185,0.0535714285714286,-0.0852866370649098,19.4045572794084,-0.114417165407693,0.401437737770148,0.186282860419801,-0.123349980907513,0.337069200043341,,,,0.777777777777778,0.497843794920939,0.566257775887047,0.582143783569336
tweedy-browne,2025-12-31,2026-02-28,4.56434819146784,0.0764408759339425,0.157442569575587,0.722419485749517,0.0670107928971752,0.0625,0.0721649484536082,0.0729607831693212,7.83263540660772,0.17784090683738,-0.0163876056668506,0.0931923639005774,-0.00865053910173341,0.91300238461627,,,,0.174603174603175,0.497843794920939,0.48079289042548,0.524039566516876
valueact,2025-12-31,2026-02-28,2.77258872223978,0.0850833065707082,0.112921298233642,0.868598931848374,0.239941812999572,0.1875,0.1875,0.169524058463486,15.4221753533124,-0.250409331635604,-0.204104881141629,0.202672496641846,-0.155798871607578,-1.00477080946603,,,,0.920634920634921,0.497843794920939,0.377614326776943,0.495331645011902
viking,2025-12-31,2026-02-28,4.33073334028633,0.021511953568209,0.0413005537607165,0.347091674086898,0.29851728068823,0.276315789473684,0.294871794871795,-0.021714431464799,12.1131069645865,-0.00195447929927997,0.00872444833284869,0.1011231718398,-0.0103393985693746,0.292782251789188,,,,0.444444444444444,0.497843794920939,0.465595545752572,0.642541587352753
whale-rock,2025-12-31,2026-02-28,3.46573590279973,0.0439840689703154,0.0840879657688705,0.545405111762889,0.281535250807709,0.09375,0.194444444444444,-0.0824015625785076,13.5335927054907,0.264477148796712,1.55484601046067,0.280496103274199,-0.0632033136158874,2.89363740778808,,,,0.0952380952380952,0.497843794920939,0.744838234179036,0.593902349472046
yacktman,2025-12-31,2026-02-28,4.27666611901606,0.0360170370116318,0.0889648075188026,0.497575105410007,0.0545759284168484,0.0416666666666667,0.0142857142857143,-0.0158213835745402,9.70215713596524,-0.008671901368248,-0.286111048419499,0.0848125852632214,-0.0382669880340215,-1.77352263528333,,,,0.46031746031746,0.497843794920939,0.597153400126954,0.531337022781372
abrams,2026-03-31,2026-05-31,2.39789527279837,0.212303182322839,0.395874071174568,0.999625021416564,0.0355416299171125,0,0.0833333333333333,-0.201522162975285,9.42177151803289,-0.409311887854514,-0.467095648439319,0.200981736772469,-0.21403352179193,-0.377557502288366,,,,0.952380952380952,0.501860465116279,0.473907208485246,0.49798184633255
adage,2026-03-31,2026-05-31,6.86066367144829,0.0125264395002564,0.05948177744554,0.284163762370057,0.166740797621065,0.223270440251572,0.180309734513274,-0.0194340810317576,12.321111421109,0.0391061679889195,0.144908189752043,0.149730725892805,-0.0691869465559127,1.72080797723186,,,,0.26984126984127,0.501860465116279,0.460337030989674,0.49634513258934
akre,2026-03-31,2026-05-31,2.94443897916644,0.0950918755578623,0.186363881222099,0.877085927988023,0.0927931040952476,0.157894736842105,0.111111111111111,-0.399664099215476,11.4189913860713,-0.449708248203255,-0.585411132911481,0.136947445568915,-0.214360653391156,-1.79962382477621,,,,0.968253968253968,0.501860465116279,0.444063685758923,0.38904020190239
altimeter,2026-03-31,2026-05-31,2.56494935746154,0.157157384619817,0.285685735179147,0.985370540125209,0.21483641983796,0.153846153846154,0.388888888888889,-0.156074548270107,25.1042288853078,-0.140111916720074,-0.00298769677072563,0.240114912250059,-0.226058696071569,-0.664663830085689,,,,0.666666666666667,0.501860465116279,0.382402552150106,0.335981100797653
appaloosa,2026-03-31,2026-05-31,3.43398720448515,0.0698612902380121,0.15163558407445,0.742814674866816,0.291907497838507,0.032258064516129,0.210526315789474,-0.144173457301821,18.6019546512901,0.164252995266786,0.698319885610391,0.259572714339765,-0.141568865344519,-0.24011448337482,,,,0.142857142857143,0.501860465116279,0.581216223838292,0.476984560489655
atreides,2026-03-31,2026-05-31,3.93182563272433,0.0391444720444778,0.0898707311055834,0.533929395821065,0.314234146817382,0.294117647058824,0.26530612244898,-0.138270203459619,11.2198937264101,0.73005214967639,1.2975357730064,0.307766943374347,-0.0919315215539932,1.9924109944604,,,,0.0158730158730159,0.501860465116279,0.683260770213402,0.569067895412445
baupost,2026-03-31,2026-05-31,3.09104245335832,0.0684366599477651,0.126978445394086,0.739376351317009,0.25372510641972,0.272727272727273,0.272727272727273,-0.0314073286564125,13.0135903882019,0.115432435051316,-0.1965209599637,0.182764395266132,-0.0713472802802553,0.245682811042732,,,,0.19047619047619,0.501860465116279,0.351539801987394,0.429746627807617
berkshire-13f,2026-03-31,2026-05-31,3.36729582998647,0.118507908829577,0.219856347740054,0.907231943711668,0.109994182884849,0.103448275862069,0.380952380952381,-0.0411943359223388,12.4193180771751,-0.0621550304353979,-0.293283151526797,0.08840957438031,-0.0172151584070942,-0.378811527091653,,,,0.492063492063492,0.501860465116279,0.471211057086627,0.567746102809906
cantillon,2026-03-31,2026-05-31,3.63758615972639,0.0366519066162473,0.0834080747728021,0.479813793396009,0.0799096694767869,0.0263157894736842,0,-0.205980250591691,14.0768524749528,-0.0620783563397316,-0.0660801523323211,0.149562445542291,-0.0819734292986708,-0.302548184678183,,,,0.476190476190476,0.501860465116279,0.525792702059565,0.565570414066315
coatue,2026-03-31,2026-05-31,4.12713438504509,0.0510727114796534,0.107976711480901,0.637352920934293,0.261228071221104,0.419354838709677,0.307692307692308,-0.318719013088869,17.8054090362634,0.00351495094483373,0.508211967499523,0.24443246269442,-0.163498417596276,0.867747618217876,,,,0.365079365079365,0.501860465116279,0.526962224825821,0.380280554294586
corvex,2026-03-31,2026-05-31,3.2188758248682,0.0974608715386851,0.187673702845267,0.862273095586557,0.122706687001199,0.12,0.0833333333333333,-0.178529210113917,8.25156609031951,0.0890927969750062,-0.098907977180553,0.188182381722651,-0.0992368082439593,0.190045355881039,,,,0.238095238095238,0.501860465116279,0.464176115323645,0.496123790740967
d1,2026-03-31,2026-05-31,3.78418963391826,0.0320254746790245,0.0752300697368557,0.425491819913452,0.341638483617725,0.363636363636364,0.333333333333333,0.0483809510630553,10.8002382639865,-0.0949480406313624,0.167694575306312,0.146271451902836,-0.0757242167614479,0.106363308122678,,,,0.53968253968254,0.501860465116279,0.534076035686942,0.537492156028748
darsana,2026-03-31,2026-05-31,2.63905732961526,0.0921557655211519,0.174478772054218,0.857811847729259,0.130475071470362,0,0.125,-0.0660744006420576,7.42222913081899,0.0214803166219472,0.508040569751759,0.190468097984364,-0.0667718417560167,1.62563946421397,,,,0.333333333333333,0.501860465116279,0.593253080708123,0.599862098693848
dragoneer,2026-03-31,2026-05-31,2.83321334405622,0.133826076490946,0.216599226507575,0.942755273188875,0.377580826715668,0.0588235294117647,0.407407407407407,-0.423700364794818,15.9201507567651,-0.46486861154367,-0.671756066870313,0.187757781105447,-0.275576253883952,-1.05390603804715,,,,0.984126984126984,0.501860465116279,0.195400014597771,0.265040457248688
duquesne,2026-03-31,2026-05-31,4.17438726989564,0.0660300688012228,0.208598951644643,0.592042617865076,0.433216384162226,0.461538461538462,0.396551724137931,-0.362397156049962,7.4632605785429,0.12006585835077,1.04902395719997,0.161052630354624,-0.0680943891995276,2.42150297704861,,,,0.174603174603175,0.501860465116279,0.671869307680924,0.466129541397095
egerton,2026-03-31,2026-05-31,3.17805383034795,0.0645164317381765,0.137899261169377,0.686736856777668,0.390624135540815,0.291666666666667,0.260869565217391,-0.0208934543967703,16.0700105481218,-0.226160153288461,-0.220241255827934,0.147146696991454,-0.0899330587221556,-1.43359502869379,,,,0.841269841269841,0.501860465116279,0.404396707726968,0.596164226531982
elliott,2026-03-31,2026-05-31,2.94443897916644,0.190543234825375,0.290258757145548,0.953013429990202,0.151568058080483,0.105263157894737,0.19047619047619,0.0882222965204412,4.67267711643833,0.190311871899552,0.456546276732625,0.127955453462718,-0.020942281995042,0.698172650338447,,,,0.126984126984127,0.501860465116279,0.672559068108168,0.36932834982872
eminence,2026-03-31,2026-05-31,3.49650756146648,0.0443078207968144,0.0771959517091927,0.555574013851939,0.408941149608895,0.242424242424242,0.358974358974359,-0.371565894006672,10.5382304785149,-0.311137905371528,-0.401879089034435,0.178319306502293,-0.222012199597844,-1.4810326933407,,,,0.920634920634921,0.501860465116279,0.350345894322292,0.406341016292572
engaged,2026-03-31,2026-05-31,2.07944154167984,0.175201499395312,0.262005329665945,1,0.102474724084265,0,0.111111111111111,-0.256220601095058,3.35351810655998,-0.142921965927358,-0.94660026251122,0.226270721245015,-0.123899355901447,-1.47286580638039,,,,0.698412698412698,0.501860465116279,0.363885977049541,0.354650944471359
fairfax-13f,2026-03-31,2026-05-31,3.36729582998647,0.118818957945143,0.258190772776723,0.880274475924423,0.176624182128723,0.0689655172413793,0.0689655172413793,-0.0699425005075623,4.41532787403271,0.190823830416679,,0.189842202944217,-0.0622901535143181,,,,,0.111111111111111,0.501860465116279,0.542982812722158,0.394281297922134
farallon,2026-03-31,2026-05-31,5.12989871492307,0.0354310895552355,0.0862354768979371,0.488366964089623,0.212221108707686,0.284023668639053,0.16551724137931,-0.121548450743095,11.7105275077721,-0.0699353905405225,-0.255972746594791,0.137909680058917,-0.0851739218923441,-1.01583516995051,,,,0.507936507936508,0.501860465116279,0.484934042547458,0.464206546545029
fisher,2026-03-31,2026-05-31,6.92264389147589,0.0180584075551504,0.0523742769751769,0.333774420891194,0.0981291074231206,0.116256157635468,0.117125984251969,0.00645824976355498,12.1317069878218,-0.00176406084411773,0.0498809420397917,0.115265404662225,-0.0518642652611536,0.479962119302594,,,,0.380952380952381,0.501860465116279,0.534091715187863,0.491294801235199
fundsmith,2026-03-31,2026-05-31,3.52636052461616,0.0605172471379104,0.0859472350969046,0.688462599527261,0.102677389290963,0.0294117647058824,0.108108108108108,-0.288406893152448,12.7600075084682,-0.270317332280914,-0.510320614719965,0.131577575781342,-0.107027197829057,-3.10770956629404,,,,0.888888888888889,0.501860465116279,0.552990571343604,0.303502827882767
gardner-russo,2026-03-31,2026-05-31,4.45434729625351,0.0752350061434754,0.12340513851737,0.802907841567717,0.108637130973574,0.0465116279069768,0.0574712643678161,-0.0864440974721948,11.0684988905406,-0.252400419984924,-0.315947684268403,0.134341756216536,-0.0757622023964729,-0.95553605086889,,,,0.873015873015873,0.501860465116279,0.471820562424696,0.697040438652039
giverny,2026-03-31,2026-05-31,3.93182563272433,0.0411282474040866,0.0664275962822531,0.533777659703865,0.0859138660432154,0.0980392156862745,0.08,-0.0930721962114182,11.5418907541925,-0.224298141489805,-0.404804643932559,0.127171561991186,-0.0779860134496206,-2.41605082179286,,,,0.825396825396825,0.501860465116279,0.590494121366143,0.501543760299683
glenview,2026-03-31,2026-05-31,3.71357206670431,0.0630130020198557,0.15935548764614,0.635834085689877,0.242265345070356,0.146341463414634,0.351851851851852,-0.239672902203199,10.2353024691053,0.0232530132637791,-0.110160329754075,0.197270492487443,-0.0785944349931614,-1.33464679919993,,,,0.301587301587302,0.501860465116279,0.564599619073433,0.586097419261932
gotham,2026-03-31,2026-05-31,7.4667994750186,0.0345404431668243,0.179366459026829,0.275552521761442,0.138063270304082,0.0909090909090909,0.075043630017452,0.175828097934232,6.93389912662346,0.0719260798306491,0.143095988979656,0.140610268609395,-0.0540149026372473,1.8682019131115,,,,0.253968253968254,0.501860465116279,0.530672096708886,0.426001638174057
greenhaven-road,2026-03-31,2026-05-31,2.83321334405622,0.112635375079745,0.171682010214074,0.974275974278547,0.184619135034898,0.235294117647059,0.133333333333333,-0.462467570815271,2.83498800462264,-0.589504914704161,-0.4886585817732,0.267415014432134,-0.389769508297545,-0.577493761861513,,,,1,0.501860465116279,0.363548416586708,0.465386927127838
harris,2026-03-31,2026-05-31,5.04985600724954,0.0183191263904027,0.0371897724701524,0.309090320905041,0.119871784214243,0.0961538461538462,0.155688622754491,-0.051193703524057,8.85124324489209,-0.160267434523725,-0.28458283431154,0.0904623007273007,-0.0533996134197002,-2.7214940126793,,,,0.73015873015873,0.501860465116279,0.682739954296095,0.635484337806702
himalaya,2026-03-31,2026-05-31,2.63905732961526,0.153440876144219,0.228459705726942,0.955861063314011,0.118498004267545,0.357142857142857,0,-0.108716630497703,17.6481737009613,0.110513376999684,0.258685075169466,0.206347685417368,-0.0770385307873391,0.499489537627574,,,,0.206349206349206,0.501860465116279,0.519062247922229,0.341911673545837
hound,2026-03-31,2026-05-31,3.52636052461616,0.083429977472703,0.147469842215012,0.796848323089628,0.299844376392182,0.323529411764706,0.361111111111111,0.0939295772325342,10.3984421749878,-0.0266366267958318,0.163141829731017,0.183387253129945,-0.104502175120836,0.798389790521432,,,,0.412698412698413,0.501860465116279,0.442946333049685,0.591149508953095
icahn,2026-03-31,2026-05-31,2.484906649788,0.322429948808253,0.484936670065435,0.98595427557847,0.0911839978066272,0,0.0769230769230769,0.0127625967605718,1.76232597783614,-0.0192787771768023,-0.963435629959666,0.167684536977173,-0.0873665963340101,-1.18553918180279,,,,0.396825396825397,0.501860465116279,0.421451063906999,0.424179077148438
impactive,2026-03-31,2026-05-31,2.30258509299405,0.133071017022554,0.195021335580916,1,0.288402411074856,0.4,0.25,-0.130216639394164,3.52619313061061,-0.131408337017371,-0.56823033310607,0.106166837229698,-0.0512137136151252,-1.79942091568575,,,,0.619047619047619,0.501860465116279,0.451972886381381,0.343767464160919
kingdon,2026-03-31,2026-05-31,3.95124371858143,0.032070129807777,0.097799484797673,0.424525171778766,0.377170404691855,0.384615384615385,0.43859649122807,-0.0901438214565003,6.48761495291156,0.229658186378002,0.393335095512715,0.163013342106297,-0.0822363586107479,1.29276068290196,,,,0.0952380952380952,0.501860465116279,0.522432636663845,0.618112087249756
lansdowne,2026-03-31,2026-05-31,3.09104245335832,0.118022151468265,0.241856904133252,0.918432976321472,0.204772006403129,0.0909090909090909,0.166666666666667,0.313759020251585,13.9162476441239,0.354534145131173,0.680454493835457,0.204856658102558,-0.0742112500516097,0.303438527765272,,,,0.0634920634920635,0.501860465116279,0.614488470420636,0.397895246744156
lone-pine,2026-03-31,2026-05-31,3.58351893845611,0.0426302892820034,0.0741542427691605,0.515778750392364,0.430460730529964,0.305555555555556,0.21875,-0.0816579446291839,9.93606497973617,-0.178797476212435,0.128452324723607,0.190951508013736,-0.144115733724889,0.0557879898961405,,,,0.761904761904762,0.501860465116279,0.43605642738295,0.562932968139648
markel-13f,2026-03-31,2026-05-31,4.85981240436167,0.02629465006572,0.067008598235137,0.419979143942138,0.0542239647633181,0.0310077519379845,0.0234375,-0.0494702899905388,12.3276225872846,-0.165593897479185,-0.238866829702996,0.129141724218925,-0.0727644920557825,-1.94362767625741,,,,0.746031746031746,0.501860465116279,0.625074786846436,0.67335832118988
marshall-wace,2026-03-31,2026-05-31,7.8935720735049,0.0387998544583041,0.183778886578646,0.3413896062168,0.352066236971011,0.280970149253731,0.23440603893524,-0.105483669333862,7.9501925824854,-0.0325232848924449,0.0528177036526815,0.158695741956581,-0.0977939466558149,0.182483615796701,,,,0.428571428571429,0.501860465116279,0.513127095560616,0.600963652133942
maverick,2026-03-31,2026-05-31,5.47646355193151,0.0282967556824807,0.0643911103193261,0.402838791070228,0.302554319386146,0.589958158995816,0.449438202247191,-0.0793836411367422,14.1395057233274,0.00718812088072279,0.3147953888312,0.168201373919897,-0.103228470176908,1.69207049894957,,,,0.349206349206349,0.501860465116279,0.471574411153098,0.623319447040558
paulson,2026-03-31,2026-05-31,2.19722457733622,0.189074939907587,0.292326176698125,1,0.120983995759545,0.111111111111111,0.111111111111111,-0.0471982785041364,2.94545732477271,0.679166982430084,0.727334016403346,0.335085833327811,-0.0510832063589524,1.17629525926276,,,,0.0317460317460317,0.501860465116279,0.707698380065301,0.519418716430664
pershing-square,2026-03-31,2026-05-31,2.39789527279837,0.144165183426152,0.176162548032827,0.999321143398178,0.206787128211201,0.0909090909090909,0.0909090909090909,-0.124124483328553,19.9103235760145,-0.135203474718157,-0.43315931027324,0.177522014388529,-0.117942807484235,-2.35674898560037,,,,0.634920634920635,0.501860465116279,0.367026164666478,0.233998954296112
polen,2026-03-31,2026-05-31,5.39816270151775,0.0433610811519869,0.0728728863610559,0.563291592404911,0.144165848461834,0.312217194570136,0.341991341991342,-0.482287694606505,16.3567605920581,-0.285672924383309,-0.487117833749547,0.165185903919836,-0.199273920676861,-2.85059297812536,,,,0.904761904761905,0.501860465116279,0.517549216605111,0.330601662397385
pzena,2026-03-31,2026-05-31,5.06259503302697,0.0234624934558463,0.0638982011366243,0.35699337886836,0.0876738849891706,0.0569620253164557,0.0509554140127389,-0.0812586861601605,5.38246481247686,-0.128392783699428,-0.381171743567632,0.152512255640584,-0.061339540296711,-3.80420691041343,,,,0.603174603174603,0.501860465116279,0.751363979675868,0.619791328907013
ruane-cunniff,2026-03-31,2026-05-31,3.91202300542815,0.0559940245484181,0.101015848604772,0.670270745217125,0.150762589893368,0.08,0.0416666666666667,-0.0602241966340091,14.363378264638,-0.102099015309928,-0.187469525611075,0.170502165066091,-0.105026060730783,-1.03308325450537,,,,0.587301587301587,0.501860465116279,0.462591216359462,0.546104788780212
sachem-head,2026-03-31,2026-05-31,2.94443897916644,0.069660810572101,0.119003957333227,0.754411667350813,0.367258010692729,0.368421052631579,0.4,-0.0270888214539482,7.26868251885325,0.150416982244219,0.450336549157527,0.192172204455126,-0.0700186690004487,0.24762686215268,,,,0.158730158730159,0.501860465116279,0.580015032033251,0.524234175682068
sands,2026-03-31,2026-05-31,4.20469261939097,0.0435307303579177,0.123756221812911,0.523727373929945,0.124125682263831,0.134328358208955,0.121212121212121,-0.25455580498103,18.3102612485411,-0.229438215277023,-0.211984306889037,0.173928960883369,-0.18303105606012,-1.36127707047918,,,,0.857142857142857,0.501860465116279,0.492528129564658,0.640547633171082
semper-augustus,2026-03-31,2026-05-31,3.78418963391826,0.0739099776757151,0.14480333923461,0.798395064211863,0.126315600525349,0.136363636363636,0.0256410256410256,-0.0377551334937203,7.68259423486432,0.0225679306483046,0.105572175152571,0.18380576363587,-0.0810801860573589,0.191937404960847,,,,0.317460317460317,0.501860465116279,0.546309183196621,0.704567193984985
senator,2026-03-31,2026-05-31,4.07753744390572,0.0320740096739548,0.0660590311115407,0.460133748615553,0.407149671585097,0.288135593220339,0.288135593220339,-0.135740501407284,14.6747738600152,-0.0537637953762916,0.168650387583423,0.15002980236212,-0.0887674045398684,-0.0449352401516856,,,,0.46031746031746,0.501860465116279,0.44067562893903,0.498462945222855
soroban,2026-03-31,2026-05-31,3.29583686600433,0.0633857255613045,0.124664246300285,0.716008759710062,0.214590971927983,0.0740740740740741,0.107142857142857,0.0221168361964293,19.038603054856,-0.0382325355292351,0.00891343091824726,0.152318389930096,-0.0757902387520917,1.32856240258336,,,,0.444444444444444,0.501860465116279,0.301296437969941,0.455778896808624
southeastern,2026-03-31,2026-05-31,3.89182029811063,0.0516586106049814,0.109173844290998,0.626566268674242,0.154552433023314,0,0.0754716981132076,-0.0993814301493178,3.82511037756082,-0.14074385989003,-0.33150841770941,0.119419610792094,-0.0581835002299413,-0.971337499574494,,,,0.682539682539683,0.501860465116279,0.524955553860913,0.667437255382538
srs,2026-03-31,2026-05-31,3.36729582998647,0.116753114008862,0.268571806409477,0.766550517320365,0.118631288607836,0.103448275862069,0.161290322580645,-0.00341696766531486,9.28549839954995,-0.081561818437012,-0.187122834419109,0.232603793777031,-0.16672779890933,-0.40203639023427,,,,0.523809523809524,0.501860465116279,0.518125413933734,0.51741349697113
starboard,2026-03-31,2026-05-31,3.13549421592915,0.0680702723709093,0.127253908472283,0.748282685881157,0.217198575600418,0.173913043478261,0.136363636363636,-0.144679040286354,4.76628997808675,-0.203327859582708,-0.438709146045186,0.148184485392541,-0.124331363541997,-1.65533172527527,,,,0.793650793650794,0.501860465116279,0.485309349915095,0.4821517765522
steadfast,2026-03-31,2026-05-31,4.20469261939097,0.0369832462590544,0.109660771794682,0.477410898507658,0.541712478327978,0.432835820895522,0.712121212121212,-0.767137209570313,9.69383156096367,-0.206221171807684,-0.020788129637307,0.141276314357357,-0.101069845328368,-0.635868397692265,,,,0.80952380952381,0.501860465116279,0.477353535557313,0.68696790933609
suvretta,2026-03-31,2026-05-31,4.47733681447821,0.0305811810292154,0.0787584913822741,0.417885055474449,0.250966075410827,0.170454545454545,0.188888888888889,-0.0841953746516937,7.25542969979649,0.250572814109316,0.122651356673981,0.176789850617814,-0.0780973831184816,0.252786318440296,,,,0.0793650793650794,0.501860465116279,0.513296011470983,0.703629076480866
tci,2026-03-31,2026-05-31,2.30258509299405,0.179110935008987,0.298467458493117,1,0.128922757220159,0.1,0,-0.172006976883703,14.6260779670701,-0.188410530582155,-0.15509597926009,0.14135593757782,-0.111043059922423,-0.96383361777319,,,,0.777777777777778,0.501860465116279,0.502634508651298,0.359738081693649
third-avenue,2026-03-31,2026-05-31,3.97029191355212,0.0433327272523297,0.124935322584398,0.534297360768609,0.214944229775072,0.113207547169811,0.0784313725490196,0.112996808231216,3.56776237993819,0.100904329271549,0.0257522799275378,0.157345371313758,-0.0363979924952416,0.413339632627857,,,,0.222222222222222,0.501860465116279,0.535797068129307,0.605325996875763
third-point,2026-03-31,2026-05-31,3.49650756146648,0.0873571424974347,0.193991080527262,0.777934819686785,0.592101977614957,0.303030303030303,0.477272727272727,-1.2506807282161,15.967594231131,-0.157639860216419,-0.290990909289897,0.126082040834171,-0.0642908723298103,-0.38088091554069,,,,0.714285714285714,0.501860465116279,0.257703567988884,0.499264717102051
tiger-global,2026-03-31,2026-05-31,3.98898404656427,0.0623846139843105,0.133819679603231,0.694921099780968,0.229830933033254,0.12962962962963,0.12962962962963,-0.262878468508024,21.7524365684801,-0.139449113715924,0.248954889394508,0.208832937629295,-0.182233331029517,-0.0690443219796454,,,,0.650793650793651,0.501860465116279,0.437530338364519,0.463900238275528
tweedy-browne,2026-03-31,2026-05-31,4.53259949315326,0.0757978306827812,0.176081092125123,0.703283035558103,0.0809579579286197,0.0645161290322581,0.09375,0.0162307452800958,7.66106142732663,0.0348433854727313,-0.231139017862977,0.126730875468976,-0.0647349048656369,-0.558419444633702,,,,0.285714285714286,0.501860465116279,0.524524181682969,0.686203062534332
valueact,2026-03-31,2026-05-31,2.89037175789616,0.0767744713242183,0.122550109737369,0.809130666680533,0.188102477088032,0.166666666666667,0.0625,-0.206828426449284,14.9723756945973,-0.387165460253274,-0.24536407589137,0.18752351445166,-0.243226702953379,-0.601926114305857,,,,0.936507936507937,0.501860465116279,0.363544196140719,0.438984811306
viking,2026-03-31,2026-05-31,4.34380542185368,0.022721735658907,0.0535021465767377,0.349094964943456,0.268496585018787,0.25974025974026,0.25,-0.0525592666835436,11.8932497627808,-0.100852896597115,-0.0920777445637959,0.125852454461746,-0.0712578873216635,-0.912179923234068,,,,0.555555555555556,0.501860465116279,0.533649554112031,0.621264219284058
whale-rock,2026-03-31,2026-05-31,3.55534806148941,0.0427698788636409,0.0992355673774988,0.514042405244941,0.303871228734866,0.314285714285714,0.25,-0.0100211953841265,13.9417157613688,0.510880597972972,1.86481919043789,0.314364254393011,-0.114237886990659,2.97810651363083,,,,0.0476190476190476,0.501860465116279,0.793952839541364,0.541759669780731
yacktman,2026-03-31,2026-05-31,4.33073334028633,0.0359040091220042,0.107488351331727,0.471977381216882,0.0947614269103475,0.0657894736842105,0.0138888888888889,0.0485439780958608,9.01527119462656,-0.101079740282363,-0.294741480464867,0.0717388430495384,-0.0196378417982321,-1.81972256631514,,,,0.571428571428571,0.501860465116279,0.617236814068037,0.600406110286713
